feature_set,history_window,n_estimators,max_features,seed,anomaly_family,severity,variant,percentile,threshold,precision,recall,f1,clean_fpr,pr_auc,roc_auc,raw_precision,raw_f1,raw_pr_auc,clean_rows,synthetic_rows
RELATIVE_A,5,100,0.75,42,A1_ACCELERATED_DEGRADATION,mild,pooled,97.5,0.622096891468676,0.16109422492401215,0.0024154589371980675,0.00475955278164429,0.012578616352201259,0.460865356918411,0.45133635139104106,0.8823529411764706,0.004817729243616508,0.9701344978635869,159,6210
RELATIVE_A,5,100,0.75,42,A1_ACCELERATED_DEGRADATION,mild,pooled,99.0,0.639012984361923,0.27748691099476436,0.0024154589371980675,0.004789228753445081,0.006289308176100629,0.460865356918411,0.45133635139104106,0.9375,0.0048185030517186,0.9701344978635869,159,6210
RELATIVE_A,5,100,0.75,42,A1_ACCELERATED_DEGRADATION,moderate,pooled,97.5,0.622096891468676,0.16109422492401215,0.0024154589371980675,0.00475955278164429,0.012578616352201259,0.46059810314824834,0.45018989457053443,0.8823529411764706,0.004817729243616508,0.9701012248901745,159,6210
RELATIVE_A,5,100,0.75,42,A1_ACCELERATED_DEGRADATION,moderate,pooled,99.0,0.639012984361923,0.27748691099476436,0.0024154589371980675,0.004789228753445081,0.006289308176100629,0.46059810314824834,0.45018989457053443,0.9375,0.0048185030517186,0.9701012248901745,159,6210
RELATIVE_A,5,100,0.75,42,A1_ACCELERATED_DEGRADATION,strong,pooled,97.5,0.622096891468676,0.16109422492401215,0.0024154589371980675,0.00475955278164429,0.012578616352201259,0.46110969577562344,0.45171563414658844,0.8823529411764706,0.004817729243616508,0.9701936150720678,159,6210
RELATIVE_A,5,100,0.75,42,A1_ACCELERATED_DEGRADATION,strong,pooled,99.0,0.639012984361923,0.27748691099476436,0.0024154589371980675,0.004789228753445081,0.006289308176100629,0.46110969577562344,0.45171563414658844,0.9375,0.0048185030517186,0.9701936150720678,159,6210
RELATIVE_A,5,100,0.75,42,A2_EARLY_VOLTAGE_COLLAPSE,mild,pooled,97.5,0.622096891468676,0.6723044397463002,0.025806451612903226,0.04970497440506428,0.012578616352201259,0.681037322763056,0.7022763237979306,0.9090909090909091,0.050188205771643665,0.908354331020963,159,775
RELATIVE_A,5,100,0.75,42,A2_EARLY_VOLTAGE_COLLAPSE,mild,pooled,99.0,0.639012984361923,0.6929477020602218,0.014193548387096775,0.02781731862678829,0.006289308176100629,0.681037322763056,0.7022763237979306,0.9166666666666666,0.027954256670902164,0.908354331020963,159,775
RELATIVE_A,5,100,0.75,42,A2_EARLY_VOLTAGE_COLLAPSE,moderate,pooled,97.5,0.622096891468676,0.8251353790613719,0.05935483870967742,0.11074351384293923,0.012578616352201259,0.733306462291667,0.7279935078109151,0.9583333333333334,0.1117861482381531,0.9246536796789231,159,775
RELATIVE_A,5,100,0.75,42,A2_EARLY_VOLTAGE_COLLAPSE,moderate,pooled,99.0,0.639012984361923,0.8311914615552167,0.03096774193548387,0.05971083432434124,0.006289308176100629,0.733306462291667,0.7279935078109151,0.96,0.06,0.9246536796789231,159,775
RELATIVE_A,5,100,0.75,42,A2_EARLY_VOLTAGE_COLLAPSE,strong,pooled,97.5,0.622096891468676,0.8641304347826088,0.08,0.1464425512318674,0.012578616352201259,0.7580032900655911,0.739971596672753,0.96875,0.14779499404052443,0.9314522525830758,159,775
RELATIVE_A,5,100,0.75,42,A2_EARLY_VOLTAGE_COLLAPSE,strong,pooled,99.0,0.639012984361923,0.8713052142145467,0.04258064516129032,0.08119337392744125,0.006289308176100629,0.7580032900655911,0.739971596672753,0.9705882352941176,0.0815822002472188,0.9314522525830758,159,775
RELATIVE_A,5,100,0.75,42,A3_THERMAL_ABNORMALITY,mild,pooled,97.5,0.622096891468676,0.5301606547438618,0.014193548387096775,0.027646928645948598,0.012578616352201259,0.5399576316765815,0.576835057821059,0.8461538461538461,0.02791878172588833,0.850030636176508,159,775
RELATIVE_A,5,100,0.75,42,A3_THERMAL_ABNORMALITY,mild,pooled,99.0,0.639012984361923,0.551764025448236,0.007741935483870968,0.015269619219872915,0.006289308176100629,0.5399576316765815,0.576835057821059,0.8571428571428571,0.01534526854219949,0.850030636176508,159,775
RELATIVE_A,5,100,0.75,42,A3_THERMAL_ABNORMALITY,moderate,pooled,97.5,0.622096891468676,0.6355513754996472,0.02193548387096774,0.04240731734103139,0.012578616352201259,0.5871682695383149,0.6250314465408805,0.8947368421052632,0.04282115869017632,0.8723442778049888,159,775
RELATIVE_A,5,100,0.75,42,A3_THERMAL_ABNORMALITY,moderate,pooled,99.0,0.639012984361923,0.7664959325097922,0.02064516129032258,0.04020735870527248,0.006289308176100629,0.5871682695383149,0.6250314465408805,0.9411764705882353,0.04040404040404041,0.8723442778049888,159,775
RELATIVE_A,5,100,0.75,42,A3_THERMAL_ABNORMALITY,strong,pooled,97.5,0.622096891468676,0.6929477020602218,0.02838709677419355,0.05453992656287761,0.012578616352201259,0.623191169445489,0.6605518360722256,0.9166666666666666,0.05506883604505632,0.8875967795018349,159,775
RELATIVE_A,5,100,0.75,42,A3_THERMAL_ABNORMALITY,strong,pooled,99.0,0.639012984361923,0.7958377239199157,0.024516129032258065,0.04756693775045071,0.006289308176100629,0.623191169445489,0.6605518360722256,0.95,0.04779874213836478,0.8875967795018349,159,775
RELATIVE_A,5,100,0.75,42,A4_SENSOR_DRIFT,mild,pooled,97.5,0.622096891468676,0.5180077654304459,0.013518518518518518,0.02634939336463842,0.012578616352201259,0.5003537039440147,0.5137502911716748,0.9733333333333334,0.02666666666666667,0.971261703139072,159,5400
RELATIVE_A,5,100,0.75,42,A4_SENSOR_DRIFT,mild,pooled,99.0,0.639012984361923,0.5280545359202936,0.007037037037037037,0.0138889846697056,0.006289308176100629,0.5003537039440147,0.5137502911716748,0.9743589743589743,0.013973156830299687,0.971261703139072,159,5400
RELATIVE_A,5,100,0.75,42,A4_SENSOR_DRIFT,mild,mean_temp_c_-1,97.5,0.622096891468676,0.5145631067961165,0.013333333333333334,0.025993133889161357,0.012578616352201259,0.48682404862271367,0.4874656417423713,0.9,0.026277372262773723,0.888875792206838,159,1350
RELATIVE_A,5,100,0.75,42,A4_SENSOR_DRIFT,mild,mean_temp_c_-1,99.0,0.639012984361923,0.5145631067961165,0.006666666666666667,0.013162796473363964,0.006289308176100629,0.48682404862271367,0.4874656417423713,0.9,0.013235294117647059,0.888875792206838,159,1350
RELATIVE_A,5,100,0.75,42,A4_SENSOR_DRIFT,mild,mean_temp_c_1,97.5,0.622096891468676,0.5529061102831594,0.015555555555555555,0.030259777333713957,0.012578616352201259,0.49265834572884853,0.4991637549499185,0.9130434782608695,0.030589949016751636,0.8913356904324182,159,1350
RELATIVE_A,5,100,0.75,42,A4_SENSOR_DRIFT,mild,mean_temp_c_1,99.0,0.639012984361923,0.5145631067961165,0.006666666666666667,0.013162796473363964,0.006289308176100629,0.49265834572884853,0.4991637549499185,0.9,0.013235294117647059,0.8913356904324182,159,1350
RELATIVE_A,5,100,0.75,42,A4_SENSOR_DRIFT,mild,mean_voltage_v_-1,97.5,0.622096891468676,0.39312204989885363,0.008148148148148147,0.015965385510659565,0.012578616352201259,0.500606824157743,0.5051432564640113,0.8461538461538461,0.016140865737344093,0.8945471472451412,159,1350
RELATIVE_A,5,100,0.75,42,A4_SENSOR_DRIFT,mild,mean_voltage_v_-1,99.0,0.639012984361923,0.5145631067961165,0.006666666666666667,0.013162796473363964,0.006289308176100629,0.500606824157743,0.5051432564640113,0.9,0.013235294117647059,0.8945471472451412,159,1350
RELATIVE_A,5,100,0.75,42,A4_SENSOR_DRIFT,mild,mean_voltage_v_1,97.5,0.622096891468676,0.5752713544124587,0.017037037037037038,0.033093974399000935,0.012578616352201259,0.528099212970437,0.5632285115303983,0.92,0.03345454545454546,0.9039676998235496,159,1350
RELATIVE_A,5,100,0.75,42,A4_SENSOR_DRIFT,mild,mean_voltage_v_1,99.0,0.639012984361923,0.5643756050338818,0.008148148148148147,0.016064367689403853,0.006289308176100629,0.528099212970437,0.5632285115303983,0.9166666666666666,0.016152716593245225,0.9039676998235496,159,1350
RELATIVE_A,5,100,0.75,42,A4_SENSOR_DRIFT,moderate,pooled,97.5,0.622096891468676,0.534522885958107,0.014444444444444444,0.02812876359999183,0.012578616352201259,0.5056971816246771,0.5272507570463545,0.975,0.02846715328467153,0.9718135402356474,159,5400
RELATIVE_A,5,100,0.75,42,A4_SENSOR_DRIFT,moderate,pooled,99.0,0.639012984361923,0.534522885958107,0.007222222222222222,0.014251879738129466,0.006289308176100629,0.5056971816246771,0.5272507570463545,0.975,0.014338235294117646,0.9718135402356474,159,5400
RELATIVE_A,5,100,0.75,42,A4_SENSOR_DRIFT,moderate,mean_temp_c_-1,97.5,0.622096891468676,0.5145631067961165,0.013333333333333334,0.025993133889161357,0.012578616352201259,0.48844741482850684,0.4920545073375262,0.9,0.026277372262773723,0.8893918173086843,159,1350
RELATIVE_A,5,100,0.75,42,A4_SENSOR_DRIFT,moderate,mean_temp_c_-1,99.0,0.639012984361923,0.5145631067961165,0.006666666666666667,0.013162796473363964,0.006289308176100629,0.48844741482850684,0.4920545073375262,0.9,0.013235294117647059,0.8893918173086843,159,1350
RELATIVE_A,5,100,0.75,42,A4_SENSOR_DRIFT,moderate,mean_temp_c_1,97.5,0.622096891468676,0.5643756050338818,0.016296296296296295,0.03167789610954141,0.012578616352201259,0.501598284358681,0.5211879804332635,0.9166666666666666,0.03202328966521106,0.8946594827603267,159,1350
RELATIVE_A,5,100,0.75,42,A4_SENSOR_DRIFT,moderate,mean_temp_c_1,99.0,0.639012984361923,0.5408163265306123,0.007407407407407408,0.01461464221701365,0.006289308176100629,0.501598284358681,0.5211879804332635,0.9090909090909091,0.014695077149155033,0.8946594827603267,159,1350
RELATIVE_A,5,100,0.75,42,A4_SENSOR_DRIFT,moderate,mean_voltage_v_-1,97.5,0.622096891468676,0.45188794153471373,0.01037037037037037,0.020275439938791124,0.012578616352201259,0.5079267235152956,0.5188609364081063,0.875,0.020497803806734993,0.8972291239436839,159,1350
RELATIVE_A,5,100,0.75,42,A4_SENSOR_DRIFT,moderate,mean_voltage_v_-1,99.0,0.639012984361923,0.5145631067961165,0.006666666666666667,0.013162796473363964,0.006289308176100629,0.5079267235152956,0.5188609364081063,0.9,0.013235294117647059,0.8972291239436839,159,1350
RELATIVE_A,5,100,0.75,42,A4_SENSOR_DRIFT,moderate,mean_voltage_v_1,97.5,0.622096891468676,0.585635359116022,0.017777777777777778,0.03450801660291365,0.012578616352201259,0.5318231056209911,0.5768996040065223,0.9230769230769231,0.03488372093023256,0.9053325903236921,159,1350
RELATIVE_A,5,100,0.75,42,A4_SENSOR_DRIFT,moderate,mean_voltage_v_1,99.0,0.639012984361923,0.5643756050338818,0.008148148148148147,0.016064367689403853,0.006289308176100629,0.5318231056209911,0.5768996040065223,0.9166666666666666,0.016152716593245225,0.9053325903236921,159,1350
RELATIVE_A,5,100,0.75,42,A4_SENSOR_DRIFT,strong,pooled,97.5,0.622096891468676,0.5529061102831594,0.015555555555555555,0.030259777333713957,0.012578616352201259,0.516476260930157,0.5458251805264384,0.9767441860465116,0.03062340503098797,0.972970366097291,159,5400
RELATIVE_A,5,100,0.75,42,A4_SENSOR_DRIFT,strong,pooled,99.0,0.639012984361923,0.5643756050338818,0.008148148148148147,0.016064367689403853,0.006289308176100629,0.516476260930157,0.5458251805264384,0.9777777777777777,0.01616161616161616,0.972970366097291,159,5400
RELATIVE_A,5,100,0.75,42,A4_SENSOR_DRIFT,strong,mean_temp_c_-1,97.5,0.622096891468676,0.5145631067961165,0.013333333333333334,0.025993133889161357,0.012578616352201259,0.4953311029150973,0.5069788027020732,0.9,0.026277372262773723,0.892078033148431,159,1350
RELATIVE_A,5,100,0.75,42,A4_SENSOR_DRIFT,strong,mean_temp_c_-1,99.0,0.639012984361923,0.5145631067961165,0.006666666666666667,0.013162796473363964,0.006289308176100629,0.4953311029150973,0.5069788027020732,0.9,0.013235294117647059,0.892078033148431,159,1350
RELATIVE_A,5,100,0.75,42,A4_SENSOR_DRIFT,strong,mean_temp_c_1,97.5,0.622096891468676,0.5643756050338818,0.016296296296296295,0.03167789610954141,0.012578616352201259,0.5180226984522899,0.5532401583973912,0.9166666666666666,0.03202328966521106,0.9006005520419688,159,1350
RELATIVE_A,5,100,0.75,42,A4_SENSOR_DRIFT,strong,mean_temp_c_1,99.0,0.639012984361923,0.5643756050338818,0.008148148148148147,0.016064367689403853,0.006289308176100629,0.5180226984522899,0.5532401583973912,0.9166666666666666,0.016152716593245225,0.9006005520419688,159,1350
RELATIVE_A,5,100,0.75,42,A4_SENSOR_DRIFT,strong,mean_voltage_v_-1,97.5,0.622096891468676,0.5145631067961165,0.013333333333333334,0.025993133889161357,0.012578616352201259,0.5172846177687282,0.5319706498951782,0.9,0.026277372262773723,0.9005674758317757,159,1350
RELATIVE_A,5,100,0.75,42,A4_SENSOR_DRIFT,strong,mean_voltage_v_-1,99.0,0.639012984361923,0.5643756050338818,0.008148148148148147,0.016064367689403853,0.006289308176100629,0.5172846177687282,0.5319706498951782,0.9166666666666666,0.016152716593245225,0.9005674758317757,159,1350
RELATIVE_A,5,100,0.75,42,A4_SENSOR_DRIFT,strong,mean_voltage_v_1,97.5,0.622096891468676,0.6049165935030728,0.01925925925925926,0.03733001029419732,0.012578616352201259,0.5418908684281416,0.5911111111111111,0.9285714285714286,0.03773584905660378,0.9087739260268979,159,1350
RELATIVE_A,5,100,0.75,42,A4_SENSOR_DRIFT,strong,mean_voltage_v_1,99.0,0.639012984361923,0.6049165935030728,0.00962962962962963,0.018957476371940733,0.006289308176100629,0.5418908684281416,0.5911111111111111,0.9285714285714286,0.019061583577712614,0.9087739260268979,159,1350
RELATIVE_A,5,100,0.75,123,A1_ACCELERATED_DEGRADATION,mild,pooled,97.5,0.5863218225868528,0.25259965337954937,0.010628019323671498,0.02039780977205535,0.031446540880503145,0.4647150553193389,0.45953169466978594,0.9295774647887324,0.021015761821366025,0.9706551683356559,159,6210
RELATIVE_A,5,100,0.75,123,A1_ACCELERATED_DEGRADATION,mild,pooled,99.0,0.6265451211522016,0.16109422492401215,0.0024154589371980675,0.00475955278164429,0.012578616352201259,0.4647150553193389,0.45953169466978594,0.8823529411764706,0.004817729243616508,0.9706551683356559,159,6210
RELATIVE_A,5,100,0.75,123,A1_ACCELERATED_DEGRADATION,moderate,pooled,97.5,0.5863218225868528,0.25259965337954937,0.010628019323671498,0.02039780977205535,0.031446540880503145,0.46421978848465795,0.46091868461296953,0.9295774647887324,0.021015761821366025,0.970386281651293,159,6210
RELATIVE_A,5,100,0.75,123,A1_ACCELERATED_DEGRADATION,moderate,pooled,99.0,0.6265451211522016,0.0,0.0,0.0,0.012578616352201259,0.46421978848465795,0.46091868461296953,0.0,0.0,0.970386281651293,159,6210
RELATIVE_A,5,100,0.75,123,A1_ACCELERATED_DEGRADATION,strong,pooled,97.5,0.5863218225868528,0.24972816237767306,0.010466988727858293,0.02009185682000437,0.031446540880503145,0.46445601872940917,0.46233960238608857,0.9285714285714286,0.020700636942675158,0.9704452721751275,159,6210
RELATIVE_A,5,100,0.75,123,A1_ACCELERATED_DEGRADATION,strong,pooled,99.0,0.6265451211522016,0.0,0.0,0.0,0.012578616352201259,0.46445601872940917,0.46233960238608857,0.0,0.0,0.9704452721751275,159,6210
RELATIVE_A,5,100,0.75,123,A2_EARLY_VOLTAGE_COLLAPSE,mild,pooled,97.5,0.5863218225868528,0.754746835443038,0.0967741935483871,0.17155187915842474,0.031446540880503145,0.6906717870255477,0.699058632582674,0.9375,0.1754385964912281,0.9114678195786172,159,775
RELATIVE_A,5,100,0.75,123,A2_EARLY_VOLTAGE_COLLAPSE,mild,pooled,99.0,0.6265451211522016,0.6829617508692984,0.027096774193548386,0.05212545077040761,0.012578616352201259,0.6906717870255477,0.699058632582674,0.9130434782608695,0.052631578947368425,0.9114678195786172,159,775
RELATIVE_A,5,100,0.75,123,A2_EARLY_VOLTAGE_COLLAPSE,moderate,pooled,97.5,0.5863218225868528,0.8706220159594004,0.21161290322580645,0.3404710920770878,0.031446540880503145,0.748542163685674,0.7256279164130656,0.9704142011834319,0.3474576271186441,0.9284201711438612,159,775
RELATIVE_A,5,100,0.75,123,A2_EARLY_VOLTAGE_COLLAPSE,moderate,pooled,99.0,0.6265451211522016,0.8040455120101138,0.05161290322580645,0.09699927555572502,0.012578616352201259,0.748542163685674,0.7256279164130656,0.9523809523809523,0.09791921664626685,0.9284201711438612,159,775
RELATIVE_A,5,100,0.75,123,A2_EARLY_VOLTAGE_COLLAPSE,strong,pooled,97.5,0.5863218225868528,0.9098606620298216,0.3174193548387097,0.4706462752836705,0.031446540880503145,0.7758237179290861,0.7388638669101237,0.9800796812749004,0.4795321637426901,0.9355499172846182,159,775
RELATIVE_A,5,100,0.75,123,A2_EARLY_VOLTAGE_COLLAPSE,strong,pooled,99.0,0.6265451211522016,0.8395279014390724,0.06580645161290323,0.12204629601757926,0.012578616352201259,0.7758237179290861,0.7388638669101237,0.9622641509433962,0.12318840579710146,0.9355499172846182,159,775
RELATIVE_A,5,100,0.75,123,A3_THERMAL_ABNORMALITY,mild,pooled,97.5,0.5863218225868528,0.4507441530829199,0.025806451612903226,0.048817930610991704,0.031446540880503145,0.5431612827834762,0.575581253804017,0.8,0.05,0.8516760749487371,159,775
RELATIVE_A,5,100,0.75,123,A3_THERMAL_ABNORMALITY,mild,pooled,99.0,0.6265451211522016,0.5301606547438618,0.014193548387096775,0.027646928645948598,0.012578616352201259,0.5431612827834762,0.575581253804017,0.8461538461538461,0.02791878172588833,0.8516760749487371,159,775
RELATIVE_A,5,100,0.75,123,A3_THERMAL_ABNORMALITY,moderate,pooled,97.5,0.5863218225868528,0.5676670757558854,0.04129032258064516,0.0769812691015826,0.031446540880503145,0.600915812594089,0.6297261107729764,0.8648648648648649,0.07881773399014778,0.8782337134645404,159,775
RELATIVE_A,5,100,0.75,123,A3_THERMAL_ABNORMALITY,moderate,pooled,99.0,0.6265451211522016,0.6060991105463785,0.01935483870967742,0.03751179616231519,0.012578616352201259,0.600915812594089,0.6297261107729764,0.8823529411764706,0.03787878787878788,0.8782337134645404,159,775
RELATIVE_A,5,100,0.75,123,A3_THERMAL_ABNORMALITY,strong,pooled,97.5,0.5863218225868528,0.6382561613144138,0.05548387096774193,0.10209277496136243,0.031446540880503145,0.6458805052165679,0.6689186447555286,0.8958333333333334,0.10449574726609963,0.8961236569589769,159,775
RELATIVE_A,5,100,0.75,123,A3_THERMAL_ABNORMALITY,strong,pooled,99.0,0.6265451211522016,0.7023237948914923,0.02967741935483871,0.05694842406876791,0.012578616352201259,0.6458805052165679,0.6689186447555286,0.92,0.0575,0.8961236569589769,159,775
RELATIVE_A,5,100,0.75,123,A4_SENSOR_DRIFT,mild,pooled,97.5,0.5863218225868528,0.425947187141217,0.023333333333333334,0.0442430385784986,0.031446540880503145,0.5007926691929805,0.5118058467272304,0.9618320610687023,0.04556138130536974,0.9712982654386695,159,5400
RELATIVE_A,5,100,0.75,123,A4_SENSOR_DRIFT,mild,pooled,99.0,0.6265451211522016,0.3876509610477972,0.007962962962962963,0.015605367041108742,0.012578616352201259,0.5007926691929805,0.5118058467272304,0.9555555555555556,0.015794306703397612,0.9712982654386695,159,5400
RELATIVE_A,5,100,0.75,123,A4_SENSOR_DRIFT,mild,mean_temp_c_-1,97.5,0.5863218225868528,0.39742903053026246,0.02074074074074074,0.03942404760639711,0.031446540880503145,0.4901139795744973,0.4922944327975775,0.8484848484848485,0.040491684743311634,0.8903223245382371,159,1350
RELATIVE_A,5,100,0.75,123,A4_SENSOR_DRIFT,mild,mean_temp_c_-1,99.0,0.6265451211522016,0.3706293706293706,0.007407407407407408,0.01452452726774459,0.012578616352201259,0.4901139795744973,0.4922944327975775,0.8333333333333334,0.014684287812041116,0.8903223245382371,159,1350
RELATIVE_A,5,100,0.75,123,A4_SENSOR_DRIFT,mild,mean_temp_c_1,97.5,0.5863218225868528,0.42203955818135114,0.022962962962962963,0.04355606219264876,0.031446540880503145,0.4933675254854656,0.4968460284183554,0.8611111111111112,0.044733044733044736,0.8917355753327678,159,1350
RELATIVE_A,5,100,0.75,123,A4_SENSOR_DRIFT,mild,mean_temp_c_1,99.0,0.6265451211522016,0.4140625,0.008888888888888889,0.017404154010343977,0.012578616352201259,0.4933675254854656,0.4968460284183554,0.8571428571428571,0.017595307917888565,0.8917355753327678,159,1350
RELATIVE_A,5,100,0.75,123,A4_SENSOR_DRIFT,mild,mean_voltage_v_-1,97.5,0.5863218225868528,0.4373593398349588,0.024444444444444446,0.04630107612278124,0.031446540880503145,0.5089804537863715,0.5204914977870952,0.868421052631579,0.04755043227665706,0.8972563167169945,159,1350
RELATIVE_A,5,100,0.75,123,A4_SENSOR_DRIFT,mild,mean_voltage_v_-1,99.0,0.6265451211522016,0.3464052287581699,0.006666666666666667,0.013081574725410343,0.012578616352201259,0.5089804537863715,0.5204914977870952,0.8181818181818182,0.01322556943423953,0.8972563167169945,159,1350
RELATIVE_A,5,100,0.75,123,A4_SENSOR_DRIFT,mild,mean_voltage_v_1,97.5,0.5863218225868528,0.44471865745310957,0.025185185185185185,0.04767069654241951,0.031446540880503145,0.5169558286736661,0.5375914279058933,0.8717948717948718,0.04895608351331894,0.9000926679722221,159,1350
RELATIVE_A,5,100,0.75,123,A4_SENSOR_DRIFT,mild,mean_voltage_v_1,99.0,0.6265451211522016,0.4140625,0.008888888888888889,0.017404154010343977,0.012578616352201259,0.5169558286736661,0.5375914279058933,0.8571428571428571,0.017595307917888565,0.9000926679722221,159,1350
RELATIVE_A,5,100,0.75,123,A4_SENSOR_DRIFT,moderate,pooled,97.5,0.5863218225868528,0.43548892931066924,0.024259259259259258,0.045958370705262076,0.031446540880503145,0.5065637794678844,0.5237555322618216,0.9632352941176471,0.047326589595375716,0.9719109289718364,159,5400
RELATIVE_A,5,100,0.75,123,A4_SENSOR_DRIFT,moderate,pooled,99.0,0.6265451211522016,0.4037760847962902,0.008518518518518519,0.01668503069416024,0.012578616352201259,0.5065637794678844,0.5237555322618216,0.9583333333333334,0.016886930983847286,0.9719109289718364,159,5400
RELATIVE_A,5,100,0.75,123,A4_SENSOR_DRIFT,moderate,mean_temp_c_-1,97.5,0.5863218225868528,0.38875305623471884,0.02,0.038042828089484386,0.031446540880503145,0.4896880369092814,0.4940787328208712,0.84375,0.039073806078147616,0.8902588052921223,159,1350
RELATIVE_A,5,100,0.75,123,A4_SENSOR_DRIFT,moderate,mean_temp_c_-1,99.0,0.6265451211522016,0.3706293706293706,0.007407407407407408,0.01452452726774459,0.012578616352201259,0.4896880369092814,0.4940787328208712,0.8333333333333334,0.014684287812041116,0.8902588052921223,159,1350
RELATIVE_A,5,100,0.75,123,A4_SENSOR_DRIFT,moderate,mean_temp_c_1,97.5,0.5863218225868528,0.42203955818135114,0.022962962962962963,0.04355606219264876,0.031446540880503145,0.5002586995187,0.512233869089215,0.8611111111111112,0.044733044733044736,0.8942628688383046,159,1350
RELATIVE_A,5,100,0.75,123,A4_SENSOR_DRIFT,moderate,mean_temp_c_1,99.0,0.6265451211522016,0.433606041535557,0.00962962962962963,0.01884083730978001,0.012578616352201259,0.5002586995187,0.512233869089215,0.8666666666666667,0.01904761904761905,0.8942628688383046,159,1350
RELATIVE_A,5,100,0.75,123,A4_SENSOR_DRIFT,moderate,mean_voltage_v_-1,97.5,0.5863218225868528,0.44471865745310957,0.025185185185185185,0.04767069654241951,0.031446540880503145,0.5183757868249053,0.5377032378290241,0.8717948717948718,0.04895608351331894,0.9006306842910932,159,1350
RELATIVE_A,5,100,0.75,123,A4_SENSOR_DRIFT,moderate,mean_voltage_v_-1,99.0,0.6265451211522016,0.3706293706293706,0.007407407407407408,0.01452452726774459,0.012578616352201259,0.5183757868249053,0.5377032378290241,0.8333333333333334,0.014684287812041116,0.9006306842910932,159,1350
RELATIVE_A,5,100,0.75,123,A4_SENSOR_DRIFT,moderate,mean_voltage_v_1,97.5,0.5863218225868528,0.4788047255038221,0.028888888888888888,0.05449009450749337,0.031446540880503145,0.5238370895023134,0.5510062893081761,0.8863636363636364,0.05595408895265423,0.9024530389244974,159,1350
RELATIVE_A,5,100,0.75,123,A4_SENSOR_DRIFT,moderate,mean_voltage_v_1,99.0,0.6265451211522016,0.433606041535557,0.00962962962962963,0.01884083730978001,0.012578616352201259,0.5238370895023134,0.5510062893081761,0.8666666666666667,0.01904761904761905,0.9024530389244974,159,1350
RELATIVE_A,5,100,0.75,123,A4_SENSOR_DRIFT,strong,pooled,97.5,0.5863218225868528,0.4673610700124282,0.027592592592592592,0.052108730868335874,0.031446540880503145,0.5186598848884845,0.5422455159562078,0.9675324675324676,0.053655023406553835,0.9732111646604644,159,5400
RELATIVE_A,5,100,0.75,123,A4_SENSOR_DRIFT,strong,pooled,99.0,0.6265451211522016,0.424,0.009259259259259259,0.018122756026671225,0.012578616352201259,0.5186598848884845,0.5422455159562078,0.9615384615384616,0.018341892883345562,0.9732111646604644,159,5400
RELATIVE_A,5,100,0.75,123,A4_SENSOR_DRIFT,strong,mean_temp_c_-1,97.5,0.5863218225868528,0.38875305623471884,0.02,0.038042828089484386,0.031446540880503145,0.49563422123136247,0.5070114139296529,0.84375,0.039073806078147616,0.892384854372861,159,1350
RELATIVE_A,5,100,0.75,123,A4_SENSOR_DRIFT,strong,mean_temp_c_-1,99.0,0.6265451211522016,0.3464052287581699,0.006666666666666667,0.013081574725410343,0.012578616352201259,0.49563422123136247,0.5070114139296529,0.8181818181818182,0.01322556943423953,0.892384854372861,159,1350
RELATIVE_A,5,100,0.75,123,A4_SENSOR_DRIFT,strong,mean_temp_c_1,97.5,0.5863218225868528,0.42980233147491126,0.023703703703703703,0.04492953269047366,0.031446540880503145,0.5152098779618324,0.5397530864197532,0.8648648648648649,0.046142754145638065,0.8997363835397534,159,1350
RELATIVE_A,5,100,0.75,123,A4_SENSOR_DRIFT,strong,mean_temp_c_1,99.0,0.6265451211522016,0.45188794153471373,0.01037037037037037,0.020275439938791124,0.012578616352201259,0.5152098779618324,0.5397530864197532,0.875,0.020497803806734993,0.8997363835397534,159,1350
RELATIVE_A,5,100,0.75,123,A4_SENSOR_DRIFT,strong,mean_voltage_v_-1,97.5,0.5863218225868528,0.5032015897549128,0.03185185185185185,0.05991140787865244,0.031446540880503145,0.5298923148205221,0.5541439552760307,0.8958333333333334,0.061516452074391985,0.904724388586371,159,1350
RELATIVE_A,5,100,0.75,123,A4_SENSOR_DRIFT,strong,mean_voltage_v_-1,99.0,0.6265451211522016,0.39312204989885363,0.008148148148148147,0.015965385510659565,0.012578616352201259,0.5298923148205221,0.5541439552760307,0.8461538461538461,0.016140865737344093,0.904724388586371,159,1350
RELATIVE_A,5,100,0.75,123,A4_SENSOR_DRIFT,strong,mean_voltage_v_1,97.5,0.5863218225868528,0.5254165787808478,0.03481481481481481,0.06530259139348021,0.031446540880503145,0.5387582627369878,0.5680736081993945,0.9038461538461539,0.06704707560627675,0.907553778530386,159,1350
RELATIVE_A,5,100,0.75,123,A4_SENSOR_DRIFT,strong,mean_voltage_v_1,99.0,0.6265451211522016,0.48512585812356973,0.011851851851851851,0.023138421239324403,0.012578616352201259,0.5387582627369878,0.5680736081993945,0.8888888888888888,0.023391812865497075,0.907553778530386,159,1350
RELATIVE_A,5,100,0.75,2026,A1_ACCELERATED_DEGRADATION,mild,pooled,97.5,0.6323973049843327,0.16109422492401215,0.0024154589371980675,0.00475955278164429,0.012578616352201259,0.45962482806332317,0.45103657116235735,0.8823529411764706,0.004817729243616508,0.9697434500676587,159,6210
RELATIVE_A,5,100,0.75,2026,A1_ACCELERATED_DEGRADATION,mild,pooled,99.0,0.6440362959083832,0.16109422492401215,0.0024154589371980675,0.00475955278164429,0.012578616352201259,0.45962482806332317,0.45103657116235735,0.8823529411764706,0.004817729243616508,0.9697434500676587,159,6210
RELATIVE_A,5,100,0.75,2026,A1_ACCELERATED_DEGRADATION,moderate,pooled,97.5,0.6323973049843327,0.16109422492401215,0.0024154589371980675,0.00475955278164429,0.012578616352201259,0.45857748306144847,0.4480985223670485,0.8823529411764706,0.004817729243616508,0.9695464784710588,159,6210
RELATIVE_A,5,100,0.75,2026,A1_ACCELERATED_DEGRADATION,moderate,pooled,99.0,0.6440362959083832,0.16109422492401215,0.0024154589371980675,0.00475955278164429,0.012578616352201259,0.45857748306144847,0.4480985223670485,0.8823529411764706,0.004817729243616508,0.9695464784710588,159,6210
RELATIVE_A,5,100,0.75,2026,A1_ACCELERATED_DEGRADATION,strong,pooled,97.5,0.6323973049843327,0.16109422492401215,0.0024154589371980675,0.00475955278164429,0.012578616352201259,0.4595343464056435,0.4497179432645662,0.8823529411764706,0.004817729243616508,0.9697741699336517,159,6210
RELATIVE_A,5,100,0.75,2026,A1_ACCELERATED_DEGRADATION,strong,pooled,99.0,0.6440362959083832,0.16109422492401215,0.0024154589371980675,0.00475955278164429,0.012578616352201259,0.4595343464056435,0.4497179432645662,0.8823529411764706,0.004817729243616508,0.9697741699336517,159,6210
RELATIVE_A,5,100,0.75,2026,A2_EARLY_VOLTAGE_COLLAPSE,mild,pooled,97.5,0.6323973049843327,0.5714680674592203,0.016774193548387096,0.0325917282918907,0.012578616352201259,0.644556248164498,0.6823980523432744,0.8666666666666667,0.03291139240506329,0.8948563954861553,159,775
RELATIVE_A,5,100,0.75,2026,A2_EARLY_VOLTAGE_COLLAPSE,mild,pooled,99.0,0.6440362959083832,0.480040254948004,0.011612903225806452,0.022677210275264256,0.012578616352201259,0.644556248164498,0.6823980523432744,0.8181818181818182,0.022900763358778626,0.8948563954861553,159,775
RELATIVE_A,5,100,0.75,2026,A2_EARLY_VOLTAGE_COLLAPSE,moderate,pooled,97.5,0.6323973049843327,0.7664959325097922,0.04129032258064516,0.07835950193665633,0.012578616352201259,0.7002831122032294,0.7117102860620814,0.9411764705882353,0.07911001236093944,0.9145229313305605,159,775
RELATIVE_A,5,100,0.75,2026,A2_EARLY_VOLTAGE_COLLAPSE,moderate,pooled,99.0,0.6440362959083832,0.7194570135746606,0.03225806451612903,0.06174757281553398,0.012578616352201259,0.7002831122032294,0.7117102860620814,0.9259259259259259,0.06234413965087282,0.9145229313305605,159,775
RELATIVE_A,5,100,0.75,2026,A2_EARLY_VOLTAGE_COLLAPSE,strong,pooled,97.5,0.6323973049843327,0.8079068038170777,0.05290322580645161,0.09930385242280683,0.012578616352201259,0.7267202490814821,0.7254331507405153,0.9534883720930233,0.10024449877750612,0.9225275207392842,159,775
RELATIVE_A,5,100,0.75,2026,A2_EARLY_VOLTAGE_COLLAPSE,strong,pooled,99.0,0.6440362959083832,0.7664959325097922,0.04129032258064516,0.07835950193665633,0.012578616352201259,0.7267202490814821,0.7254331507405153,0.9411764705882353,0.07911001236093944,0.9225275207392842,159,775
RELATIVE_A,5,100,0.75,2026,A3_THERMAL_ABNORMALITY,mild,pooled,97.5,0.6323973049843327,0.6355513754996472,0.02193548387096774,0.04240731734103139,0.012578616352201259,0.5523355496468934,0.5930858186244675,0.8947368421052632,0.04282115869017632,0.8563533245077599,159,775
RELATIVE_A,5,100,0.75,2026,A3_THERMAL_ABNORMALITY,mild,pooled,99.0,0.6440362959083832,0.5895127118644068,0.01806451612903226,0.03505484208785758,0.012578616352201259,0.5523355496468934,0.5930858186244675,0.875,0.03539823008849558,0.8563533245077599,159,775
RELATIVE_A,5,100,0.75,2026,A3_THERMAL_ABNORMALITY,moderate,pooled,97.5,0.6323973049843327,0.7111442415206858,0.03096774193548387,0.05935096546414601,0.012578616352201259,0.604728490670808,0.6445364171231488,0.9230769230769231,0.059925093632958795,0.8798266471782856,159,775
RELATIVE_A,5,100,0.75,2026,A3_THERMAL_ABNORMALITY,moderate,pooled,99.0,0.6440362959083832,0.6723044397463002,0.025806451612903226,0.04970497440506428,0.012578616352201259,0.604728490670808,0.6445364171231488,0.9090909090909091,0.050188205771643665,0.8798266471782856,159,775
RELATIVE_A,5,100,0.75,2026,A3_THERMAL_ABNORMALITY,strong,pooled,97.5,0.6323973049843327,0.7273047149894439,0.03354838709677419,0.06413826808058397,0.012578616352201259,0.6405270346355207,0.6782268208561575,0.9285714285714286,0.0647571606475716,0.8941264654859038,159,775
RELATIVE_A,5,100,0.75,2026,A3_THERMAL_ABNORMALITY,strong,pooled,99.0,0.6440362959083832,0.7111442415206858,0.03096774193548387,0.05935096546414601,0.012578616352201259,0.6405270346355207,0.6782268208561575,0.9230769230769231,0.059925093632958795,0.8941264654859038,159,775
RELATIVE_A,5,100,0.75,2026,A4_SENSOR_DRIFT,mild,pooled,97.5,0.6323973049843327,0.4928148774302621,0.012222222222222223,0.023852873186997525,0.012578616352201259,0.49933412417818046,0.5067639180060564,0.9705882352941176,0.024140453547915143,0.9711368591598304,159,5400
RELATIVE_A,5,100,0.75,2026,A4_SENSOR_DRIFT,mild,pooled,99.0,0.6440362959083832,0.4731450314649495,0.011296296296296296,0.022065774161954453,0.012578616352201259,0.49933412417818046,0.5067639180060564,0.9682539682539683,0.02233205198608823,0.9711368591598304,159,5400
RELATIVE_A,5,100,0.75,2026,A4_SENSOR_DRIFT,mild,mean_temp_c_-1,97.5,0.6323973049843327,0.5145631067961165,0.013333333333333334,0.025993133889161357,0.012578616352201259,0.4803083825856036,0.4695411134404845,0.9,0.026277372262773723,0.8862100499063887,159,1350
RELATIVE_A,5,100,0.75,2026,A4_SENSOR_DRIFT,mild,mean_temp_c_-1,99.0,0.6440362959083832,0.5145631067961165,0.013333333333333334,0.025993133889161357,0.012578616352201259,0.4803083825856036,0.4695411134404845,0.9,0.026277372262773723,0.8862100499063887,159,1350
RELATIVE_A,5,100,0.75,2026,A4_SENSOR_DRIFT,mild,mean_temp_c_1,97.5,0.6323973049843327,0.5280545359202936,0.014074074074074074,0.02741740065616619,0.012578616352201259,0.4994855790256371,0.5133869089215002,0.9047619047619048,0.02771699489423778,0.894012789479792,159,1350
RELATIVE_A,5,100,0.75,2026,A4_SENSOR_DRIFT,mild,mean_temp_c_1,99.0,0.6440362959083832,0.5145631067961165,0.013333333333333334,0.025993133889161357,0.012578616352201259,0.4994855790256371,0.5133869089215002,0.9,0.026277372262773723,0.894012789479792,159,1350
RELATIVE_A,5,100,0.75,2026,A4_SENSOR_DRIFT,mild,mean_voltage_v_-1,97.5,0.6323973049843327,0.45188794153471373,0.01037037037037037,0.020275439938791124,0.012578616352201259,0.5066329925604304,0.5119753086419754,0.875,0.020497803806734993,0.8964395271733812,159,1350
RELATIVE_A,5,100,0.75,2026,A4_SENSOR_DRIFT,mild,mean_voltage_v_-1,99.0,0.6440362959083832,0.4140625,0.008888888888888889,0.017404154010343977,0.012578616352201259,0.5066329925604304,0.5119753086419754,0.8571428571428571,0.017595307917888565,0.8964395271733812,159,1350
RELATIVE_A,5,100,0.75,2026,A4_SENSOR_DRIFT,mild,mean_voltage_v_1,97.5,0.6323973049843327,0.4690265486725664,0.011111111111111112,0.0217079664140897,0.012578616352201259,0.5165083694974264,0.5321523410202655,0.8823529411764706,0.02194586686174104,0.8999517301693646,159,1350
RELATIVE_A,5,100,0.75,2026,A4_SENSOR_DRIFT,mild,mean_voltage_v_1,99.0,0.6440362959083832,0.433606041535557,0.00962962962962963,0.01884083730978001,0.012578616352201259,0.5165083694974264,0.5321523410202655,0.8666666666666667,0.01904761904761905,0.8999517301693646,159,1350
RELATIVE_A,5,100,0.75,2026,A4_SENSOR_DRIFT,moderate,pooled,97.5,0.6323973049843327,0.5002776235424764,0.012592592592592593,0.0245668089051274,0.012578616352201259,0.5047704986845687,0.5180328441649196,0.9714285714285714,0.02486288848263254,0.9717244558380704,159,5400
RELATIVE_A,5,100,0.75,2026,A4_SENSOR_DRIFT,moderate,pooled,99.0,0.6440362959083832,0.4474290099769762,0.010185185185185186,0.019916984097159352,0.012578616352201259,0.5047704986845687,0.5180328441649196,0.9649122807017544,0.02015759574857981,0.9717244558380704,159,5400
RELATIVE_A,5,100,0.75,2026,A4_SENSOR_DRIFT,moderate,mean_temp_c_-1,97.5,0.6323973049843327,0.5145631067961165,0.013333333333333334,0.025993133889161357,0.012578616352201259,0.47605544377733705,0.4616491963661775,0.9,0.026277372262773723,0.8844122883162011,159,1350
RELATIVE_A,5,100,0.75,2026,A4_SENSOR_DRIFT,moderate,mean_temp_c_-1,99.0,0.6440362959083832,0.39312204989885363,0.008148148148148147,0.015965385510659565,0.012578616352201259,0.47605544377733705,0.4616491963661775,0.8461538461538461,0.016140865737344093,0.8844122883162011,159,1350
RELATIVE_A,5,100,0.75,2026,A4_SENSOR_DRIFT,moderate,mean_temp_c_1,97.5,0.6323973049843327,0.5529061102831594,0.015555555555555555,0.030259777333713957,0.012578616352201259,0.5115075523185506,0.5403377591427906,0.9130434782608695,0.030589949016751636,0.8982391784984396,159,1350
RELATIVE_A,5,100,0.75,2026,A4_SENSOR_DRIFT,moderate,mean_temp_c_1,99.0,0.6440362959083832,0.5280545359202936,0.014074074074074074,0.02741740065616619,0.012578616352201259,0.5115075523185506,0.5403377591427906,0.9047619047619048,0.02771699489423778,0.8982391784984396,159,1350
RELATIVE_A,5,100,0.75,2026,A4_SENSOR_DRIFT,moderate,mean_voltage_v_-1,97.5,0.6323973049843327,0.433606041535557,0.00962962962962963,0.01884083730978001,0.012578616352201259,0.5155518544257892,0.5278313533659446,0.8666666666666667,0.01904761904761905,0.8996813577648737,159,1350
RELATIVE_A,5,100,0.75,2026,A4_SENSOR_DRIFT,moderate,mean_voltage_v_-1,99.0,0.6440362959083832,0.3706293706293706,0.007407407407407408,0.01452452726774459,0.012578616352201259,0.5155518544257892,0.5278313533659446,0.8333333333333334,0.014684287812041116,0.8996813577648737,159,1350
RELATIVE_A,5,100,0.75,2026,A4_SENSOR_DRIFT,moderate,mean_voltage_v_1,97.5,0.6323973049843327,0.48512585812356973,0.011851851851851851,0.023138421239324403,0.012578616352201259,0.5211091293374874,0.542313067784766,0.8888888888888888,0.023391812865497075,0.9015878831862236,159,1350
RELATIVE_A,5,100,0.75,2026,A4_SENSOR_DRIFT,moderate,mean_voltage_v_1,99.0,0.6440362959083832,0.4690265486725664,0.011111111111111112,0.0217079664140897,0.012578616352201259,0.5211091293374874,0.542313067784766,0.8823529411764706,0.02194586686174104,0.9015878831862236,159,1350
RELATIVE_A,5,100,0.75,2026,A4_SENSOR_DRIFT,strong,pooled,97.5,0.6323973049843327,0.534522885958107,0.014444444444444444,0.02812876359999183,0.012578616352201259,0.5176129564171018,0.53904845096669,0.975,0.02846715328467153,0.9731142140186644,159,5400
RELATIVE_A,5,100,0.75,2026,A4_SENSOR_DRIFT,strong,pooled,99.0,0.6440362959083832,0.5002776235424764,0.012592592592592593,0.0245668089051274,0.012578616352201259,0.5176129564171018,0.53904845096669,0.9714285714285714,0.02486288848263254,0.9731142140186644,159,5400
RELATIVE_A,5,100,0.75,2026,A4_SENSOR_DRIFT,strong,mean_temp_c_-1,97.5,0.6323973049843327,0.5280545359202936,0.014074074074074074,0.02741740065616619,0.012578616352201259,0.4811174630684065,0.4733799208013044,0.9047619047619048,0.02771699489423778,0.8864132984850935,159,1350
RELATIVE_A,5,100,0.75,2026,A4_SENSOR_DRIFT,strong,mean_temp_c_-1,99.0,0.6440362959083832,0.5145631067961165,0.013333333333333334,0.025993133889161357,0.012578616352201259,0.4811174630684065,0.4733799208013044,0.9,0.026277372262773723,0.8864132984850935,159,1350
RELATIVE_A,5,100,0.75,2026,A4_SENSOR_DRIFT,strong,mean_temp_c_1,97.5,0.6323973049843327,0.5752713544124587,0.017037037037037038,0.033093974399000935,0.012578616352201259,0.5354465197737333,0.5816119263918006,0.92,0.03345454545454546,0.9066595749419939,159,1350
RELATIVE_A,5,100,0.75,2026,A4_SENSOR_DRIFT,strong,mean_temp_c_1,99.0,0.6440362959083832,0.5408163265306123,0.014814814814814815,0.028839613658005716,0.012578616352201259,0.5354465197737333,0.5816119263918006,0.9090909090909091,0.029154518950437316,0.9066595749419939,159,1350
RELATIVE_A,5,100,0.75,2026,A4_SENSOR_DRIFT,strong,mean_voltage_v_-1,97.5,0.6323973049843327,0.4690265486725664,0.011111111111111112,0.0217079664140897,0.012578616352201259,0.5250245477486674,0.5413137665967855,0.8823529411764706,0.02194586686174104,0.9030826701477785,159,1350
RELATIVE_A,5,100,0.75,2026,A4_SENSOR_DRIFT,strong,mean_voltage_v_-1,99.0,0.6440362959083832,0.433606041535557,0.00962962962962963,0.01884083730978001,0.012578616352201259,0.5250245477486674,0.5413137665967855,0.8666666666666667,0.01904761904761905,0.9030826701477785,159,1350
RELATIVE_A,5,100,0.75,2026,A4_SENSOR_DRIFT,strong,mean_voltage_v_1,97.5,0.6323973049843327,0.5529061102831594,0.015555555555555555,0.030259777333713957,0.012578616352201259,0.5336263430254358,0.5598881900768693,0.9130434782608695,0.030589949016751636,0.9060150621044629,159,1350
RELATIVE_A,5,100,0.75,2026,A4_SENSOR_DRIFT,strong,mean_voltage_v_1,99.0,0.6440362959083832,0.5002776235424764,0.012592592592592593,0.0245668089051274,0.012578616352201259,0.5336263430254358,0.5598881900768693,0.8947368421052632,0.02483564645726808,0.9060150621044629,159,1350
RELATIVE_A,5,100,1.0,42,A1_ACCELERATED_DEGRADATION,mild,pooled,97.5,0.6125053157350283,0.21452061725271948,0.0051529790660225444,0.01006420679096595,0.018867924528301886,0.4623762785728748,0.4513272364516554,0.9142857142857143,0.010248198558847078,0.9705271420189324,159,6210
RELATIVE_A,5,100,1.0,42,A1_ACCELERATED_DEGRADATION,mild,pooled,99.0,0.6507677356400559,0.16109422492401215,0.0024154589371980675,0.00475955278164429,0.012578616352201259,0.4623762785728748,0.4513272364516554,0.8823529411764706,0.004817729243616508,0.9705271420189324,159,6210
RELATIVE_A,5,100,1.0,42,A1_ACCELERATED_DEGRADATION,moderate,pooled,97.5,0.6125053157350283,0.21452061725271948,0.0051529790660225444,0.01006420679096595,0.018867924528301886,0.46128365939920357,0.44928599641479056,0.9142857142857143,0.010248198558847078,0.9704550689217316,159,6210
RELATIVE_A,5,100,1.0,42,A1_ACCELERATED_DEGRADATION,moderate,pooled,99.0,0.6507677356400559,0.16109422492401215,0.0024154589371980675,0.00475955278164429,0.012578616352201259,0.46128365939920357,0.44928599641479056,0.8823529411764706,0.004817729243616508,0.9704550689217316,159,6210
RELATIVE_A,5,100,1.0,42,A1_ACCELERATED_DEGRADATION,strong,pooled,97.5,0.6125053157350283,0.20921940659620528,0.00499194847020934,0.009751233741761454,0.018867924528301886,0.46134074652913404,0.45087604695206557,0.9117647058823529,0.009929532351057015,0.9704169446086578,159,6210
RELATIVE_A,5,100,1.0,42,A1_ACCELERATED_DEGRADATION,strong,pooled,99.0,0.6507677356400559,0.16109422492401215,0.0024154589371980675,0.00475955278164429,0.012578616352201259,0.46134074652913404,0.45087604695206557,0.8823529411764706,0.004817729243616508,0.9704169446086578,159,6210
RELATIVE_A,5,100,1.0,42,A2_EARLY_VOLTAGE_COLLAPSE,mild,pooled,97.5,0.6125053157350283,0.5776566757493188,0.025806451612903226,0.04940573292938709,0.018867924528301886,0.6606503930976177,0.6930006086427267,0.8695652173913043,0.050125313283208024,0.9010879111892571,159,775
RELATIVE_A,5,100,1.0,42,A2_EARLY_VOLTAGE_COLLAPSE,mild,pooled,99.0,0.6507677356400559,0.4179496808111153,0.00903225806451613,0.017682384341637013,0.012578616352201259,0.6606503930976177,0.6930006086427267,0.7777777777777778,0.01785714285714286,0.9010879111892571,159,775
RELATIVE_A,5,100,1.0,42,A2_EARLY_VOLTAGE_COLLAPSE,moderate,pooled,97.5,0.6125053157350283,0.7322970639032815,0.05161290322580645,0.09642938367068454,0.018867924528301886,0.7140975973950228,0.7213958206532766,0.9302325581395349,0.097799511002445,0.9186046770337897,159,775
RELATIVE_A,5,100,1.0,42,A2_EARLY_VOLTAGE_COLLAPSE,moderate,pooled,99.0,0.6507677356400559,0.480040254948004,0.011612903225806452,0.022677210275264256,0.012578616352201259,0.7140975973950228,0.7213958206532766,0.8181818181818182,0.022900763358778626,0.9186046770337897,159,775
RELATIVE_A,5,100,1.0,42,A2_EARLY_VOLTAGE_COLLAPSE,strong,pooled,97.5,0.6125053157350283,0.7899728997289973,0.07096774193548387,0.13023567519267285,0.018867924528301886,0.7400319013136545,0.7355325623858796,0.9482758620689655,0.13205282112845135,0.9259867625746022,159,775
RELATIVE_A,5,100,1.0,42,A2_EARLY_VOLTAGE_COLLAPSE,strong,pooled,99.0,0.6507677356400559,0.5301606547438618,0.014193548387096775,0.027646928645948598,0.012578616352201259,0.7400319013136545,0.7355325623858796,0.8461538461538461,0.02791878172588833,0.9259867625746022,159,775
RELATIVE_A,5,100,1.0,42,A3_THERMAL_ABNORMALITY,mild,pooled,97.5,0.6125053157350283,0.48912326961107455,0.01806451612903226,0.034842223891810666,0.018867924528301886,0.5430915576590336,0.5808399269628728,0.8235294117647058,0.03535353535353536,0.8514204308539672,159,775
RELATIVE_A,5,100,1.0,42,A3_THERMAL_ABNORMALITY,mild,pooled,99.0,0.6507677356400559,0.551764025448236,0.015483870967741935,0.030122431581190847,0.012578616352201259,0.5430915576590336,0.5808399269628728,0.8571428571428571,0.030418250950570342,0.8514204308539672,159,775
RELATIVE_A,5,100,1.0,42,A3_THERMAL_ABNORMALITY,moderate,pooled,97.5,0.6125053157350283,0.551764025448236,0.023225806451612905,0.04457527333894029,0.018867924528301886,0.5838443908604287,0.6259322377764253,0.8571428571428571,0.04522613065326633,0.8708137314102871,159,775
RELATIVE_A,5,100,1.0,42,A3_THERMAL_ABNORMALITY,moderate,pooled,99.0,0.6507677356400559,0.5895127118644068,0.01806451612903226,0.03505484208785758,0.012578616352201259,0.5838443908604287,0.6259322377764253,0.875,0.03539823008849558,0.8708137314102871,159,775
RELATIVE_A,5,100,1.0,42,A3_THERMAL_ABNORMALITY,strong,pooled,97.5,0.6125053157350283,0.6213971665852467,0.03096774193548387,0.05899540837623487,0.018867924528301886,0.6168788948912993,0.6577236762020694,0.8888888888888888,0.059850374064837904,0.8850728305623312,159,775
RELATIVE_A,5,100,1.0,42,A3_THERMAL_ABNORMALITY,strong,pooled,99.0,0.6507677356400559,0.5895127118644068,0.01806451612903226,0.03505484208785758,0.012578616352201259,0.6168788948912993,0.6577236762020694,0.875,0.03539823008849558,0.8850728305623312,159,775
RELATIVE_A,5,100,1.0,42,A4_SENSOR_DRIFT,mild,pooled,97.5,0.6125053157350283,0.4662449342690521,0.016481481481481482,0.031837525352915966,0.018867924528301886,0.4984398854017431,0.5104053109713487,0.967391304347826,0.03241077931536781,0.9711040233658187,159,5400
RELATIVE_A,5,100,1.0,42,A4_SENSOR_DRIFT,mild,pooled,99.0,0.6507677356400559,0.44289693593314766,0.01,0.01955839842548742,0.012578616352201259,0.4984398854017431,0.5104053109713487,0.9642857142857143,0.019794721407624637,0.9711040233658187,159,5400
RELATIVE_A,5,100,1.0,42,A4_SENSOR_DRIFT,mild,mean_temp_c_-1,97.5,0.6125053157350283,0.43983402489626555,0.014814814814814815,0.028664142779881017,0.018867924528301886,0.4895912856447315,0.49080829256929887,0.8695652173913043,0.029133284777858703,0.8903299497730441,159,1350
RELATIVE_A,5,100,1.0,42,A4_SENSOR_DRIFT,mild,mean_temp_c_-1,99.0,0.6507677356400559,0.4140625,0.008888888888888889,0.017404154010343977,0.012578616352201259,0.4895912856447315,0.49080829256929887,0.8571428571428571,0.017595307917888565,0.8903299497730441,159,1350
RELATIVE_A,5,100,1.0,42,A4_SENSOR_DRIFT,mild,mean_temp_c_1,97.5,0.6125053157350283,0.4518879415347138,0.015555555555555555,0.030075797495034657,0.018867924528301886,0.49370908856506823,0.4971488469601677,0.875,0.03056768558951965,0.8919595221906487,159,1350
RELATIVE_A,5,100,1.0,42,A4_SENSOR_DRIFT,mild,mean_temp_c_1,99.0,0.6507677356400559,0.5280545359202936,0.014074074074074074,0.02741740065616619,0.012578616352201259,0.49370908856506823,0.4971488469601677,0.9047619047619048,0.02771699489423778,0.8919595221906487,159,1350
RELATIVE_A,5,100,1.0,42,A4_SENSOR_DRIFT,mild,mean_voltage_v_-1,97.5,0.6125053157350283,0.43983402489626555,0.014814814814814815,0.028664142779881017,0.018867924528301886,0.5037211689387375,0.5144700675518286,0.8695652173913043,0.029133284777858703,0.8955899835336987,159,1350
RELATIVE_A,5,100,1.0,42,A4_SENSOR_DRIFT,mild,mean_voltage_v_-1,99.0,0.6507677356400559,0.39312204989885363,0.008148148148148147,0.015965385510659565,0.012578616352201259,0.5037211689387375,0.5144700675518286,0.8461538461538461,0.016140865737344093,0.8955899835336987,159,1350
RELATIVE_A,5,100,1.0,42,A4_SENSOR_DRIFT,mild,mean_voltage_v_1,97.5,0.6125053157350283,0.5236414961185604,0.02074074074074074,0.0399010539901054,0.018867924528301886,0.5142760811771694,0.5391940368040997,0.9032258064516129,0.04055032585083273,0.8995359354580741,159,1350
RELATIVE_A,5,100,1.0,42,A4_SENSOR_DRIFT,mild,mean_voltage_v_1,99.0,0.6507677356400559,0.4140625,0.008888888888888889,0.017404154010343977,0.012578616352201259,0.5142760811771694,0.5391940368040997,0.8571428571428571,0.017595307917888565,0.8995359354580741,159,1350
RELATIVE_A,5,100,1.0,42,A4_SENSOR_DRIFT,moderate,pooled,97.5,0.6125053157350283,0.4953271028037384,0.018518518518518517,0.0357022566520714,0.018867924528301886,0.5041208312172798,0.5223165618448637,0.970873786407767,0.036343812465927675,0.9716707883280286,159,5400
RELATIVE_A,5,100,1.0,42,A4_SENSOR_DRIFT,moderate,pooled,99.0,0.6507677356400559,0.433606041535557,0.00962962962962963,0.01884083730978001,0.012578616352201259,0.5041208312172798,0.5223165618448637,0.9629629629629629,0.01906857352401907,0.9716707883280286,159,5400
RELATIVE_A,5,100,1.0,42,A4_SENSOR_DRIFT,moderate,mean_temp_c_-1,97.5,0.6125053157350283,0.42723801442511666,0.014074074074074074,0.02725046342024436,0.018867924528301886,0.4887169726525455,0.4909084556254368,0.8636363636363636,0.02769679300291545,0.8896918886405067,159,1350
RELATIVE_A,5,100,1.0,42,A4_SENSOR_DRIFT,moderate,mean_temp_c_-1,99.0,0.6507677356400559,0.3706293706293706,0.007407407407407408,0.01452452726774459,0.012578616352201259,0.4887169726525455,0.4909084556254368,0.8333333333333334,0.014684287812041116,0.8896918886405067,159,1350
RELATIVE_A,5,100,1.0,42,A4_SENSOR_DRIFT,moderate,mean_temp_c_1,97.5,0.6125053157350283,0.4634340222575517,0.016296296296296295,0.031485431912078414,0.018867924528301886,0.5009958126166165,0.516030747728861,0.88,0.032,0.8945567450067675,159,1350
RELATIVE_A,5,100,1.0,42,A4_SENSOR_DRIFT,moderate,mean_temp_c_1,99.0,0.6507677356400559,0.5408163265306123,0.014814814814814815,0.028839613658005716,0.012578616352201259,0.5009958126166165,0.516030747728861,0.9090909090909091,0.029154518950437316,0.8945567450067675,159,1350
RELATIVE_A,5,100,1.0,42,A4_SENSOR_DRIFT,moderate,mean_voltage_v_-1,97.5,0.6125053157350283,0.5236414961185604,0.02074074074074074,0.0399010539901054,0.018867924528301886,0.5152222284154923,0.5328045655718612,0.9032258064516129,0.04055032585083273,0.8998224984426624,159,1350
RELATIVE_A,5,100,1.0,42,A4_SENSOR_DRIFT,moderate,mean_voltage_v_-1,99.0,0.6507677356400559,0.39312204989885363,0.008148148148148147,0.015965385510659565,0.012578616352201259,0.5152222284154923,0.5328045655718612,0.8461538461538461,0.016140865737344093,0.8998224984426624,159,1350
RELATIVE_A,5,100,1.0,42,A4_SENSOR_DRIFT,moderate,mean_voltage_v_1,97.5,0.6125053157350283,0.5489475442699633,0.022962962962962963,0.04408193928336665,0.018867924528301886,0.518589027778783,0.549522478453296,0.9117647058823529,0.044797687861271675,0.9009923453383517,159,1350
RELATIVE_A,5,100,1.0,42,A4_SENSOR_DRIFT,moderate,mean_voltage_v_1,99.0,0.6507677356400559,0.39312204989885363,0.008148148148148147,0.015965385510659565,0.012578616352201259,0.518589027778783,0.549522478453296,0.8461538461538461,0.016140865737344093,0.9009923453383517,159,1350
RELATIVE_A,5,100,1.0,42,A4_SENSOR_DRIFT,strong,pooled,97.5,0.6125053157350283,0.5122391834522627,0.019814814814814816,0.038153738507960756,0.018867924528301886,0.5172094489028716,0.5420684835779175,0.9727272727272728,0.03883847549909256,0.9730518744859851,159,5400
RELATIVE_A,5,100,1.0,42,A4_SENSOR_DRIFT,strong,pooled,99.0,0.6507677356400559,0.45188794153471373,0.01037037037037037,0.020275439938791124,0.012578616352201259,0.5172094489028716,0.5420684835779175,0.9655172413793104,0.020520337119824112,0.9730518744859851,159,5400
RELATIVE_A,5,100,1.0,42,A4_SENSOR_DRIFT,strong,mean_temp_c_-1,97.5,0.6125053157350283,0.41406250000000006,0.013333333333333334,0.025834755057275168,0.018867924528301886,0.4950902487050807,0.5052853482413231,0.8571428571428571,0.026258205689277902,0.8920834686534469,159,1350
RELATIVE_A,5,100,1.0,42,A4_SENSOR_DRIFT,strong,mean_temp_c_-1,99.0,0.6507677356400559,0.3706293706293706,0.007407407407407408,0.01452452726774459,0.012578616352201259,0.4950902487050807,0.5052853482413231,0.8333333333333334,0.014684287812041116,0.8920834686534469,159,1350
RELATIVE_A,5,100,1.0,42,A4_SENSOR_DRIFT,strong,mean_temp_c_1,97.5,0.6125053157350283,0.4634340222575517,0.016296296296296295,0.031485431912078414,0.018867924528301886,0.5213206516035536,0.5496482646168181,0.88,0.032,0.9015727870179564,159,1350
RELATIVE_A,5,100,1.0,42,A4_SENSOR_DRIFT,strong,mean_temp_c_1,99.0,0.6507677356400559,0.5408163265306123,0.014814814814814815,0.028839613658005716,0.012578616352201259,0.5213206516035536,0.5496482646168181,0.9090909090909091,0.029154518950437316,0.9015727870179564,159,1350
RELATIVE_A,5,100,1.0,42,A4_SENSOR_DRIFT,strong,mean_voltage_v_-1,97.5,0.6125053157350283,0.556795797767564,0.023703703703703703,0.04547160705667864,0.018867924528301886,0.5258551982826791,0.546601444211507,0.9142857142857143,0.046209386281588445,0.903557846612235,159,1350
RELATIVE_A,5,100,1.0,42,A4_SENSOR_DRIFT,strong,mean_voltage_v_-1,99.0,0.6507677356400559,0.433606041535557,0.00962962962962963,0.01884083730978001,0.012578616352201259,0.5258551982826791,0.546601444211507,0.8666666666666667,0.01904761904761905,0.903557846612235,159,1350
RELATIVE_A,5,100,1.0,42,A4_SENSOR_DRIFT,strong,mean_voltage_v_1,97.5,0.6125053157350283,0.5787831513260531,0.025925925925925925,0.04962878737208214,0.018867924528301886,0.5324012766526895,0.5667388772420219,0.9210526315789473,0.050432276657060515,0.9058444601377668,159,1350
RELATIVE_A,5,100,1.0,42,A4_SENSOR_DRIFT,strong,mean_voltage_v_1,99.0,0.6507677356400559,0.433606041535557,0.00962962962962963,0.01884083730978001,0.012578616352201259,0.5324012766526895,0.5667388772420219,0.8666666666666667,0.01904761904761905,0.9058444601377668,159,1350
RELATIVE_A,5,100,1.0,123,A1_ACCELERATED_DEGRADATION,mild,pooled,97.5,0.6230339208277519,0.1655749269374181,0.00499194847020934,0.009691700117680715,0.025157232704402517,0.46059819566910515,0.45083502972483014,0.8857142857142857,0.009927942353883105,0.9701786270415947,159,6210
RELATIVE_A,5,100,1.0,123,A1_ACCELERATED_DEGRADATION,mild,pooled,99.0,0.6331361771426756,0.20921940659620528,0.00499194847020934,0.009751233741761454,0.018867924528301886,0.46059819566910515,0.45083502972483014,0.9117647058823529,0.009929532351057015,0.9701786270415947,159,6210
RELATIVE_A,5,100,1.0,123,A1_ACCELERATED_DEGRADATION,moderate,pooled,97.5,0.6230339208277519,0.1655749269374181,0.00499194847020934,0.009691700117680715,0.025157232704402517,0.4598747382435699,0.44952855507955314,0.8857142857142857,0.009927942353883105,0.969910710141787,159,6210
RELATIVE_A,5,100,1.0,123,A1_ACCELERATED_DEGRADATION,moderate,pooled,99.0,0.6331361771426756,0.20384615384615384,0.004830917874396135,0.009438162229543228,0.018867924528301886,0.4598747382435699,0.44952855507955314,0.9090909090909091,0.00961076405574243,0.969910710141787,159,6210
RELATIVE_A,5,100,1.0,123,A1_ACCELERATED_DEGRADATION,strong,pooled,97.5,0.6230339208277519,0.16109422492401215,0.004830917874396135,0.009380530973451328,0.025157232704402517,0.46111193999207434,0.4527096689251461,0.8823529411764706,0.009609224855861626,0.9701460694633893,159,6210
RELATIVE_A,5,100,1.0,123,A1_ACCELERATED_DEGRADATION,strong,pooled,99.0,0.6331361771426756,0.20384615384615384,0.004830917874396135,0.009438162229543228,0.018867924528301886,0.46111193999207434,0.4527096689251461,0.9090909090909091,0.00961076405574243,0.9701460694633893,159,6210
RELATIVE_A,5,100,1.0,123,A2_EARLY_VOLTAGE_COLLAPSE,mild,pooled,97.5,0.6230339208277519,0.5412165162054166,0.02967741935483871,0.05626932959948301,0.025157232704402517,0.661659221822702,0.6966118888212618,0.8518518518518519,0.057356608478802994,0.9018595702529705,159,775
RELATIVE_A,5,100,1.0,123,A2_EARLY_VOLTAGE_COLLAPSE,mild,pooled,99.0,0.6331361771426756,0.48912326961107455,0.01806451612903226,0.034842223891810666,0.018867924528301886,0.661659221822702,0.6966118888212618,0.8235294117647058,0.03535353535353536,0.9018595702529705,159,775
RELATIVE_A,5,100,1.0,123,A2_EARLY_VOLTAGE_COLLAPSE,moderate,pooled,97.5,0.6230339208277519,0.7153613075016069,0.06322580645161291,0.11618300575621104,0.025157232704402517,0.7223575197191552,0.72570501115845,0.9245283018867925,0.11835748792270533,0.9218102437143129,159,775
RELATIVE_A,5,100,1.0,123,A2_EARLY_VOLTAGE_COLLAPSE,moderate,pooled,99.0,0.6331361771426756,0.7053231939163498,0.04516129032258064,0.08488731266445486,0.018867924528301886,0.7223575197191552,0.72570501115845,0.9210526315789473,0.08610086100861009,0.9218102437143129,159,775
RELATIVE_A,5,100,1.0,123,A2_EARLY_VOLTAGE_COLLAPSE,strong,pooled,97.5,0.6230339208277519,0.7821503865073787,0.09032258064516129,0.1619439089156451,0.025157232704402517,0.7536651037125718,0.7410833840535607,0.9459459459459459,0.16489988221436985,0.9306192569776638,159,775
RELATIVE_A,5,100,1.0,123,A2_EARLY_VOLTAGE_COLLAPSE,strong,pooled,99.0,0.6331361771426756,0.7627066748315983,0.06064516129032258,0.11235650977650481,0.018867924528301886,0.7536651037125718,0.7410833840535607,0.94,0.11393939393939395,0.9306192569776638,159,775
RELATIVE_A,5,100,1.0,123,A3_THERMAL_ABNORMALITY,mild,pooled,97.5,0.6230339208277519,0.49354680607743834,0.024516129032258065,0.04671191996660121,0.025157232704402517,0.5388814993708266,0.573670115642118,0.8260869565217391,0.047619047619047616,0.8496407497008339,159,775
RELATIVE_A,5,100,1.0,123,A3_THERMAL_ABNORMALITY,mild,pooled,99.0,0.6331361771426756,0.551764025448236,0.023225806451612905,0.04457527333894029,0.018867924528301886,0.5388814993708266,0.573670115642118,0.8571428571428571,0.04522613065326633,0.8496407497008339,159,775
RELATIVE_A,5,100,1.0,123,A3_THERMAL_ABNORMALITY,moderate,pooled,97.5,0.6230339208277519,0.551764025448236,0.03096774193548387,0.058644086029767714,0.025157232704402517,0.5764513148220733,0.6150781091499289,0.8571428571428571,0.05977584059775841,0.8676501870212292,159,775
RELATIVE_A,5,100,1.0,123,A3_THERMAL_ABNORMALITY,moderate,pooled,99.0,0.6331361771426756,0.5895127118644068,0.027096774193548386,0.051812024299979054,0.018867924528301886,0.5764513148220733,0.6150781091499289,0.875,0.052565707133917394,0.8676501870212292,159,775
RELATIVE_A,5,100,1.0,123,A3_THERMAL_ABNORMALITY,strong,pooled,97.5,0.6230339208277519,0.551764025448236,0.03096774193548387,0.058644086029767714,0.025157232704402517,0.60734067971588,0.6458186244674377,0.8571428571428571,0.05977584059775841,0.881180763649428,159,775
RELATIVE_A,5,100,1.0,123,A3_THERMAL_ABNORMALITY,strong,pooled,99.0,0.6331361771426756,0.6113340020060181,0.02967741935483871,0.05660684018667719,0.018867924528301886,0.60734067971588,0.6458186244674377,0.8846153846153846,0.05742821473158553,0.881180763649428,159,775
RELATIVE_A,5,100,1.0,123,A4_SENSOR_DRIFT,mild,pooled,97.5,0.6230339208277519,0.4089640453127565,0.017407407407407406,0.033393435260840126,0.025157232704402517,0.49691537247010753,0.5043407873282088,0.9591836734693877,0.03419425245543834,0.9709309314378036,159,5400
RELATIVE_A,5,100,1.0,123,A4_SENSOR_DRIFT,mild,pooled,99.0,0.6331361771426756,0.44289693593314766,0.015,0.02901724609909663,0.018867924528301886,0.49691537247010753,0.5043407873282088,0.9642857142857143,0.029540481400437635,0.9709309314378036,159,5400
RELATIVE_A,5,100,1.0,123,A4_SENSOR_DRIFT,mild,mean_temp_c_-1,97.5,0.6230339208277519,0.358745992162451,0.014074074074074074,0.027085546754172435,0.025157232704402517,0.49170536145336535,0.49434428138830655,0.8260869565217391,0.027676620538965767,0.8910820408640089,159,1350
RELATIVE_A,5,100,1.0,123,A4_SENSOR_DRIFT,mild,mean_temp_c_-1,99.0,0.6331361771426756,0.41406250000000006,0.013333333333333334,0.025834755057275168,0.018867924528301886,0.49170536145336535,0.49434428138830655,0.8571428571428571,0.026258205689277902,0.8910820408640089,159,1350
RELATIVE_A,5,100,1.0,123,A4_SENSOR_DRIFT,mild,mean_temp_c_1,97.5,0.6230339208277519,0.4037760847962902,0.017037037037037038,0.03269455135512077,0.025157232704402517,0.4924238632484673,0.4973515024458421,0.8518518518518519,0.03340595497458243,0.8913124313607758,159,1350
RELATIVE_A,5,100,1.0,123,A4_SENSOR_DRIFT,mild,mean_temp_c_1,99.0,0.6331361771426756,0.4518879415347138,0.015555555555555555,0.030075797495034657,0.018867924528301886,0.4924238632484673,0.4973515024458421,0.875,0.03056768558951965,0.8913124313607758,159,1350
RELATIVE_A,5,100,1.0,123,A4_SENSOR_DRIFT,mild,mean_voltage_v_-1,97.5,0.6230339208277519,0.45188794153471373,0.02074074074074074,0.03966111660475185,0.025157232704402517,0.503564508296287,0.5121616585138598,0.875,0.040520984081041975,0.8957800717055097,159,1350
RELATIVE_A,5,100,1.0,123,A4_SENSOR_DRIFT,mild,mean_voltage_v_-1,99.0,0.6331361771426756,0.42723801442511666,0.014074074074074074,0.02725046342024436,0.018867924528301886,0.503564508296287,0.5121616585138598,0.8636363636363636,0.02769679300291545,0.8957800717055097,159,1350
RELATIVE_A,5,100,1.0,123,A4_SENSOR_DRIFT,mild,mean_voltage_v_1,97.5,0.6230339208277519,0.4140625,0.017777777777777778,0.0340918227868457,0.025157232704402517,0.5069843929253537,0.5135057069648264,0.8571428571428571,0.03483309143686503,0.8967047926304135,159,1350
RELATIVE_A,5,100,1.0,123,A4_SENSOR_DRIFT,mild,mean_voltage_v_1,99.0,0.6331361771426756,0.4745036979369404,0.017037037037037038,0.03289305036495366,0.018867924528301886,0.5069843929253537,0.5135057069648264,0.8846153846153846,0.03343023255813954,0.8967047926304135,159,1350
RELATIVE_A,5,100,1.0,123,A4_SENSOR_DRIFT,moderate,pooled,97.5,0.6230339208277519,0.4165788833968073,0.017962962962962962,0.034440830572685155,0.025157232704402517,0.5007594631246038,0.5146657349173072,0.9603960396039604,0.03526631521541538,0.9713490168760706,159,5400
RELATIVE_A,5,100,1.0,123,A4_SENSOR_DRIFT,moderate,pooled,99.0,0.6331361771426756,0.4459265339626513,0.015185185185185185,0.029370222946078002,0.018867924528301886,0.5007594631246038,0.5146657349173072,0.9647058823529412,0.029899726526891525,0.9713490168760706,159,5400
RELATIVE_A,5,100,1.0,123,A4_SENSOR_DRIFT,moderate,mean_temp_c_-1,97.5,0.6230339208277519,0.3464052287581699,0.013333333333333334,0.025678294573643415,0.025157232704402517,0.48970964574666775,0.4928907523876077,0.8181818181818182,0.026239067055393587,0.890086898529159,159,1350
RELATIVE_A,5,100,1.0,123,A4_SENSOR_DRIFT,moderate,mean_temp_c_-1,99.0,0.6331361771426756,0.41406250000000006,0.013333333333333334,0.025834755057275168,0.018867924528301886,0.48970964574666775,0.4928907523876077,0.8571428571428571,0.026258205689277902,0.890086898529159,159,1350
RELATIVE_A,5,100,1.0,123,A4_SENSOR_DRIFT,moderate,mean_temp_c_1,97.5,0.6230339208277519,0.4140625,0.017777777777777778,0.0340918227868457,0.025157232704402517,0.5012396145880268,0.5181085488003728,0.8571428571428571,0.03483309143686503,0.8945885268800389,159,1350
RELATIVE_A,5,100,1.0,123,A4_SENSOR_DRIFT,moderate,mean_temp_c_1,99.0,0.6331361771426756,0.4745036979369404,0.017037037037037038,0.03289305036495366,0.018867924528301886,0.5012396145880268,0.5181085488003728,0.8846153846153846,0.03343023255813954,0.8945885268800389,159,1350
RELATIVE_A,5,100,1.0,123,A4_SENSOR_DRIFT,moderate,mean_voltage_v_-1,97.5,0.6230339208277519,0.4690265486725664,0.022222222222222223,0.042433947157726186,0.025157232704402517,0.5109904515856764,0.5257395760540415,0.8823529411764706,0.04335260115606936,0.898401554686715,159,1350
RELATIVE_A,5,100,1.0,123,A4_SENSOR_DRIFT,moderate,mean_voltage_v_-1,99.0,0.6331361771426756,0.41406250000000006,0.013333333333333334,0.025834755057275168,0.018867924528301886,0.5109904515856764,0.5257395760540415,0.8571428571428571,0.026258205689277902,0.898401554686715,159,1350
RELATIVE_A,5,100,1.0,123,A4_SENSOR_DRIFT,moderate,mean_voltage_v_1,97.5,0.6230339208277519,0.424,0.018518518518518517,0.03548711081352527,0.025157232704402517,0.5086585805046806,0.5219240624272071,0.8620689655172413,0.03625815808556925,0.897596223839695,159,1350
RELATIVE_A,5,100,1.0,123,A4_SENSOR_DRIFT,moderate,mean_voltage_v_1,99.0,0.6331361771426756,0.4745036979369404,0.017037037037037038,0.03289305036495366,0.018867924528301886,0.5086585805046806,0.5219240624272071,0.8846153846153846,0.03343023255813954,0.897596223839695,159,1350
RELATIVE_A,5,100,1.0,123,A4_SENSOR_DRIFT,strong,pooled,97.5,0.6230339208277519,0.43595769682726204,0.019444444444444445,0.03722843811148462,0.025157232704402517,0.5126099373897,0.5339937106918239,0.963302752293578,0.03811944091486658,0.9726422460030832,159,5400
RELATIVE_A,5,100,1.0,123,A4_SENSOR_DRIFT,strong,pooled,99.0,0.6331361771426756,0.4662449342690521,0.016481481481481482,0.031837525352915966,0.018867924528301886,0.5126099373897,0.5339937106918239,0.967391304347826,0.03241077931536781,0.9726422460030832,159,5400
RELATIVE_A,5,100,1.0,123,A4_SENSOR_DRIFT,strong,mean_temp_c_-1,97.5,0.6230339208277519,0.3464052287581699,0.013333333333333334,0.025678294573643415,0.025157232704402517,0.49725039943286453,0.5080223619846261,0.8181818181818182,0.026239067055393587,0.8931816974599911,159,1350
RELATIVE_A,5,100,1.0,123,A4_SENSOR_DRIFT,strong,mean_temp_c_-1,99.0,0.6331361771426756,0.41406250000000006,0.013333333333333334,0.025834755057275168,0.018867924528301886,0.49725039943286453,0.5080223619846261,0.8571428571428571,0.026258205689277902,0.8931816974599911,159,1350
RELATIVE_A,5,100,1.0,123,A4_SENSOR_DRIFT,strong,mean_temp_c_1,97.5,0.6230339208277519,0.433606041535557,0.01925925925925926,0.036880419655283166,0.025157232704402517,0.5200759354509742,0.5502049848590729,0.8666666666666667,0.03768115942028986,0.9014030488474041,159,1350
RELATIVE_A,5,100,1.0,123,A4_SENSOR_DRIFT,strong,mean_temp_c_1,99.0,0.6331361771426756,0.4851258581235698,0.017777777777777778,0.03429865717521437,0.018867924528301886,0.5200759354509742,0.5502049848590729,0.8888888888888888,0.034858387799564274,0.9014030488474041,159,1350
RELATIVE_A,5,100,1.0,123,A4_SENSOR_DRIFT,strong,mean_voltage_v_-1,97.5,0.6230339208277519,0.48512585812356973,0.023703703703703703,0.045198944647282996,0.025157232704402517,0.519865109338384,0.5389424644770556,0.8888888888888888,0.046176046176046176,0.9016271162016772,159,1350
RELATIVE_A,5,100,1.0,123,A4_SENSOR_DRIFT,strong,mean_voltage_v_-1,99.0,0.6331361771426756,0.4518879415347138,0.015555555555555555,0.030075797495034657,0.018867924528301886,0.519865109338384,0.5389424644770556,0.875,0.03056768558951965,0.9016271162016772,159,1350
RELATIVE_A,5,100,1.0,123,A4_SENSOR_DRIFT,strong,mean_voltage_v_1,97.5,0.6230339208277519,0.4605933473179502,0.02148148148148148,0.04104851309306021,0.025157232704402517,0.5202634617422753,0.5388050314465409,0.8787878787878788,0.04193781634128706,0.9017707777356729,159,1350
RELATIVE_A,5,100,1.0,123,A4_SENSOR_DRIFT,strong,mean_voltage_v_1,99.0,0.6331361771426756,0.5051319648093842,0.01925925925925926,0.03710385309243652,0.018867924528301886,0.5202634617422753,0.5388050314465409,0.896551724137931,0.03770848440899203,0.9017707777356729,159,1350
RELATIVE_A,5,100,1.0,2026,A1_ACCELERATED_DEGRADATION,mild,pooled,97.5,0.6321830754392143,0.1655749269374181,0.00499194847020934,0.009691700117680715,0.025157232704402517,0.46028514922954816,0.4472680501119112,0.8857142857142857,0.009927942353883105,0.9701136561577791,159,6210
RELATIVE_A,5,100,1.0,2026,A1_ACCELERATED_DEGRADATION,mild,pooled,99.0,0.6422758325066841,0.16109422492401215,0.0024154589371980675,0.00475955278164429,0.012578616352201259,0.46028514922954816,0.4472680501119112,0.8823529411764706,0.004817729243616508,0.9701136561577791,159,6210
RELATIVE_A,5,100,1.0,2026,A1_ACCELERATED_DEGRADATION,moderate,pooled,97.5,0.6321830754392143,0.16109422492401215,0.004830917874396135,0.009380530973451328,0.025157232704402517,0.45937403470995575,0.4447984079239206,0.8823529411764706,0.009609224855861626,0.970022606850043,159,6210
RELATIVE_A,5,100,1.0,2026,A1_ACCELERATED_DEGRADATION,moderate,pooled,99.0,0.6422758325066841,0.16109422492401215,0.0024154589371980675,0.00475955278164429,0.012578616352201259,0.45937403470995575,0.4447984079239206,0.8823529411764706,0.004817729243616508,0.970022606850043,159,6210
RELATIVE_A,5,100,1.0,2026,A1_ACCELERATED_DEGRADATION,strong,pooled,97.5,0.6321830754392143,0.15656514210043798,0.00466988727858293,0.009069264516281306,0.025157232704402517,0.4599723671395197,0.4467049494120864,0.8787878787878788,0.009290405253884351,0.9700723714497995,159,6210
RELATIVE_A,5,100,1.0,2026,A1_ACCELERATED_DEGRADATION,strong,pooled,99.0,0.6422758325066841,0.16109422492401215,0.0024154589371980675,0.00475955278164429,0.012578616352201259,0.4599723671395197,0.4467049494120864,0.8823529411764706,0.004817729243616508,0.9700723714497995,159,6210
RELATIVE_A,5,100,1.0,2026,A2_EARLY_VOLTAGE_COLLAPSE,mild,pooled,97.5,0.6321830754392143,0.46579355505772874,0.02193548387096774,0.041897882630126795,0.025157232704402517,0.6591079357339032,0.6958165956583486,0.8095238095238095,0.04271356783919598,0.9005082817898029,159,775
RELATIVE_A,5,100,1.0,2026,A2_EARLY_VOLTAGE_COLLAPSE,mild,pooled,99.0,0.6422758325066841,0.5301606547438618,0.014193548387096775,0.027646928645948598,0.012578616352201259,0.6591079357339032,0.6958165956583486,0.8461538461538461,0.02791878172588833,0.9005082817898029,159,775
RELATIVE_A,5,100,1.0,2026,A2_EARLY_VOLTAGE_COLLAPSE,moderate,pooled,97.5,0.6321830754392143,0.6060991105463785,0.03870967741935484,0.07277165414394142,0.025157232704402517,0.7093075313251364,0.7231081355244473,0.8823529411764706,0.07416563658838073,0.9172580250663752,159,775
RELATIVE_A,5,100,1.0,2026,A2_EARLY_VOLTAGE_COLLAPSE,moderate,pooled,99.0,0.6422758325066841,0.6486854034451496,0.023225806451612905,0.04484593025533349,0.012578616352201259,0.7093075313251364,0.7231081355244473,0.9,0.04528301886792453,0.9172580250663752,159,775
RELATIVE_A,5,100,1.0,2026,A2_EARLY_VOLTAGE_COLLAPSE,strong,pooled,97.5,0.6321830754392143,0.677721176837509,0.05290322580645161,0.0981451928577881,0.025157232704402517,0.7342016442316655,0.7370014201663623,0.9111111111111111,0.1,0.924612837609439,159,775
RELATIVE_A,5,100,1.0,2026,A2_EARLY_VOLTAGE_COLLAPSE,strong,pooled,99.0,0.6422758325066841,0.7347253123395516,0.03483870967741935,0.06652307310874887,0.012578616352201259,0.7342016442316655,0.7370014201663623,0.9310344827586207,0.06716417910447761,0.924612837609439,159,775
RELATIVE_A,5,100,1.0,2026,A3_THERMAL_ABNORMALITY,mild,pooled,97.5,0.6321830754392143,0.43482224247948953,0.01935483870967742,0.037060057493590245,0.025157232704402517,0.538188784279077,0.5737796713329275,0.7894736842105263,0.03778337531486146,0.8490768060120036,159,775
RELATIVE_A,5,100,1.0,2026,A3_THERMAL_ABNORMALITY,mild,pooled,99.0,0.6422758325066841,0.551764025448236,0.015483870967741935,0.030122431581190847,0.012578616352201259,0.538188784279077,0.5737796713329275,0.8571428571428571,0.030418250950570342,0.8490768060120036,159,775
RELATIVE_A,5,100,1.0,2026,A3_THERMAL_ABNORMALITY,moderate,pooled,97.5,0.6321830754392143,0.49354680607743834,0.024516129032258065,0.04671191996660121,0.025157232704402517,0.5746558194971734,0.6175613714749442,0.8260869565217391,0.047619047619047616,0.8665789111013016,159,775
RELATIVE_A,5,100,1.0,2026,A3_THERMAL_ABNORMALITY,moderate,pooled,99.0,0.6422758325066841,0.6355513754996472,0.02193548387096774,0.04240731734103139,0.012578616352201259,0.5746558194971734,0.6175613714749442,0.8947368421052632,0.04282115869017632,0.8665789111013016,159,775
RELATIVE_A,5,100,1.0,2026,A3_THERMAL_ABNORMALITY,strong,pooled,97.5,0.6321830754392143,0.5301606547438618,0.02838709677419355,0.05388875622963574,0.025157232704402517,0.6040220032251253,0.6500182592818016,0.8461538461538461,0.05493133583021224,0.8794465306137302,159,775
RELATIVE_A,5,100,1.0,2026,A3_THERMAL_ABNORMALITY,strong,pooled,99.0,0.6422758325066841,0.6723044397463002,0.025806451612903226,0.04970497440506428,0.012578616352201259,0.6040220032251253,0.6500182592818016,0.9090909090909091,0.050188205771643665,0.8794465306137302,159,775
RELATIVE_A,5,100,1.0,2026,A4_SENSOR_DRIFT,mild,pooled,97.5,0.6321830754392143,0.4751804067351848,0.02277777777777778,0.04347173736908966,0.025157232704402517,0.4988483849614991,0.5060604472396925,0.968503937007874,0.04450877510403474,0.9711030649827916,159,5400
RELATIVE_A,5,100,1.0,2026,A4_SENSOR_DRIFT,mild,pooled,99.0,0.6422758325066841,0.5408163265306123,0.014814814814814815,0.028839613658005716,0.012578616352201259,0.4988483849614991,0.5060604472396925,0.975609756097561,0.029186428310835462,0.9711030649827916,159,5400
RELATIVE_A,5,100,1.0,2026,A4_SENSOR_DRIFT,mild,mean_temp_c_-1,97.5,0.6321830754392143,0.44289693593314766,0.02,0.038271753520279214,0.025157232704402517,0.4909965146073828,0.49460051246214765,0.8709677419354839,0.03910209992758871,0.8906221152338402,159,1350
RELATIVE_A,5,100,1.0,2026,A4_SENSOR_DRIFT,mild,mean_temp_c_-1,99.0,0.6422758325066841,0.5145631067961165,0.013333333333333334,0.025993133889161357,0.012578616352201259,0.4909965146073828,0.49460051246214765,0.9,0.026277372262773723,0.8906221152338402,159,1350
RELATIVE_A,5,100,1.0,2026,A4_SENSOR_DRIFT,mild,mean_temp_c_1,97.5,0.6321830754392143,0.4690265486725664,0.022222222222222223,0.042433947157726186,0.025157232704402517,0.49517100869643826,0.4995923596552527,0.8823529411764706,0.04335260115606936,0.8923916595875856,159,1350
RELATIVE_A,5,100,1.0,2026,A4_SENSOR_DRIFT,mild,mean_temp_c_1,99.0,0.6422758325066841,0.5643756050338818,0.016296296296296295,0.03167789610954141,0.012578616352201259,0.49517100869643826,0.4995923596552527,0.9166666666666666,0.03202328966521106,0.8923916595875856,159,1350
RELATIVE_A,5,100,1.0,2026,A4_SENSOR_DRIFT,mild,mean_voltage_v_-1,97.5,0.6321830754392143,0.45188794153471373,0.02074074074074074,0.03966111660475185,0.025157232704402517,0.5045174721281979,0.5107617051013277,0.875,0.040520984081041975,0.8959744529353191,159,1350
RELATIVE_A,5,100,1.0,2026,A4_SENSOR_DRIFT,mild,mean_voltage_v_-1,99.0,0.6422758325066841,0.5145631067961165,0.013333333333333334,0.025993133889161357,0.012578616352201259,0.5045174721281979,0.5107617051013277,0.9,0.026277372262773723,0.8959744529353191,159,1350
RELATIVE_A,5,100,1.0,2026,A4_SENSOR_DRIFT,mild,mean_voltage_v_1,97.5,0.6321830754392143,0.5280545359202936,0.028148148148148148,0.05344726925322435,0.025157232704402517,0.5108212296377742,0.5192872117400419,0.9047619047619048,0.05459770114942528,0.8979279305465689,159,1350
RELATIVE_A,5,100,1.0,2026,A4_SENSOR_DRIFT,mild,mean_voltage_v_1,99.0,0.6422758325066841,0.5643756050338818,0.016296296296296295,0.03167789610954141,0.012578616352201259,0.5108212296377742,0.5192872117400419,0.9166666666666666,0.03202328966521106,0.8979279305465689,159,1350
RELATIVE_A,5,100,1.0,2026,A4_SENSOR_DRIFT,moderate,pooled,97.5,0.6321830754392143,0.4731450314649495,0.02259259259259259,0.043125929581879906,0.025157232704402517,0.5049678779484608,0.5184235965525273,0.9682539682539683,0.0441549040897575,0.9717567292169259,159,5400
RELATIVE_A,5,100,1.0,2026,A4_SENSOR_DRIFT,moderate,pooled,99.0,0.6422758325066841,0.5469418575383841,0.015185185185185185,0.029549951384686517,0.012578616352201259,0.5049678779484608,0.5184235965525273,0.9761904761904762,0.029905178701677606,0.9717567292169259,159,5400
RELATIVE_A,5,100,1.0,2026,A4_SENSOR_DRIFT,moderate,mean_temp_c_-1,97.5,0.6321830754392143,0.44289693593314766,0.02,0.038271753520279214,0.025157232704402517,0.49414336835590267,0.49809923130677847,0.8709677419354839,0.03910209992758871,0.8917602062039661,159,1350
RELATIVE_A,5,100,1.0,2026,A4_SENSOR_DRIFT,moderate,mean_temp_c_-1,99.0,0.6422758325066841,0.5145631067961165,0.013333333333333334,0.025993133889161357,0.012578616352201259,0.49414336835590267,0.49809923130677847,0.9,0.026277372262773723,0.8917602062039661,159,1350
RELATIVE_A,5,100,1.0,2026,A4_SENSOR_DRIFT,moderate,mean_temp_c_1,97.5,0.6321830754392143,0.47720011617775193,0.022962962962962963,0.043817422959476215,0.025157232704402517,0.5041092999173079,0.5222897740507804,0.8857142857142857,0.044765342960288806,0.8955362726389355,159,1350
RELATIVE_A,5,100,1.0,2026,A4_SENSOR_DRIFT,moderate,mean_temp_c_1,99.0,0.6422758325066841,0.5752713544124587,0.017037037037037038,0.033093974399000935,0.012578616352201259,0.5041092999173079,0.5222897740507804,0.92,0.03345454545454546,0.8955362726389355,159,1350
RELATIVE_A,5,100,1.0,2026,A4_SENSOR_DRIFT,moderate,mean_voltage_v_-1,97.5,0.6321830754392143,0.4690265486725664,0.022222222222222223,0.042433947157726186,0.025157232704402517,0.5126505574432888,0.5262287444677383,0.8823529411764706,0.04335260115606936,0.898948467812615,159,1350
RELATIVE_A,5,100,1.0,2026,A4_SENSOR_DRIFT,moderate,mean_voltage_v_-1,99.0,0.6422758325066841,0.5280545359202936,0.014074074074074074,0.02741740065616619,0.012578616352201259,0.5126505574432888,0.5262287444677383,0.9047619047619048,0.02771699489423778,0.898948467812615,159,1350
RELATIVE_A,5,100,1.0,2026,A4_SENSOR_DRIFT,moderate,mean_voltage_v_1,97.5,0.6321830754392143,0.5002776235424764,0.025185185185185185,0.047956142218437296,0.025157232704402517,0.5145318924134124,0.5270766363848125,0.8947368421052632,0.04899135446685879,0.8992288454704653,159,1350
RELATIVE_A,5,100,1.0,2026,A4_SENSOR_DRIFT,moderate,mean_voltage_v_1,99.0,0.6422758325066841,0.5643756050338818,0.016296296296296295,0.03167789610954141,0.012578616352201259,0.5145318924134124,0.5270766363848125,0.9166666666666666,0.03202328966521106,0.8992288454704653,159,1350
RELATIVE_A,5,100,1.0,2026,A4_SENSOR_DRIFT,strong,pooled,97.5,0.6321830754392143,0.4811932555123216,0.023333333333333334,0.04450842780876972,0.025157232704402517,0.5167262233475631,0.5376694619147449,0.9692307692307692,0.045569620253164564,0.973000193105016,159,5400
RELATIVE_A,5,100,1.0,2026,A4_SENSOR_DRIFT,strong,pooled,99.0,0.6422758325066841,0.5779106577558917,0.017222222222222222,0.033447675661370274,0.012578616352201259,0.5167262233475631,0.5376694619147449,0.9789473684210527,0.03384895359417652,0.973000193105016,159,5400
RELATIVE_A,5,100,1.0,2026,A4_SENSOR_DRIFT,strong,mean_temp_c_-1,97.5,0.6321830754392143,0.44289693593314766,0.02,0.038271753520279214,0.025157232704402517,0.5012686917254765,0.5138108548800372,0.8709677419354839,0.03910209992758871,0.8942603629711503,159,1350
RELATIVE_A,5,100,1.0,2026,A4_SENSOR_DRIFT,strong,mean_temp_c_-1,99.0,0.6422758325066841,0.5280545359202936,0.014074074074074074,0.02741740065616619,0.012578616352201259,0.5012686917254765,0.5138108548800372,0.9047619047619048,0.02771699489423778,0.8942603629711503,159,1350
RELATIVE_A,5,100,1.0,2026,A4_SENSOR_DRIFT,strong,mean_temp_c_1,97.5,0.6321830754392143,0.47720011617775193,0.022962962962962963,0.043817422959476215,0.025157232704402517,0.5202381500102242,0.5532308409037969,0.8857142857142857,0.044765342960288806,0.9015042728335108,159,1350
RELATIVE_A,5,100,1.0,2026,A4_SENSOR_DRIFT,strong,mean_temp_c_1,99.0,0.6422758325066841,0.5752713544124587,0.017037037037037038,0.033093974399000935,0.012578616352201259,0.5202381500102242,0.5532308409037969,0.92,0.03345454545454546,0.9015042728335108,159,1350
RELATIVE_A,5,100,1.0,2026,A4_SENSOR_DRIFT,strong,mean_voltage_v_-1,97.5,0.6321830754392143,0.4928148774302621,0.024444444444444446,0.0465785163584069,0.025157232704402517,0.5257429410412822,0.5405334265082693,0.8918918918918919,0.047584715212689255,0.9033752321119193,159,1350
RELATIVE_A,5,100,1.0,2026,A4_SENSOR_DRIFT,strong,mean_voltage_v_-1,99.0,0.6422758325066841,0.5752713544124587,0.017037037037037038,0.033093974399000935,0.012578616352201259,0.5257429410412822,0.5405334265082693,0.92,0.03345454545454546,0.9033752321119193,159,1350
RELATIVE_A,5,100,1.0,2026,A4_SENSOR_DRIFT,strong,mean_voltage_v_1,97.5,0.6321830754392143,0.5075239398084814,0.025925925925925925,0.04933182634133369,0.025157232704402517,0.5249757892194424,0.5431027253668763,0.8974358974358975,0.0503959683225342,0.9029822053188622,159,1350
RELATIVE_A,5,100,1.0,2026,A4_SENSOR_DRIFT,strong,mean_voltage_v_1,99.0,0.6422758325066841,0.6224832214765101,0.02074074074074074,0.04014391213785268,0.012578616352201259,0.5249757892194424,0.5431027253668763,0.9333333333333333,0.04057971014492753,0.9029822053188622,159,1350
RELATIVE_A,5,200,0.75,42,A1_ACCELERATED_DEGRADATION,mild,pooled,97.5,0.621005000836105,0.11349036402569593,0.0024154589371980675,0.004730242313356241,0.018867924528301886,0.4612781404545534,0.4517971622155379,0.8333333333333334,0.004816955684007707,0.9701658821813776,159,6210
RELATIVE_A,5,200,0.75,42,A1_ACCELERATED_DEGRADATION,mild,pooled,99.0,0.6374082198955582,0.27748691099476436,0.0024154589371980675,0.004789228753445081,0.006289308176100629,0.4612781404545534,0.4517971622155379,0.9375,0.0048185030517186,0.9701658821813776,159,6210
RELATIVE_A,5,200,0.75,42,A1_ACCELERATED_DEGRADATION,moderate,pooled,97.5,0.621005000836105,0.11349036402569593,0.0024154589371980675,0.004730242313356241,0.018867924528301886,0.46122840391295616,0.45104011586100723,0.8333333333333334,0.004816955684007707,0.9700927754956803,159,6210
RELATIVE_A,5,200,0.75,42,A1_ACCELERATED_DEGRADATION,moderate,pooled,99.0,0.6374082198955582,0.27748691099476436,0.0024154589371980675,0.004789228753445081,0.006289308176100629,0.46122840391295616,0.45104011586100723,0.9375,0.0048185030517186,0.9700927754956803,159,6210
RELATIVE_A,5,200,0.75,42,A1_ACCELERATED_DEGRADATION,strong,pooled,97.5,0.621005000836105,0.11349036402569593,0.0024154589371980675,0.004730242313356241,0.018867924528301886,0.46208014956851723,0.4525466127872472,0.8333333333333334,0.004816955684007707,0.9701909141332339,159,6210
RELATIVE_A,5,200,0.75,42,A1_ACCELERATED_DEGRADATION,strong,pooled,99.0,0.6374082198955582,0.27748691099476436,0.0024154589371980675,0.004789228753445081,0.006289308176100629,0.46208014956851723,0.4525466127872472,0.9375,0.0048185030517186,0.9701909141332339,159,6210
RELATIVE_A,5,200,0.75,42,A2_EARLY_VOLTAGE_COLLAPSE,mild,pooled,97.5,0.621005000836105,0.6113340020060181,0.02967741935483871,0.05660684018667719,0.018867924528301886,0.6701313548862287,0.698214648001623,0.8846153846153846,0.05742821473158553,0.9042125813276225,159,775
RELATIVE_A,5,200,0.75,42,A2_EARLY_VOLTAGE_COLLAPSE,mild,pooled,99.0,0.6374082198955582,0.7111442415206858,0.015483870967741935,0.030307843822473552,0.006289308176100629,0.6701313548862287,0.698214648001623,0.9230769230769231,0.03045685279187817,0.9042125813276225,159,775
RELATIVE_A,5,200,0.75,42,A2_EARLY_VOLTAGE_COLLAPSE,moderate,pooled,97.5,0.621005000836105,0.7805154347210422,0.06709677419354838,0.12357082006904899,0.018867924528301886,0.7195189290086261,0.7232176912152566,0.9454545454545454,0.12530120481927712,0.920547668516082,159,775
RELATIVE_A,5,200,0.75,42,A2_EARLY_VOLTAGE_COLLAPSE,moderate,pooled,99.0,0.6374082198955582,0.8421267060501121,0.03354838709677419,0.06452619913528025,0.006289308176100629,0.7195189290086261,0.7232176912152566,0.9629629629629629,0.06483790523690773,0.920547668516082,159,775
RELATIVE_A,5,200,0.75,42,A2_EARLY_VOLTAGE_COLLAPSE,strong,pooled,97.5,0.621005000836105,0.8186285981745847,0.08516129032258064,0.1542736173590897,0.018867924528301886,0.743308094564773,0.7350659362953945,0.9565217391304348,0.15639810426540285,0.9274368995270931,159,775
RELATIVE_A,5,200,0.75,42,A2_EARLY_VOLTAGE_COLLAPSE,strong,pooled,99.0,0.6374082198955582,0.8746157579679664,0.04387096774193548,0.08355099454430243,0.006289308176100629,0.743308094564773,0.7350659362953945,0.9714285714285714,0.08395061728395062,0.9274368995270931,159,775
RELATIVE_A,5,200,0.75,42,A3_THERMAL_ABNORMALITY,mild,pooled,97.5,0.621005000836105,0.5224892174984597,0.02064516129032258,0.039720830015457405,0.018867924528301886,0.5425997232100634,0.5805761817812944,0.8421052631578947,0.0403022670025189,0.8513845064131942,159,775
RELATIVE_A,5,200,0.75,42,A3_THERMAL_ABNORMALITY,mild,pooled,99.0,0.6374082198955582,0.6723044397463002,0.012903225806451613,0.02532048729994426,0.006289308176100629,0.5425997232100634,0.5805761817812944,0.9090909090909091,0.02544529262086514,0.8513845064131942,159,775
RELATIVE_A,5,200,0.75,42,A3_THERMAL_ABNORMALITY,moderate,pooled,97.5,0.621005000836105,0.6007212776919114,0.02838709677419355,0.054212386088897155,0.018867924528301886,0.5874726493416315,0.6279164130655306,0.88,0.055,0.8723924483025467,159,775
RELATIVE_A,5,200,0.75,42,A3_THERMAL_ABNORMALITY,moderate,pooled,99.0,0.6374082198955582,0.7771707878090857,0.02193548387096774,0.042666708759855725,0.006289308176100629,0.5874726493416315,0.6279164130655306,0.9444444444444444,0.04287515762925599,0.8723924483025467,159,775
RELATIVE_A,5,200,0.75,42,A3_THERMAL_ABNORMALITY,strong,pooled,97.5,0.621005000836105,0.6213971665852467,0.03096774193548387,0.05899540837623487,0.018867924528301886,0.6216138625868257,0.6618096977074457,0.8888888888888888,0.059850374064837904,0.8867766257197972,159,775
RELATIVE_A,5,200,0.75,42,A3_THERMAL_ABNORMALITY,strong,pooled,99.0,0.6374082198955582,0.8040455120101138,0.025806451612903226,0.05000786287152068,0.006289308176100629,0.6216138625868257,0.6618096977074457,0.9523809523809523,0.05025125628140704,0.8867766257197972,159,775
RELATIVE_A,5,200,0.75,42,A4_SENSOR_DRIFT,mild,pooled,97.5,0.621005000836105,0.48251078102539535,0.017592592592592594,0.03394744382827381,0.018867924528301886,0.5009506254737774,0.5116398788725832,0.9693877551020408,0.034558021098581304,0.971317480931476,159,5400
RELATIVE_A,5,200,0.75,42,A4_SENSOR_DRIFT,mild,pooled,99.0,0.6374082198955582,0.5587153714145624,0.007962962962962963,0.01570213484268583,0.006289308176100629,0.5009506254737774,0.5116398788725832,0.9772727272727273,0.015797207935341662,0.971317480931476,159,5400
RELATIVE_A,5,200,0.75,42,A4_SENSOR_DRIFT,mild,mean_temp_c_-1,97.5,0.621005000836105,0.5236414961185604,0.02074074074074074,0.0399010539901054,0.018867924528301886,0.4872100616770291,0.48595154903331,0.9032258064516129,0.04055032585083273,0.8891020000480001,159,1350
RELATIVE_A,5,200,0.75,42,A4_SENSOR_DRIFT,mild,mean_temp_c_-1,99.0,0.6374082198955582,0.5145631067961165,0.006666666666666667,0.013162796473363964,0.006289308176100629,0.4872100616770291,0.48595154903331,0.9,0.013235294117647059,0.8891020000480001,159,1350
RELATIVE_A,5,200,0.75,42,A4_SENSOR_DRIFT,mild,mean_temp_c_1,97.5,0.621005000836105,0.5408163265306123,0.022222222222222223,0.04269029399919452,0.018867924528301886,0.49619973289790464,0.501751688795714,0.9090909090909091,0.04338394793926248,0.8928398879447461,159,1350
RELATIVE_A,5,200,0.75,42,A4_SENSOR_DRIFT,mild,mean_temp_c_1,99.0,0.6374082198955582,0.5408163265306123,0.007407407407407408,0.01461464221701365,0.006289308176100629,0.49619973289790464,0.501751688795714,0.9090909090909091,0.014695077149155033,0.8928398879447461,159,1350
RELATIVE_A,5,200,0.75,42,A4_SENSOR_DRIFT,mild,mean_voltage_v_-1,97.5,0.621005000836105,0.32024169184290036,0.008888888888888889,0.017297650130548303,0.018867924528301886,0.5050592776725743,0.5112462147682273,0.8,0.017582417582417582,0.8956088118088046,159,1350
RELATIVE_A,5,200,0.75,42,A4_SENSOR_DRIFT,mild,mean_voltage_v_-1,99.0,0.6374082198955582,0.5145631067961165,0.006666666666666667,0.013162796473363964,0.006289308176100629,0.5050592776725743,0.5112462147682273,0.9,0.013235294117647059,0.8956088118088046,159,1350
RELATIVE_A,5,200,0.75,42,A4_SENSOR_DRIFT,mild,mean_voltage_v_1,97.5,0.621005000836105,0.4953271028037384,0.018518518518518517,0.0357022566520714,0.018867924528301886,0.5206475315076775,0.5476100628930817,0.8928571428571429,0.036284470246734396,0.9013915191182578,159,1350
RELATIVE_A,5,200,0.75,42,A4_SENSOR_DRIFT,mild,mean_voltage_v_1,99.0,0.6374082198955582,0.6385542168674698,0.011111111111111112,0.021842159488975894,0.006289308176100629,0.5206475315076775,0.5476100628930817,0.9375,0.02196193265007321,0.9013915191182578,159,1350
RELATIVE_A,5,200,0.75,42,A4_SENSOR_DRIFT,moderate,pooled,97.5,0.621005000836105,0.4877146380798786,0.017962962962962962,0.034649745063877246,0.018867924528301886,0.5071977800810995,0.5256656184486372,0.97,0.03527272727272727,0.9719785726964125,159,5400
RELATIVE_A,5,200,0.75,42,A4_SENSOR_DRIFT,moderate,pooled,99.0,0.6374082198955582,0.585635359116022,0.008888888888888889,0.017511977531802416,0.006289308176100629,0.5071977800810995,0.5256656184486372,0.9795918367346939,0.01761791154340246,0.9719785726964125,159,5400
RELATIVE_A,5,200,0.75,42,A4_SENSOR_DRIFT,moderate,mean_temp_c_-1,97.5,0.621005000836105,0.5145631067961165,0.02,0.03850345078096622,0.018867924528301886,0.48760694099325197,0.48844164919636623,0.9,0.0391304347826087,0.8891724126344297,159,1350
RELATIVE_A,5,200,0.75,42,A4_SENSOR_DRIFT,moderate,mean_temp_c_-1,99.0,0.6374082198955582,0.6224832214765101,0.01037037037037037,0.020400868824063126,0.006289308176100629,0.48760694099325197,0.48844164919636623,0.9333333333333333,0.020512820512820513,0.8891724126344297,159,1350
RELATIVE_A,5,200,0.75,42,A4_SENSOR_DRIFT,moderate,mean_temp_c_1,97.5,0.621005000836105,0.5489475442699633,0.022962962962962963,0.04408193928336665,0.018867924528301886,0.5060003137084333,0.5253272769624971,0.9117647058823529,0.044797687861271675,0.8964530177762238,159,1350
RELATIVE_A,5,200,0.75,42,A4_SENSOR_DRIFT,moderate,mean_temp_c_1,99.0,0.6374082198955582,0.5408163265306123,0.007407407407407408,0.01461464221701365,0.006289308176100629,0.5060003137084333,0.5253272769624971,0.9090909090909091,0.014695077149155033,0.8964530177762238,159,1350
RELATIVE_A,5,200,0.75,42,A4_SENSOR_DRIFT,moderate,mean_voltage_v_-1,97.5,0.621005000836105,0.3546845124282983,0.01037037037037037,0.020151543955894736,0.018867924528301886,0.5132158457886887,0.5273515024458421,0.8235294117647058,0.020482809070958303,0.8985461157845598,159,1350
RELATIVE_A,5,200,0.75,42,A4_SENSOR_DRIFT,moderate,mean_voltage_v_-1,99.0,0.6374082198955582,0.5145631067961165,0.006666666666666667,0.013162796473363964,0.006289308176100629,0.5132158457886887,0.5273515024458421,0.9,0.013235294117647059,0.8985461157845598,159,1350
RELATIVE_A,5,200,0.75,42,A4_SENSOR_DRIFT,moderate,mean_voltage_v_1,97.5,0.621005000836105,0.4953271028037384,0.018518518518518517,0.0357022566520714,0.018867924528301886,0.5269847055277468,0.5615420451898439,0.8928571428571429,0.036284470246734396,0.9035663696850139,159,1350
RELATIVE_A,5,200,0.75,42,A4_SENSOR_DRIFT,moderate,mean_voltage_v_1,99.0,0.6374082198955582,0.6385542168674698,0.011111111111111112,0.021842159488975894,0.006289308176100629,0.5269847055277468,0.5615420451898439,0.9375,0.02196193265007321,0.9035663696850139,159,1350
RELATIVE_A,5,200,0.75,42,A4_SENSOR_DRIFT,strong,pooled,97.5,0.621005000836105,0.4902775155748538,0.01814814814814815,0.03500070756147362,0.018867924528301886,0.5184049939419126,0.5454507337526205,0.9702970297029703,0.03562988547536812,0.9731882837274852,159,5400
RELATIVE_A,5,200,0.75,42,A4_SENSOR_DRIFT,strong,pooled,99.0,0.6374082198955582,0.6346661254312969,0.010925925925925926,0.02148203361419587,0.006289308176100629,0.5184049939419126,0.5454507337526205,0.9833333333333333,0.02161172161172161,0.9731882837274852,159,5400
RELATIVE_A,5,200,0.75,42,A4_SENSOR_DRIFT,strong,mean_temp_c_-1,97.5,0.621005000836105,0.5145631067961165,0.02,0.03850345078096622,0.018867924528301886,0.4954033894035492,0.5022478453296063,0.9,0.0391304347826087,0.8920692140700744,159,1350
RELATIVE_A,5,200,0.75,42,A4_SENSOR_DRIFT,strong,mean_temp_c_-1,99.0,0.6374082198955582,0.6669133974833458,0.012592592592592593,0.024718453793500773,0.006289308176100629,0.4954033894035492,0.5022478453296063,0.9444444444444444,0.024853801169590645,0.8920692140700744,159,1350
RELATIVE_A,5,200,0.75,42,A4_SENSOR_DRIFT,strong,mean_temp_c_1,97.5,0.621005000836105,0.5489475442699633,0.022962962962962963,0.04408193928336665,0.018867924528301886,0.5236571121670068,0.5593407873282087,0.9117647058823529,0.044797687861271675,0.9025815980523189,159,1350
RELATIVE_A,5,200,0.75,42,A4_SENSOR_DRIFT,strong,mean_temp_c_1,99.0,0.6374082198955582,0.585635359116022,0.008888888888888889,0.017511977531802416,0.006289308176100629,0.5236571121670068,0.5593407873282087,0.9230769230769231,0.01760821716801174,0.9025815980523189,159,1350
RELATIVE_A,5,200,0.75,42,A4_SENSOR_DRIFT,strong,mean_voltage_v_-1,97.5,0.621005000836105,0.42723801442511666,0.014074074074074074,0.02725046342024436,0.018867924528301886,0.5234726836866868,0.5413021197297927,0.8636363636363636,0.02769679300291545,0.9023724416965127,159,1350
RELATIVE_A,5,200,0.75,42,A4_SENSOR_DRIFT,strong,mean_voltage_v_-1,99.0,0.6374082198955582,0.5643756050338818,0.008148148148148147,0.016064367689403853,0.006289308176100629,0.5234726836866868,0.5413021197297927,0.9166666666666666,0.016152716593245225,0.9023724416965127,159,1350
RELATIVE_A,5,200,0.75,42,A4_SENSOR_DRIFT,strong,mean_voltage_v_1,97.5,0.621005000836105,0.4518879415347138,0.015555555555555555,0.030075797495034657,0.018867924528301886,0.5365259344786758,0.5789121826228745,0.875,0.03056768558951965,0.9071454761440058,159,1350
RELATIVE_A,5,200,0.75,42,A4_SENSOR_DRIFT,strong,mean_voltage_v_1,99.0,0.6374082198955582,0.6911461908030199,0.014074074074074074,0.02758639582505787,0.006289308176100629,0.5365259344786758,0.5789121826228745,0.95,0.02773722627737226,0.9071454761440058,159,1350
RELATIVE_A,5,200,0.75,123,A1_ACCELERATED_DEGRADATION,mild,pooled,97.5,0.5975738505161575,0.29699439633214464,0.010628019323671498,0.02052166566933014,0.025157232704402517,0.463119670537528,0.45593737023871006,0.9428571428571428,0.02101910828025478,0.9704263074845666,159,6210
RELATIVE_A,5,200,0.75,123,A1_ACCELERATED_DEGRADATION,mild,pooled,99.0,0.6344224212948706,0.27748691099476436,0.0024154589371980675,0.004789228753445081,0.006289308176100629,0.463119670537528,0.45593737023871006,0.9375,0.0048185030517186,0.9704263074845666,159,6210
RELATIVE_A,5,200,0.75,123,A1_ACCELERATED_DEGRADATION,moderate,pooled,97.5,0.5975738505161575,0.29381663113006395,0.010466988727858293,0.020213873934664298,0.025157232704402517,0.46202678678303244,0.45544313796979913,0.9420289855072463,0.020703933747412008,0.9701846014438873,159,6210
RELATIVE_A,5,200,0.75,123,A1_ACCELERATED_DEGRADATION,moderate,pooled,99.0,0.6344224212948706,0.27748691099476436,0.0024154589371980675,0.004789228753445081,0.006289308176100629,0.46202678678303244,0.45544313796979913,0.9375,0.0048185030517186,0.9701846014438873,159,6210
RELATIVE_A,5,200,0.75,123,A1_ACCELERATED_DEGRADATION,strong,pooled,97.5,0.5975738505161575,0.29381663113006395,0.010466988727858293,0.020213873934664298,0.025157232704402517,0.46292138330351595,0.4576013530621133,0.9420289855072463,0.020703933747412008,0.9703473648245892,159,6210
RELATIVE_A,5,200,0.75,123,A1_ACCELERATED_DEGRADATION,strong,pooled,99.0,0.6344224212948706,0.27748691099476436,0.0024154589371980675,0.004789228753445081,0.006289308176100629,0.46292138330351595,0.4576013530621133,0.9375,0.0048185030517186,0.9703473648245892,159,6210
RELATIVE_A,5,200,0.75,123,A2_EARLY_VOLTAGE_COLLAPSE,mild,pooled,97.5,0.5975738505161575,0.754746835443038,0.07741935483870968,0.14043351856622385,0.025157232704402517,0.6792884186925245,0.6952566443497666,0.9375,0.1430274135876043,0.9079812863420555,159,775
RELATIVE_A,5,200,0.75,123,A2_EARLY_VOLTAGE_COLLAPSE,mild,pooled,99.0,0.6344224212948706,0.7958377239199157,0.024516129032258065,0.04756693775045071,0.006289308176100629,0.6792884186925245,0.6952566443497666,0.95,0.04779874213836478,0.9079812863420555,159,775
RELATIVE_A,5,200,0.75,123,A2_EARLY_VOLTAGE_COLLAPSE,moderate,pooled,97.5,0.5975738505161575,0.8659980980375206,0.1625806451612903,0.2737651938042758,0.025157232704402517,0.7414860589145283,0.723789815378373,0.9692307692307692,0.27845303867403315,0.9267266094978175,159,775
RELATIVE_A,5,200,0.75,123,A2_EARLY_VOLTAGE_COLLAPSE,moderate,pooled,99.0,0.6344224212948706,0.8913805185704274,0.05161290322580645,0.09757594354096348,0.006289308176100629,0.7414860589145283,0.723789815378373,0.975609756097561,0.09803921568627452,0.9267266094978175,159,775
RELATIVE_A,5,200,0.75,123,A2_EARLY_VOLTAGE_COLLAPSE,strong,pooled,97.5,0.5975738505161575,0.9091042369154083,0.25161290322580643,0.3941397063497108,0.025157232704402517,0.772184937026207,0.7385027388922702,0.9798994974874372,0.40041067761806975,0.9348401489533864,159,775
RELATIVE_A,5,200,0.75,123,A2_EARLY_VOLTAGE_COLLAPSE,strong,pooled,99.0,0.6344224212948706,0.9127645204862674,0.06580645161290323,0.12276226449371354,0.006289308176100629,0.772184937026207,0.7385027388922702,0.9807692307692307,0.1233373639661427,0.9348401489533864,159,775
RELATIVE_A,5,200,0.75,123,A3_THERMAL_ABNORMALITY,mild,pooled,97.5,0.5975738505161575,0.5301606547438618,0.02838709677419355,0.05388875622963574,0.025157232704402517,0.5423554658600223,0.5793345506187868,0.8461538461538461,0.05493133583021224,0.851271492903724,159,775
RELATIVE_A,5,200,0.75,123,A3_THERMAL_ABNORMALITY,mild,pooled,99.0,0.6344224212948706,0.6723044397463002,0.012903225806451613,0.02532048729994426,0.006289308176100629,0.5423554658600223,0.5793345506187868,0.9090909090909091,0.02544529262086514,0.851271492903724,159,775
RELATIVE_A,5,200,0.75,123,A3_THERMAL_ABNORMALITY,moderate,pooled,97.5,0.5975738505161575,0.6138996138996139,0.04,0.07510628247520075,0.025157232704402517,0.5907876183543581,0.6272509636843173,0.8857142857142857,0.07654320987654321,0.873746053662677,159,775
RELATIVE_A,5,200,0.75,123,A3_THERMAL_ABNORMALITY,moderate,pooled,99.0,0.6344224212948706,0.7417527490836389,0.01806451612903226,0.035270071142236945,0.006289308176100629,0.5907876183543581,0.6272509636843173,0.9333333333333333,0.035443037974683546,0.873746053662677,159,775
RELATIVE_A,5,200,0.75,123,A3_THERMAL_ABNORMALITY,strong,pooled,97.5,0.5975738505161575,0.6667025051069778,0.05032258064516129,0.09358163681088995,0.025157232704402517,0.6277593844648758,0.6618583891255834,0.9069767441860465,0.09535452322738387,0.8892088901575884,159,775
RELATIVE_A,5,200,0.75,123,A3_THERMAL_ABNORMALITY,strong,pooled,99.0,0.6344224212948706,0.7869122903491889,0.023225806451612905,0.045119894058110385,0.006289308176100629,0.6277593844648758,0.6618583891255834,0.9473684210526315,0.04534005037783376,0.8892088901575884,159,775
RELATIVE_A,5,200,0.75,123,A4_SENSOR_DRIFT,mild,pooled,97.5,0.5975738505161575,0.46272666218938885,0.021666666666666667,0.04139505542371354,0.025157232704402517,0.5009696477267231,0.5120818774749593,0.9669421487603306,0.04238362615468213,0.9713339345785935,159,5400
RELATIVE_A,5,200,0.75,123,A4_SENSOR_DRIFT,mild,pooled,99.0,0.6344224212948706,0.4140625,0.0044444444444444444,0.008794490998091762,0.006289308176100629,0.5009696477267231,0.5120818774749593,0.96,0.008847926267281106,0.9713339345785935,159,5400
RELATIVE_A,5,200,0.75,123,A4_SENSOR_DRIFT,mild,mean_temp_c_-1,97.5,0.5975738505161575,0.3706293706293706,0.014814814814814815,0.028490794248084938,0.025157232704402517,0.48641119090070883,0.48403214535290007,0.8333333333333334,0.02911208151382824,0.8888524547873824,159,1350
RELATIVE_A,5,200,0.75,123,A4_SENSOR_DRIFT,mild,mean_temp_c_-1,99.0,0.6344224212948706,0.10536779324055665,0.0007407407407407407,0.0014711393002373252,0.006289308176100629,0.48641119090070883,0.48403214535290007,0.5,0.0014792899408284023,0.8888524547873824,159,1350
RELATIVE_A,5,200,0.75,123,A4_SENSOR_DRIFT,mild,mean_temp_c_1,97.5,0.5975738505161575,0.424,0.018518518518518517,0.03548711081352527,0.025157232704402517,0.49609546617674827,0.504074074074074,0.8620689655172413,0.03625815808556925,0.8927346866283599,159,1350
RELATIVE_A,5,200,0.75,123,A4_SENSOR_DRIFT,mild,mean_temp_c_1,99.0,0.6344224212948706,0.19064748201438847,0.0014814814814814814,0.0029401159404210467,0.006289308176100629,0.49609546617674827,0.504074074074074,0.6666666666666666,0.002956393200295639,0.8927346866283599,159,1350
RELATIVE_A,5,200,0.75,123,A4_SENSOR_DRIFT,mild,mean_voltage_v_-1,97.5,0.5975738505161575,0.5280545359202936,0.028148148148148148,0.05344726925322435,0.025157232704402517,0.5077463284509833,0.5167481947356161,0.9047619047619048,0.05459770114942528,0.8968167878081964,159,1350
RELATIVE_A,5,200,0.75,123,A4_SENSOR_DRIFT,mild,mean_voltage_v_-1,99.0,0.6344224212948706,0.5145631067961165,0.006666666666666667,0.013162796473363964,0.006289308176100629,0.5077463284509833,0.5167481947356161,0.9,0.013235294117647059,0.8968167878081964,159,1350
RELATIVE_A,5,200,0.75,123,A4_SENSOR_DRIFT,mild,mean_voltage_v_1,97.5,0.5975738505161575,0.5002776235424764,0.025185185185185185,0.047956142218437296,0.025157232704402517,0.5190984952944961,0.5434730957372467,0.8947368421052632,0.04899135446685879,0.9009089108638042,159,1350
RELATIVE_A,5,200,0.75,123,A4_SENSOR_DRIFT,mild,mean_voltage_v_1,99.0,0.6344224212948706,0.585635359116022,0.008888888888888889,0.017511977531802416,0.006289308176100629,0.5190984952944961,0.5434730957372467,0.9230769230769231,0.01760821716801174,0.9009089108638042,159,1350
RELATIVE_A,5,200,0.75,123,A4_SENSOR_DRIFT,moderate,pooled,97.5,0.5975738505161575,0.464843169317675,0.02185185185185185,0.04174147516802713,0.025157232704402517,0.5069874506006534,0.5251764500349406,0.9672131147540983,0.04273813835566823,0.9719723498853712,159,5400
RELATIVE_A,5,200,0.75,123,A4_SENSOR_DRIFT,moderate,pooled,99.0,0.6344224212948706,0.4928148774302621,0.006111111111111111,0.012072517937939389,0.006289308176100629,0.5069874506006534,0.5251764500349406,0.9705882352941176,0.012145748987854253,0.9719723498853712,159,5400
RELATIVE_A,5,200,0.75,123,A4_SENSOR_DRIFT,moderate,mean_temp_c_-1,97.5,0.5975738505161575,0.358745992162451,0.014074074074074074,0.027085546754172435,0.025157232704402517,0.48542695318435547,0.48383880736081997,0.8260869565217391,0.027676620538965767,0.8884134403937872,159,1350
RELATIVE_A,5,200,0.75,123,A4_SENSOR_DRIFT,moderate,mean_temp_c_-1,99.0,0.6344224212948706,0.4140625,0.0044444444444444444,0.008794490998091762,0.006289308176100629,0.48542695318435547,0.48383880736081997,0.8571428571428571,0.008843036109064112,0.8884134403937872,159,1350
RELATIVE_A,5,200,0.75,123,A4_SENSOR_DRIFT,moderate,mean_temp_c_1,97.5,0.5975738505161575,0.44289693593314766,0.02,0.038271753520279214,0.025157232704402517,0.5040564280903819,0.5252969951083158,0.8709677419354839,0.03910209992758871,0.8955044818998144,159,1350
RELATIVE_A,5,200,0.75,123,A4_SENSOR_DRIFT,moderate,mean_temp_c_1,99.0,0.6344224212948706,0.3706293706293706,0.003703703703703704,0.007334117484259324,0.006289308176100629,0.5040564280903819,0.5252969951083158,0.8333333333333334,0.007374631268436579,0.8955044818998144,159,1350
RELATIVE_A,5,200,0.75,123,A4_SENSOR_DRIFT,moderate,mean_voltage_v_-1,97.5,0.5975738505161575,0.5075239398084814,0.025925925925925925,0.04933182634133369,0.025157232704402517,0.5165014284255115,0.5338667598416026,0.8974358974358975,0.0503959683225342,0.9000266765045282,159,1350
RELATIVE_A,5,200,0.75,123,A4_SENSOR_DRIFT,moderate,mean_voltage_v_-1,99.0,0.6344224212948706,0.5408163265306123,0.007407407407407408,0.01461464221701365,0.006289308176100629,0.5165014284255115,0.5338667598416026,0.9090909090909091,0.014695077149155033,0.9000266765045282,159,1350
RELATIVE_A,5,200,0.75,123,A4_SENSOR_DRIFT,moderate,mean_voltage_v_1,97.5,0.5975738505161575,0.5214038819462908,0.027407407407407408,0.05207738577365856,0.025157232704402517,0.5265344711138813,0.557703237829024,0.9024390243902439,0.053199137311286844,0.9034062402065917,159,1350
RELATIVE_A,5,200,0.75,123,A4_SENSOR_DRIFT,moderate,mean_voltage_v_1,99.0,0.6344224212948706,0.585635359116022,0.008888888888888889,0.017511977531802416,0.006289308176100629,0.5265344711138813,0.557703237829024,0.9230769230769231,0.01760821716801174,0.9034062402065917,159,1350
RELATIVE_A,5,200,0.75,123,A4_SENSOR_DRIFT,strong,pooled,97.5,0.5975738505161575,0.4928148774302621,0.024444444444444446,0.0465785163584069,0.025157232704402517,0.5182087861308328,0.5436035406475658,0.9705882352941176,0.047687861271676305,0.9731782314771146,159,5400
RELATIVE_A,5,200,0.75,123,A4_SENSOR_DRIFT,strong,pooled,99.0,0.6344224212948706,0.5805173619202982,0.008703703703703703,0.017150273158204554,0.006289308176100629,0.5182087861308328,0.5436035406475658,0.9791666666666666,0.017254038179148314,0.9731782314771146,159,5400
RELATIVE_A,5,200,0.75,123,A4_SENSOR_DRIFT,strong,mean_temp_c_-1,97.5,0.5975738505161575,0.3706293706293706,0.014814814814814815,0.028490794248084938,0.025157232704402517,0.4896004010684548,0.49324947589098533,0.8333333333333334,0.02911208151382824,0.8899553387305179,159,1350
RELATIVE_A,5,200,0.75,123,A4_SENSOR_DRIFT,strong,mean_temp_c_-1,99.0,0.6344224212948706,0.45188794153471373,0.005185185185185185,0.010252725539235329,0.006289308176100629,0.4896004010684548,0.49324947589098533,0.875,0.010309278350515465,0.8899553387305179,159,1350
RELATIVE_A,5,200,0.75,123,A4_SENSOR_DRIFT,strong,mean_temp_c_1,97.5,0.5975738505161575,0.44289693593314766,0.02,0.038271753520279214,0.025157232704402517,0.5205865042946693,0.5578546470999302,0.8709677419354839,0.03910209992758871,0.9015176123603883,159,1350
RELATIVE_A,5,200,0.75,123,A4_SENSOR_DRIFT,strong,mean_temp_c_1,99.0,0.6344224212948706,0.6049165935030728,0.00962962962962963,0.018957476371940733,0.006289308176100629,0.5205865042946693,0.5578546470999302,0.9285714285714286,0.019061583577712614,0.9015176123603883,159,1350
RELATIVE_A,5,200,0.75,123,A4_SENSOR_DRIFT,strong,mean_voltage_v_-1,97.5,0.5975738505161575,0.5529061102831594,0.03111111111111111,0.058907589711019365,0.025157232704402517,0.5278129608957741,0.5488888888888889,0.9130434782608695,0.06017191977077364,0.9041018816139095,159,1350
RELATIVE_A,5,200,0.75,123,A4_SENSOR_DRIFT,strong,mean_voltage_v_-1,99.0,0.6344224212948706,0.585635359116022,0.008888888888888889,0.017511977531802416,0.006289308176100629,0.5278129608957741,0.5488888888888889,0.9230769230769231,0.01760821716801174,0.9041018816139095,159,1350
RELATIVE_A,5,200,0.75,123,A4_SENSOR_DRIFT,strong,mean_voltage_v_1,97.5,0.5975738505161575,0.5587153714145624,0.03185185185185185,0.060267886657234655,0.025157232704402517,0.53877354876696,0.5744211507104588,0.9148936170212766,0.06156048675733715,0.9076406957459655,159,1350
RELATIVE_A,5,200,0.75,123,A4_SENSOR_DRIFT,strong,mean_voltage_v_1,99.0,0.6344224212948706,0.6385542168674698,0.011111111111111112,0.021842159488975894,0.006289308176100629,0.53877354876696,0.5744211507104588,0.9375,0.02196193265007321,0.9076406957459655,159,1350
RELATIVE_A,5,200,0.75,2026,A1_ACCELERATED_DEGRADATION,mild,pooled,97.5,0.6336047463989735,0.11349036402569593,0.0024154589371980675,0.004730242313356241,0.018867924528301886,0.46051464315817486,0.4519495842574869,0.8333333333333334,0.004816955684007707,0.970105896211535,159,6210
RELATIVE_A,5,200,0.75,2026,A1_ACCELERATED_DEGRADATION,mild,pooled,99.0,0.6422574219849688,0.16109422492401215,0.0024154589371980675,0.00475955278164429,0.012578616352201259,0.46051464315817486,0.4519495842574869,0.8823529411764706,0.004817729243616508,0.970105896211535,159,6210
RELATIVE_A,5,200,0.75,2026,A1_ACCELERATED_DEGRADATION,moderate,pooled,97.5,0.6336047463989735,0.11349036402569593,0.0024154589371980675,0.004730242313356241,0.018867924528301886,0.4597698842305884,0.45095656224997216,0.8333333333333334,0.004816955684007707,0.9699240894159618,159,6210
RELATIVE_A,5,200,0.75,2026,A1_ACCELERATED_DEGRADATION,moderate,pooled,99.0,0.6422574219849688,0.16109422492401215,0.0024154589371980675,0.00475955278164429,0.012578616352201259,0.4597698842305884,0.45095656224997216,0.8823529411764706,0.004817729243616508,0.9699240894159618,159,6210
RELATIVE_A,5,200,0.75,2026,A1_ACCELERATED_DEGRADATION,strong,pooled,97.5,0.6336047463989735,0.11349036402569593,0.0024154589371980675,0.004730242313356241,0.018867924528301886,0.46037189822379965,0.45204529112103625,0.8333333333333334,0.004816955684007707,0.9700501907411332,159,6210
RELATIVE_A,5,200,0.75,2026,A1_ACCELERATED_DEGRADATION,strong,pooled,99.0,0.6422574219849688,0.16109422492401215,0.0024154589371980675,0.00475955278164429,0.012578616352201259,0.46037189822379965,0.45204529112103625,0.8823529411764706,0.004817729243616508,0.9700501907411332,159,6210
RELATIVE_A,5,200,0.75,2026,A2_EARLY_VOLTAGE_COLLAPSE,mild,pooled,97.5,0.6336047463989735,0.35362802335279403,0.01032258064516129,0.020059611108482756,0.018867924528301886,0.641065568321199,0.6840860215053765,0.7272727272727273,0.02035623409669211,0.8927284907086156,159,775
RELATIVE_A,5,200,0.75,2026,A2_EARLY_VOLTAGE_COLLAPSE,mild,pooled,99.0,0.6422574219849688,0.4179496808111153,0.00903225806451613,0.017682384341637013,0.012578616352201259,0.641065568321199,0.6840860215053765,0.7777777777777778,0.01785714285714286,0.8927284907086156,159,775
RELATIVE_A,5,200,0.75,2026,A2_EARLY_VOLTAGE_COLLAPSE,moderate,pooled,97.5,0.6336047463989735,0.551764025448236,0.023225806451612905,0.04457527333894029,0.018867924528301886,0.6893462119842515,0.7113532156624062,0.8571428571428571,0.04522613065326633,0.9105726908848343,159,775
RELATIVE_A,5,200,0.75,2026,A2_EARLY_VOLTAGE_COLLAPSE,moderate,pooled,99.0,0.6422574219849688,0.5895127118644068,0.01806451612903226,0.03505484208785758,0.012578616352201259,0.6893462119842515,0.7113532156624062,0.875,0.03539823008849558,0.9105726908848343,159,775
RELATIVE_A,5,200,0.75,2026,A2_EARLY_VOLTAGE_COLLAPSE,strong,pooled,97.5,0.6336047463989735,0.6647923875432525,0.03741935483870968,0.07085071565215388,0.018867924528301886,0.7136166999203761,0.7244106309596268,0.90625,0.07187112763320942,0.9183531620936263,159,775
RELATIVE_A,5,200,0.75,2026,A2_EARLY_VOLTAGE_COLLAPSE,strong,pooled,99.0,0.6422574219849688,0.6486854034451496,0.023225806451612905,0.04484593025533349,0.012578616352201259,0.7136166999203761,0.7244106309596268,0.9,0.04528301886792453,0.9183531620936263,159,775
RELATIVE_A,5,200,0.75,2026,A3_THERMAL_ABNORMALITY,mild,pooled,97.5,0.6336047463989735,0.5375894988066825,0.02193548387096774,0.042151060793899554,0.018867924528301886,0.5485571691637292,0.5886914181375532,0.85,0.042767295597484274,0.8544510026143951,159,775
RELATIVE_A,5,200,0.75,2026,A3_THERMAL_ABNORMALITY,mild,pooled,99.0,0.6422574219849688,0.6060991105463785,0.01935483870967742,0.03751179616231519,0.012578616352201259,0.5485571691637292,0.5886914181375532,0.8823529411764706,0.03787878787878788,0.8544510026143951,159,775
RELATIVE_A,5,200,0.75,2026,A3_THERMAL_ABNORMALITY,moderate,pooled,97.5,0.6336047463989735,0.6007212776919114,0.02838709677419355,0.054212386088897155,0.018867924528301886,0.5979126152065988,0.6377520795293162,0.88,0.055,0.8768938066057943,159,775
RELATIVE_A,5,200,0.75,2026,A3_THERMAL_ABNORMALITY,moderate,pooled,99.0,0.6422574219849688,0.6829617508692984,0.027096774193548386,0.05212545077040761,0.012578616352201259,0.5979126152065988,0.6377520795293162,0.9130434782608695,0.052631578947368425,0.8768938066057943,159,775
RELATIVE_A,5,200,0.75,2026,A3_THERMAL_ABNORMALITY,strong,pooled,97.5,0.6336047463989735,0.6400371574547143,0.03354838709677419,0.06375497362820394,0.018867924528301886,0.6341771210199683,0.6717589774802192,0.896551724137931,0.06467661691542288,0.8915531504263214,159,775
RELATIVE_A,5,200,0.75,2026,A3_THERMAL_ABNORMALITY,strong,pooled,99.0,0.6422574219849688,0.7023237948914923,0.02967741935483871,0.05694842406876791,0.012578616352201259,0.6341771210199683,0.6717589774802192,0.92,0.0575,0.8915531504263214,159,775
RELATIVE_A,5,200,0.75,2026,A4_SENSOR_DRIFT,mild,pooled,97.5,0.6336047463989735,0.471779321138609,0.01685185185185185,0.032541334511829376,0.018867924528301886,0.49948541440461375,0.5071901933379921,0.9680851063829787,0.033127047688387326,0.971161995097023,159,5400
RELATIVE_A,5,200,0.75,2026,A4_SENSOR_DRIFT,mild,pooled,99.0,0.6422574219849688,0.4928148774302621,0.012222222222222223,0.023852873186997525,0.012578616352201259,0.49948541440461375,0.5071901933379921,0.9705882352941176,0.024140453547915143,0.971161995097023,159,5400
RELATIVE_A,5,200,0.75,2026,A4_SENSOR_DRIFT,mild,mean_temp_c_-1,97.5,0.6336047463989735,0.43983402489626555,0.014814814814814815,0.028664142779881017,0.018867924528301886,0.48228404044508477,0.4743186582809224,0.8695652173913043,0.029133284777858703,0.8869389147698551,159,1350
RELATIVE_A,5,200,0.75,2026,A4_SENSOR_DRIFT,mild,mean_temp_c_-1,99.0,0.6422574219849688,0.5145631067961165,0.013333333333333334,0.025993133889161357,0.012578616352201259,0.48228404044508477,0.4743186582809224,0.9,0.026277372262773723,0.8869389147698551,159,1350
RELATIVE_A,5,200,0.75,2026,A4_SENSOR_DRIFT,mild,mean_temp_c_1,97.5,0.6336047463989735,0.5408163265306123,0.022222222222222223,0.04269029399919452,0.018867924528301886,0.4992662678652716,0.5105497321220591,0.9090909090909091,0.04338394793926248,0.8939165663955594,159,1350
RELATIVE_A,5,200,0.75,2026,A4_SENSOR_DRIFT,mild,mean_temp_c_1,99.0,0.6422574219849688,0.5643756050338818,0.016296296296296295,0.03167789610954141,0.012578616352201259,0.4992662678652716,0.5105497321220591,0.9166666666666666,0.03202328966521106,0.8939165663955594,159,1350
RELATIVE_A,5,200,0.75,2026,A4_SENSOR_DRIFT,mild,mean_voltage_v_-1,97.5,0.6336047463989735,0.41406250000000006,0.013333333333333334,0.025834755057275168,0.018867924528301886,0.5056287580389525,0.511085488003727,0.8571428571428571,0.026258205689277902,0.8959557827080653,159,1350
RELATIVE_A,5,200,0.75,2026,A4_SENSOR_DRIFT,mild,mean_voltage_v_-1,99.0,0.6422574219849688,0.3706293706293706,0.007407407407407408,0.01452452726774459,0.012578616352201259,0.5056287580389525,0.511085488003727,0.8333333333333334,0.014684287812041116,0.8959557827080653,159,1350
RELATIVE_A,5,200,0.75,2026,A4_SENSOR_DRIFT,mild,mean_voltage_v_1,97.5,0.6336047463989735,0.4745036979369404,0.017037037037037038,0.03289305036495366,0.018867924528301886,0.5158133191578765,0.5328068949452598,0.8846153846153846,0.03343023255813954,0.8997122609425141,159,1350
RELATIVE_A,5,200,0.75,2026,A4_SENSOR_DRIFT,mild,mean_voltage_v_1,99.0,0.6422574219849688,0.48512585812356973,0.011851851851851851,0.023138421239324403,0.012578616352201259,0.5158133191578765,0.5328068949452598,0.8888888888888888,0.023391812865497075,0.8997122609425141,159,1350
RELATIVE_A,5,200,0.75,2026,A4_SENSOR_DRIFT,moderate,pooled,97.5,0.6336047463989735,0.49781456337766206,0.018703703703703705,0.03605284337925531,0.018867924528301886,0.5050432365155393,0.5196913580246914,0.9711538461538461,0.03670058139534884,0.9717655854942551,159,5400
RELATIVE_A,5,200,0.75,2026,A4_SENSOR_DRIFT,moderate,pooled,99.0,0.6422574219849688,0.5039272426622571,0.012777777777777779,0.024923583352927346,0.012578616352201259,0.5050432365155393,0.5196913580246914,0.971830985915493,0.025223907877901665,0.9717655854942551,159,5400
RELATIVE_A,5,200,0.75,2026,A4_SENSOR_DRIFT,moderate,mean_temp_c_-1,97.5,0.6336047463989735,0.4953271028037384,0.018518518518518517,0.0357022566520714,0.018867924528301886,0.47992866999476574,0.4702375960866527,0.8928571428571429,0.036284470246734396,0.885978614924934,159,1350
RELATIVE_A,5,200,0.75,2026,A4_SENSOR_DRIFT,moderate,mean_temp_c_-1,99.0,0.6422574219849688,0.5145631067961165,0.013333333333333334,0.025993133889161357,0.012578616352201259,0.47992866999476574,0.4702375960866527,0.9,0.026277372262773723,0.885978614924934,159,1350
RELATIVE_A,5,200,0.75,2026,A4_SENSOR_DRIFT,moderate,mean_temp_c_1,97.5,0.6336047463989735,0.5489475442699633,0.022962962962962963,0.04408193928336665,0.018867924528301886,0.5100262976213203,0.5371884463079432,0.9117647058823529,0.044797687861271675,0.8977761473287311,159,1350
RELATIVE_A,5,200,0.75,2026,A4_SENSOR_DRIFT,moderate,mean_temp_c_1,99.0,0.6422574219849688,0.585635359116022,0.017777777777777778,0.03450801660291365,0.012578616352201259,0.5100262976213203,0.5371884463079432,0.9230769230769231,0.03488372093023256,0.8977761473287311,159,1350
RELATIVE_A,5,200,0.75,2026,A4_SENSOR_DRIFT,moderate,mean_voltage_v_-1,97.5,0.6336047463989735,0.4518879415347138,0.015555555555555555,0.030075797495034657,0.018867924528301886,0.5136644776327102,0.526319590030282,0.875,0.03056768558951965,0.8989053913419096,159,1350
RELATIVE_A,5,200,0.75,2026,A4_SENSOR_DRIFT,moderate,mean_voltage_v_-1,99.0,0.6422574219849688,0.3706293706293706,0.007407407407407408,0.01452452726774459,0.012578616352201259,0.5136644776327102,0.526319590030282,0.8333333333333334,0.014684287812041116,0.8989053913419096,159,1350
RELATIVE_A,5,200,0.75,2026,A4_SENSOR_DRIFT,moderate,mean_voltage_v_1,97.5,0.6336047463989735,0.4851258581235698,0.017777777777777778,0.03429865717521437,0.018867924528301886,0.5213081377712308,0.5450197996738877,0.8888888888888888,0.034858387799564274,0.9016736825633713,159,1350
RELATIVE_A,5,200,0.75,2026,A4_SENSOR_DRIFT,moderate,mean_voltage_v_1,99.0,0.6422574219849688,0.5002776235424764,0.012592592592592593,0.0245668089051274,0.012578616352201259,0.5213081377712308,0.5450197996738877,0.8947368421052632,0.02483564645726808,0.9016736825633713,159,1350
RELATIVE_A,5,200,0.75,2026,A4_SENSOR_DRIFT,strong,pooled,97.5,0.6336047463989735,0.5122391834522627,0.019814814814814816,0.038153738507960756,0.018867924528301886,0.5173054021963794,0.5406522245515957,0.9727272727272728,0.03883847549909256,0.973074762406522,159,5400
RELATIVE_A,5,200,0.75,2026,A4_SENSOR_DRIFT,strong,pooled,99.0,0.6422574219849688,0.5110688578025261,0.013148148148148148,0.02563674577518284,0.012578616352201259,0.5173054021963794,0.5406522245515957,0.9726027397260274,0.025945550886168463,0.973074762406522,159,5400
RELATIVE_A,5,200,0.75,2026,A4_SENSOR_DRIFT,strong,mean_temp_c_-1,97.5,0.6336047463989735,0.5145631067961165,0.02,0.03850345078096622,0.018867924528301886,0.48630112492251965,0.4845609131143722,0.9,0.0391304347826087,0.888535828442945,159,1350
RELATIVE_A,5,200,0.75,2026,A4_SENSOR_DRIFT,strong,mean_temp_c_-1,99.0,0.6422574219849688,0.5145631067961165,0.013333333333333334,0.025993133889161357,0.012578616352201259,0.48630112492251965,0.4845609131143722,0.9,0.026277372262773723,0.888535828442945,159,1350
RELATIVE_A,5,200,0.75,2026,A4_SENSOR_DRIFT,strong,mean_temp_c_1,97.5,0.6336047463989735,0.556795797767564,0.023703703703703703,0.04547160705667864,0.018867924528301886,0.5309393869674734,0.5758420684835779,0.9142857142857143,0.046209386281588445,0.9050439388680511,159,1350
RELATIVE_A,5,200,0.75,2026,A4_SENSOR_DRIFT,strong,mean_temp_c_1,99.0,0.6422574219849688,0.5752713544124587,0.017037037037037038,0.033093974399000935,0.012578616352201259,0.5309393869674734,0.5758420684835779,0.92,0.03345454545454546,0.9050439388680511,159,1350
RELATIVE_A,5,200,0.75,2026,A4_SENSOR_DRIFT,strong,mean_voltage_v_-1,97.5,0.6336047463989735,0.4745036979369404,0.017037037037037038,0.03289305036495366,0.018867924528301886,0.5230170146708397,0.5401444211507104,0.8846153846153846,0.03343023255813954,0.9023460313046268,159,1350
RELATIVE_A,5,200,0.75,2026,A4_SENSOR_DRIFT,strong,mean_voltage_v_-1,99.0,0.6422574219849688,0.4140625,0.008888888888888889,0.017404154010343977,0.012578616352201259,0.5230170146708397,0.5401444211507104,0.8571428571428571,0.017595307917888565,0.9023460313046268,159,1350
RELATIVE_A,5,200,0.75,2026,A4_SENSOR_DRIFT,strong,mean_voltage_v_1,97.5,0.6336047463989735,0.4953271028037384,0.018518518518518517,0.0357022566520714,0.018867924528301886,0.5331174668357388,0.5620614954577219,0.8928571428571429,0.036284470246734396,0.9057868679799528,159,1350
RELATIVE_A,5,200,0.75,2026,A4_SENSOR_DRIFT,strong,mean_voltage_v_1,99.0,0.6422574219849688,0.5145631067961165,0.013333333333333334,0.025993133889161357,0.012578616352201259,0.5331174668357388,0.5620614954577219,0.9,0.026277372262773723,0.9057868679799528,159,1350
RELATIVE_A,5,200,1.0,42,A1_ACCELERATED_DEGRADATION,mild,pooled,97.5,0.6124851020758967,0.1655749269374181,0.00499194847020934,0.009691700117680715,0.025157232704402517,0.4622505209034908,0.4533239145626348,0.8857142857142857,0.009927942353883105,0.9702495776261927,159,6210
RELATIVE_A,5,200,1.0,42,A1_ACCELERATED_DEGRADATION,mild,pooled,99.0,0.6395970229683864,0.16109422492401215,0.0024154589371980675,0.00475955278164429,0.012578616352201259,0.4622505209034908,0.4533239145626348,0.8823529411764706,0.004817729243616508,0.9702495776261927,159,6210
RELATIVE_A,5,200,1.0,42,A1_ACCELERATED_DEGRADATION,moderate,pooled,97.5,0.6124851020758967,0.16109422492401215,0.004830917874396135,0.009380530973451328,0.025157232704402517,0.4615776953151135,0.45237140339683407,0.8823529411764706,0.009609224855861626,0.9701191655813788,159,6210
RELATIVE_A,5,200,1.0,42,A1_ACCELERATED_DEGRADATION,moderate,pooled,99.0,0.6395970229683864,0.16109422492401215,0.0024154589371980675,0.00475955278164429,0.012578616352201259,0.4615776953151135,0.45237140339683407,0.8823529411764706,0.004817729243616508,0.9701191655813788,159,6210
RELATIVE_A,5,200,1.0,42,A1_ACCELERATED_DEGRADATION,strong,pooled,97.5,0.6124851020758967,0.16109422492401215,0.004830917874396135,0.009380530973451328,0.025157232704402517,0.4625057595963952,0.45494384184567394,0.8823529411764706,0.009609224855861626,0.9703127810308321,159,6210
RELATIVE_A,5,200,1.0,42,A1_ACCELERATED_DEGRADATION,strong,pooled,99.0,0.6395970229683864,0.16109422492401215,0.0024154589371980675,0.00475955278164429,0.012578616352201259,0.4625057595963952,0.45494384184567394,0.8823529411764706,0.004817729243616508,0.9703127810308321,159,6210
RELATIVE_A,5,200,1.0,42,A2_EARLY_VOLTAGE_COLLAPSE,mild,pooled,97.5,0.6124851020758967,0.5301606547438618,0.02838709677419355,0.05388875622963574,0.025157232704402517,0.6594105175765522,0.6925461554067763,0.8461538461538461,0.05493133583021224,0.9003388291817666,159,775
RELATIVE_A,5,200,1.0,42,A2_EARLY_VOLTAGE_COLLAPSE,mild,pooled,99.0,0.6395970229683864,0.4507441530829199,0.01032258064516129,0.020182947630645712,0.012578616352201259,0.6594105175765522,0.6925461554067763,0.8,0.02038216560509554,0.9003388291817666,159,775
RELATIVE_A,5,200,1.0,42,A2_EARLY_VOLTAGE_COLLAPSE,moderate,pooled,97.5,0.6124851020758967,0.6880346180939921,0.05548387096774193,0.10268695273426352,0.025157232704402517,0.7083038045936473,0.7190505173463176,0.9148936170212766,0.1046228710462287,0.9167262701535484,159,775
RELATIVE_A,5,200,1.0,42,A2_EARLY_VOLTAGE_COLLAPSE,moderate,pooled,99.0,0.6395970229683864,0.6723044397463002,0.025806451612903226,0.04970497440506428,0.012578616352201259,0.7083038045936473,0.7190505173463176,0.9090909090909091,0.050188205771643665,0.9167262701535484,159,775
RELATIVE_A,5,200,1.0,42,A2_EARLY_VOLTAGE_COLLAPSE,strong,pooled,97.5,0.6124851020758967,0.7382861967074714,0.07096774193548387,0.12948841341526615,0.025157232704402517,0.7322140801703504,0.7316129032258065,0.9322033898305084,0.13189448441247,0.9237851023057027,159,775
RELATIVE_A,5,200,1.0,42,A2_EARLY_VOLTAGE_COLLAPSE,strong,pooled,99.0,0.6395970229683864,0.7417527490836389,0.03612903225806452,0.0689020096419479,0.012578616352201259,0.7322140801703504,0.7316129032258065,0.9333333333333333,0.06956521739130435,0.9237851023057027,159,775
RELATIVE_A,5,200,1.0,42,A3_THERMAL_ABNORMALITY,mild,pooled,97.5,0.6124851020758967,0.4507441530829199,0.02064516129032258,0.03948195454298552,0.025157232704402517,0.5440487101449076,0.5834489754514101,0.8,0.04025157232704402,0.8519120033144414,159,775
RELATIVE_A,5,200,1.0,42,A3_THERMAL_ABNORMALITY,mild,pooled,99.0,0.6395970229683864,0.551764025448236,0.015483870967741935,0.030122431581190847,0.012578616352201259,0.5440487101449076,0.5834489754514101,0.8571428571428571,0.030418250950570342,0.8519120033144414,159,775
RELATIVE_A,5,200,1.0,42,A3_THERMAL_ABNORMALITY,moderate,pooled,97.5,0.6124851020758967,0.5301606547438618,0.02838709677419355,0.05388875622963574,0.025157232704402517,0.5846329377413931,0.6277662811929398,0.8461538461538461,0.05493133583021224,0.8711865081353959,159,775
RELATIVE_A,5,200,1.0,42,A3_THERMAL_ABNORMALITY,moderate,pooled,99.0,0.6395970229683864,0.6486854034451496,0.023225806451612905,0.04484593025533349,0.012578616352201259,0.5846329377413931,0.6277662811929398,0.9,0.04528301886792453,0.8711865081353959,159,775
RELATIVE_A,5,200,1.0,42,A3_THERMAL_ABNORMALITY,strong,pooled,97.5,0.6124851020758967,0.5412165162054166,0.02967741935483871,0.05626932959948301,0.025157232704402517,0.6175404913776992,0.6604341651450599,0.8518518518518519,0.057356608478802994,0.8853137449931852,159,775
RELATIVE_A,5,200,1.0,42,A3_THERMAL_ABNORMALITY,strong,pooled,99.0,0.6395970229683864,0.6829617508692984,0.027096774193548386,0.05212545077040761,0.012578616352201259,0.6175404913776992,0.6604341651450599,0.9130434782608695,0.052631578947368425,0.8853137449931852,159,775
RELATIVE_A,5,200,1.0,42,A4_SENSOR_DRIFT,mild,pooled,97.5,0.6124851020758967,0.43595769682726204,0.019444444444444445,0.03722843811148462,0.025157232704402517,0.4995801817339754,0.5095073375262055,0.963302752293578,0.03811944091486658,0.9712463638280954,159,5400
RELATIVE_A,5,200,1.0,42,A4_SENSOR_DRIFT,mild,pooled,99.0,0.6395970229683864,0.4731450314649495,0.011296296296296296,0.022065774161954453,0.012578616352201259,0.4995801817339754,0.5095073375262055,0.9682539682539683,0.02233205198608823,0.9712463638280954,159,5400
RELATIVE_A,5,200,1.0,42,A4_SENSOR_DRIFT,mild,mean_temp_c_-1,97.5,0.6124851020758967,0.3464052287581699,0.013333333333333334,0.025678294573643415,0.025157232704402517,0.48818283964427966,0.4843046820405311,0.8181818181818182,0.026239067055393587,0.8897904309764187,159,1350
RELATIVE_A,5,200,1.0,42,A4_SENSOR_DRIFT,mild,mean_temp_c_-1,99.0,0.6395970229683864,0.5145631067961165,0.013333333333333334,0.025993133889161357,0.012578616352201259,0.48818283964427966,0.4843046820405311,0.9,0.026277372262773723,0.8897904309764187,159,1350
RELATIVE_A,5,200,1.0,42,A4_SENSOR_DRIFT,mild,mean_temp_c_1,97.5,0.6124851020758967,0.4140625,0.017777777777777778,0.0340918227868457,0.025157232704402517,0.49749389021742585,0.5029955741905427,0.8571428571428571,0.03483309143686503,0.8934471454627259,159,1350
RELATIVE_A,5,200,1.0,42,A4_SENSOR_DRIFT,mild,mean_temp_c_1,99.0,0.6395970229683864,0.5280545359202936,0.014074074074074074,0.02741740065616619,0.012578616352201259,0.49749389021742585,0.5029955741905427,0.9047619047619048,0.02771699489423778,0.8934471454627259,159,1350
RELATIVE_A,5,200,1.0,42,A4_SENSOR_DRIFT,mild,mean_voltage_v_-1,97.5,0.6124851020758967,0.47720011617775193,0.022962962962962963,0.043817422959476215,0.025157232704402517,0.5076270697630878,0.5229722804565572,0.8857142857142857,0.044765342960288806,0.8969269527877997,159,1350
RELATIVE_A,5,200,1.0,42,A4_SENSOR_DRIFT,mild,mean_voltage_v_-1,99.0,0.6395970229683864,0.39312204989885363,0.008148148148148147,0.015965385510659565,0.012578616352201259,0.5076270697630878,0.5229722804565572,0.8461538461538461,0.016140865737344093,0.8969269527877997,159,1350
RELATIVE_A,5,200,1.0,42,A4_SENSOR_DRIFT,mild,mean_voltage_v_1,97.5,0.6124851020758967,0.48512585812356973,0.023703703703703703,0.045198944647282996,0.025157232704402517,0.5122136185766502,0.5277568134171907,0.8888888888888888,0.046176046176046176,0.8987781344770989,159,1350
RELATIVE_A,5,200,1.0,42,A4_SENSOR_DRIFT,mild,mean_voltage_v_1,99.0,0.6395970229683864,0.433606041535557,0.00962962962962963,0.01884083730978001,0.012578616352201259,0.5122136185766502,0.5277568134171907,0.8666666666666667,0.01904761904761905,0.8987781344770989,159,1350
RELATIVE_A,5,200,1.0,42,A4_SENSOR_DRIFT,moderate,pooled,97.5,0.6124851020758967,0.4451722277876242,0.020185185185185184,0.03861927888841722,0.025157232704402517,0.5066043844271797,0.5227766130910785,0.9646017699115044,0.03954289860330129,0.9719664743416181,159,5400
RELATIVE_A,5,200,1.0,42,A4_SENSOR_DRIFT,moderate,pooled,99.0,0.6395970229683864,0.47720011617775193,0.011481481481481481,0.022423452501996,0.012578616352201259,0.5066043844271797,0.5227766130910785,0.96875,0.022693997071742314,0.9719664743416181,159,5400
RELATIVE_A,5,200,1.0,42,A4_SENSOR_DRIFT,moderate,mean_temp_c_-1,97.5,0.6124851020758967,0.3464052287581699,0.013333333333333334,0.025678294573643415,0.025157232704402517,0.48878838945851144,0.48143489401351036,0.8181818181818182,0.026239067055393587,0.8894812653317409,159,1350
RELATIVE_A,5,200,1.0,42,A4_SENSOR_DRIFT,moderate,mean_temp_c_-1,99.0,0.6395970229683864,0.5145631067961165,0.013333333333333334,0.025993133889161357,0.012578616352201259,0.48878838945851144,0.48143489401351036,0.9,0.026277372262773723,0.8894812653317409,159,1350
RELATIVE_A,5,200,1.0,42,A4_SENSOR_DRIFT,moderate,mean_temp_c_1,97.5,0.6124851020758967,0.424,0.018518518518518517,0.03548711081352527,0.025157232704402517,0.5077505303144904,0.5293920335429769,0.8620689655172413,0.03625815808556925,0.8970747649746593,159,1350
RELATIVE_A,5,200,1.0,42,A4_SENSOR_DRIFT,moderate,mean_temp_c_1,99.0,0.6395970229683864,0.5529061102831594,0.015555555555555555,0.030259777333713957,0.012578616352201259,0.5077505303144904,0.5293920335429769,0.9130434782608695,0.030589949016751636,0.8970747649746593,159,1350
RELATIVE_A,5,200,1.0,42,A4_SENSOR_DRIFT,moderate,mean_voltage_v_-1,97.5,0.6124851020758967,0.48512585812356973,0.023703703703703703,0.045198944647282996,0.025157232704402517,0.5193781446200545,0.5418961099464245,0.8888888888888888,0.046176046176046176,0.9012867937370157,159,1350
RELATIVE_A,5,200,1.0,42,A4_SENSOR_DRIFT,moderate,mean_voltage_v_-1,99.0,0.6395970229683864,0.3706293706293706,0.007407407407407408,0.01452452726774459,0.012578616352201259,0.5193781446200545,0.5418961099464245,0.8333333333333334,0.014684287812041116,0.9012867937370157,159,1350
RELATIVE_A,5,200,1.0,42,A4_SENSOR_DRIFT,moderate,mean_voltage_v_1,97.5,0.6124851020758967,0.5002776235424764,0.025185185185185185,0.047956142218437296,0.025157232704402517,0.5164006067600024,0.5383834148614023,0.8947368421052632,0.04899135446685879,0.9002573749481362,159,1350
RELATIVE_A,5,200,1.0,42,A4_SENSOR_DRIFT,moderate,mean_voltage_v_1,99.0,0.6395970229683864,0.433606041535557,0.00962962962962963,0.01884083730978001,0.012578616352201259,0.5164006067600024,0.5383834148614023,0.8666666666666667,0.01904761904761905,0.9002573749481362,159,1350
RELATIVE_A,5,200,1.0,42,A4_SENSOR_DRIFT,strong,pooled,97.5,0.6124851020758967,0.45627548708654275,0.021111111111111112,0.040355060412367,0.025157232704402517,0.5203848899780417,0.5438306545539249,0.9661016949152542,0.041319318593693366,0.9733943836858189,159,5400
RELATIVE_A,5,200,1.0,42,A4_SENSOR_DRIFT,strong,pooled,99.0,0.6395970229683864,0.5002776235424764,0.012592592592592593,0.0245668089051274,0.012578616352201259,0.5203848899780417,0.5438306545539249,0.9714285714285714,0.02486288848263254,0.9733943836858189,159,5400
RELATIVE_A,5,200,1.0,42,A4_SENSOR_DRIFT,strong,mean_temp_c_-1,97.5,0.6124851020758967,0.358745992162451,0.014074074074074074,0.027085546754172435,0.025157232704402517,0.4953669452282596,0.4961751688795714,0.8260869565217391,0.027676620538965767,0.8920406634210832,159,1350
RELATIVE_A,5,200,1.0,42,A4_SENSOR_DRIFT,strong,mean_temp_c_-1,99.0,0.6395970229683864,0.5145631067961165,0.013333333333333334,0.025993133889161357,0.012578616352201259,0.4953669452282596,0.4961751688795714,0.9,0.026277372262773723,0.8920406634210832,159,1350
RELATIVE_A,5,200,1.0,42,A4_SENSOR_DRIFT,strong,mean_temp_c_1,97.5,0.6124851020758967,0.4140625,0.017777777777777778,0.0340918227868457,0.025157232704402517,0.5292961914545502,0.5651991614255765,0.8571428571428571,0.03483309143686503,0.9043767320423102,159,1350
RELATIVE_A,5,200,1.0,42,A4_SENSOR_DRIFT,strong,mean_temp_c_1,99.0,0.6395970229683864,0.5529061102831594,0.015555555555555555,0.030259777333713957,0.012578616352201259,0.5292961914545502,0.5651991614255765,0.9130434782608695,0.030589949016751636,0.9043767320423102,159,1350
RELATIVE_A,5,200,1.0,42,A4_SENSOR_DRIFT,strong,mean_voltage_v_-1,97.5,0.6124851020758967,0.5075239398084814,0.025925925925925925,0.04933182634133369,0.025157232704402517,0.5320776661879143,0.556571162357326,0.8974358974358975,0.0503959683225342,0.9056533443290163,159,1350
RELATIVE_A,5,200,1.0,42,A4_SENSOR_DRIFT,strong,mean_voltage_v_-1,99.0,0.6395970229683864,0.4140625,0.008888888888888889,0.017404154010343977,0.012578616352201259,0.5320776661879143,0.556571162357326,0.8571428571428571,0.017595307917888565,0.9056533443290163,159,1350
RELATIVE_A,5,200,1.0,42,A4_SENSOR_DRIFT,strong,mean_voltage_v_1,97.5,0.6124851020758967,0.5145631067961165,0.02666666666666667,0.050705572829466646,0.025157232704402517,0.5300330820798621,0.5573771255532262,0.9,0.05179856115107914,0.9050402809735355,159,1350
RELATIVE_A,5,200,1.0,42,A4_SENSOR_DRIFT,strong,mean_voltage_v_1,99.0,0.6395970229683864,0.5002776235424764,0.012592592592592593,0.0245668089051274,0.012578616352201259,0.5300330820798621,0.5573771255532262,0.8947368421052632,0.02483564645726808,0.9050402809735355,159,1350
RELATIVE_A,5,200,1.0,123,A1_ACCELERATED_DEGRADATION,mild,pooled,97.5,0.6273541098106875,0.16109422492401215,0.0024154589371980675,0.00475955278164429,0.012578616352201259,0.46175848140577364,0.4524721741155977,0.8823529411764706,0.004817729243616508,0.9702520246507115,159,6210
RELATIVE_A,5,200,1.0,123,A1_ACCELERATED_DEGRADATION,mild,pooled,99.0,0.6370749789639577,0.16109422492401215,0.0024154589371980675,0.00475955278164429,0.012578616352201259,0.46175848140577364,0.4524721741155977,0.8823529411764706,0.004817729243616508,0.9702520246507115,159,6210
RELATIVE_A,5,200,1.0,123,A1_ACCELERATED_DEGRADATION,moderate,pooled,97.5,0.6273541098106875,0.16109422492401215,0.0024154589371980675,0.00475955278164429,0.012578616352201259,0.4611545197424066,0.4523303861695986,0.8823529411764706,0.004817729243616508,0.9700263951907526,159,6210
RELATIVE_A,5,200,1.0,123,A1_ACCELERATED_DEGRADATION,moderate,pooled,99.0,0.6370749789639577,0.16109422492401215,0.0024154589371980675,0.00475955278164429,0.012578616352201259,0.4611545197424066,0.4523303861695986,0.8823529411764706,0.004817729243616508,0.9700263951907526,159,6210
RELATIVE_A,5,200,1.0,123,A1_ACCELERATED_DEGRADATION,strong,pooled,97.5,0.6273541098106875,0.16109422492401215,0.0024154589371980675,0.00475955278164429,0.012578616352201259,0.46250603984795263,0.4560229493918311,0.8823529411764706,0.004817729243616508,0.9702862382713029,159,6210
RELATIVE_A,5,200,1.0,123,A1_ACCELERATED_DEGRADATION,strong,pooled,99.0,0.6370749789639577,0.16109422492401215,0.0024154589371980675,0.00475955278164429,0.012578616352201259,0.46250603984795263,0.4560229493918311,0.8823529411764706,0.004817729243616508,0.9702862382713029,159,6210
RELATIVE_A,5,200,1.0,123,A2_EARLY_VOLTAGE_COLLAPSE,mild,pooled,97.5,0.6273541098106875,0.5895127118644068,0.01806451612903226,0.03505484208785758,0.012578616352201259,0.6588643954201232,0.6933536214242241,0.875,0.03539823008849558,0.9006666301932431,159,775
RELATIVE_A,5,200,1.0,123,A2_EARLY_VOLTAGE_COLLAPSE,mild,pooled,99.0,0.6370749789639577,0.480040254948004,0.011612903225806452,0.022677210275264256,0.012578616352201259,0.6588643954201232,0.6933536214242241,0.8181818181818182,0.022900763358778626,0.9006666301932431,159,775
RELATIVE_A,5,200,1.0,123,A2_EARLY_VOLTAGE_COLLAPSE,moderate,pooled,97.5,0.6273541098106875,0.8116188624210015,0.05419354838709677,0.10160285425209009,0.012578616352201259,0.7147021817458462,0.721156421180767,0.9545454545454546,0.10256410256410256,0.9193721821356672,159,775
RELATIVE_A,5,200,1.0,123,A2_EARLY_VOLTAGE_COLLAPSE,moderate,pooled,99.0,0.6370749789639577,0.7111442415206858,0.03096774193548387,0.05935096546414601,0.012578616352201259,0.7147021817458462,0.721156421180767,0.9230769230769231,0.059925093632958795,0.9193721821356672,159,775
RELATIVE_A,5,200,1.0,123,A2_EARLY_VOLTAGE_COLLAPSE,strong,pooled,97.5,0.6273541098106875,0.8340648752810192,0.06322580645161291,0.11754145105079736,0.012578616352201259,0.7425771184199597,0.7355609657131263,0.9607843137254902,0.11864406779661019,0.9274502906162538,159,775
RELATIVE_A,5,200,1.0,123,A2_EARLY_VOLTAGE_COLLAPSE,strong,pooled,99.0,0.6370749789639577,0.7958377239199157,0.04903225806451613,0.09237331539478813,0.012578616352201259,0.7425771184199597,0.7355609657131263,0.95,0.09325153374233129,0.9274502906162538,159,775
RELATIVE_A,5,200,1.0,123,A3_THERMAL_ABNORMALITY,mild,pooled,97.5,0.6273541098106875,0.6486854034451496,0.023225806451612905,0.04484593025533349,0.012578616352201259,0.5439312903610325,0.5802556299452222,0.9,0.04528301886792453,0.8521351038164744,159,775
RELATIVE_A,5,200,1.0,123,A3_THERMAL_ABNORMALITY,mild,pooled,99.0,0.6370749789639577,0.6355513754996472,0.02193548387096774,0.04240731734103139,0.012578616352201259,0.5439312903610325,0.5802556299452222,0.8947368421052632,0.04282115869017632,0.8521351038164744,159,775
RELATIVE_A,5,200,1.0,123,A3_THERMAL_ABNORMALITY,moderate,pooled,97.5,0.6273541098106875,0.7111442415206858,0.03096774193548387,0.05935096546414601,0.012578616352201259,0.5876452451844025,0.6244593223777642,0.9230769230769231,0.059925093632958795,0.872373915045832,159,775
RELATIVE_A,5,200,1.0,123,A3_THERMAL_ABNORMALITY,moderate,pooled,99.0,0.6370749789639577,0.6723044397463002,0.025806451612903226,0.04970497440506428,0.012578616352201259,0.5876452451844025,0.6244593223777642,0.9090909090909091,0.050188205771643665,0.872373915045832,159,775
RELATIVE_A,5,200,1.0,123,A3_THERMAL_ABNORMALITY,strong,pooled,97.5,0.6273541098106875,0.7273047149894439,0.03354838709677419,0.06413826808058397,0.012578616352201259,0.6219051156507068,0.6577480219111381,0.9285714285714286,0.0647571606475716,0.8868337408264778,159,775
RELATIVE_A,5,200,1.0,123,A3_THERMAL_ABNORMALITY,strong,pooled,99.0,0.6370749789639577,0.7023237948914923,0.02967741935483871,0.05694842406876791,0.012578616352201259,0.6219051156507068,0.6577480219111381,0.92,0.0575,0.8868337408264778,159,775
RELATIVE_A,5,200,1.0,123,A4_SENSOR_DRIFT,mild,pooled,97.5,0.6273541098106875,0.5039272426622571,0.012777777777777779,0.024923583352927346,0.012578616352201259,0.49884200892435193,0.5086914744933614,0.971830985915493,0.025223907877901665,0.9711299541160274,159,5400
RELATIVE_A,5,200,1.0,123,A4_SENSOR_DRIFT,mild,pooled,99.0,0.6370749789639577,0.4731450314649495,0.011296296296296296,0.022065774161954453,0.012578616352201259,0.49884200892435193,0.5086914744933614,0.9682539682539683,0.02233205198608823,0.9711299541160274,159,5400
RELATIVE_A,5,200,1.0,123,A4_SENSOR_DRIFT,mild,mean_temp_c_-1,97.5,0.6273541098106875,0.5145631067961165,0.013333333333333334,0.025993133889161357,0.012578616352201259,0.4867200577948061,0.4858327509899837,0.9,0.026277372262773723,0.888895338846639,159,1350
RELATIVE_A,5,200,1.0,123,A4_SENSOR_DRIFT,mild,mean_temp_c_-1,99.0,0.6370749789639577,0.5145631067961165,0.013333333333333334,0.025993133889161357,0.012578616352201259,0.4867200577948061,0.4858327509899837,0.9,0.026277372262773723,0.888895338846639,159,1350
RELATIVE_A,5,200,1.0,123,A4_SENSOR_DRIFT,mild,mean_temp_c_1,97.5,0.6273541098106875,0.5643756050338818,0.016296296296296295,0.03167789610954141,0.012578616352201259,0.49469978859063146,0.5020149079897507,0.9166666666666666,0.03202328966521106,0.8921787493214404,159,1350
RELATIVE_A,5,200,1.0,123,A4_SENSOR_DRIFT,mild,mean_temp_c_1,99.0,0.6370749789639577,0.5529061102831594,0.015555555555555555,0.030259777333713957,0.012578616352201259,0.49469978859063146,0.5020149079897507,0.9130434782608695,0.030589949016751636,0.8921787493214404,159,1350
RELATIVE_A,5,200,1.0,123,A4_SENSOR_DRIFT,mild,mean_voltage_v_-1,97.5,0.6273541098106875,0.4140625,0.008888888888888889,0.017404154010343977,0.012578616352201259,0.502002982540656,0.5090612625203821,0.8571428571428571,0.017595307917888565,0.8951166566698596,159,1350
RELATIVE_A,5,200,1.0,123,A4_SENSOR_DRIFT,mild,mean_voltage_v_-1,99.0,0.6370749789639577,0.3706293706293706,0.007407407407407408,0.01452452726774459,0.012578616352201259,0.502002982540656,0.5090612625203821,0.8333333333333334,0.014684287812041116,0.8951166566698596,159,1350
RELATIVE_A,5,200,1.0,123,A4_SENSOR_DRIFT,mild,mean_voltage_v_1,97.5,0.6273541098106875,0.5002776235424764,0.012592592592592593,0.0245668089051274,0.012578616352201259,0.5180836648280032,0.5378569764733286,0.8947368421052632,0.02483564645726808,0.9006393340478234,159,1350
RELATIVE_A,5,200,1.0,123,A4_SENSOR_DRIFT,mild,mean_voltage_v_1,99.0,0.6370749789639577,0.4140625,0.008888888888888889,0.017404154010343977,0.012578616352201259,0.5180836648280032,0.5378569764733286,0.8571428571428571,0.017595307917888565,0.9006393340478234,159,1350
RELATIVE_A,5,200,1.0,123,A4_SENSOR_DRIFT,moderate,pooled,97.5,0.6273541098106875,0.5002776235424764,0.012592592592592593,0.0245668089051274,0.012578616352201259,0.5033956050706232,0.5201479152108083,0.9714285714285714,0.02486288848263254,0.971624118198786,159,5400
RELATIVE_A,5,200,1.0,123,A4_SENSOR_DRIFT,moderate,pooled,99.0,0.6370749789639577,0.4731450314649495,0.011296296296296296,0.022065774161954453,0.012578616352201259,0.5033956050706232,0.5201479152108083,0.9682539682539683,0.02233205198608823,0.971624118198786,159,5400
RELATIVE_A,5,200,1.0,123,A4_SENSOR_DRIFT,moderate,mean_temp_c_-1,97.5,0.6273541098106875,0.5145631067961165,0.013333333333333334,0.025993133889161357,0.012578616352201259,0.48485935446285666,0.4820288842301421,0.9,0.026277372262773723,0.8880897574714685,159,1350
RELATIVE_A,5,200,1.0,123,A4_SENSOR_DRIFT,moderate,mean_temp_c_-1,99.0,0.6370749789639577,0.5145631067961165,0.013333333333333334,0.025993133889161357,0.012578616352201259,0.48485935446285666,0.4820288842301421,0.9,0.026277372262773723,0.8880897574714685,159,1350
RELATIVE_A,5,200,1.0,123,A4_SENSOR_DRIFT,moderate,mean_temp_c_1,97.5,0.6273541098106875,0.5752713544124587,0.017037037037037038,0.033093974399000935,0.012578616352201259,0.5044371716442775,0.5253878406708595,0.92,0.03345454545454546,0.8957200041729803,159,1350
RELATIVE_A,5,200,1.0,123,A4_SENSOR_DRIFT,moderate,mean_temp_c_1,99.0,0.6370749789639577,0.5643756050338818,0.016296296296296295,0.03167789610954141,0.012578616352201259,0.5044371716442775,0.5253878406708595,0.9166666666666666,0.03202328966521106,0.8957200041729803,159,1350
RELATIVE_A,5,200,1.0,123,A4_SENSOR_DRIFT,moderate,mean_voltage_v_-1,97.5,0.6273541098106875,0.39312204989885363,0.008148148148148147,0.015965385510659565,0.012578616352201259,0.5097178245747087,0.5234684369904496,0.8461538461538461,0.016140865737344093,0.8979346768129457,159,1350
RELATIVE_A,5,200,1.0,123,A4_SENSOR_DRIFT,moderate,mean_voltage_v_-1,99.0,0.6370749789639577,0.3464052287581699,0.006666666666666667,0.013081574725410343,0.012578616352201259,0.5097178245747087,0.5234684369904496,0.8181818181818182,0.01322556943423953,0.8979346768129457,159,1350
RELATIVE_A,5,200,1.0,123,A4_SENSOR_DRIFT,moderate,mean_voltage_v_1,97.5,0.6273541098106875,0.48512585812356973,0.011851851851851851,0.023138421239324403,0.012578616352201259,0.5214383880887468,0.5497064989517819,0.8888888888888888,0.023391812865497075,0.9021340125731925,159,1350
RELATIVE_A,5,200,1.0,123,A4_SENSOR_DRIFT,moderate,mean_voltage_v_1,99.0,0.6370749789639577,0.4140625,0.008888888888888889,0.017404154010343977,0.012578616352201259,0.5214383880887468,0.5497064989517819,0.8571428571428571,0.017595307917888565,0.9021340125731925,159,1350
RELATIVE_A,5,200,1.0,123,A4_SENSOR_DRIFT,strong,pooled,97.5,0.6273541098106875,0.5376910235007063,0.01462962962962963,0.02848425270505158,0.012578616352201259,0.5156059886907772,0.5401252038201725,0.9753086419753086,0.02882685641306331,0.9729428718900587,159,5400
RELATIVE_A,5,200,1.0,123,A4_SENSOR_DRIFT,strong,pooled,99.0,0.6370749789639577,0.48899929027679206,0.012037037037037037,0.023495711776841892,0.012578616352201259,0.5156059886907772,0.5401252038201725,0.9701492537313433,0.023779037863544905,0.9729428718900587,159,5400
RELATIVE_A,5,200,1.0,123,A4_SENSOR_DRIFT,strong,mean_temp_c_-1,97.5,0.6273541098106875,0.5145631067961165,0.013333333333333334,0.025993133889161357,0.012578616352201259,0.49143896853357993,0.49748427672955975,0.9,0.026277372262773723,0.8904928166413508,159,1350
RELATIVE_A,5,200,1.0,123,A4_SENSOR_DRIFT,strong,mean_temp_c_-1,99.0,0.6370749789639577,0.5145631067961165,0.013333333333333334,0.025993133889161357,0.012578616352201259,0.49143896853357993,0.49748427672955975,0.9,0.026277372262773723,0.8904928166413508,159,1350
RELATIVE_A,5,200,1.0,123,A4_SENSOR_DRIFT,strong,mean_temp_c_1,97.5,0.6273541098106875,0.5955056179775281,0.018518518518518517,0.035920027109454425,0.012578616352201259,0.5249093915397117,0.559979035639413,0.9259259259259259,0.03631082062454612,0.9030390704204838,159,1350
RELATIVE_A,5,200,1.0,123,A4_SENSOR_DRIFT,strong,mean_temp_c_1,99.0,0.6370749789639577,0.5643756050338818,0.016296296296296295,0.03167789610954141,0.012578616352201259,0.5249093915397117,0.559979035639413,0.9166666666666666,0.03202328966521106,0.9030390704204838,159,1350
RELATIVE_A,5,200,1.0,123,A4_SENSOR_DRIFT,strong,mean_voltage_v_-1,97.5,0.6273541098106875,0.4690265486725664,0.011111111111111112,0.0217079664140897,0.012578616352201259,0.5188216650289655,0.5365408805031446,0.8823529411764706,0.02194586686174104,0.9012534592387067,159,1350
RELATIVE_A,5,200,1.0,123,A4_SENSOR_DRIFT,strong,mean_voltage_v_-1,99.0,0.6370749789639577,0.3706293706293706,0.007407407407407408,0.01452452726774459,0.012578616352201259,0.5188216650289655,0.5365408805031446,0.8333333333333334,0.014684287812041116,0.9012534592387067,159,1350
RELATIVE_A,5,200,1.0,123,A4_SENSOR_DRIFT,strong,mean_voltage_v_1,97.5,0.6273541098106875,0.5529061102831594,0.015555555555555555,0.030259777333713957,0.012578616352201259,0.5334231873835316,0.5664966224085721,0.9130434782608695,0.030589949016751636,0.9063113459803507,159,1350
RELATIVE_A,5,200,1.0,123,A4_SENSOR_DRIFT,strong,mean_voltage_v_1,99.0,0.6370749789639577,0.4690265486725664,0.011111111111111112,0.0217079664140897,0.012578616352201259,0.5334231873835316,0.5664966224085721,0.8823529411764706,0.02194586686174104,0.9063113459803507,159,1350
RELATIVE_A,5,200,1.0,2026,A1_ACCELERATED_DEGRADATION,mild,pooled,97.5,0.6268210086664698,0.1369965813391145,0.00499194847020934,0.009632889016571736,0.031446540880503145,0.4606715253550974,0.4490292589554279,0.8611111111111112,0.009926352865834133,0.9703199592908347,159,6210
RELATIVE_A,5,200,1.0,2026,A1_ACCELERATED_DEGRADATION,mild,pooled,99.0,0.6432033095506534,0.16109422492401215,0.0024154589371980675,0.00475955278164429,0.012578616352201259,0.4606715253550974,0.4490292589554279,0.8823529411764706,0.004817729243616508,0.9703199592908347,159,6210
RELATIVE_A,5,200,1.0,2026,A1_ACCELERATED_DEGRADATION,moderate,pooled,97.5,0.6268210086664698,0.13316582914572864,0.004830917874396135,0.009323599261148738,0.031446540880503145,0.4597966691472982,0.44566128885242917,0.8571428571428571,0.009607686148919135,0.9702002644677201,159,6210
RELATIVE_A,5,200,1.0,2026,A1_ACCELERATED_DEGRADATION,moderate,pooled,99.0,0.6432033095506534,0.16109422492401215,0.0024154589371980675,0.00475955278164429,0.012578616352201259,0.4597966691472982,0.44566128885242917,0.8823529411764706,0.004817729243616508,0.9702002644677201,159,6210
RELATIVE_A,5,200,1.0,2026,A1_ACCELERATED_DEGRADATION,strong,pooled,97.5,0.6268210086664698,0.13316582914572864,0.004830917874396135,0.009323599261148738,0.031446540880503145,0.46068403560113597,0.4482879105520614,0.8571428571428571,0.009607686148919135,0.9703537753439169,159,6210
RELATIVE_A,5,200,1.0,2026,A1_ACCELERATED_DEGRADATION,strong,pooled,99.0,0.6432033095506534,0.16109422492401215,0.0024154589371980675,0.00475955278164429,0.012578616352201259,0.46068403560113597,0.4482879105520614,0.8823529411764706,0.004817729243616508,0.9703537753439169,159,6210
RELATIVE_A,5,200,1.0,2026,A2_EARLY_VOLTAGE_COLLAPSE,mild,pooled,97.5,0.6268210086664698,0.4248181683241799,0.023225806451612905,0.0440436435265693,0.031446540880503145,0.65643099212978,0.6946439440048692,0.782608695652174,0.04511278195488722,0.8993072937473934,159,775
RELATIVE_A,5,200,1.0,2026,A2_EARLY_VOLTAGE_COLLAPSE,mild,pooled,99.0,0.6432033095506534,0.480040254948004,0.011612903225806452,0.022677210275264256,0.012578616352201259,0.65643099212978,0.6946439440048692,0.8181818181818182,0.022900763358778626,0.8993072937473934,159,775
RELATIVE_A,5,200,1.0,2026,A2_EARLY_VOLTAGE_COLLAPSE,moderate,pooled,97.5,0.6268210086664698,0.5433655432477021,0.03741935483870968,0.07001693100804032,0.031446540880503145,0.7045699733686523,0.7216189896530736,0.8529411764705882,0.07169344870210137,0.9157735597279797,159,775
RELATIVE_A,5,200,1.0,2026,A2_EARLY_VOLTAGE_COLLAPSE,moderate,pooled,99.0,0.6432033095506534,0.6355513754996472,0.02193548387096774,0.04240731734103139,0.012578616352201259,0.7045699733686523,0.7216189896530736,0.8947368421052632,0.04282115869017632,0.9157735597279797,159,775
RELATIVE_A,5,200,1.0,2026,A2_EARLY_VOLTAGE_COLLAPSE,strong,pooled,97.5,0.6268210086664698,0.6028899364623898,0.04774193548387097,0.08847747456441801,0.031446540880503145,0.7281932269020421,0.7348387096774194,0.8809523809523809,0.09057527539779682,0.9230479623969305,159,775
RELATIVE_A,5,200,1.0,2026,A2_EARLY_VOLTAGE_COLLAPSE,strong,pooled,99.0,0.6432033095506534,0.7273047149894439,0.03354838709677419,0.06413826808058397,0.012578616352201259,0.7281932269020421,0.7348387096774194,0.9285714285714286,0.0647571606475716,0.9230479623969305,159,775
RELATIVE_A,5,200,1.0,2026,A3_THERMAL_ABNORMALITY,mild,pooled,97.5,0.6268210086664698,0.41091517178473697,0.02193548387096774,0.04164772771045354,0.031446540880503145,0.5410269507017531,0.5801825928180158,0.7727272727272727,0.04265997490589711,0.8505936840501476,159,775
RELATIVE_A,5,200,1.0,2026,A3_THERMAL_ABNORMALITY,mild,pooled,99.0,0.6432033095506534,0.5895127118644068,0.01806451612903226,0.03505484208785758,0.012578616352201259,0.5410269507017531,0.5801825928180158,0.875,0.03539823008849558,0.8505936840501476,159,775
RELATIVE_A,5,200,1.0,2026,A3_THERMAL_ABNORMALITY,moderate,pooled,97.5,0.6268210086664698,0.47443374474433747,0.02838709677419355,0.0535689673655033,0.031446540880503145,0.5824599083887381,0.6257618178129438,0.8148148148148148,0.05486284289276808,0.8700912245000222,159,775
RELATIVE_A,5,200,1.0,2026,A3_THERMAL_ABNORMALITY,moderate,pooled,99.0,0.6432033095506534,0.6355513754996472,0.02193548387096774,0.04240731734103139,0.012578616352201259,0.5824599083887381,0.6257618178129438,0.8947368421052632,0.04282115869017632,0.8700912245000222,159,775
RELATIVE_A,5,200,1.0,2026,A3_THERMAL_ABNORMALITY,strong,pooled,97.5,0.6268210086664698,0.5063694267515924,0.03225806451612903,0.06065229830249857,0.031446540880503145,0.614937435976735,0.6580077094745385,0.8333333333333334,0.062111801242236024,0.8840104121635132,159,775
RELATIVE_A,5,200,1.0,2026,A3_THERMAL_ABNORMALITY,strong,pooled,99.0,0.6432033095506534,0.6723044397463002,0.025806451612903226,0.04970497440506428,0.012578616352201259,0.614937435976735,0.6580077094745385,0.9090909090909091,0.050188205771643665,0.8840104121635132,159,775
RELATIVE_A,5,200,1.0,2026,A4_SENSOR_DRIFT,mild,pooled,97.5,0.6268210086664698,0.38875305623471884,0.02,0.038042828089484386,0.031446540880503145,0.4979660654766497,0.504509666899604,0.9557522123893806,0.03918011971703247,0.9710417779791254,159,5400
RELATIVE_A,5,200,1.0,2026,A4_SENSOR_DRIFT,mild,pooled,99.0,0.6432033095506534,0.5075239398084814,0.012962962962962963,0.025280228953016935,0.012578616352201259,0.4979660654766497,0.504509666899604,0.9722222222222222,0.025584795321637425,0.9710417779791254,159,5400
RELATIVE_A,5,200,1.0,2026,A4_SENSOR_DRIFT,mild,mean_temp_c_-1,97.5,0.6268210086664698,0.39742903053026246,0.02074074074074074,0.03942404760639711,0.031446540880503145,0.48509446586280053,0.48233869089215,0.8484848484848485,0.040491684743311634,0.8883525836007027,159,1350
RELATIVE_A,5,200,1.0,2026,A4_SENSOR_DRIFT,mild,mean_temp_c_-1,99.0,0.6432033095506534,0.5145631067961165,0.013333333333333334,0.025993133889161357,0.012578616352201259,0.48509446586280053,0.48233869089215,0.9,0.026277372262773723,0.8883525836007027,159,1350
RELATIVE_A,5,200,1.0,2026,A4_SENSOR_DRIFT,mild,mean_temp_c_1,97.5,0.6268210086664698,0.42203955818135114,0.022962962962962963,0.04355606219264876,0.031446540880503145,0.4962558676922333,0.5025716282320055,0.8611111111111112,0.044733044733044736,0.8928482508184008,159,1350
RELATIVE_A,5,200,1.0,2026,A4_SENSOR_DRIFT,mild,mean_temp_c_1,99.0,0.6432033095506534,0.5408163265306123,0.014814814814814815,0.028839613658005716,0.012578616352201259,0.4962558676922333,0.5025716282320055,0.9090909090909091,0.029154518950437316,0.8928482508184008,159,1350
RELATIVE_A,5,200,1.0,2026,A4_SENSOR_DRIFT,mild,mean_voltage_v_-1,97.5,0.6268210086664698,0.34133489461358313,0.016296296296296295,0.031107435370701382,0.031446540880503145,0.5079007963413504,0.517162823200559,0.8148148148148148,0.03195352214960058,0.8972371045055124,159,1350
RELATIVE_A,5,200,1.0,2026,A4_SENSOR_DRIFT,mild,mean_voltage_v_-1,99.0,0.6432033095506534,0.39312204989885363,0.008148148148148147,0.015965385510659565,0.012578616352201259,0.5079007963413504,0.517162823200559,0.8461538461538461,0.016140865737344093,0.8972371045055124,159,1350
RELATIVE_A,5,200,1.0,2026,A4_SENSOR_DRIFT,mild,mean_voltage_v_1,97.5,0.6268210086664698,0.38875305623471884,0.02,0.038042828089484386,0.031446540880503145,0.508346915570695,0.5159655252737013,0.84375,0.039073806078147616,0.8970849545747426,159,1350
RELATIVE_A,5,200,1.0,2026,A4_SENSOR_DRIFT,mild,mean_voltage_v_1,99.0,0.6432033095506534,0.5529061102831594,0.015555555555555555,0.030259777333713957,0.012578616352201259,0.508346915570695,0.5159655252737013,0.9130434782608695,0.030589949016751636,0.8970849545747426,159,1350
RELATIVE_A,5,200,1.0,2026,A4_SENSOR_DRIFT,moderate,pooled,97.5,0.6268210086664698,0.4037760847962902,0.021296296296296296,0.04045868666921124,0.031446540880503145,0.5037838393138294,0.5170824598183089,0.9583333333333334,0.04166666666666667,0.9716748332871094,159,5400
RELATIVE_A,5,200,1.0,2026,A4_SENSOR_DRIFT,moderate,pooled,99.0,0.6432033095506534,0.5039272426622571,0.012777777777777779,0.024923583352927346,0.012578616352201259,0.5037838393138294,0.5170824598183089,0.971830985915493,0.025223907877901665,0.9716748332871094,159,5400
RELATIVE_A,5,200,1.0,2026,A4_SENSOR_DRIFT,moderate,mean_temp_c_-1,97.5,0.6268210086664698,0.37982359426681367,0.01925925925925926,0.036659661071058024,0.031446540880503145,0.4840880302439928,0.48244351269508506,0.8387096774193549,0.03765387400434468,0.8879747394494866,159,1350
RELATIVE_A,5,200,1.0,2026,A4_SENSOR_DRIFT,moderate,mean_temp_c_-1,99.0,0.6432033095506534,0.5145631067961165,0.013333333333333334,0.025993133889161357,0.012578616352201259,0.4840880302439928,0.48244351269508506,0.9,0.026277372262773723,0.8879747394494866,159,1350
RELATIVE_A,5,200,1.0,2026,A4_SENSOR_DRIFT,moderate,mean_temp_c_1,97.5,0.6268210086664698,0.42203955818135114,0.022962962962962963,0.04355606219264876,0.031446540880503145,0.5060981480815332,0.5269927789424645,0.8611111111111112,0.044733044733044736,0.8964082698457211,159,1350
RELATIVE_A,5,200,1.0,2026,A4_SENSOR_DRIFT,moderate,mean_temp_c_1,99.0,0.6432033095506534,0.5529061102831594,0.015555555555555555,0.030259777333713957,0.012578616352201259,0.5060981480815332,0.5269927789424645,0.9130434782608695,0.030589949016751636,0.8964082698457211,159,1350
RELATIVE_A,5,200,1.0,2026,A4_SENSOR_DRIFT,moderate,mean_voltage_v_-1,97.5,0.6268210086664698,0.41406250000000006,0.022222222222222223,0.04218066056506169,0.031446540880503145,0.5172678597926177,0.5340624272070813,0.8571428571428571,0.04332129963898917,0.9006205972704141,159,1350
RELATIVE_A,5,200,1.0,2026,A4_SENSOR_DRIFT,moderate,mean_voltage_v_-1,99.0,0.6432033095506534,0.39312204989885363,0.008148148148148147,0.015965385510659565,0.012578616352201259,0.5172678597926177,0.5340624272070813,0.8461538461538461,0.016140865737344093,0.9006205972704141,159,1350
RELATIVE_A,5,200,1.0,2026,A4_SENSOR_DRIFT,moderate,mean_voltage_v_1,97.5,0.6268210086664698,0.39742903053026246,0.02074074074074074,0.03942404760639711,0.031446540880503145,0.5131220060980342,0.5248311204286047,0.8484848484848485,0.040491684743311634,0.898795731297793,159,1350
RELATIVE_A,5,200,1.0,2026,A4_SENSOR_DRIFT,moderate,mean_voltage_v_1,99.0,0.6432033095506534,0.5280545359202936,0.014074074074074074,0.02741740065616619,0.012578616352201259,0.5131220060980342,0.5248311204286047,0.9047619047619048,0.02771699489423778,0.898795731297793,159,1350
RELATIVE_A,5,200,1.0,2026,A4_SENSOR_DRIFT,strong,pooled,97.5,0.6268210086664698,0.41203371006728945,0.022037037037037036,0.041836507941772495,0.031446540880503145,0.5161206742407719,0.537046936873981,0.9596774193548387,0.04308472121650977,0.9730023537429865,159,5400
RELATIVE_A,5,200,1.0,2026,A4_SENSOR_DRIFT,strong,pooled,99.0,0.6432033095506534,0.5313110272099987,0.01425925925925926,0.02777314627349165,0.012578616352201259,0.5161206742407719,0.537046936873981,0.9746835443037974,0.02810731885380544,0.9730023537429865,159,5400
RELATIVE_A,5,200,1.0,2026,A4_SENSOR_DRIFT,strong,mean_temp_c_-1,97.5,0.6268210086664698,0.37982359426681367,0.01925925925925926,0.036659661071058024,0.031446540880503145,0.4886431222967865,0.4941672490100163,0.8387096774193549,0.03765387400434468,0.8895856102724184,159,1350
RELATIVE_A,5,200,1.0,2026,A4_SENSOR_DRIFT,strong,mean_temp_c_-1,99.0,0.6432033095506534,0.5145631067961165,0.013333333333333334,0.025993133889161357,0.012578616352201259,0.4886431222967865,0.4941672490100163,0.9,0.026277372262773723,0.8895856102724184,159,1350
RELATIVE_A,5,200,1.0,2026,A4_SENSOR_DRIFT,strong,mean_temp_c_1,97.5,0.6268210086664698,0.42203955818135114,0.022962962962962963,0.04355606219264876,0.031446540880503145,0.5264211528952139,0.562254833449802,0.8611111111111112,0.044733044733044736,0.9036032845429585,159,1350
RELATIVE_A,5,200,1.0,2026,A4_SENSOR_DRIFT,strong,mean_temp_c_1,99.0,0.6432033095506534,0.5643756050338818,0.016296296296296295,0.03167789610954141,0.012578616352201259,0.5264211528952139,0.562254833449802,0.9166666666666666,0.03202328966521106,0.9036032845429585,159,1350
RELATIVE_A,5,200,1.0,2026,A4_SENSOR_DRIFT,strong,mean_voltage_v_-1,97.5,0.6268210086664698,0.42980233147491126,0.023703703703703703,0.04492953269047366,0.031446540880503145,0.5300465862977672,0.5475098998369439,0.8648648648648649,0.046142754145638065,0.9048273254906238,159,1350
RELATIVE_A,5,200,1.0,2026,A4_SENSOR_DRIFT,strong,mean_voltage_v_-1,99.0,0.6432033095506534,0.48512585812356973,0.011851851851851851,0.023138421239324403,0.012578616352201259,0.5300465862977672,0.5475098998369439,0.8888888888888888,0.023391812865497075,0.9048273254906238,159,1350
RELATIVE_A,5,200,1.0,2026,A4_SENSOR_DRIFT,strong,mean_voltage_v_1,97.5,0.6268210086664698,0.41406250000000006,0.022222222222222223,0.04218066056506169,0.031446540880503145,0.5245834879067837,0.5442557651991614,0.8571428571428571,0.04332129963898917,0.9031861404877988,159,1350
RELATIVE_A,5,200,1.0,2026,A4_SENSOR_DRIFT,strong,mean_voltage_v_1,99.0,0.6432033095506534,0.5529061102831594,0.015555555555555555,0.030259777333713957,0.012578616352201259,0.5245834879067837,0.5442557651991614,0.9130434782608695,0.030589949016751636,0.9031861404877988,159,1350
RELATIVE_B,5,100,1.0,42,A2_EARLY_VOLTAGE_COLLAPSE,mild,pooled,99.0,0.596592846400996,0.6485411140583555,0.06792452830188679,0.12296988620884763,0.03680981595092025,0.6475912776934997,0.6690936450978123,0.9,0.12631578947368421,0.8965168158377635,163,795
RELATIVE_B,5,100,1.0,42,A2_EARLY_VOLTAGE_COLLAPSE,moderate,pooled,99.0,0.596592846400996,0.8453808752025932,0.20125786163522014,0.32511609062860347,0.03680981595092025,0.7372923380011995,0.7155110545201991,0.963855421686747,0.3329864724245578,0.9249880242338696,163,795
RELATIVE_B,5,100,1.0,42,A2_EARLY_VOLTAGE_COLLAPSE,strong,pooled,99.0,0.596592846400996,0.893688151912276,0.30943396226415093,0.45969974720985013,0.03680981595092025,0.770080492018937,0.7337076050468805,0.9761904761904762,0.46991404011461313,0.9339443712728757,163,795
RELATIVE_B,5,100,1.0,42,A3_THERMAL_ABNORMALITY,mild,pooled,99.0,0.596592846400996,0.367457896830659,0.021383647798742137,0.04041538439099806,0.03680981595092025,0.5434553575301153,0.5770883975768801,0.7391304347826086,0.04156479217603912,0.8508110357127028,163,795
RELATIVE_B,5,100,1.0,42,A3_THERMAL_ABNORMALITY,moderate,pooled,99.0,0.596592846400996,0.46071226681741095,0.031446540880503145,0.05887452141876761,0.03680981595092025,0.5967952272280852,0.6301462360612725,0.8064516129032258,0.06053268765133172,0.8759571286599116,163,795
RELATIVE_B,5,100,1.0,42,A3_THERMAL_ABNORMALITY,strong,pooled,99.0,0.596592846400996,0.6485411140583555,0.06792452830188679,0.12296988620884763,0.03680981595092025,0.642525931271482,0.6678473588764131,0.9,0.12631578947368421,0.8946959525791375,163,795
RELATIVE_B,5,100,1.0,42,A4_SENSOR_DRIFT,mild,pooled,99.0,0.596592846400996,0.38360048179375517,0.022907647907647908,0.043233500794142246,0.03680981595092025,0.4920441003341996,0.5025827955275808,0.9548872180451128,0.04474194116610886,0.9702429695104933,163,5544
RELATIVE_B,5,100,1.0,42,A4_SENSOR_DRIFT,mild,mean_temp_c_-1,99.0,0.596592846400996,0.3107335267302113,0.016594516594516596,0.03150645214153953,0.03680981595092025,0.48489592428871003,0.4934312449649873,0.7931034482758621,0.03250883392226148,0.8876143945699364,163,1386
RELATIVE_B,5,100,1.0,42,A4_SENSOR_DRIFT,mild,mean_temp_c_1,99.0,0.596592846400996,0.31992149165848865,0.017316017316017316,0.03285379557078431,0.03680981595092025,0.49080695511503236,0.5016532547207393,0.8,0.03389830508474576,0.8900549249383847,163,1386
RELATIVE_B,5,100,1.0,42,A4_SENSOR_DRIFT,mild,mean_voltage_v_-1,99.0,0.596592846400996,0.43324473522796975,0.02813852813852814,0.0528448695088345,0.03680981595092025,0.4979370213183589,0.5056480669977603,0.8666666666666667,0.05450733752620545,0.8931716201291269,163,1386
RELATIVE_B,5,100,1.0,42,A4_SENSOR_DRIFT,mild,mean_voltage_v_1,99.0,0.596592846400996,0.4455630375358357,0.02958152958152958,0.055479688025336524,0.03680981595092025,0.5006689070156956,0.5095986154268363,0.8723404255319149,0.05722260990928122,0.8946252588975812,163,1386
RELATIVE_B,5,100,1.0,42,A4_SENSOR_DRIFT,moderate,pooled,99.0,0.596592846400996,0.3981436248168051,0.024350649350649352,0.04589437723488724,0.03680981595092025,0.5002037099690639,0.5166138820279924,0.9574468085106383,0.0474934036939314,0.9711723476259922,163,5544
RELATIVE_B,5,100,1.0,42,A4_SENSOR_DRIFT,moderate,mean_temp_c_-1,99.0,0.596592846400996,0.3288677265757404,0.018037518037518036,0.03419929587216597,0.03680981595092025,0.4982671012126187,0.5100921573314211,0.8064516129032258,0.03528581510232886,0.8928630591798372,163,1386
RELATIVE_B,5,100,1.0,42,A4_SENSOR_DRIFT,moderate,mean_temp_c_1,99.0,0.596592846400996,0.35434782608695653,0.020202020202020204,0.03822477575189072,0.03680981595092025,0.5015458757828636,0.5253985959507431,0.8235294117647058,0.03943661971830986,0.8940595764885788,163,1386
RELATIVE_B,5,100,1.0,42,A4_SENSOR_DRIFT,moderate,mean_voltage_v_-1,99.0,0.596592846400996,0.4394715556753842,0.02886002886002886,0.0541631707053673,0.03680981595092025,0.504471813912399,0.5185310599421029,0.8695652173913043,0.0558659217877095,0.8958586224773383,163,1386
RELATIVE_B,5,100,1.0,42,A4_SENSOR_DRIFT,moderate,mean_voltage_v_1,99.0,0.596592846400996,0.45152354570637115,0.030303030303030304,0.05679442508710802,0.03680981595092025,0.5024434572725811,0.5124337148877026,0.875,0.058577405857740586,0.8951780438981212,163,1386
RELATIVE_B,5,100,1.0,42,A4_SENSOR_DRIFT,strong,pooled,99.0,0.596592846400996,0.396363372409538,0.024170274170274172,0.04556216350396025,0.03680981595092025,0.512323418479008,0.5380945741375189,0.9571428571428572,0.047149894440534836,0.9724289873804302,163,5544
RELATIVE_B,5,100,1.0,42,A4_SENSOR_DRIFT,strong,mean_temp_c_-1,99.0,0.596592846400996,0.271357224217997,0.013708513708513708,0.026098571193817914,0.03680981595092025,0.502056876966082,0.5276117883479847,0.76,0.02693125442948264,0.8938128964470132,163,1386
RELATIVE_B,5,100,1.0,42,A4_SENSOR_DRIFT,strong,mean_temp_c_1,99.0,0.596592846400996,0.37028623353021356,0.021645021645021644,0.04089928238068952,0.03680981595092025,0.5246238219168086,0.5651962216379394,0.8333333333333334,0.04219409282700421,0.9020311787420263,163,1386
RELATIVE_B,5,100,1.0,42,A4_SENSOR_DRIFT,strong,mean_voltage_v_-1,99.0,0.596592846400996,0.4455630375358357,0.02958152958152958,0.055479688025336524,0.03680981595092025,0.5169399753832606,0.5348533538717588,0.8723404255319149,0.05722260990928122,0.9003237056035782,163,1386
RELATIVE_B,5,100,1.0,42,A4_SENSOR_DRIFT,strong,mean_voltage_v_1,99.0,0.596592846400996,0.46306818181818177,0.031746031746031744,0.05941857286065798,0.03680981595092025,0.5110732040410672,0.5247169326923928,0.88,0.06128133704735376,0.898285765594282,163,1386
RELATIVE_B,5,100,1.0,123,A2_EARLY_VOLTAGE_COLLAPSE,mild,pooled,99.0,0.5893512802351918,0.7081319219237594,0.08930817610062892,0.15861246642179705,0.03680981595092025,0.6685672249195844,0.6808041054134352,0.922077922077922,0.1628440366972477,0.9040813891978072,163,795
RELATIVE_B,5,100,1.0,123,A2_EARLY_VOLTAGE_COLLAPSE,moderate,pooled,99.0,0.5893512802351918,0.8706651121173503,0.24779874213836478,0.38579649898477764,0.03680981595092025,0.7598886989022418,0.725624107728518,0.9704433497536946,0.3947895791583167,0.9311322894140287,163,795
RELATIVE_B,5,100,1.0,123,A2_EARLY_VOLTAGE_COLLAPSE,strong,pooled,99.0,0.5893512802351918,0.912190272817643,0.38238993710691827,0.5388810648860567,0.03680981595092025,0.7903459920325394,0.7424084577690319,0.9806451612903225,0.5502262443438914,0.9390413547043106,163,795
RELATIVE_B,5,100,1.0,123,A3_THERMAL_ABNORMALITY,mild,pooled,99.0,0.5893512802351918,0.41779567923837424,0.026415094339622643,0.049688629534468495,0.03680981595092025,0.554074624004037,0.5816992707489292,0.7777777777777778,0.051094890510948905,0.8568008257129807,163,795
RELATIVE_B,5,100,1.0,123,A3_THERMAL_ABNORMALITY,moderate,pooled,99.0,0.5893512802351918,0.6308049535603716,0.06289308176100629,0.11438195151047331,0.03680981595092025,0.6215681683423697,0.6423968823552109,0.8928571428571429,0.11750881316098707,0.8866485298064326,163,795
RELATIVE_B,5,100,1.0,123,A3_THERMAL_ABNORMALITY,strong,pooled,99.0,0.5893512802351918,0.7416314592135196,0.10566037735849057,0.1849682870980162,0.03680981595092025,0.6810405794702254,0.6859281552648842,0.9333333333333333,0.18983050847457628,0.9082574186979582,163,795
RELATIVE_B,5,100,1.0,123,A4_SENSOR_DRIFT,mild,pooled,99.0,0.5893512802351918,0.3854566952409104,0.023088023088023088,0.043566506577573605,0.03680981595092025,0.49380751850077503,0.503950548429076,0.9552238805970149,0.04508629799225079,0.970505866853487,163,5544
RELATIVE_B,5,100,1.0,123,A4_SENSOR_DRIFT,mild,mean_temp_c_-1,99.0,0.5893512802351918,0.346072186836518,0.01948051948051948,0.03688478219875542,0.03680981595092025,0.48456531662266095,0.4919417664816438,0.8181818181818182,0.03805496828752643,0.8872054833603631,163,1386
RELATIVE_B,5,100,1.0,123,A4_SENSOR_DRIFT,mild,mean_temp_c_1,99.0,0.5893512802351918,0.37796394644326425,0.022366522366522368,0.04223380292284997,0.03680981595092025,0.4956193198750265,0.5042581821722927,0.8378378378378378,0.04356992269852425,0.8924016980020131,163,1386
RELATIVE_B,5,100,1.0,123,A4_SENSOR_DRIFT,mild,mean_voltage_v_-1,99.0,0.5893512802351918,0.3624166219428046,0.020923520923520924,0.03956294123308825,0.03680981595092025,0.5006732597175017,0.5091869616409493,0.8285714285714286,0.04081632653061225,0.8939277149374503,163,1386
RELATIVE_B,5,100,1.0,123,A4_SENSOR_DRIFT,mild,mean_voltage_v_1,99.0,0.5893512802351918,0.4455630375358357,0.02958152958152958,0.055479688025336524,0.03680981595092025,0.49947623874703906,0.5104152834214184,0.8723404255319149,0.05722260990928122,0.8940981563241286,163,1386
RELATIVE_B,5,100,1.0,123,A4_SENSOR_DRIFT,moderate,pooled,99.0,0.5893512802351918,0.39991340741809783,0.024531024531024532,0.04622647804617644,0.03680981595092025,0.5022387526893703,0.5192713727989802,0.9577464788732394,0.04783679212099894,0.9714685906608248,163,5544
RELATIVE_B,5,100,1.0,123,A4_SENSOR_DRIFT,moderate,mean_temp_c_-1,99.0,0.5893512802351918,0.42036662716944306,0.026695526695526696,0.050202900963519446,0.03680981595092025,0.49458521132189676,0.5040855531653078,0.8604651162790697,0.051784464660601826,0.8916774012132802,163,1386
RELATIVE_B,5,100,1.0,123,A4_SENSOR_DRIFT,moderate,mean_temp_c_1,99.0,0.5893512802351918,0.3854566952409104,0.023088023088023088,0.043566506577573605,0.03680981595092025,0.5098372552708671,0.5329433688329395,0.8421052631578947,0.0449438202247191,0.8977123850263077,163,1386
RELATIVE_B,5,100,1.0,123,A4_SENSOR_DRIFT,moderate,mean_voltage_v_-1,99.0,0.5893512802351918,0.37028623353021356,0.021645021645021644,0.04089928238068952,0.03680981595092025,0.5069033573556767,0.5218353561911844,0.8333333333333334,0.04219409282700421,0.8966254507401079,163,1386
RELATIVE_B,5,100,1.0,123,A4_SENSOR_DRIFT,moderate,mean_voltage_v_1,99.0,0.5893512802351918,0.42036662716944306,0.026695526695526696,0.050202900963519446,0.03680981595092025,0.5032511624604236,0.518221213006489,0.8604651162790697,0.051784464660601826,0.8955455631615212,163,1386
RELATIVE_B,5,100,1.0,123,A4_SENSOR_DRIFT,strong,pooled,99.0,0.5893512802351918,0.3981436248168051,0.024350649350649352,0.04589437723488724,0.03680981595092025,0.5145928498428013,0.5417363822271798,0.9574468085106383,0.0474934036939314,0.9727529847610619,163,5544
RELATIVE_B,5,100,1.0,123,A4_SENSOR_DRIFT,strong,mean_temp_c_-1,99.0,0.5893512802351918,0.39277108433734936,0.023809523809523808,0.044897397052747555,0.03680981595092025,0.49654621225918444,0.5209213077311237,0.8461538461538461,0.046315789473684206,0.891598498655741,163,1386
RELATIVE_B,5,100,1.0,123,A4_SENSOR_DRIFT,strong,mean_temp_c_1,99.0,0.5893512802351918,0.3854566952409104,0.023088023088023088,0.043566506577573605,0.03680981595092025,0.5330772625307778,0.5729689533370514,0.8421052631578947,0.0449438202247191,0.9054861815870536,163,1386
RELATIVE_B,5,100,1.0,123,A4_SENSOR_DRIFT,strong,mean_voltage_v_-1,99.0,0.5893512802351918,0.3854566952409104,0.023088023088023088,0.043566506577573605,0.03680981595092025,0.5168588714412362,0.5372723731619437,0.8421052631578947,0.0449438202247191,0.9003455777483192,163,1386
RELATIVE_B,5,100,1.0,123,A4_SENSOR_DRIFT,strong,mean_voltage_v_1,99.0,0.5893512802351918,0.4268780151619572,0.027417027417027416,0.05152478080755985,0.03680981595092025,0.5167972935792371,0.5357828946786003,0.8636363636363636,0.05314685314685315,0.9002083810514068,163,1386
RELATIVE_B,5,100,1.0,2026,A2_EARLY_VOLTAGE_COLLAPSE,mild,pooled,99.0,0.5805465452394157,0.6636878007508857,0.09685534591194969,0.16904159034586794,0.049079754601226995,0.6512576549668189,0.67062159972219,0.9058823529411765,0.175,0.8980245846266858,163,795
RELATIVE_B,5,100,1.0,2026,A2_EARLY_VOLTAGE_COLLAPSE,moderate,pooled,99.0,0.5805465452394157,0.842679397432409,0.2628930817610063,0.40075994635672774,0.049079754601226995,0.739781758722939,0.7189682447814175,0.9631336405529954,0.4130434782608695,0.9257761072109245,163,795
RELATIVE_B,5,100,1.0,2026,A2_EARLY_VOLTAGE_COLLAPSE,strong,pooled,99.0,0.5805465452394157,0.8931056506101046,0.410062893081761,0.5620600477039184,0.049079754601226995,0.7706375890416088,0.7367789481807308,0.9760479041916168,0.5775022143489813,0.9341475954086021,163,795
RELATIVE_B,5,100,1.0,2026,A3_THERMAL_ABNORMALITY,mild,pooled,99.0,0.5805465452394157,0.43466666666666665,0.03773584905660377,0.0694429651720098,0.049079754601226995,0.5542872486576118,0.5870664042906202,0.7894736842105263,0.07202881152460984,0.856622984685744,163,795
RELATIVE_B,5,100,1.0,2026,A3_THERMAL_ABNORMALITY,moderate,pooled,99.0,0.5805465452394157,0.5759717314487632,0.06666666666666667,0.11950146627565983,0.049079754601226995,0.6095094960662659,0.6422811282170003,0.8688524590163934,0.12383177570093458,0.8817611323547689,163,795
RELATIVE_B,5,100,1.0,2026,A3_THERMAL_ABNORMALITY,strong,pooled,99.0,0.5805465452394157,0.6748964882686704,0.1018867924528302,0.17704561911658218,0.049079754601226995,0.6525415523028567,0.677501254003164,0.9101123595505618,0.18325791855203621,0.8986355216177953,163,795
RELATIVE_B,5,100,1.0,2026,A4_SENSOR_DRIFT,mild,pooled,99.0,0.5805465452394157,0.41116805183080635,0.03427128427128427,0.06326902922796258,0.049079754601226995,0.49517029273365,0.5071663169822679,0.9595959595959596,0.06617903169627308,0.9706680679249357,163,5544
RELATIVE_B,5,100,1.0,2026,A4_SENSOR_DRIFT,mild,mean_temp_c_-1,99.0,0.5805465452394157,0.40342193048531155,0.03318903318903319,0.06133232994143245,0.049079754601226995,0.4832668585035819,0.49066696766083273,0.8518518518518519,0.06388888888888888,0.8869887135950398,163,1386
RELATIVE_B,5,100,1.0,2026,A4_SENSOR_DRIFT,mild,mean_temp_c_1,99.0,0.5805465452394157,0.4137055837563452,0.03463203463203463,0.06391373606175714,0.049079754601226995,0.49529340851174386,0.5033109358262732,0.8571428571428571,0.06657420249653259,0.8922995089307562,163,1386
RELATIVE_B,5,100,1.0,2026,A4_SENSOR_DRIFT,mild,mean_voltage_v_-1,99.0,0.5805465452394157,0.40342193048531155,0.03318903318903319,0.06133232994143245,0.049079754601226995,0.4962393398599,0.4986765109464496,0.8518518518518519,0.06388888888888888,0.8922394530743856,163,1386
RELATIVE_B,5,100,1.0,2026,A4_SENSOR_DRIFT,mild,mean_voltage_v_1,99.0,0.5805465452394157,0.42364071109262913,0.03607503607503607,0.06648827685228996,0.049079754601226995,0.5107772712087546,0.5360108534955161,0.8620689655172413,0.06925207756232687,0.8981752082025083,163,1386
RELATIVE_B,5,100,1.0,2026,A4_SENSOR_DRIFT,moderate,pooled,99.0,0.5805465452394157,0.42364071109262913,0.03607503607503607,0.06648827685228996,0.049079754601226995,0.5026481402046318,0.5217252498694217,0.9615384615384616,0.06954102920723226,0.9714911607206806,163,5544
RELATIVE_B,5,100,1.0,2026,A4_SENSOR_DRIFT,moderate,mean_temp_c_-1,99.0,0.5805465452394157,0.4137055837563452,0.03463203463203463,0.06391373606175714,0.049079754601226995,0.4874680181137453,0.4975831939022123,0.8571428571428571,0.06657420249653259,0.8885964542128144,163,1386
RELATIVE_B,5,100,1.0,2026,A4_SENSOR_DRIFT,moderate,mean_temp_c_1,99.0,0.5805465452394157,0.44253393665158364,0.03896103896103896,0.07161687170474516,0.049079754601226995,0.5099462076473114,0.5352096778477147,0.8709677419354839,0.07458563535911603,0.8975645625695432,163,1386
RELATIVE_B,5,100,1.0,2026,A4_SENSOR_DRIFT,moderate,mean_voltage_v_-1,99.0,0.5805465452394157,0.40342193048531155,0.03318903318903319,0.06133232994143245,0.049079754601226995,0.5012504077560558,0.5071530378278845,0.8518518518518519,0.06388888888888888,0.8941961829351586,163,1386
RELATIVE_B,5,100,1.0,2026,A4_SENSOR_DRIFT,moderate,mean_voltage_v_1,99.0,0.5805465452394157,0.4332447352279697,0.03751803751803752,0.0690559796644968,0.049079754601226995,0.5167685961277281,0.5469550898998752,0.8666666666666667,0.0719225449515906,0.9004518406632238,163,1386
RELATIVE_B,5,100,1.0,2026,A4_SENSOR_DRIFT,strong,pooled,99.0,0.5805465452394157,0.4260721033153032,0.03643578643578643,0.06713084255058871,0.049079754601226995,0.5149550213258691,0.5422387769013537,0.9619047619047619,0.07021202641640598,0.9728264943623596,163,5544
RELATIVE_B,5,100,1.0,2026,A4_SENSOR_DRIFT,strong,mean_temp_c_-1,99.0,0.5805465452394157,0.39814362481680504,0.032467532467532464,0.06003904379535157,0.049079754601226995,0.4899438538525496,0.5104484813073771,0.8490566037735849,0.06254343293954134,0.8892906240424691,163,1386
RELATIVE_B,5,100,1.0,2026,A4_SENSOR_DRIFT,strong,mean_temp_c_1,99.0,0.5805465452394157,0.44706527701590787,0.03968253968253968,0.07289477214793613,0.049079754601226995,0.53407277956111,0.5735443833603343,0.873015873015873,0.07591442374051069,0.9061005715458392,163,1386
RELATIVE_B,5,100,1.0,2026,A4_SENSOR_DRIFT,strong,mean_voltage_v_-1,99.0,0.5805465452394157,0.4086084591178196,0.03391053391053391,0.06262389288297973,0.049079754601226995,0.5094494723276936,0.5188143485689498,0.8545454545454545,0.0652324774462179,0.8973760005180733,163,1386
RELATIVE_B,5,100,1.0,2026,A4_SENSOR_DRIFT,strong,mean_voltage_v_1,99.0,0.5805465452394157,0.44706527701590787,0.03968253968253968,0.07289477214793613,0.049079754601226995,0.5310255756921864,0.5661478943687532,0.873015873015873,0.07591442374051069,0.9055516680135071,163,1386
RELATIVE_B,5,200,0.75,42,A2_EARLY_VOLTAGE_COLLAPSE,mild,pooled,99.0,0.5760973870270192,0.7271791352093342,0.11446540880503145,0.197795750185021,0.04294478527607362,0.6754227024047652,0.6840259289269592,0.9285714285714286,0.2038073908174692,0.9063593989579437,163,795
RELATIVE_B,5,200,0.75,42,A2_EARLY_VOLTAGE_COLLAPSE,moderate,pooled,99.0,0.5760973870270192,0.8651301439581212,0.27547169811320754,0.41788266694761983,0.04294478527607362,0.7562640910103808,0.7251572327044025,0.9690265486725663,0.4289911851126346,0.9302540966402564,163,795
RELATIVE_B,5,200,0.75,42,A2_EARLY_VOLTAGE_COLLAPSE,strong,pooled,99.0,0.5760973870270192,0.9082576369541207,0.42515723270440253,0.5791930363112634,0.04294478527607362,0.7890882983170122,0.7425512212061581,0.9797101449275363,0.5929824561403508,0.9387770474732637,163,795
RELATIVE_B,5,200,0.75,42,A3_THERMAL_ABNORMALITY,mild,pooled,99.0,0.5760973870270192,0.45058742225293713,0.03522012578616352,0.06533346693960519,0.04294478527607362,0.5539130718921146,0.5869930933364201,0.8,0.06746987951807229,0.8567065846226918,163,795
RELATIVE_B,5,200,0.75,42,A3_THERMAL_ABNORMALITY,moderate,pooled,99.0,0.5760973870270192,0.6169993117687543,0.06918238993710692,0.12441453006279708,0.04294478527607362,0.6206059736921314,0.643994289462515,0.8870967741935484,0.12835472578763127,0.8862975075477321,163,795
RELATIVE_B,5,200,0.75,42,A3_THERMAL_ABNORMALITY,strong,pooled,99.0,0.5760973870270192,0.7204781756994324,0.11069182389937107,0.19190067828809185,0.04294478527607362,0.6719505230891295,0.6831114712350967,0.9263157894736842,0.19775280898876405,0.9053526369078051,163,795
RELATIVE_B,5,200,0.75,42,A4_SENSOR_DRIFT,mild,pooled,99.0,0.5760973870270192,0.40934203917629325,0.02976190476190476,0.055489361702127656,0.04294478527607362,0.4935770717093304,0.5034238086385325,0.9593023255813954,0.057732680195941216,0.9704575861520757,163,5544
RELATIVE_B,5,200,0.75,42,A4_SENSOR_DRIFT,mild,mean_temp_c_-1,99.0,0.5760973870270192,0.4078730546231309,0.02958152958152958,0.05516233806432442,0.04294478527607362,0.4837493489569119,0.4890690427500244,0.8541666666666666,0.05718270571827057,0.8867142657915504,163,1386
RELATIVE_B,5,200,0.75,42,A4_SENSOR_DRIFT,mild,mean_temp_c_1,99.0,0.5760973870270192,0.41942433127879836,0.031024531024531024,0.057775451409353376,0.04294478527607362,0.4955788145371599,0.5068520436618597,0.86,0.05988857938718663,0.8923217770003158,163,1386
RELATIVE_B,5,200,0.75,42,A4_SENSOR_DRIFT,mild,mean_voltage_v_-1,99.0,0.5760973870270192,0.376878612716763,0.025974025974025976,0.048598688133571856,0.04294478527607362,0.5009994119623252,0.5081224160978762,0.8372093023255814,0.05038488453463961,0.8941550171788053,163,1386
RELATIVE_B,5,200,0.75,42,A4_SENSOR_DRIFT,mild,mean_voltage_v_1,99.0,0.5760973870270192,0.4305335446381405,0.032467532467532464,0.06038155213928505,0.04294478527607362,0.4987060636854468,0.5096517320443701,0.8653846153846154,0.06258692628650904,0.8936607619155087,163,1386
RELATIVE_B,5,200,0.75,42,A4_SENSOR_DRIFT,moderate,pooled,99.0,0.5760973870270192,0.43859040013887685,0.03354978354978355,0.062331542622414936,0.04294478527607362,0.5007669437023098,0.5165319939092945,0.9637305699481865,0.06484225204810878,0.9712648124403832,163,5544
RELATIVE_B,5,200,0.75,42,A4_SENSOR_DRIFT,moderate,mean_temp_c_-1,99.0,0.5760973870270192,0.4614487926727727,0.0367965367965368,0.06815805979510768,0.04294478527607362,0.48672377894048513,0.49227374534123003,0.8793103448275862,0.07063711911357341,0.8886205229376096,163,1386
RELATIVE_B,5,200,0.75,42,A4_SENSOR_DRIFT,moderate,mean_temp_c_1,99.0,0.5760973870270192,0.4412255946553015,0.03391053391053391,0.06298066844513135,0.04294478527607362,0.5096980121794266,0.5371705663116706,0.8703703703703703,0.06527777777777778,0.8973673511561184,163,1386
RELATIVE_B,5,200,0.75,42,A4_SENSOR_DRIFT,moderate,mean_voltage_v_-1,99.0,0.5760973870270192,0.40192331401800024,0.02886002886002886,0.05385314280994466,0.04294478527607362,0.5088975674681393,0.5204808824440726,0.851063829787234,0.055826936496859735,0.8971204055016699,163,1386
RELATIVE_B,5,200,0.75,42,A4_SENSOR_DRIFT,moderate,mean_voltage_v_1,99.0,0.5760973870270192,0.44642245806230746,0.03463203463203463,0.06427761620742348,0.04294478527607362,0.5022736958967656,0.5162027815402049,0.8727272727272727,0.06662040249826509,0.8950637186467886,163,1386
RELATIVE_B,5,200,0.75,42,A4_SENSOR_DRIFT,strong,pooled,99.0,0.5760973870270192,0.44383616612685944,0.03427128427128427,0.06362935949458112,0.04294478527607362,0.5131217332366586,0.5382893350684761,0.9644670050761421,0.06619055913603902,0.9725940305941324,163,5544
RELATIVE_B,5,200,0.75,42,A4_SENSOR_DRIFT,strong,mean_temp_c_-1,99.0,0.5760973870270192,0.4305335446381405,0.032467532467532464,0.06038155213928505,0.04294478527607362,0.4911931778877785,0.5087133384679396,0.8653846153846154,0.06258692628650904,0.8896596101809447,163,1386
RELATIVE_B,5,200,0.75,42,A4_SENSOR_DRIFT,strong,mean_temp_c_1,99.0,0.5760973870270192,0.44642245806230746,0.03463203463203463,0.06427761620742348,0.04294478527607362,0.5320575858213931,0.5766251471772944,0.8727272727272727,0.06662040249826509,0.9050443258677735,163,1386
RELATIVE_B,5,200,0.75,42,A4_SENSOR_DRIFT,strong,mean_voltage_v_-1,99.0,0.5760973870270192,0.43593023255813956,0.03318903318903319,0.06168198158918715,0.04294478527607362,0.5185312041873708,0.5341429191122442,0.8679245283018868,0.06393328700486449,0.9007054170645294,163,1386
RELATIVE_B,5,200,0.75,42,A4_SENSOR_DRIFT,strong,mean_voltage_v_1,99.0,0.5760973870270192,0.4614487926727727,0.0367965367965368,0.06815805979510768,0.04294478527607362,0.5150210861577623,0.5336759355164263,0.8793103448275862,0.07063711911357341,0.8997911299491986,163,1386
RELATIVE_B,5,200,0.75,123,A2_EARLY_VOLTAGE_COLLAPSE,mild,pooled,99.0,0.6089606107004795,0.8493604926575083,0.06918238993710692,0.12794348508634223,0.012269938650306749,0.6899099645169777,0.6860593432881892,0.9649122807017544,0.12910798122065728,0.9105833615766853,163,795
RELATIVE_B,5,200,0.75,123,A2_EARLY_VOLTAGE_COLLAPSE,moderate,pooled,99.0,0.6089606107004795,0.9472023908351319,0.22012578616352202,0.3572323105823419,0.012269938650306749,0.7821624991158731,0.7323609985723656,0.9887005649717514,0.360082304526749,0.9364574850184509,163,795
RELATIVE_B,5,200,0.75,123,A2_EARLY_VOLTAGE_COLLAPSE,strong,pooled,99.0,0.6089606107004795,0.9667933670272755,0.3572327044025157,0.5216969915533592,0.012269938650306749,0.8114108065860617,0.7489138403364588,0.993006993006993,0.5254394079555966,0.9437521595212147,163,795
RELATIVE_B,5,200,0.75,123,A3_THERMAL_ABNORMALITY,mild,pooled,99.0,0.6089606107004795,0.5713130223779994,0.016352201257861635,0.03179437934190586,0.012269938650306749,0.5615394862104688,0.5879962958675773,0.8666666666666667,0.03209876543209876,0.8605286866425709,163,795
RELATIVE_B,5,200,0.75,123,A3_THERMAL_ABNORMALITY,moderate,pooled,99.0,0.6089606107004795,0.7957348406988695,0.04779874213836478,0.09018046284096122,0.012269938650306749,0.6354051783702934,0.6485781533356484,0.95,0.09101796407185629,0.8917477633746123,163,795
RELATIVE_B,5,200,0.75,123,A3_THERMAL_ABNORMALITY,strong,pooled,99.0,0.6089606107004795,0.8493604926575083,0.06918238993710692,0.12794348508634223,0.012269938650306749,0.6959055180678961,0.6911911100821855,0.9649122807017544,0.12910798122065728,0.9126873142512333,163,795
RELATIVE_B,5,200,0.75,123,A4_SENSOR_DRIFT,mild,pooled,99.0,0.6089606107004795,0.44706527701590787,0.00992063492063492,0.019410538850848466,0.012269938650306749,0.49660639984357013,0.5066224249506458,0.9649122807017544,0.019639350116050704,0.9708745592125555,163,5544
RELATIVE_B,5,200,0.75,123,A4_SENSOR_DRIFT,mild,mean_temp_c_-1,99.0,0.6089606107004795,0.19042056074766356,0.002886002886002886,0.00568583164008337,0.012269938650306749,0.4873498074658268,0.49189971582609615,0.6666666666666666,0.005747126436781608,0.8887774098672111,163,1386
RELATIVE_B,5,200,0.75,123,A4_SENSOR_DRIFT,mild,mean_temp_c_1,99.0,0.6089606107004795,0.4515235457063712,0.010101010101010102,0.019759970905564313,0.012269938650306749,0.4963904696646407,0.5038398888092139,0.875,0.01997146932952925,0.8927981911543892,163,1386
RELATIVE_B,5,200,0.75,123,A4_SENSOR_DRIFT,mild,mean_voltage_v_-1,99.0,0.6089606107004795,0.5141955835962145,0.012987012987012988,0.02533416226297793,0.012269938650306749,0.5006177637948287,0.5056303614585824,0.9,0.025604551920341393,0.8940639833530677,163,1386
RELATIVE_B,5,200,0.75,123,A4_SENSOR_DRIFT,mild,mean_voltage_v_1,99.0,0.6089606107004795,0.5276878514227296,0.013708513708513708,0.026722810166230203,0.012269938650306749,0.5066556452257694,0.5251197337086908,0.9047619047619048,0.027007818052594175,0.8967588760150849,163,1386
RELATIVE_B,5,200,0.75,123,A4_SENSOR_DRIFT,moderate,pooled,99.0,0.6089606107004795,0.4515235457063712,0.010101010101010102,0.019759970905564313,0.012269938650306749,0.5050214750965508,0.5216926052815624,0.9655172413793104,0.0199928596929668,0.9718217737286186,163,5544
RELATIVE_B,5,200,0.75,123,A4_SENSOR_DRIFT,moderate,mean_temp_c_-1,99.0,0.6089606107004795,0.31992149165848865,0.005772005772005772,0.011339426245902067,0.012269938650306749,0.4965350878803168,0.5011375808921821,0.8,0.011461318051575931,0.892763950999292,163,1386
RELATIVE_B,5,200,0.75,123,A4_SENSOR_DRIFT,moderate,mean_temp_c_1,99.0,0.6089606107004795,0.37028623353021356,0.007215007215007215,0.014154220215352554,0.012269938650306749,0.5097793089531985,0.5329013181773917,0.8333333333333334,0.01430615164520744,0.8976171754095942,163,1386
RELATIVE_B,5,200,0.75,123,A4_SENSOR_DRIFT,moderate,mean_voltage_v_-1,99.0,0.6089606107004795,0.5141955835962145,0.012987012987012988,0.02533416226297793,0.012269938650306749,0.5064569970014224,0.5174820067458105,0.9,0.025604551920341393,0.8966211587869789,163,1386
RELATIVE_B,5,200,0.75,123,A4_SENSOR_DRIFT,moderate,mean_voltage_v_1,99.0,0.6089606107004795,0.5404509283819628,0.01443001443001443,0.02810950635912912,0.012269938650306749,0.5127343494081609,0.535249515310865,0.9090909090909091,0.028409090909090908,0.8991985933045159,163,1386
RELATIVE_B,5,200,0.75,123,A4_SENSOR_DRIFT,strong,pooled,99.0,0.6089606107004795,0.44253393665158364,0.00974025974025974,0.019060983453195346,0.012269938650306749,0.5187294776576861,0.5450108003788985,0.9642857142857143,0.019285714285714288,0.9732757856064375,163,5544
RELATIVE_B,5,200,0.75,123,A4_SENSOR_DRIFT,strong,mean_temp_c_-1,99.0,0.6089606107004795,0.10522918011620401,0.001443001443001443,0.002846962657630908,0.012269938650306749,0.49961220420722563,0.5188586124168946,0.5,0.0028776978417266188,0.8932579643501345,163,1386
RELATIVE_B,5,200,0.75,123,A4_SENSOR_DRIFT,strong,mean_temp_c_1,99.0,0.6089606107004795,0.37028623353021356,0.007215007215007215,0.014154220215352554,0.012269938650306749,0.5364280568193713,0.5751666533875123,0.8333333333333334,0.01430615164520744,0.9069585960183193,163,1386
RELATIVE_B,5,200,0.75,123,A4_SENSOR_DRIFT,strong,mean_voltage_v_-1,99.0,0.6089606107004795,0.5141955835962145,0.012987012987012988,0.02533416226297793,0.012269938650306749,0.5178260633193978,0.5321289140307546,0.9,0.025604551920341393,0.9007717979630896,163,1386
RELATIVE_B,5,200,0.75,123,A4_SENSOR_DRIFT,strong,mean_voltage_v_1,99.0,0.6089606107004795,0.5852782764811489,0.017316017316017316,0.033636856088941625,0.012269938650306749,0.5260814909082481,0.5538890216804327,0.9230769230769231,0.03399433427762039,0.9038456768688938,163,1386
RELATIVE_B,5,200,0.75,2026,A2_EARLY_VOLTAGE_COLLAPSE,mild,pooled,99.0,0.5861748236991273,0.7913659624721165,0.0930817610062893,0.16657115040703735,0.024539877300613498,0.6761848785788316,0.6862021067253153,0.9487179487179487,0.16953035509736541,0.9066370452128473,163,795
RELATIVE_B,5,200,0.75,2026,A2_EARLY_VOLTAGE_COLLAPSE,moderate,pooled,99.0,0.5861748236991273,0.9068814055636896,0.2389937106918239,0.37829419488808136,0.024539877300613498,0.7632714285467359,0.7293089477948838,0.979381443298969,0.38422649140546006,0.9321780570797732,163,795
RELATIVE_B,5,200,0.75,2026,A2_EARLY_VOLTAGE_COLLAPSE,strong,pooled,99.0,0.5861748236991273,0.9369672943508424,0.36477987421383645,0.5251201155330908,0.024539877300613498,0.7941156582549717,0.7463402399969133,0.9863945578231292,0.5325987144168962,0.9401109931156262,163,795
RELATIVE_B,5,200,0.75,2026,A3_THERMAL_ABNORMALITY,mild,pooled,99.0,0.5861748236991273,0.5713130223779994,0.03270440251572327,0.06186725838120333,0.024539877300613498,0.5585946498800847,0.5841571169502643,0.8666666666666667,0.06303030303030302,0.8587036231446751,163,795
RELATIVE_B,5,200,0.75,2026,A3_THERMAL_ABNORMALITY,moderate,pooled,99.0,0.5861748236991273,0.7381638534376287,0.06918238993710692,0.12650814929796092,0.024539877300613498,0.6327187882065145,0.6454373577188718,0.9322033898305084,0.1288056206088993,0.8905072105569605,163,795
RELATIVE_B,5,200,0.75,2026,A3_THERMAL_ABNORMALITY,strong,pooled,99.0,0.5861748236991273,0.8296276453254755,0.11949685534591195,0.20890387858347387,0.024539877300613498,0.6926616223817766,0.6888991781456187,0.9595959595959596,0.21252796420581657,0.9115616996865399,163,795
RELATIVE_B,5,200,0.75,2026,A4_SENSOR_DRIFT,mild,pooled,99.0,0.5861748236991273,0.4515235457063712,0.020202020202020204,0.03867370543923127,0.024539877300613498,0.4939865206323093,0.5035460875184801,0.9655172413793104,0.039575971731448764,0.97051337638147,163,5544
RELATIVE_B,5,200,0.75,2026,A4_SENSOR_DRIFT,mild,mean_temp_c_-1,99.0,0.5861748236991273,0.31992149165848865,0.011544011544011544,0.022283932157047038,0.024539877300613498,0.48335646024394235,0.49094582990288516,0.8,0.022759601706970126,0.8867880510363044,163,1386
RELATIVE_B,5,200,0.75,2026,A4_SENSOR_DRIFT,mild,mean_temp_c_1,99.0,0.5861748236991273,0.4847583643122677,0.023088023088023088,0.04407676252123138,0.024539877300613498,0.49532368379656655,0.5036318487238731,0.8888888888888888,0.0450070323488045,0.8922110701649393,163,1386
RELATIVE_B,5,200,0.75,2026,A4_SENSOR_DRIFT,mild,mean_voltage_v_-1,99.0,0.5861748236991273,0.44253393665158364,0.01948051948051948,0.037318273743656274,0.024539877300613498,0.5013917950754252,0.5066041661133686,0.8709677419354839,0.038108680310515175,0.8942683063975058,163,1386
RELATIVE_B,5,200,0.75,2026,A4_SENSOR_DRIFT,mild,mean_voltage_v_1,99.0,0.5861748236991273,0.521036717062635,0.026695526695526696,0.05078886535603155,0.024539877300613498,0.500351956650023,0.5130025053337937,0.9024390243902439,0.05185704274702173,0.8942489748629865,163,1386
RELATIVE_B,5,200,0.75,2026,A4_SENSOR_DRIFT,moderate,pooled,99.0,0.5861748236991273,0.47072722499343655,0.021825396825396824,0.04171659240818511,0.024539877300613498,0.5022421921925647,0.5187247142768615,0.968,0.04268830481566414,0.9714474513450767,163,5544
RELATIVE_B,5,200,0.75,2026,A4_SENSOR_DRIFT,moderate,mean_temp_c_-1,99.0,0.5861748236991273,0.42364071109262913,0.018037518037518036,0.034601782310210286,0.024539877300613498,0.492391292000008,0.5005555112917076,0.8620689655172413,0.03533568904593639,0.8910431900113498,163,1386
RELATIVE_B,5,200,0.75,2026,A4_SENSOR_DRIFT,moderate,mean_temp_c_1,99.0,0.5861748236991273,0.44253393665158364,0.01948051948051948,0.037318273743656274,0.024539877300613498,0.5105025784869823,0.5338906151789587,0.8709677419354839,0.038108680310515175,0.8977603039537108,163,1386
RELATIVE_B,5,200,0.75,2026,A4_SENSOR_DRIFT,moderate,mean_voltage_v_-1,99.0,0.5861748236991273,0.4686601495112133,0.021645021645021644,0.04137896019496344,0.024539877300613498,0.506476413447379,0.5187545923742243,0.8823529411764706,0.04225352112676056,0.8965401085092688,163,1386
RELATIVE_B,5,200,0.75,2026,A4_SENSOR_DRIFT,moderate,mean_voltage_v_1,99.0,0.5861748236991273,0.5341567935467608,0.02813852813852814,0.05346082524945442,0.024539877300613498,0.5047978291427457,0.5216981382625555,0.9069767441860465,0.054583624912526246,0.8959070153960016,163,1386
RELATIVE_B,5,200,0.75,2026,A4_SENSOR_DRIFT,strong,pooled,99.0,0.5861748236991273,0.46657686479205257,0.021464646464646464,0.04104121153774947,0.024539877300613498,0.513708968911663,0.5405108269372073,0.967479674796748,0.04199752955708488,0.9726694611058445,163,5544
RELATIVE_B,5,200,0.75,2026,A4_SENSOR_DRIFT,strong,mean_temp_c_-1,99.0,0.5861748236991273,0.3060458129928652,0.010822510822510822,0.020905744590798903,0.024539877300613498,0.4925340582358069,0.5163886897015731,0.7894736842105263,0.021352313167259787,0.8903354392311436,163,1386
RELATIVE_B,5,200,0.75,2026,A4_SENSOR_DRIFT,strong,mean_temp_c_1,99.0,0.5861748236991273,0.47683306596206476,0.022366522366522368,0.04272879098577258,0.024539877300613498,0.5338948154766261,0.574604502518613,0.8857142857142857,0.04363124560168895,0.9058545935953906,163,1386
RELATIVE_B,5,200,0.75,2026,A4_SENSOR_DRIFT,strong,mean_voltage_v_-1,99.0,0.5861748236991273,0.4847583643122677,0.023088023088023088,0.04407676252123138,0.024539877300613498,0.5155330224262726,0.5308209173239848,0.8888888888888888,0.0450070323488045,0.8998973673741709,163,1386
RELATIVE_B,5,200,0.75,2026,A4_SENSOR_DRIFT,strong,mean_voltage_v_1,99.0,0.5861748236991273,0.546577247076143,0.02958152958152958,0.05612546977681664,0.024539877300613498,0.5177276047202706,0.5402291982046583,0.9111111111111111,0.0573025856044724,0.9007068757249703,163,1386
RELATIVE_B,5,200,1.0,42,A2_EARLY_VOLTAGE_COLLAPSE,mild,pooled,99.0,0.602940455866812,0.7021914216145346,0.05786163522012579,0.10691344117835781,0.024539877300613498,0.6620449385421547,0.6773970752787746,0.92,0.10887573964497042,0.9017489201317579,163,795
RELATIVE_B,5,200,1.0,42,A2_EARLY_VOLTAGE_COLLAPSE,moderate,pooled,99.0,0.602940455866812,0.8649968159626407,0.15723270440251572,0.26609638239519395,0.024539877300613498,0.7515338885885988,0.7221399081683837,0.9689922480620154,0.27056277056277056,0.9289493406035022,163,795
RELATIVE_B,5,200,1.0,42,A2_EARLY_VOLTAGE_COLLAPSE,strong,pooled,99.0,0.602940455866812,0.909051909051909,0.24528301886792453,0.38632634457611664,0.024539877300613498,0.7852924168858215,0.740868927730833,0.9798994974874372,0.3923541247484909,0.9378895316983017,163,795
RELATIVE_B,5,200,1.0,42,A3_THERMAL_ABNORMALITY,mild,pooled,99.0,0.602940455866812,0.4505874222529371,0.02012578616352201,0.038530578475766956,0.024539877300613498,0.5440388554926676,0.5750704171007447,0.8,0.03926380368098159,0.8509947432980947,163,795
RELATIVE_B,5,200,1.0,42,A3_THERMAL_ABNORMALITY,moderate,pooled,99.0,0.602940455866812,0.5893595041322314,0.03522012578616352,0.06646811671242053,0.024539877300613498,0.6031012393968533,0.6319983022726396,0.875,0.06771463119709795,0.8788931267214238,163,795
RELATIVE_B,5,200,1.0,42,A3_THERMAL_ABNORMALITY,strong,pooled,99.0,0.602940455866812,0.7309417040358744,0.06666666666666667,0.12218890554722639,0.024539877300613498,0.657316808784036,0.6724890998186519,0.9298245614035088,0.12441314553990611,0.9000115342631605,163,795
RELATIVE_B,5,200,1.0,42,A4_SENSOR_DRIFT,mild,pooled,99.0,0.602940455866812,0.3553675765239383,0.013528138528138528,0.026064069640635644,0.024539877300613498,0.49092319595530765,0.5005615975708,0.9493670886075949,0.026676151520540637,0.9700991958197822,163,5544
RELATIVE_B,5,200,1.0,42,A4_SENSOR_DRIFT,mild,mean_temp_c_-1,99.0,0.602940455866812,0.27652355474357304,0.00937950937950938,0.018143599008480997,0.024539877300613498,0.48206706752141415,0.4880753193636629,0.7647058823529411,0.018531717747683536,0.8861400589913146,163,1386
RELATIVE_B,5,200,1.0,42,A4_SENSOR_DRIFT,mild,mean_temp_c_1,99.0,0.602940455866812,0.3060458129928652,0.010822510822510822,0.020905744590798903,0.024539877300613498,0.49000886645113967,0.5017771934949848,0.7894736842105263,0.021352313167259787,0.8897521650219299,163,1386
RELATIVE_B,5,200,1.0,42,A4_SENSOR_DRIFT,mild,mean_voltage_v_-1,99.0,0.602940455866812,0.37028623353021356,0.01443001443001443,0.027777541091163167,0.024539877300613498,0.49810485817866473,0.5044153188324968,0.8333333333333334,0.028368794326241134,0.8930311489039828,163,1386
RELATIVE_B,5,200,1.0,42,A4_SENSOR_DRIFT,mild,mean_voltage_v_1,99.0,0.602940455866812,0.44253393665158364,0.01948051948051948,0.037318273743656274,0.024539877300613498,0.4983314212493374,0.5079785585920555,0.8709677419354839,0.038108680310515175,0.8937519534918126,163,1386
RELATIVE_B,5,200,1.0,42,A4_SENSOR_DRIFT,moderate,pooled,99.0,0.602940455866812,0.38730176272310324,0.015512265512265512,0.029829784245839295,0.024539877300613498,0.49888223722963754,0.5139641374303952,0.9555555555555556,0.030528931487397944,0.971009770078844,163,5544
RELATIVE_B,5,200,1.0,42,A4_SENSOR_DRIFT,moderate,mean_temp_c_-1,99.0,0.602940455866812,0.358407591713922,0.013708513708513708,0.026407002076236682,0.024539877300613498,0.49108360798476863,0.49834895847165794,0.8260869565217391,0.026969481902058196,0.8902159076625071,163,1386
RELATIVE_B,5,200,1.0,42,A4_SENSOR_DRIFT,moderate,mean_temp_c_1,99.0,0.602940455866812,0.3332531569452796,0.012265512265512266,0.02366020159413917,0.024539877300613498,0.5038940450482663,0.5291499570640675,0.8095238095238095,0.024164889836531627,0.8948447764402407,163,1386
RELATIVE_B,5,200,1.0,42,A4_SENSOR_DRIFT,moderate,mean_voltage_v_-1,99.0,0.602940455866812,0.3817330210772834,0.015151515151515152,0.02914617791685293,0.024539877300613498,0.504466043314599,0.5150806929948034,0.84,0.0297661233167966,0.8954983560171014,163,1386
RELATIVE_B,5,200,1.0,42,A4_SENSOR_DRIFT,moderate,mean_voltage_v_1,99.0,0.602940455866812,0.46022782591763217,0.020923520923520924,0.04002726629944663,0.024539877300613498,0.5009198460476281,0.5132769411910516,0.8787878787878788,0.0408738548273432,0.8947444600840025,163,1386
RELATIVE_B,5,200,1.0,42,A4_SENSOR_DRIFT,strong,pooled,99.0,0.602940455866812,0.37891051673435094,0.014971139971139972,0.028804196824065313,0.024539877300613498,0.5106199042098192,0.5350414752255243,0.9540229885057471,0.029479666133901617,0.9722726561839341,163,5544
RELATIVE_B,5,200,1.0,42,A4_SENSOR_DRIFT,strong,mean_temp_c_-1,99.0,0.602940455866812,0.2608,0.008658008658008658,0.016759632933192815,0.024539877300613498,0.49179286581729476,0.5148859320638461,0.75,0.017118402282453638,0.8897597293305104,163,1386
RELATIVE_B,5,200,1.0,42,A4_SENSOR_DRIFT,strong,mean_temp_c_1,99.0,0.602940455866812,0.3460721868365181,0.012987012987012988,0.025034556903701433,0.024539877300613498,0.5277755084328837,0.5689365167892775,0.8181818181818182,0.025568181818181816,0.9034411834200566,163,1386
RELATIVE_B,5,200,1.0,42,A4_SENSOR_DRIFT,strong,mean_voltage_v_-1,99.0,0.602940455866812,0.40342193048531155,0.016594516594516596,0.03187776081900932,0.024539877300613498,0.514956140471517,0.5288733080144123,0.8518518518518519,0.03255484784147204,0.8992848101635331,163,1386
RELATIVE_B,5,200,1.0,42,A4_SENSOR_DRIFT,strong,mean_voltage_v_1,99.0,0.602940455866812,0.4686601495112133,0.021645021645021644,0.04137896019496344,0.024539877300613498,0.5120767045599295,0.5274701440345612,0.8823529411764706,0.04225352112676056,0.8987604094560877,163,1386
RELATIVE_B,5,200,1.0,123,A2_EARLY_VOLTAGE_COLLAPSE,mild,pooled,99.0,0.5975572670080234,0.8065379623621025,0.07672955974842767,0.14012810665689543,0.018404907975460124,0.6715250172587433,0.6812401126673612,0.953125,0.1420256111757858,0.9049156670865218,163,795
RELATIVE_B,5,200,1.0,123,A2_EARLY_VOLTAGE_COLLAPSE,moderate,pooled,99.0,0.5975572670080234,0.9311867047520125,0.2490566037735849,0.39300065755826696,0.018404907975460124,0.7662983983186641,0.7270633175136012,0.9850746268656716,0.39759036144578314,0.9326436092703423,163,795
RELATIVE_B,5,200,1.0,123,A2_EARLY_VOLTAGE_COLLAPSE,strong,pooled,99.0,0.5975572670080234,0.9542226487523993,0.3836477987421384,0.5472658722514242,0.018404907975460124,0.7985378841024569,0.7447582667747039,0.9902597402597403,0.5530371713508613,0.9408620453068017,163,795
RELATIVE_B,5,200,1.0,123,A3_THERMAL_ABNORMALITY,mild,pooled,99.0,0.5975572670080234,0.5374321179208689,0.021383647798742137,0.04113076198039201,0.018404907975460124,0.5563674887655146,0.5837519774665278,0.85,0.04171779141104295,0.8576514223535694,163,795
RELATIVE_B,5,200,1.0,123,A3_THERMAL_ABNORMALITY,moderate,pooled,99.0,0.5975572670080234,0.7546296296296295,0.05660377358490566,0.10530849574674277,0.018404907975460124,0.6232067677543905,0.6425820889763476,0.9375,0.10676156583629894,0.887089543756252,163,795
RELATIVE_B,5,200,1.0,123,A3_THERMAL_ABNORMALITY,strong,pooled,99.0,0.5975572670080234,0.8545997683350607,0.10817610062893082,0.19204318163136697,0.018404907975460124,0.6801408356503048,0.684948103561369,0.9662921348314607,0.1945701357466063,0.9078116387290431,163,795
RELATIVE_B,5,200,1.0,123,A4_SENSOR_DRIFT,mild,pooled,99.0,0.5975572670080234,0.4768330659620647,0.016774891774891776,0.032409619621513626,0.018404907975460124,0.4941073077685637,0.5026718765215699,0.96875,0.03297872340425532,0.9705644260830371,163,5544
RELATIVE_B,5,200,1.0,123,A4_SENSOR_DRIFT,mild,mean_temp_c_-1,99.0,0.5975572670080234,0.37028623353021356,0.010822510822510822,0.021030358548260155,0.018404907975460124,0.4867493649477922,0.4942766844607336,0.8333333333333334,0.021367521367521364,0.8883179777255681,163,1386
RELATIVE_B,5,200,1.0,123,A4_SENSOR_DRIFT,mild,mean_temp_c_1,99.0,0.5975572670080234,0.45152354570637115,0.015151515151515152,0.029319183379800346,0.018404907975460124,0.4951194082642941,0.5029767437742898,0.875,0.029787234042553193,0.8922052583159892,163,1386
RELATIVE_B,5,200,1.0,123,A4_SENSOR_DRIFT,mild,mean_voltage_v_-1,99.0,0.5975572670080234,0.5141955835962145,0.01948051948051948,0.037538863086784634,0.018404907975460124,0.5016861751925039,0.5098929700156694,0.9,0.03813559322033898,0.8943602232240123,163,1386
RELATIVE_B,5,200,1.0,123,A4_SENSOR_DRIFT,mild,mean_voltage_v_1,99.0,0.5975572670080234,0.5404509283819628,0.021645021645021644,0.04162304333392916,0.018404907975460124,0.49757253009946634,0.5035411078355864,0.9090909090909091,0.04228329809725158,0.8934749491942293,163,1386
RELATIVE_B,5,200,1.0,123,A4_SENSOR_DRIFT,moderate,pooled,99.0,0.5975572670080234,0.4821434131456861,0.017135642135642136,0.033095067370956494,0.018404907975460124,0.5027692730905324,0.5173719004240477,0.9693877551020408,0.033676001417936904,0.971571589218993,163,5544
RELATIVE_B,5,200,1.0,123,A4_SENSOR_DRIFT,moderate,mean_temp_c_-1,99.0,0.5975572670080234,0.31992149165848865,0.008658008658008658,0.016859743483657427,0.018404907975460124,0.498682711658794,0.507011393514461,0.8,0.017130620985010704,0.8935417695493193,163,1386
RELATIVE_B,5,200,1.0,123,A4_SENSOR_DRIFT,moderate,mean_temp_c_1,99.0,0.5975572670080234,0.46306818181818177,0.015873015873015872,0.030693908294887485,0.018404907975460124,0.5095400950597203,0.5308364096707655,0.88,0.031183557760453576,0.8975834434526903,163,1386
RELATIVE_B,5,200,1.0,123,A4_SENSOR_DRIFT,moderate,mean_voltage_v_-1,99.0,0.5975572670080234,0.5141955835962145,0.01948051948051948,0.037538863086784634,0.018404907975460124,0.5073571634332643,0.5216870723005692,0.9,0.03813559322033898,0.8968439376055355,163,1386
RELATIVE_B,5,200,1.0,123,A4_SENSOR_DRIFT,moderate,mean_voltage_v_1,99.0,0.5975572670080234,0.571340206185567,0.024531024531024532,0.04704224634790211,0.018404907975460124,0.5007575124286572,0.5099527262103949,0.918918918918919,0.04778636683063949,0.8946780190541708,163,1386
RELATIVE_B,5,200,1.0,123,A4_SENSOR_DRIFT,strong,pooled,99.0,0.5975572670080234,0.4768330659620647,0.016774891774891776,0.032409619621513626,0.018404907975460124,0.5150071605846139,0.5399685947998831,0.96875,0.03297872340425532,0.9728726352290534,163,5544
RELATIVE_B,5,200,1.0,123,A4_SENSOR_DRIFT,strong,mean_temp_c_-1,99.0,0.5975572670080234,0.2153236459709379,0.005050505050505051,0.009869516514789138,0.018404907975460124,0.5012141241942726,0.5248519374286246,0.7,0.01002865329512894,0.8936881549791701,163,1386
RELATIVE_B,5,200,1.0,123,A4_SENSOR_DRIFT,strong,mean_temp_c_1,99.0,0.5975572670080234,0.4137055837563452,0.012987012987012988,0.02518346852066435,0.018404907975460124,0.5349524171423491,0.573139369151639,0.8571428571428571,0.0255863539445629,0.9061601365816782,163,1386
RELATIVE_B,5,200,1.0,123,A4_SENSOR_DRIFT,strong,mean_voltage_v_-1,99.0,0.5975572670080234,0.5485832157203343,0.022366522366522368,0.042980661679333475,0.018404907975460124,0.5175007807170052,0.5358138793721615,0.9117647058823529,0.04366197183098592,0.9006439781670399,163,1386
RELATIVE_B,5,200,1.0,123,A4_SENSOR_DRIFT,strong,mean_voltage_v_1,99.0,0.5975572670080234,0.5919128471881441,0.026695526695526696,0.051087007162007064,0.018404907975460124,0.5115368726798022,0.5260691932471074,0.925,0.051893408134642355,0.8987402236237809,163,1386
RELATIVE_B,5,200,1.0,2026,A2_EARLY_VOLTAGE_COLLAPSE,mild,pooled,99.0,0.5927258980154497,0.679349287442861,0.0779874213836478,0.13991319456462298,0.03680981595092025,0.6550317898279135,0.6764363159316279,0.9117647058823529,0.1436848203939745,0.8994068341000808,163,795
RELATIVE_B,5,200,1.0,2026,A2_EARLY_VOLTAGE_COLLAPSE,moderate,pooled,99.0,0.5927258980154497,0.8640560875512996,0.2339622641509434,0.3682206554808621,0.03680981595092025,0.7416483734200123,0.7211405641085001,0.96875,0.3768996960486322,0.926302676376154,163,795
RELATIVE_B,5,200,1.0,2026,A2_EARLY_VOLTAGE_COLLAPSE,strong,pooled,99.0,0.5927258980154497,0.9139967185330761,0.39119496855345914,0.5478902771172884,0.03680981595092025,0.7740553484121023,0.7387429100590346,0.9810725552050473,0.5593525179856115,0.9349710611350287,163,795
RELATIVE_B,5,200,1.0,2026,A3_THERMAL_ABNORMALITY,mild,pooled,99.0,0.5927258980154497,0.41779567923837424,0.026415094339622643,0.049688629534468495,0.03680981595092025,0.5487212626630555,0.5792028398348574,0.7777777777777778,0.051094890510948905,0.8538285949226507,163,795
RELATIVE_B,5,200,1.0,2026,A3_THERMAL_ABNORMALITY,moderate,pooled,99.0,0.5927258980154497,0.5950420239409119,0.05408805031446541,0.09916244588438358,0.03680981595092025,0.6045493227975495,0.6360574140525525,0.8775510204081632,0.10189573459715641,0.8797404525041816,163,795
RELATIVE_B,5,200,1.0,2026,A3_THERMAL_ABNORMALITY,strong,pooled,99.0,0.5927258980154497,0.679349287442861,0.0779874213836478,0.13991319456462298,0.03680981595092025,0.6509893391431147,0.673685225913493,0.9117647058823529,0.1436848203939745,0.8981618393241863,163,795
RELATIVE_B,5,200,1.0,2026,A4_SENSOR_DRIFT,mild,pooled,99.0,0.5927258980154497,0.43324473522796975,0.02813852813852814,0.0528448695088345,0.03680981595092025,0.49382599649072184,0.5034813516408609,0.9629629629629629,0.05467928496319664,0.970545569268861,163,5544
RELATIVE_B,5,200,1.0,2026,A4_SENSOR_DRIFT,mild,mean_temp_c_-1,99.0,0.5927258980154497,0.42036662716944306,0.026695526695526696,0.050202900963519446,0.03680981595092025,0.48288184226200825,0.4895360263458423,0.8604651162790697,0.051784464660601826,0.8868692770215295,163,1386
RELATIVE_B,5,200,1.0,2026,A4_SENSOR_DRIFT,mild,mean_temp_c_1,99.0,0.5927258980154497,0.4394715556753842,0.02886002886002886,0.0541631707053673,0.03680981595092025,0.4938509272110796,0.5018989190768333,0.8695652173913043,0.0558659217877095,0.8917217191580068,163,1386
RELATIVE_B,5,200,1.0,2026,A4_SENSOR_DRIFT,mild,mean_voltage_v_-1,99.0,0.5927258980154497,0.4137055837563452,0.025974025974025976,0.048879226328810255,0.03680981595092025,0.5007430843798525,0.5060508680140582,0.8571428571428571,0.05042016806722689,0.8941015679637809,163,1386
RELATIVE_B,5,200,1.0,2026,A4_SENSOR_DRIFT,mild,mean_voltage_v_1,99.0,0.5927258980154497,0.4573572593800979,0.031024531024531024,0.058107385499268374,0.03680981595092025,0.5022785367046553,0.5164395931267097,0.8775510204081632,0.05993031358885017,0.8951602538580541,163,1386
RELATIVE_B,5,200,1.0,2026,A4_SENSOR_DRIFT,moderate,pooled,99.0,0.5927258980154497,0.4529937017973722,0.030483405483405484,0.05712283161030314,0.03680981595092025,0.5009655540358127,0.5168849980966546,0.9657142857142857,0.05910124147578248,0.9713516639844942,163,5544
RELATIVE_B,5,200,1.0,2026,A4_SENSOR_DRIFT,moderate,mean_temp_c_-1,99.0,0.5927258980154497,0.4573572593800979,0.031024531024531024,0.058107385499268374,0.03680981595092025,0.48852559382641647,0.49693030214502604,0.8775510204081632,0.05993031358885017,0.8894158586780065,163,1386
RELATIVE_B,5,200,1.0,2026,A4_SENSOR_DRIFT,moderate,mean_temp_c_1,99.0,0.5927258980154497,0.4455630375358357,0.02958152958152958,0.055479688025336524,0.03680981595092025,0.5073640396484077,0.5296080878902965,0.8723404255319149,0.05722260990928122,0.8967961852730149,163,1386
RELATIVE_B,5,200,1.0,2026,A4_SENSOR_DRIFT,moderate,mean_voltage_v_-1,99.0,0.5927258980154497,0.43324473522796975,0.02813852813852814,0.0528448695088345,0.03680981595092025,0.5056260205327737,0.5148372418311069,0.8666666666666667,0.05450733752620545,0.8960521023510103,163,1386
RELATIVE_B,5,200,1.0,2026,A4_SENSOR_DRIFT,moderate,mean_voltage_v_1,99.0,0.5927258980154497,0.4741368407739977,0.03318903318903319,0.06203564277795245,0.03680981595092025,0.5070654813938701,0.5261643605201888,0.8846153846153846,0.06397774687065369,0.8969801598852798,163,1386
RELATIVE_B,5,200,1.0,2026,A4_SENSOR_DRIFT,strong,pooled,99.0,0.5927258980154497,0.4602278259176321,0.031385281385281384,0.0587632005867618,0.03680981595092025,0.5125541523664883,0.5368330544710913,0.9666666666666667,0.06079664570230608,0.9725940631456582,163,5544
RELATIVE_B,5,200,1.0,2026,A4_SENSOR_DRIFT,strong,mean_temp_c_-1,99.0,0.5927258980154497,0.43324473522796975,0.02813852813852814,0.0528448695088345,0.03680981595092025,0.490261949171895,0.5101120760629962,0.8666666666666667,0.05450733752620545,0.8894201335872847,163,1386
RELATIVE_B,5,200,1.0,2026,A4_SENSOR_DRIFT,strong,mean_temp_c_1,99.0,0.5927258980154497,0.4686601495112133,0.032467532467532464,0.060727990760403854,0.03680981595092025,0.5312174728590355,0.5674625306527147,0.8823529411764706,0.06263048016701461,0.905155618137962,163,1386
RELATIVE_B,5,200,1.0,2026,A4_SENSOR_DRIFT,strong,mean_voltage_v_-1,99.0,0.5927258980154497,0.4455630375358357,0.02958152958152958,0.055479688025336524,0.03680981595092025,0.5132917093643642,0.5251883426730053,0.8723404255319149,0.05722260990928122,0.8988794946090545,163,1386
RELATIVE_B,5,200,1.0,2026,A4_SENSOR_DRIFT,strong,mean_voltage_v_1,99.0,0.5927258980154497,0.4899098325461571,0.03535353535353535,0.0659480391873537,0.03680981595092025,0.5199858359391558,0.5445692684956489,0.8909090909090909,0.06800832755031228,0.9017536117920095,163,1386
RELATIVE_A,10,100,0.75,42,A1_ACCELERATED_DEGRADATION,mild,pooled,95.0,0.604848796381892,0.0,0.0,0.0,0.0,0.4876211254683524,0.4988472898629148,0.0,0.0,0.9720278452320936,154,5760
RELATIVE_A,10,100,0.75,42,A1_ACCELERATED_DEGRADATION,mild,pooled,97.5,0.6171348001523168,0.0,0.0,0.0,0.0,0.4876211254683524,0.4988472898629148,0.0,0.0,0.9720278452320936,154,5760
RELATIVE_A,10,100,0.75,42,A1_ACCELERATED_DEGRADATION,mild,pooled,99.0,0.6438840366379855,0.0,0.0,0.0,0.0,0.4876211254683524,0.4988472898629148,0.0,0.0,0.9720278452320936,154,5760
RELATIVE_A,10,100,0.75,42,A1_ACCELERATED_DEGRADATION,moderate,pooled,95.0,0.604848796381892,1.0,0.00017361111111111112,0.00034716195105016496,0.0,0.49466991926893,0.5119859307359307,1.0,0.00034716195105016496,0.9727402537391289,154,5760
RELATIVE_A,10,100,0.75,42,A1_ACCELERATED_DEGRADATION,moderate,pooled,97.5,0.6171348001523168,0.0,0.0,0.0,0.0,0.49466991926893,0.5119859307359307,0.0,0.0,0.9727402537391289,154,5760
RELATIVE_A,10,100,0.75,42,A1_ACCELERATED_DEGRADATION,moderate,pooled,99.0,0.6438840366379855,0.0,0.0,0.0,0.0,0.49466991926893,0.5119859307359307,0.0,0.0,0.9727402537391289,154,5760
RELATIVE_A,10,100,0.75,42,A1_ACCELERATED_DEGRADATION,strong,pooled,95.0,0.604848796381892,0.0,0.0,0.0,0.0,0.497688428714181,0.5189867424242425,0.0,0.0,0.9730078976610455,154,5760
RELATIVE_A,10,100,0.75,42,A1_ACCELERATED_DEGRADATION,strong,pooled,97.5,0.6171348001523168,0.0,0.0,0.0,0.0,0.497688428714181,0.5189867424242425,0.0,0.0,0.9730078976610455,154,5760
RELATIVE_A,10,100,0.75,42,A1_ACCELERATED_DEGRADATION,strong,pooled,99.0,0.6438840366379855,0.0,0.0,0.0,0.0,0.497688428714181,0.5189867424242425,0.0,0.0,0.9730078976610455,154,5760
RELATIVE_A,10,100,0.75,42,A2_EARLY_VOLTAGE_COLLAPSE,mild,pooled,95.0,0.604848796381892,1.0,0.7373333333333333,0.8488104374520337,0.0,0.9869652242221824,0.9864242424242424,1.0,0.8488104374520337,0.997079868690074,154,750
RELATIVE_A,10,100,0.75,42,A2_EARLY_VOLTAGE_COLLAPSE,mild,pooled,97.5,0.6171348001523168,1.0,0.556,0.7146529562982006,0.0,0.9869652242221824,0.9864242424242424,1.0,0.7146529562982006,0.997079868690074,154,750
RELATIVE_A,10,100,0.75,42,A2_EARLY_VOLTAGE_COLLAPSE,mild,pooled,99.0,0.6438840366379855,1.0,0.16933333333333334,0.2896237172177879,0.0,0.9869652242221824,0.9864242424242424,1.0,0.2896237172177879,0.997079868690074,154,750
RELATIVE_A,10,100,0.75,42,A2_EARLY_VOLTAGE_COLLAPSE,moderate,pooled,95.0,0.604848796381892,1.0,0.9333333333333333,0.9655172413793104,0.0,0.9983213756310121,0.9982770562770562,1.0,0.9655172413793104,0.9996432146860932,154,750
RELATIVE_A,10,100,0.75,42,A2_EARLY_VOLTAGE_COLLAPSE,moderate,pooled,97.5,0.6171348001523168,1.0,0.7346666666666667,0.8470407378939279,0.0,0.9983213756310121,0.9982770562770562,1.0,0.8470407378939279,0.9996432146860932,154,750
RELATIVE_A,10,100,0.75,42,A2_EARLY_VOLTAGE_COLLAPSE,moderate,pooled,99.0,0.6438840366379855,1.0,0.208,0.3443708609271523,0.0,0.9983213756310121,0.9982770562770562,1.0,0.3443708609271523,0.9996432146860932,154,750
RELATIVE_A,10,100,0.75,42,A2_EARLY_VOLTAGE_COLLAPSE,strong,pooled,95.0,0.604848796381892,1.0,0.9813333333333333,0.9905787348586811,0.0,0.9997289000823608,0.9997229437229437,1.0,0.9905787348586811,0.9999431695856629,154,750
RELATIVE_A,10,100,0.75,42,A2_EARLY_VOLTAGE_COLLAPSE,strong,pooled,97.5,0.6171348001523168,1.0,0.7706666666666667,0.8704819277108434,0.0,0.9997289000823608,0.9997229437229437,1.0,0.8704819277108434,0.9999431695856629,154,750
RELATIVE_A,10,100,0.75,42,A2_EARLY_VOLTAGE_COLLAPSE,strong,pooled,99.0,0.6438840366379855,1.0,0.208,0.3443708609271523,0.0,0.9997289000823608,0.9997229437229437,1.0,0.3443708609271523,0.9999431695856629,154,750
RELATIVE_A,10,100,0.75,42,A3_THERMAL_ABNORMALITY,mild,pooled,95.0,0.604848796381892,1.0,0.013333333333333334,0.02631578947368421,0.0,0.634066056898315,0.6832294372294373,1.0,0.02631578947368421,0.8917921595030838,154,750
RELATIVE_A,10,100,0.75,42,A3_THERMAL_ABNORMALITY,mild,pooled,97.5,0.6171348001523168,1.0,0.005333333333333333,0.010610079575596816,0.0,0.634066056898315,0.6832294372294373,1.0,0.010610079575596816,0.8917921595030838,154,750
RELATIVE_A,10,100,0.75,42,A3_THERMAL_ABNORMALITY,mild,pooled,99.0,0.6438840366379855,0.0,0.0,0.0,0.0,0.634066056898315,0.6832294372294373,0.0,0.0,0.8917921595030838,154,750
RELATIVE_A,10,100,0.75,42,A3_THERMAL_ABNORMALITY,moderate,pooled,95.0,0.604848796381892,1.0,0.017333333333333333,0.03407601572739187,0.0,0.7780538874181884,0.841125541125541,1.0,0.03407601572739187,0.94278154826051,154,750
RELATIVE_A,10,100,0.75,42,A3_THERMAL_ABNORMALITY,moderate,pooled,97.5,0.6171348001523168,1.0,0.014666666666666666,0.02890932982917214,0.0,0.7780538874181884,0.841125541125541,1.0,0.02890932982917214,0.94278154826051,154,750
RELATIVE_A,10,100,0.75,42,A3_THERMAL_ABNORMALITY,moderate,pooled,99.0,0.6438840366379855,1.0,0.005333333333333333,0.010610079575596816,0.0,0.7780538874181884,0.841125541125541,1.0,0.010610079575596816,0.94278154826051,154,750
RELATIVE_A,10,100,0.75,42,A3_THERMAL_ABNORMALITY,strong,pooled,95.0,0.604848796381892,1.0,0.036,0.06949806949806948,0.0,0.8502514013550367,0.9090562770562771,1.0,0.06949806949806948,0.9640495624048542,154,750
RELATIVE_A,10,100,0.75,42,A3_THERMAL_ABNORMALITY,strong,pooled,97.5,0.6171348001523168,1.0,0.029333333333333333,0.056994818652849735,0.0,0.8502514013550367,0.9090562770562771,1.0,0.056994818652849735,0.9640495624048542,154,750
RELATIVE_A,10,100,0.75,42,A3_THERMAL_ABNORMALITY,strong,pooled,99.0,0.6438840366379855,1.0,0.013333333333333334,0.02631578947368421,0.0,0.8502514013550367,0.9090562770562771,1.0,0.02631578947368421,0.9640495624048542,154,750
RELATIVE_A,10,100,0.75,42,A4_SENSOR_DRIFT,mild,pooled,95.0,0.604848796381892,1.0,0.0026819923371647508,0.005349636988918608,0.0,0.5561432056694089,0.5913357715081853,1.0,0.005349636988918608,0.9766124856110836,154,5220
RELATIVE_A,10,100,0.75,42,A4_SENSOR_DRIFT,mild,pooled,97.5,0.6171348001523168,1.0,0.0003831417624521073,0.0007659900421294524,0.0,0.5561432056694089,0.5913357715081853,1.0,0.0007659900421294524,0.9766124856110836,154,5220
RELATIVE_A,10,100,0.75,42,A4_SENSOR_DRIFT,mild,pooled,99.0,0.6438840366379855,1.0,0.0003831417624521073,0.0007659900421294524,0.0,0.5561432056694089,0.5913357715081853,1.0,0.0007659900421294524,0.9766124856110836,154,5220
RELATIVE_A,10,100,0.75,42,A4_SENSOR_DRIFT,mild,mean_temp_c_-1,95.0,0.604848796381892,0.0,0.0,0.0,0.0,0.48368532316932944,0.4768248992386923,0.0,0.0,0.8871060394271124,154,1305
RELATIVE_A,10,100,0.75,42,A4_SENSOR_DRIFT,mild,mean_temp_c_-1,97.5,0.6171348001523168,0.0,0.0,0.0,0.0,0.48368532316932944,0.4768248992386923,0.0,0.0,0.8871060394271124,154,1305
RELATIVE_A,10,100,0.75,42,A4_SENSOR_DRIFT,mild,mean_temp_c_-1,99.0,0.6438840366379855,0.0,0.0,0.0,0.0,0.48368532316932944,0.4768248992386923,0.0,0.0,0.8871060394271124,154,1305
RELATIVE_A,10,100,0.75,42,A4_SENSOR_DRIFT,mild,mean_temp_c_1,95.0,0.604848796381892,1.0,0.0022988505747126436,0.0045871559633027525,0.0,0.5093788299015783,0.5269144648454993,1.0,0.0045871559633027525,0.8968960301493908,154,1305
RELATIVE_A,10,100,0.75,42,A4_SENSOR_DRIFT,mild,mean_temp_c_1,97.5,0.6171348001523168,0.0,0.0,0.0,0.0,0.5093788299015783,0.5269144648454993,0.0,0.0,0.8968960301493908,154,1305
RELATIVE_A,10,100,0.75,42,A4_SENSOR_DRIFT,mild,mean_temp_c_1,99.0,0.6438840366379855,0.0,0.0,0.0,0.0,0.5093788299015783,0.5269144648454993,0.0,0.0,0.8968960301493908,154,1305
RELATIVE_A,10,100,0.75,42,A4_SENSOR_DRIFT,mild,mean_voltage_v_-1,95.0,0.604848796381892,1.0,0.004597701149425287,0.009153318077803202,0.0,0.576786847540002,0.6222421256904016,1.0,0.009153318077803202,0.9189328770915531,154,1305
RELATIVE_A,10,100,0.75,42,A4_SENSOR_DRIFT,mild,mean_voltage_v_-1,97.5,0.6171348001523168,1.0,0.0015325670498084292,0.00306044376434583,0.0,0.576786847540002,0.6222421256904016,1.0,0.00306044376434583,0.9189328770915531,154,1305
RELATIVE_A,10,100,0.75,42,A4_SENSOR_DRIFT,mild,mean_voltage_v_-1,99.0,0.6438840366379855,1.0,0.0015325670498084292,0.00306044376434583,0.0,0.576786847540002,0.6222421256904016,1.0,0.00306044376434583,0.9189328770915531,154,1305
RELATIVE_A,10,100,0.75,42,A4_SENSOR_DRIFT,mild,mean_voltage_v_1,95.0,0.604848796381892,1.0,0.0038314176245210726,0.007633587786259542,0.0,0.6518152115561957,0.7393615962581479,1.0,0.007633587786259542,0.9392593083915058,154,1305
RELATIVE_A,10,100,0.75,42,A4_SENSOR_DRIFT,mild,mean_voltage_v_1,97.5,0.6171348001523168,0.0,0.0,0.0,0.0,0.6518152115561957,0.7393615962581479,0.0,0.0,0.9392593083915058,154,1305
RELATIVE_A,10,100,0.75,42,A4_SENSOR_DRIFT,mild,mean_voltage_v_1,99.0,0.6438840366379855,0.0,0.0,0.0,0.0,0.6518152115561957,0.7393615962581479,0.0,0.0,0.9392593083915058,154,1305
RELATIVE_A,10,100,0.75,42,A4_SENSOR_DRIFT,moderate,pooled,95.0,0.604848796381892,1.0,0.00421455938697318,0.008393742846241892,0.0,0.5919257312251689,0.6369943275115689,1.0,0.008393742846241892,0.9795878709320085,154,5220
RELATIVE_A,10,100,0.75,42,A4_SENSOR_DRIFT,moderate,pooled,97.5,0.6171348001523168,1.0,0.0011494252873563218,0.002296211251435132,0.0,0.5919257312251689,0.6369943275115689,1.0,0.002296211251435132,0.9795878709320085,154,5220
RELATIVE_A,10,100,0.75,42,A4_SENSOR_DRIFT,moderate,pooled,99.0,0.6438840366379855,1.0,0.0003831417624521073,0.0007659900421294524,0.0,0.5919257312251689,0.6369943275115689,1.0,0.0007659900421294524,0.9795878709320085,154,5220
RELATIVE_A,10,100,0.75,42,A4_SENSOR_DRIFT,moderate,mean_temp_c_-1,95.0,0.604848796381892,0.0,0.0,0.0,0.0,0.4945851584000889,0.49836045180872773,0.0,0.0,0.8910833978917745,154,1305
RELATIVE_A,10,100,0.75,42,A4_SENSOR_DRIFT,moderate,mean_temp_c_-1,97.5,0.6171348001523168,0.0,0.0,0.0,0.0,0.4945851584000889,0.49836045180872773,0.0,0.0,0.8910833978917745,154,1305
RELATIVE_A,10,100,0.75,42,A4_SENSOR_DRIFT,moderate,mean_temp_c_-1,99.0,0.6438840366379855,0.0,0.0,0.0,0.0,0.4945851584000889,0.49836045180872773,0.0,0.0,0.8910833978917745,154,1305
RELATIVE_A,10,100,0.75,42,A4_SENSOR_DRIFT,moderate,mean_temp_c_1,95.0,0.604848796381892,1.0,0.0030651340996168583,0.006111535523300229,0.0,0.5261800693914696,0.561857491167836,1.0,0.006111535523300229,0.9027994010050446,154,1305
RELATIVE_A,10,100,0.75,42,A4_SENSOR_DRIFT,moderate,mean_temp_c_1,97.5,0.6171348001523168,0.0,0.0,0.0,0.0,0.5261800693914696,0.561857491167836,0.0,0.0,0.9027994010050446,154,1305
RELATIVE_A,10,100,0.75,42,A4_SENSOR_DRIFT,moderate,mean_temp_c_1,99.0,0.6438840366379855,0.0,0.0,0.0,0.0,0.5261800693914696,0.561857491167836,0.0,0.0,0.9027994010050446,154,1305
RELATIVE_A,10,100,0.75,42,A4_SENSOR_DRIFT,moderate,mean_voltage_v_-1,95.0,0.604848796381892,1.0,0.009195402298850575,0.018223234624145785,0.0,0.6440540938326242,0.696402448126586,1.0,0.018223234624145785,0.9369038090269077,154,1305
RELATIVE_A,10,100,0.75,42,A4_SENSOR_DRIFT,moderate,mean_voltage_v_-1,97.5,0.6171348001523168,1.0,0.004597701149425287,0.009153318077803202,0.0,0.6440540938326242,0.696402448126586,1.0,0.009153318077803202,0.9369038090269077,154,1305
RELATIVE_A,10,100,0.75,42,A4_SENSOR_DRIFT,moderate,mean_voltage_v_-1,99.0,0.6438840366379855,1.0,0.0015325670498084292,0.00306044376434583,0.0,0.6440540938326242,0.696402448126586,1.0,0.00306044376434583,0.9369038090269077,154,1305
RELATIVE_A,10,100,0.75,42,A4_SENSOR_DRIFT,moderate,mean_voltage_v_1,95.0,0.604848796381892,1.0,0.004597701149425287,0.009153318077803202,0.0,0.69240694563405,0.7913569189431258,1.0,0.009153318077803202,0.9486797675200593,154,1305
RELATIVE_A,10,100,0.75,42,A4_SENSOR_DRIFT,moderate,mean_voltage_v_1,97.5,0.6171348001523168,0.0,0.0,0.0,0.0,0.69240694563405,0.7913569189431258,0.0,0.0,0.9486797675200593,154,1305
RELATIVE_A,10,100,0.75,42,A4_SENSOR_DRIFT,moderate,mean_voltage_v_1,99.0,0.6438840366379855,0.0,0.0,0.0,0.0,0.69240694563405,0.7913569189431258,0.0,0.0,0.9486797675200593,154,1305
RELATIVE_A,10,100,0.75,42,A4_SENSOR_DRIFT,strong,pooled,95.0,0.604848796381892,1.0,0.006130268199233717,0.012185833968012186,0.0,0.6185688289042945,0.6704570333880678,1.0,0.012185833968012186,0.9816256645778548,154,5220
RELATIVE_A,10,100,0.75,42,A4_SENSOR_DRIFT,strong,pooled,97.5,0.6171348001523168,1.0,0.00210727969348659,0.004205696807493786,0.0,0.6185688289042945,0.6704570333880678,1.0,0.004205696807493786,0.9816256645778548,154,5220
RELATIVE_A,10,100,0.75,42,A4_SENSOR_DRIFT,strong,pooled,99.0,0.6438840366379855,1.0,0.0003831417624521073,0.0007659900421294524,0.0,0.6185688289042945,0.6704570333880678,1.0,0.0007659900421294524,0.9816256645778548,154,5220
RELATIVE_A,10,100,0.75,42,A4_SENSOR_DRIFT,strong,mean_temp_c_-1,95.0,0.604848796381892,0.0,0.0,0.0,0.0,0.5208033208832437,0.5410160720505548,0.0,0.0,0.9008061881160202,154,1305
RELATIVE_A,10,100,0.75,42,A4_SENSOR_DRIFT,strong,mean_temp_c_-1,97.5,0.6171348001523168,0.0,0.0,0.0,0.0,0.5208033208832437,0.5410160720505548,0.0,0.0,0.9008061881160202,154,1305
RELATIVE_A,10,100,0.75,42,A4_SENSOR_DRIFT,strong,mean_temp_c_-1,99.0,0.6438840366379855,0.0,0.0,0.0,0.0,0.5208033208832437,0.5410160720505548,0.0,0.0,0.9008061881160202,154,1305
RELATIVE_A,10,100,0.75,42,A4_SENSOR_DRIFT,strong,mean_temp_c_1,95.0,0.604848796381892,1.0,0.0038314176245210726,0.007633587786259542,0.0,0.5453008649685616,0.5918520177140867,1.0,0.007633587786259542,0.9091437811371504,154,1305
RELATIVE_A,10,100,0.75,42,A4_SENSOR_DRIFT,strong,mean_temp_c_1,97.5,0.6171348001523168,1.0,0.0007662835249042146,0.0015313935681470138,0.0,0.5453008649685616,0.5918520177140867,1.0,0.0015313935681470138,0.9091437811371504,154,1305
RELATIVE_A,10,100,0.75,42,A4_SENSOR_DRIFT,strong,mean_temp_c_1,99.0,0.6438840366379855,0.0,0.0,0.0,0.0,0.5453008649685616,0.5918520177140867,0.0,0.0,0.9091437811371504,154,1305
RELATIVE_A,10,100,0.75,42,A4_SENSOR_DRIFT,strong,mean_voltage_v_-1,95.0,0.604848796381892,1.0,0.013793103448275862,0.027210884353741496,0.0,0.6801488870712631,0.7338458476389511,1.0,0.027210884353741496,0.9452954741081835,154,1305
RELATIVE_A,10,100,0.75,42,A4_SENSOR_DRIFT,strong,mean_voltage_v_-1,97.5,0.6171348001523168,1.0,0.007662835249042145,0.01520912547528517,0.0,0.6801488870712631,0.7338458476389511,1.0,0.01520912547528517,0.9452954741081835,154,1305
RELATIVE_A,10,100,0.75,42,A4_SENSOR_DRIFT,strong,mean_voltage_v_-1,99.0,0.6438840366379855,1.0,0.0015325670498084292,0.00306044376434583,0.0,0.6801488870712631,0.7338458476389511,1.0,0.00306044376434583,0.9452954741081835,154,1305
RELATIVE_A,10,100,0.75,42,A4_SENSOR_DRIFT,strong,mean_voltage_v_1,95.0,0.604848796381892,1.0,0.006896551724137931,0.0136986301369863,0.0,0.7129306576600788,0.8151141961486789,1.0,0.0136986301369863,0.9532062277657067,154,1305
RELATIVE_A,10,100,0.75,42,A4_SENSOR_DRIFT,strong,mean_voltage_v_1,97.5,0.6171348001523168,0.0,0.0,0.0,0.0,0.7129306576600788,0.8151141961486789,0.0,0.0,0.9532062277657067,154,1305
RELATIVE_A,10,100,0.75,42,A4_SENSOR_DRIFT,strong,mean_voltage_v_1,99.0,0.6438840366379855,0.0,0.0,0.0,0.0,0.7129306576600788,0.8151141961486789,0.0,0.0,0.9532062277657067,154,1305
RELATIVE_A,10,100,0.75,123,A1_ACCELERATED_DEGRADATION,mild,pooled,95.0,0.5619598997902882,0.41239479724560063,0.018229166666666668,0.034914979757085025,0.025974025974025976,0.4859385156133239,0.4871516504329004,0.963302752293578,0.03578122337706594,0.972065341744514,154,5760
RELATIVE_A,10,100,0.75,123,A1_ACCELERATED_DEGRADATION,mild,pooled,97.5,0.6250894099032078,1.0,0.00017361111111111112,0.00034716195105016496,0.0,0.4859385156133239,0.4871516504329004,1.0,0.00034716195105016496,0.972065341744514,154,5760
RELATIVE_A,10,100,0.75,123,A1_ACCELERATED_DEGRADATION,mild,pooled,99.0,0.6318573854436524,0.0,0.0,0.0,0.0,0.4859385156133239,0.4871516504329004,0.0,0.0,0.972065341744514,154,5760
RELATIVE_A,10,100,0.75,123,A1_ACCELERATED_DEGRADATION,moderate,pooled,95.0,0.5619598997902882,0.4100778369520688,0.018055555555555554,0.03458820683816796,0.025974025974025976,0.4928039446902033,0.5030381944444444,0.9629629629629629,0.035446489434219484,0.9726416464255085,154,5760
RELATIVE_A,10,100,0.75,123,A1_ACCELERATED_DEGRADATION,moderate,pooled,97.5,0.6250894099032078,1.0,0.00017361111111111112,0.00034716195105016496,0.0,0.4928039446902033,0.5030381944444444,1.0,0.00034716195105016496,0.9726416464255085,154,5760
RELATIVE_A,10,100,0.75,123,A1_ACCELERATED_DEGRADATION,moderate,pooled,99.0,0.6318573854436524,1.0,0.00017361111111111112,0.00034716195105016496,0.0,0.4928039446902033,0.5030381944444444,1.0,0.00034716195105016496,0.9726416464255085,154,5760
RELATIVE_A,10,100,0.75,123,A1_ACCELERATED_DEGRADATION,strong,pooled,95.0,0.5619598997902882,0.41469362869627074,0.01840277777777778,0.03524164403435218,0.025974025974025976,0.4987606684382496,0.5140585542929293,0.9636363636363636,0.03611584327086882,0.9732016748192399,154,5760
RELATIVE_A,10,100,0.75,123,A1_ACCELERATED_DEGRADATION,strong,pooled,97.5,0.6250894099032078,1.0,0.00017361111111111112,0.00034716195105016496,0.0,0.4987606684382496,0.5140585542929293,1.0,0.00034716195105016496,0.9732016748192399,154,5760
RELATIVE_A,10,100,0.75,123,A1_ACCELERATED_DEGRADATION,strong,pooled,99.0,0.6318573854436524,1.0,0.00017361111111111112,0.00034716195105016496,0.0,0.4987606684382496,0.5140585542929293,1.0,0.00034716195105016496,0.9732016748192399,154,5760
RELATIVE_A,10,100,0.75,123,A2_EARLY_VOLTAGE_COLLAPSE,mild,pooled,95.0,0.5619598997902882,0.9711177433330124,0.8733333333333333,0.9196334959201349,0.025974025974025976,0.9694953357427725,0.9792467532467533,0.9939301972685888,0.9297374024130589,0.9934358536356337,154,750
RELATIVE_A,10,100,0.75,123,A2_EARLY_VOLTAGE_COLLAPSE,mild,pooled,97.5,0.6250894099032078,1.0,0.15866666666666668,0.27387802071346373,0.0,0.9694953357427725,0.9792467532467533,1.0,0.27387802071346373,0.9934358536356337,154,750
RELATIVE_A,10,100,0.75,123,A2_EARLY_VOLTAGE_COLLAPSE,mild,pooled,99.0,0.6318573854436524,1.0,0.13466666666666666,0.23736780258519385,0.0,0.9694953357427725,0.9792467532467533,1.0,0.23736780258519385,0.9934358536356337,154,750
RELATIVE_A,10,100,0.75,123,A2_EARLY_VOLTAGE_COLLAPSE,moderate,pooled,95.0,0.5619598997902882,0.9743502051983585,0.9866666666666667,0.9804697582379764,0.025974025974025976,0.9794425654442126,0.9872380952380951,0.9946236559139785,0.9906291834002676,0.9956846036253795,154,750
RELATIVE_A,10,100,0.75,123,A2_EARLY_VOLTAGE_COLLAPSE,moderate,pooled,97.5,0.6250894099032078,1.0,0.2,0.33333333333333337,0.0,0.9794425654442126,0.9872380952380951,1.0,0.33333333333333337,0.9956846036253795,154,750
RELATIVE_A,10,100,0.75,123,A2_EARLY_VOLTAGE_COLLAPSE,moderate,pooled,99.0,0.6318573854436524,1.0,0.156,0.2698961937716263,0.0,0.9794425654442126,0.9872380952380951,1.0,0.2698961937716263,0.9956846036253795,154,750
RELATIVE_A,10,100,0.75,123,A2_EARLY_VOLTAGE_COLLAPSE,strong,pooled,95.0,0.5619598997902882,0.9746835443037974,1.0,0.9871794871794872,0.025974025974025976,0.980570895080456,0.988034632034632,0.9946949602122016,0.9973404255319148,0.9959273742860024,154,750
RELATIVE_A,10,100,0.75,123,A2_EARLY_VOLTAGE_COLLAPSE,strong,pooled,97.5,0.6250894099032078,1.0,0.204,0.3388704318936877,0.0,0.980570895080456,0.988034632034632,1.0,0.3388704318936877,0.9959273742860024,154,750
RELATIVE_A,10,100,0.75,123,A2_EARLY_VOLTAGE_COLLAPSE,strong,pooled,99.0,0.6318573854436524,1.0,0.15733333333333333,0.271889400921659,0.0,0.980570895080456,0.988034632034632,1.0,0.271889400921659,0.9959273742860024,154,750
RELATIVE_A,10,100,0.75,123,A3_THERMAL_ABNORMALITY,mild,pooled,95.0,0.5619598997902882,0.6062992125984252,0.04,0.07504873294346978,0.025974025974025976,0.6559135659131723,0.7064502164502166,0.8823529411764706,0.07653061224489796,0.9008765956077358,154,750
RELATIVE_A,10,100,0.75,123,A3_THERMAL_ABNORMALITY,mild,pooled,97.5,0.6250894099032078,1.0,0.006666666666666667,0.013245033112582783,0.0,0.6559135659131723,0.7064502164502166,1.0,0.013245033112582783,0.9008765956077358,154,750
RELATIVE_A,10,100,0.75,123,A3_THERMAL_ABNORMALITY,mild,pooled,99.0,0.6318573854436524,1.0,0.004,0.00796812749003984,0.0,0.6559135659131723,0.7064502164502166,1.0,0.00796812749003984,0.9008765956077358,154,750
RELATIVE_A,10,100,0.75,123,A3_THERMAL_ABNORMALITY,moderate,pooled,95.0,0.5619598997902882,0.8529555925889618,0.15066666666666667,0.2560963046901443,0.025974025974025976,0.8068101859236437,0.855939393939394,0.9658119658119658,0.26066897347174167,0.9513717841260572,154,750
RELATIVE_A,10,100,0.75,123,A3_THERMAL_ABNORMALITY,moderate,pooled,97.5,0.6250894099032078,1.0,0.009333333333333334,0.018494055482166448,0.0,0.8068101859236437,0.855939393939394,1.0,0.018494055482166448,0.9513717841260572,154,750
RELATIVE_A,10,100,0.75,123,A3_THERMAL_ABNORMALITY,moderate,pooled,99.0,0.6318573854436524,1.0,0.009333333333333334,0.018494055482166448,0.0,0.8068101859236437,0.855939393939394,1.0,0.018494055482166448,0.9513717841260572,154,750
RELATIVE_A,10,100,0.75,123,A3_THERMAL_ABNORMALITY,strong,pooled,95.0,0.5619598997902882,0.9274415904803367,0.332,0.4889636968746414,0.025974025974025976,0.8901028265800536,0.9277489177489178,0.9841897233201581,0.4965104685942173,0.974419858239548,154,750
RELATIVE_A,10,100,0.75,123,A3_THERMAL_ABNORMALITY,strong,pooled,97.5,0.6250894099032078,1.0,0.030666666666666665,0.059508408796895215,0.0,0.8901028265800536,0.9277489177489178,1.0,0.059508408796895215,0.974419858239548,154,750
RELATIVE_A,10,100,0.75,123,A3_THERMAL_ABNORMALITY,strong,pooled,99.0,0.6318573854436524,1.0,0.021333333333333333,0.041775456919060046,0.0,0.8901028265800536,0.9277489177489178,1.0,0.041775456919060046,0.974419858239548,154,750
RELATIVE_A,10,100,0.75,123,A4_SENSOR_DRIFT,mild,pooled,95.0,0.5619598997902882,0.5115560961916347,0.027203065134099615,0.05165905214568854,0.025974025974025976,0.5568613358236807,0.5901882121709708,0.9726027397260274,0.052925829295564664,0.9768172951237439,154,5220
RELATIVE_A,10,100,0.75,123,A4_SENSOR_DRIFT,mild,pooled,97.5,0.6250894099032078,1.0,0.0015325670498084292,0.00306044376434583,0.0,0.5568613358236807,0.5901882121709708,1.0,0.00306044376434583,0.9768172951237439,154,5220
RELATIVE_A,10,100,0.75,123,A4_SENSOR_DRIFT,mild,pooled,99.0,0.6318573854436524,1.0,0.0015325670498084292,0.00306044376434583,0.0,0.5568613358236807,0.5901882121709708,1.0,0.00306044376434583,0.9768172951237439,154,5220
RELATIVE_A,10,100,0.75,123,A4_SENSOR_DRIFT,mild,mean_temp_c_-1,95.0,0.5619598997902882,0.45237096097356266,0.021455938697318006,0.04096873188853312,0.025974025974025976,0.4793183961948833,0.46659949246156146,0.875,0.0418848167539267,0.8860005215842184,154,1305
RELATIVE_A,10,100,0.75,123,A4_SENSOR_DRIFT,mild,mean_temp_c_-1,97.5,0.6250894099032078,0.0,0.0,0.0,0.0,0.4793183961948833,0.46659949246156146,0.0,0.0,0.8860005215842184,154,1305
RELATIVE_A,10,100,0.75,123,A4_SENSOR_DRIFT,mild,mean_temp_c_-1,99.0,0.6318573854436524,0.0,0.0,0.0,0.0,0.4793183961948833,0.46659949246156146,0.0,0.0,0.8860005215842184,154,1305
RELATIVE_A,10,100,0.75,123,A4_SENSOR_DRIFT,mild,mean_temp_c_1,95.0,0.5619598997902882,0.5413005272407733,0.03065134099616858,0.058017424064045205,0.025974025974025976,0.5157371716619922,0.5418495297805643,0.9090909090909091,0.059303187546330606,0.8998431238713969,154,1305
RELATIVE_A,10,100,0.75,123,A4_SENSOR_DRIFT,mild,mean_temp_c_1,97.5,0.6250894099032078,0.0,0.0,0.0,0.0,0.5157371716619922,0.5418495297805643,0.0,0.0,0.8998431238713969,154,1305
RELATIVE_A,10,100,0.75,123,A4_SENSOR_DRIFT,mild,mean_temp_c_1,99.0,0.6318573854436524,0.0,0.0,0.0,0.0,0.5157371716619922,0.5418495297805643,0.0,0.0,0.8998431238713969,154,1305
RELATIVE_A,10,100,0.75,123,A4_SENSOR_DRIFT,mild,mean_voltage_v_-1,95.0,0.5619598997902882,0.41453566621803495,0.01839080459770115,0.035219118950287294,0.025974025974025976,0.5955830032484114,0.6461063840374185,0.8571428571428571,0.03600900225056264,0.9242333082478433,154,1305
RELATIVE_A,10,100,0.75,123,A4_SENSOR_DRIFT,mild,mean_voltage_v_-1,97.5,0.6250894099032078,1.0,0.0015325670498084292,0.00306044376434583,0.0,0.5955830032484114,0.6461063840374185,1.0,0.00306044376434583,0.9242333082478433,154,1305
RELATIVE_A,10,100,0.75,123,A4_SENSOR_DRIFT,mild,mean_voltage_v_-1,99.0,0.6318573854436524,1.0,0.0015325670498084292,0.00306044376434583,0.0,0.5955830032484114,0.6461063840374185,1.0,0.00306044376434583,0.9242333082478433,154,1305
RELATIVE_A,10,100,0.75,123,A4_SENSOR_DRIFT,mild,mean_voltage_v_1,95.0,0.5619598997902882,0.5959752321981424,0.038314176245210725,0.07199962597596896,0.025974025974025976,0.6363904441293557,0.706197442404339,0.9259259259259259,0.07358351729212655,0.9363051907472457,154,1305
RELATIVE_A,10,100,0.75,123,A4_SENSOR_DRIFT,mild,mean_voltage_v_1,97.5,0.6250894099032078,1.0,0.004597701149425287,0.009153318077803202,0.0,0.6363904441293557,0.706197442404339,1.0,0.009153318077803202,0.9363051907472457,154,1305
RELATIVE_A,10,100,0.75,123,A4_SENSOR_DRIFT,mild,mean_voltage_v_1,99.0,0.6318573854436524,1.0,0.004597701149425287,0.009153318077803202,0.0,0.6363904441293557,0.706197442404339,1.0,0.009153318077803202,0.9363051907472457,154,1305
RELATIVE_A,10,100,0.75,123,A4_SENSOR_DRIFT,moderate,pooled,95.0,0.5619598997902882,0.5397434201825155,0.03045977011494253,0.05766527013374217,0.025974025974025976,0.5954803073338826,0.6373905309250137,0.9754601226993865,0.059074865316737876,0.9799740443555833,154,5220
RELATIVE_A,10,100,0.75,123,A4_SENSOR_DRIFT,moderate,pooled,97.5,0.6250894099032078,1.0,0.00210727969348659,0.004205696807493786,0.0,0.5954803073338826,0.6373905309250137,1.0,0.004205696807493786,0.9799740443555833,154,5220
RELATIVE_A,10,100,0.75,123,A4_SENSOR_DRIFT,moderate,pooled,99.0,0.6318573854436524,1.0,0.0019157088122605363,0.0038240917782026767,0.0,0.5954803073338826,0.6373905309250137,1.0,0.0038240917782026767,0.9799740443555833,154,5220
RELATIVE_A,10,100,0.75,123,A4_SENSOR_DRIFT,moderate,mean_temp_c_-1,95.0,0.5619598997902882,0.45237096097356266,0.021455938697318006,0.04096873188853312,0.025974025974025976,0.4840380765012008,0.48015624222520775,0.875,0.0418848167539267,0.8875830575965796,154,1305
RELATIVE_A,10,100,0.75,123,A4_SENSOR_DRIFT,moderate,mean_temp_c_-1,97.5,0.6250894099032078,0.0,0.0,0.0,0.0,0.4840380765012008,0.48015624222520775,0.0,0.0,0.8875830575965796,154,1305
RELATIVE_A,10,100,0.75,123,A4_SENSOR_DRIFT,moderate,mean_temp_c_-1,99.0,0.6318573854436524,0.0,0.0,0.0,0.0,0.4840380765012008,0.48015624222520775,0.0,0.0,0.8875830575965796,154,1305
RELATIVE_A,10,100,0.75,123,A4_SENSOR_DRIFT,moderate,mean_temp_c_1,95.0,0.5619598997902882,0.5350080171031534,0.029885057471264367,0.05660804162189674,0.025974025974025976,0.5382124236504684,0.5859680549335722,0.9069767441860465,0.05786350148367953,0.9074163547941956,154,1305
RELATIVE_A,10,100,0.75,123,A4_SENSOR_DRIFT,moderate,mean_temp_c_1,97.5,0.6250894099032078,0.0,0.0,0.0,0.0,0.5382124236504684,0.5859680549335722,0.0,0.0,0.9074163547941956,154,1305
RELATIVE_A,10,100,0.75,123,A4_SENSOR_DRIFT,moderate,mean_temp_c_1,99.0,0.6318573854436524,0.0,0.0,0.0,0.0,0.5382124236504684,0.5859680549335722,0.0,0.0,0.9074163547941956,154,1305
RELATIVE_A,10,100,0.75,123,A4_SENSOR_DRIFT,moderate,mean_voltage_v_-1,95.0,0.5619598997902882,0.5150501672240803,0.027586206896551724,0.05236759330102866,0.025974025974025976,0.6572665511260295,0.7123301985370951,0.9,0.053531598513011154,0.9400416127213411,154,1305
RELATIVE_A,10,100,0.75,123,A4_SENSOR_DRIFT,moderate,mean_voltage_v_-1,97.5,0.6250894099032078,1.0,0.0038314176245210726,0.007633587786259542,0.0,0.6572665511260295,0.7123301985370951,1.0,0.007633587786259542,0.9400416127213411,154,1305
RELATIVE_A,10,100,0.75,123,A4_SENSOR_DRIFT,moderate,mean_voltage_v_-1,99.0,0.6318573854436524,1.0,0.0030651340996168583,0.006111535523300229,0.0,0.6572665511260295,0.7123301985370951,1.0,0.006111535523300229,0.9400416127213411,154,1305
RELATIVE_A,10,100,0.75,123,A4_SENSOR_DRIFT,moderate,mean_voltage_v_1,95.0,0.5619598997902882,0.6229413464316671,0.04291187739463601,0.0802927183516903,0.025974025974025976,0.6926996145576534,0.7711076280041799,0.9333333333333333,0.08205128205128205,0.9495686333137919,154,1305
RELATIVE_A,10,100,0.75,123,A4_SENSOR_DRIFT,moderate,mean_voltage_v_1,97.5,0.6250894099032078,1.0,0.004597701149425287,0.009153318077803202,0.0,0.6926996145576534,0.7711076280041799,1.0,0.009153318077803202,0.9495686333137919,154,1305
RELATIVE_A,10,100,0.75,123,A4_SENSOR_DRIFT,moderate,mean_voltage_v_1,99.0,0.6318573854436524,1.0,0.004597701149425287,0.009153318077803202,0.0,0.6926996145576534,0.7711076280041799,1.0,0.009153318077803202,0.9495686333137919,154,1305
RELATIVE_A,10,100,0.75,123,A4_SENSOR_DRIFT,strong,pooled,95.0,0.5619598997902882,0.567630249316657,0.03409961685823755,0.06433443013851664,0.025974025974025976,0.6220894503009102,0.6694046375080858,0.978021978021978,0.06590151795631247,0.9819462931738265,154,5220
RELATIVE_A,10,100,0.75,123,A4_SENSOR_DRIFT,strong,pooled,97.5,0.6250894099032078,1.0,0.0022988505747126436,0.0045871559633027525,0.0,0.6220894503009102,0.6694046375080858,1.0,0.0045871559633027525,0.9819462931738265,154,5220
RELATIVE_A,10,100,0.75,123,A4_SENSOR_DRIFT,strong,pooled,99.0,0.6318573854436524,1.0,0.00210727969348659,0.004205696807493786,0.0,0.6220894503009102,0.6694046375080858,1.0,0.004205696807493786,0.9819462931738265,154,5220
RELATIVE_A,10,100,0.75,123,A4_SENSOR_DRIFT,strong,mean_temp_c_-1,95.0,0.5619598997902882,0.45237096097356266,0.021455938697318006,0.04096873188853312,0.025974025974025976,0.4984741941953307,0.5076081007115489,0.875,0.0418848167539267,0.8929011419261721,154,1305
RELATIVE_A,10,100,0.75,123,A4_SENSOR_DRIFT,strong,mean_temp_c_-1,97.5,0.6250894099032078,0.0,0.0,0.0,0.0,0.4984741941953307,0.5076081007115489,0.0,0.0,0.8929011419261721,154,1305
RELATIVE_A,10,100,0.75,123,A4_SENSOR_DRIFT,strong,mean_temp_c_-1,99.0,0.6318573854436524,0.0,0.0,0.0,0.0,0.4984741941953307,0.5076081007115489,0.0,0.0,0.8929011419261721,154,1305
RELATIVE_A,10,100,0.75,123,A4_SENSOR_DRIFT,strong,mean_temp_c_1,95.0,0.5619598997902882,0.5350080171031534,0.029885057471264367,0.05660804162189674,0.025974025974025976,0.5642520205813373,0.6245882470020401,0.9069767441860465,0.05786350148367953,0.9158955833731564,154,1305
RELATIVE_A,10,100,0.75,123,A4_SENSOR_DRIFT,strong,mean_temp_c_1,97.5,0.6250894099032078,1.0,0.0007662835249042146,0.0015313935681470138,0.0,0.5642520205813373,0.6245882470020401,1.0,0.0015313935681470138,0.9158955833731564,154,1305
RELATIVE_A,10,100,0.75,123,A4_SENSOR_DRIFT,strong,mean_temp_c_1,99.0,0.6318573854436524,0.0,0.0,0.0,0.0,0.5642520205813373,0.6245882470020401,0.0,0.0,0.9158955833731564,154,1305
RELATIVE_A,10,100,0.75,123,A4_SENSOR_DRIFT,strong,mean_voltage_v_-1,95.0,0.5619598997902882,0.5757477243172952,0.03524904214559387,0.06643097611523205,0.025974025974025976,0.6857455888637147,0.7411230531920187,0.92,0.06789667896678968,0.9464030294106551,154,1305
RELATIVE_A,10,100,0.75,123,A4_SENSOR_DRIFT,strong,mean_voltage_v_-1,97.5,0.6250894099032078,1.0,0.0038314176245210726,0.007633587786259542,0.0,0.6857455888637147,0.7411230531920187,1.0,0.007633587786259542,0.9464030294106551,154,1305
RELATIVE_A,10,100,0.75,123,A4_SENSOR_DRIFT,strong,mean_voltage_v_-1,99.0,0.6318573854436524,1.0,0.0038314176245210726,0.007633587786259542,0.0,0.6857455888637147,0.7411230531920187,1.0,0.007633587786259542,0.9464030294106551,154,1305
RELATIVE_A,10,100,0.75,123,A4_SENSOR_DRIFT,strong,mean_voltage_v_1,95.0,0.5619598997902882,0.6572554169402495,0.04980842911877394,0.09259944495837187,0.025974025974025976,0.7246450811882239,0.8042991491267354,0.9420289855072463,0.09461426491994178,0.9563706068894183,154,1305
RELATIVE_A,10,100,0.75,123,A4_SENSOR_DRIFT,strong,mean_voltage_v_1,97.5,0.6250894099032078,1.0,0.004597701149425287,0.009153318077803202,0.0,0.7246450811882239,0.8042991491267354,1.0,0.009153318077803202,0.9563706068894183,154,1305
RELATIVE_A,10,100,0.75,123,A4_SENSOR_DRIFT,strong,mean_voltage_v_1,99.0,0.6318573854436524,1.0,0.004597701149425287,0.009153318077803202,0.0,0.7246450811882239,0.8042991491267354,1.0,0.009153318077803202,0.9563706068894183,154,1305
RELATIVE_A,10,100,0.75,2026,A1_ACCELERATED_DEGRADATION,mild,pooled,95.0,0.5630532332019038,0.41239479724560063,0.018229166666666668,0.034914979757085025,0.025974025974025976,0.48635352836980444,0.47977430555555556,0.963302752293578,0.03578122337706594,0.972474105300118,154,5760
RELATIVE_A,10,100,0.75,2026,A1_ACCELERATED_DEGRADATION,mild,pooled,97.5,0.6124800273834636,0.0,0.0,0.0,0.0,0.48635352836980444,0.47977430555555556,0.0,0.0,0.972474105300118,154,5760
RELATIVE_A,10,100,0.75,2026,A1_ACCELERATED_DEGRADATION,mild,pooled,99.0,0.6280439201849165,0.0,0.0,0.0,0.0,0.48635352836980444,0.47977430555555556,0.0,0.0,0.972474105300118,154,5760
RELATIVE_A,10,100,0.75,2026,A1_ACCELERATED_DEGRADATION,moderate,pooled,95.0,0.5630532332019038,0.4100778369520688,0.018055555555555554,0.03458820683816796,0.025974025974025976,0.4942960888677839,0.4947426271645021,0.9629629629629629,0.035446489434219484,0.9730694933208188,154,5760
RELATIVE_A,10,100,0.75,2026,A1_ACCELERATED_DEGRADATION,moderate,pooled,97.5,0.6124800273834636,1.0,0.00017361111111111112,0.00034716195105016496,0.0,0.4942960888677839,0.4947426271645021,1.0,0.00034716195105016496,0.9730694933208188,154,5760
RELATIVE_A,10,100,0.75,2026,A1_ACCELERATED_DEGRADATION,moderate,pooled,99.0,0.6280439201849165,0.0,0.0,0.0,0.0,0.4942960888677839,0.4947426271645021,0.0,0.0,0.9730694933208188,154,5760
RELATIVE_A,10,100,0.75,2026,A1_ACCELERATED_DEGRADATION,strong,pooled,95.0,0.5630532332019038,0.4100778369520688,0.018055555555555554,0.03458820683816796,0.025974025974025976,0.49619689139755896,0.5039011769480519,0.9629629629629629,0.035446489434219484,0.9730350923921363,154,5760
RELATIVE_A,10,100,0.75,2026,A1_ACCELERATED_DEGRADATION,strong,pooled,97.5,0.6124800273834636,0.0,0.0,0.0,0.0,0.49619689139755896,0.5039011769480519,0.0,0.0,0.9730350923921363,154,5760
RELATIVE_A,10,100,0.75,2026,A1_ACCELERATED_DEGRADATION,strong,pooled,99.0,0.6280439201849165,0.0,0.0,0.0,0.0,0.49619689139755896,0.5039011769480519,0.0,0.0,0.9730350923921363,154,5760
RELATIVE_A,10,100,0.75,2026,A2_EARLY_VOLTAGE_COLLAPSE,mild,pooled,95.0,0.5630532332019038,0.9702351423752357,0.8466666666666667,0.9042489250543252,0.025974025974025976,0.9796806967279594,0.982034632034632,0.9937402190923318,0.914326853851692,0.995518752051769,154,750
RELATIVE_A,10,100,0.75,2026,A2_EARLY_VOLTAGE_COLLAPSE,mild,pooled,97.5,0.6124800273834636,1.0,0.28,0.43750000000000006,0.0,0.9796806967279594,0.982034632034632,1.0,0.43750000000000006,0.995518752051769,154,750
RELATIVE_A,10,100,0.75,2026,A2_EARLY_VOLTAGE_COLLAPSE,mild,pooled,99.0,0.6280439201849165,1.0,0.164,0.28178694158075607,0.0,0.9796806967279594,0.982034632034632,1.0,0.28178694158075607,0.995518752051769,154,750
RELATIVE_A,10,100,0.75,2026,A2_EARLY_VOLTAGE_COLLAPSE,moderate,pooled,95.0,0.5630532332019038,0.9741802220500904,0.98,0.977081445034313,0.025974025974025976,0.9907079522423098,0.9929610389610389,0.9945872801082544,0.9872397582269979,0.9980613928002505,154,750
RELATIVE_A,10,100,0.75,2026,A2_EARLY_VOLTAGE_COLLAPSE,moderate,pooled,97.5,0.6124800273834636,1.0,0.356,0.5250737463126844,0.0,0.9907079522423098,0.9929610389610389,1.0,0.5250737463126844,0.9980613928002505,154,750
RELATIVE_A,10,100,0.75,2026,A2_EARLY_VOLTAGE_COLLAPSE,moderate,pooled,99.0,0.6280439201849165,1.0,0.19866666666666666,0.3314794215795328,0.0,0.9907079522423098,0.9929610389610389,1.0,0.3314794215795328,0.9980613928002505,154,750
RELATIVE_A,10,100,0.75,2026,A2_EARLY_VOLTAGE_COLLAPSE,strong,pooled,95.0,0.5630532332019038,0.9746175714092326,0.9973333333333333,0.9858446159902778,0.025974025974025976,0.9917955525786608,0.9939220779220779,0.9946808510638298,0.9960053262316911,0.9982949526712233,154,750
RELATIVE_A,10,100,0.75,2026,A2_EARLY_VOLTAGE_COLLAPSE,strong,pooled,97.5,0.6124800273834636,1.0,0.36666666666666664,0.5365853658536585,0.0,0.9917955525786608,0.9939220779220779,1.0,0.5365853658536585,0.9982949526712233,154,750
RELATIVE_A,10,100,0.75,2026,A2_EARLY_VOLTAGE_COLLAPSE,strong,pooled,99.0,0.6280439201849165,1.0,0.204,0.3388704318936877,0.0,0.9917955525786608,0.9939220779220779,1.0,0.3388704318936877,0.9982949526712233,154,750
RELATIVE_A,10,100,0.75,2026,A3_THERMAL_ABNORMALITY,mild,pooled,95.0,0.5630532332019038,0.4937563280458994,0.025333333333333333,0.04819396175448422,0.025974025974025976,0.609515639101551,0.6577142857142858,0.8260869565217391,0.04915912031047865,0.8826703097980939,154,750
RELATIVE_A,10,100,0.75,2026,A3_THERMAL_ABNORMALITY,mild,pooled,97.5,0.6124800273834636,1.0,0.006666666666666667,0.013245033112582783,0.0,0.609515639101551,0.6577142857142858,1.0,0.013245033112582783,0.8826703097980939,154,750
RELATIVE_A,10,100,0.75,2026,A3_THERMAL_ABNORMALITY,mild,pooled,99.0,0.6280439201849165,0.0,0.0,0.0,0.0,0.609515639101551,0.6577142857142858,0.0,0.0,0.8826703097980939,154,750
RELATIVE_A,10,100,0.75,2026,A3_THERMAL_ABNORMALITY,moderate,pooled,95.0,0.5630532332019038,0.6668887408394404,0.052,0.09647727820346007,0.025974025974025976,0.7500529006206662,0.8050822510822511,0.9069767441860465,0.09836065573770492,0.9343047399629141,154,750
RELATIVE_A,10,100,0.75,2026,A3_THERMAL_ABNORMALITY,moderate,pooled,97.5,0.6124800273834636,1.0,0.010666666666666666,0.021108179419525065,0.0,0.7500529006206662,0.8050822510822511,1.0,0.021108179419525065,0.9343047399629141,154,750
RELATIVE_A,10,100,0.75,2026,A3_THERMAL_ABNORMALITY,moderate,pooled,99.0,0.6280439201849165,1.0,0.008,0.015873015873015872,0.0,0.7500529006206662,0.8050822510822511,1.0,0.015873015873015872,0.9343047399629141,154,750
RELATIVE_A,10,100,0.75,2026,A3_THERMAL_ABNORMALITY,strong,pooled,95.0,0.5630532332019038,0.7798326728313517,0.092,0.16458343013800475,0.025974025974025976,0.8425884699261537,0.8901558441558441,0.9452054794520548,0.16767922235722962,0.9619007712221928,154,750
RELATIVE_A,10,100,0.75,2026,A3_THERMAL_ABNORMALITY,strong,pooled,97.5,0.6124800273834636,1.0,0.032,0.06201550387596899,0.0,0.8425884699261537,0.8901558441558441,1.0,0.06201550387596899,0.9619007712221928,154,750
RELATIVE_A,10,100,0.75,2026,A3_THERMAL_ABNORMALITY,strong,pooled,99.0,0.6280439201849165,1.0,0.018666666666666668,0.03664921465968587,0.0,0.8425884699261537,0.8901558441558441,1.0,0.03664921465968587,0.9619007712221928,154,750
RELATIVE_A,10,100,0.75,2026,A4_SENSOR_DRIFT,mild,pooled,95.0,0.5630532332019038,0.4364372469635628,0.020114942528735632,0.03845742213977382,0.025974025974025976,0.5732233663869171,0.6085112205801861,0.963302752293578,0.03940701820228937,0.9782319739749059,154,5220
RELATIVE_A,10,100,0.75,2026,A4_SENSOR_DRIFT,mild,pooled,97.5,0.6124800273834636,0.0,0.0,0.0,0.0,0.5732233663869171,0.6085112205801861,0.0,0.0,0.9782319739749059,154,5220
RELATIVE_A,10,100,0.75,2026,A4_SENSOR_DRIFT,mild,pooled,99.0,0.6280439201849165,0.0,0.0,0.0,0.0,0.5732233663869171,0.6085112205801861,0.0,0.0,0.9782319739749059,154,5220
RELATIVE_A,10,100,0.75,2026,A4_SENSOR_DRIFT,mild,mean_temp_c_-1,95.0,0.5630532332019038,0.38254080908445703,0.016091954022988506,0.03088471235388494,0.025974025974025976,0.4905847584002996,0.4819998009653182,0.84,0.031578947368421054,0.8901131308126422,154,1305
RELATIVE_A,10,100,0.75,2026,A4_SENSOR_DRIFT,mild,mean_temp_c_-1,97.5,0.6124800273834636,0.0,0.0,0.0,0.0,0.4905847584002996,0.4819998009653182,0.0,0.0,0.8901131308126422,154,1305
RELATIVE_A,10,100,0.75,2026,A4_SENSOR_DRIFT,mild,mean_temp_c_-1,99.0,0.6280439201849165,0.0,0.0,0.0,0.0,0.4905847584002996,0.4819998009653182,0.0,0.0,0.8901131308126422,154,1305
RELATIVE_A,10,100,0.75,2026,A4_SENSOR_DRIFT,mild,mean_temp_c_1,95.0,0.5630532332019038,0.45237096097356266,0.021455938697318006,0.04096873188853312,0.025974025974025976,0.5152989605664866,0.5417549883067124,0.875,0.0418848167539267,0.8995495696260283,154,1305
RELATIVE_A,10,100,0.75,2026,A4_SENSOR_DRIFT,mild,mean_temp_c_1,97.5,0.6124800273834636,0.0,0.0,0.0,0.0,0.5152989605664866,0.5417549883067124,0.0,0.0,0.8995495696260283,154,1305
RELATIVE_A,10,100,0.75,2026,A4_SENSOR_DRIFT,mild,mean_temp_c_1,99.0,0.6280439201849165,0.0,0.0,0.0,0.0,0.5152989605664866,0.5417549883067124,0.0,0.0,0.8995495696260283,154,1305
RELATIVE_A,10,100,0.75,2026,A4_SENSOR_DRIFT,mild,mean_voltage_v_-1,95.0,0.5630532332019038,0.424476295479603,0.019157088122605363,0.03665968386973909,0.025974025974025976,0.617527708106854,0.663285565009703,0.8620689655172413,0.03748125937031484,0.9301799093184073,154,1305
RELATIVE_A,10,100,0.75,2026,A4_SENSOR_DRIFT,mild,mean_voltage_v_-1,97.5,0.6124800273834636,0.0,0.0,0.0,0.0,0.617527708106854,0.663285565009703,0.0,0.0,0.9301799093184073,154,1305
RELATIVE_A,10,100,0.75,2026,A4_SENSOR_DRIFT,mild,mean_voltage_v_-1,99.0,0.6280439201849165,0.0,0.0,0.0,0.0,0.617527708106854,0.663285565009703,0.0,0.0,0.9301799093184073,154,1305
RELATIVE_A,10,100,0.75,2026,A4_SENSOR_DRIFT,mild,mean_voltage_v_1,95.0,0.5630532332019038,0.47768661196718026,0.02375478927203065,0.045258906732902296,0.025974025974025976,0.6645413440348342,0.7470045280390109,0.8857142857142857,0.0462686567164179,0.9430642752871041,154,1305
RELATIVE_A,10,100,0.75,2026,A4_SENSOR_DRIFT,mild,mean_voltage_v_1,97.5,0.6124800273834636,0.0,0.0,0.0,0.0,0.6645413440348342,0.7470045280390109,0.0,0.0,0.9430642752871041,154,1305
RELATIVE_A,10,100,0.75,2026,A4_SENSOR_DRIFT,mild,mean_voltage_v_1,99.0,0.6280439201849165,0.0,0.0,0.0,0.0,0.6645413440348342,0.7470045280390109,0.0,0.0,0.9430642752871041,154,1305
RELATIVE_A,10,100,0.75,2026,A4_SENSOR_DRIFT,moderate,pooled,95.0,0.5630532332019038,0.5080113100848257,0.02681992337164751,0.05094999527365536,0.025974025974025976,0.6127242434009748,0.6550990197541922,0.9722222222222222,0.05219985085756898,0.9813052992979077,154,5220
RELATIVE_A,10,100,0.75,2026,A4_SENSOR_DRIFT,moderate,pooled,97.5,0.6124800273834636,1.0,0.0005747126436781609,0.0011487650775416428,0.0,0.6127242434009748,0.6550990197541922,1.0,0.0011487650775416428,0.9813052992979077,154,5220
RELATIVE_A,10,100,0.75,2026,A4_SENSOR_DRIFT,moderate,pooled,99.0,0.6280439201849165,0.0,0.0,0.0,0.0,0.6127242434009748,0.6550990197541922,0.0,0.0,0.9813052992979077,154,5220
RELATIVE_A,10,100,0.75,2026,A4_SENSOR_DRIFT,moderate,mean_temp_c_-1,95.0,0.5630532332019038,0.38254080908445703,0.016091954022988506,0.03088471235388494,0.025974025974025976,0.5019505328683203,0.5045578942130666,0.84,0.031578947368421054,0.894344143301272,154,1305
RELATIVE_A,10,100,0.75,2026,A4_SENSOR_DRIFT,moderate,mean_temp_c_-1,97.5,0.6124800273834636,1.0,0.0022988505747126436,0.0045871559633027525,0.0,0.5019505328683203,0.5045578942130666,1.0,0.0045871559633027525,0.894344143301272,154,1305
RELATIVE_A,10,100,0.75,2026,A4_SENSOR_DRIFT,moderate,mean_temp_c_-1,99.0,0.6280439201849165,0.0,0.0,0.0,0.0,0.5019505328683203,0.5045578942130666,0.0,0.0,0.894344143301272,154,1305
RELATIVE_A,10,100,0.75,2026,A4_SENSOR_DRIFT,moderate,mean_temp_c_1,95.0,0.5630532332019038,0.5007651109410864,0.026053639846743294,0.049530332125660985,0.025974025974025976,0.5321045098458633,0.5791585808827189,0.8947368421052632,0.05063291139240507,0.9053697846008761,154,1305
RELATIVE_A,10,100,0.75,2026,A4_SENSOR_DRIFT,moderate,mean_temp_c_1,97.5,0.6124800273834636,0.0,0.0,0.0,0.0,0.5321045098458633,0.5791585808827189,0.0,0.0,0.9053697846008761,154,1305
RELATIVE_A,10,100,0.75,2026,A4_SENSOR_DRIFT,moderate,mean_temp_c_1,99.0,0.6280439201849165,0.0,0.0,0.0,0.0,0.5321045098458633,0.5791585808827189,0.0,0.0,0.9053697846008761,154,1305
RELATIVE_A,10,100,0.75,2026,A4_SENSOR_DRIFT,moderate,mean_voltage_v_-1,95.0,0.5630532332019038,0.5911013629954567,0.037547892720306515,0.07061047273271699,0.025974025974025976,0.6878553120847589,0.7337537940986217,0.9245283018867925,0.07216494845360824,0.9468853454192652,154,1305
RELATIVE_A,10,100,0.75,2026,A4_SENSOR_DRIFT,moderate,mean_voltage_v_-1,97.5,0.6124800273834636,0.0,0.0,0.0,0.0,0.6878553120847589,0.7337537940986217,0.0,0.0,0.9468853454192652,154,1305
RELATIVE_A,10,100,0.75,2026,A4_SENSOR_DRIFT,moderate,mean_voltage_v_-1,99.0,0.6280439201849165,0.0,0.0,0.0,0.0,0.6878553120847589,0.7337537940986217,0.0,0.0,0.9468853454192652,154,1305
RELATIVE_A,10,100,0.75,2026,A4_SENSOR_DRIFT,moderate,mean_voltage_v_1,95.0,0.5630532332019038,0.5150501672240803,0.027586206896551724,0.05236759330102866,0.025974025974025976,0.7115593544442994,0.8029258098223615,0.9,0.053531598513011154,0.9535189568463083,154,1305
RELATIVE_A,10,100,0.75,2026,A4_SENSOR_DRIFT,moderate,mean_voltage_v_1,97.5,0.6124800273834636,0.0,0.0,0.0,0.0,0.7115593544442994,0.8029258098223615,0.0,0.0,0.9535189568463083,154,1305
RELATIVE_A,10,100,0.75,2026,A4_SENSOR_DRIFT,moderate,mean_voltage_v_1,99.0,0.6280439201849165,0.0,0.0,0.0,0.0,0.7115593544442994,0.8029258098223615,0.0,0.0,0.9535189568463083,154,1305
RELATIVE_A,10,100,0.75,2026,A4_SENSOR_DRIFT,strong,pooled,95.0,0.5630532332019038,0.5459092688443303,0.03122605363984674,0.05907312010655848,0.025974025974025976,0.6385278074448593,0.6855339105339106,0.9760479041916168,0.06051605717467978,0.9831350726103655,154,5220
RELATIVE_A,10,100,0.75,2026,A4_SENSOR_DRIFT,strong,pooled,97.5,0.6124800273834636,1.0,0.0015325670498084292,0.00306044376434583,0.0,0.6385278074448593,0.6855339105339106,1.0,0.00306044376434583,0.9831350726103655,154,5220
RELATIVE_A,10,100,0.75,2026,A4_SENSOR_DRIFT,strong,pooled,99.0,0.6280439201849165,0.0,0.0,0.0,0.0,0.6385278074448593,0.6855339105339106,0.0,0.0,0.9831350726103655,154,5220
RELATIVE_A,10,100,0.75,2026,A4_SENSOR_DRIFT,strong,mean_temp_c_-1,95.0,0.5630532332019038,0.37108433734939755,0.01532567049808429,0.029435657284847323,0.025974025974025976,0.5241011394551257,0.5417923073095487,0.8333333333333334,0.03009781790820165,0.9022408280005425,154,1305
RELATIVE_A,10,100,0.75,2026,A4_SENSOR_DRIFT,strong,mean_temp_c_-1,97.5,0.6124800273834636,1.0,0.0053639846743295016,0.010670731707317074,0.0,0.5241011394551257,0.5417923073095487,1.0,0.010670731707317074,0.9022408280005425,154,1305
RELATIVE_A,10,100,0.75,2026,A4_SENSOR_DRIFT,strong,mean_temp_c_-1,99.0,0.6280439201849165,0.0,0.0,0.0,0.0,0.5241011394551257,0.5417923073095487,0.0,0.0,0.9022408280005425,154,1305
RELATIVE_A,10,100,0.75,2026,A4_SENSOR_DRIFT,strong,mean_temp_c_1,95.0,0.5630532332019038,0.5285404624277457,0.029118773946360154,0.05519661199196386,0.025974025974025976,0.5540624999251114,0.6113997113997114,0.9047619047619048,0.05642167780252413,0.9127060246225527,154,1305
RELATIVE_A,10,100,0.75,2026,A4_SENSOR_DRIFT,strong,mean_temp_c_1,97.5,0.6124800273834636,1.0,0.0007662835249042146,0.0015313935681470138,0.0,0.5540624999251114,0.6113997113997114,1.0,0.0015313935681470138,0.9127060246225527,154,1305
RELATIVE_A,10,100,0.75,2026,A4_SENSOR_DRIFT,strong,mean_temp_c_1,99.0,0.6280439201849165,0.0,0.0,0.0,0.0,0.5540624999251114,0.6113997113997114,0.0,0.0,0.9127060246225527,154,1305
RELATIVE_A,10,100,0.75,2026,A4_SENSOR_DRIFT,strong,mean_voltage_v_-1,95.0,0.5630532332019038,0.642808266046257,0.04674329501915709,0.0871493246252041,0.025974025974025976,0.7176347868143123,0.761205652584963,0.9384615384615385,0.08905109489051095,0.9530892113605064,154,1305
RELATIVE_A,10,100,0.75,2026,A4_SENSOR_DRIFT,strong,mean_voltage_v_-1,97.5,0.6124800273834636,0.0,0.0,0.0,0.0,0.7176347868143123,0.761205652584963,0.0,0.0,0.9530892113605064,154,1305
RELATIVE_A,10,100,0.75,2026,A4_SENSOR_DRIFT,strong,mean_voltage_v_-1,99.0,0.6280439201849165,0.0,0.0,0.0,0.0,0.7176347868143123,0.761205652584963,0.0,0.0,0.9530892113605064,154,1305
RELATIVE_A,10,100,0.75,2026,A4_SENSOR_DRIFT,strong,mean_voltage_v_1,95.0,0.5630532332019038,0.5648549516505501,0.03371647509578544,0.06363457077655588,0.025974025974025976,0.7351692578195319,0.8277379708414192,0.9166666666666666,0.06504065040650406,0.9584182110817357,154,1305
RELATIVE_A,10,100,0.75,2026,A4_SENSOR_DRIFT,strong,mean_voltage_v_1,97.5,0.6124800273834636,0.0,0.0,0.0,0.0,0.7351692578195319,0.8277379708414192,0.0,0.0,0.9584182110817357,154,1305
RELATIVE_A,10,100,0.75,2026,A4_SENSOR_DRIFT,strong,mean_voltage_v_1,99.0,0.6280439201849165,0.0,0.0,0.0,0.0,0.7351692578195319,0.8277379708414192,0.0,0.0,0.9584182110817357,154,1305
RELATIVE_A,10,100,1.0,42,A1_ACCELERATED_DEGRADATION,mild,pooled,95.0,0.5676108440679148,0.366801026016856,0.011284722222222222,0.02189581442148896,0.01948051948051948,0.48455300650537203,0.4805318813131313,0.9558823529411765,0.022306108442004115,0.9721273475300622,154,5760
RELATIVE_A,10,100,1.0,42,A1_ACCELERATED_DEGRADATION,mild,pooled,97.5,0.6189250946541076,0.0,0.0,0.0,0.0,0.48455300650537203,0.4805318813131313,0.0,0.0,0.9721273475300622,154,5760
RELATIVE_A,10,100,1.0,42,A1_ACCELERATED_DEGRADATION,mild,pooled,99.0,0.6334692550739233,0.0,0.0,0.0,0.0,0.48455300650537203,0.4805318813131313,0.0,0.0,0.9721273475300622,154,5760
RELATIVE_A,10,100,1.0,42,A1_ACCELERATED_DEGRADATION,moderate,pooled,95.0,0.5676108440679148,0.3807783272414535,0.011979166666666667,0.023227600317395784,0.01948051948051948,0.4902944911912156,0.49256290584415585,0.9583333333333334,0.023662551440329218,0.9726929142939287,154,5760
RELATIVE_A,10,100,1.0,42,A1_ACCELERATED_DEGRADATION,moderate,pooled,97.5,0.6189250946541076,0.0,0.0,0.0,0.0,0.4902944911912156,0.49256290584415585,0.0,0.0,0.9726929142939287,154,5760
RELATIVE_A,10,100,1.0,42,A1_ACCELERATED_DEGRADATION,moderate,pooled,99.0,0.6334692550739233,0.0,0.0,0.0,0.0,0.4902944911912156,0.49256290584415585,0.0,0.0,0.9726929142939287,154,5760
RELATIVE_A,10,100,1.0,42,A1_ACCELERATED_DEGRADATION,strong,pooled,95.0,0.5676108440679148,0.3875381016516623,0.012326388888888888,0.023892821009249894,0.01948051948051948,0.49280157615980347,0.4977548926767677,0.9594594594594594,0.024340075419952003,0.9726792422574463,154,5760
RELATIVE_A,10,100,1.0,42,A1_ACCELERATED_DEGRADATION,strong,pooled,97.5,0.6189250946541076,0.0,0.0,0.0,0.0,0.49280157615980347,0.4977548926767677,0.0,0.0,0.9726792422574463,154,5760
RELATIVE_A,10,100,1.0,42,A1_ACCELERATED_DEGRADATION,strong,pooled,99.0,0.6334692550739233,0.0,0.0,0.0,0.0,0.49280157615980347,0.4977548926767677,0.0,0.0,0.9726792422574463,154,5760
RELATIVE_A,10,100,1.0,42,A2_EARLY_VOLTAGE_COLLAPSE,mild,pooled,95.0,0.5676108440679148,0.9735611383986276,0.7173333333333334,0.8260336387473705,0.01948051948051948,0.9719418788678937,0.9779220779220779,0.9944547134935305,0.8334624322230829,0.99389466618845,154,750
RELATIVE_A,10,100,1.0,42,A2_EARLY_VOLTAGE_COLLAPSE,mild,pooled,97.5,0.6189250946541076,1.0,0.15733333333333333,0.271889400921659,0.0,0.9719418788678937,0.9779220779220779,1.0,0.271889400921659,0.99389466618845,154,750
RELATIVE_A,10,100,1.0,42,A2_EARLY_VOLTAGE_COLLAPSE,mild,pooled,99.0,0.6334692550739233,1.0,0.088,0.16176470588235292,0.0,0.9719418788678937,0.9779220779220779,1.0,0.16176470588235292,0.99389466618845,154,750
RELATIVE_A,10,100,1.0,42,A2_EARLY_VOLTAGE_COLLAPSE,moderate,pooled,95.0,0.5676108440679148,0.9789660652519399,0.9066666666666666,0.9414303052096913,0.01948051948051948,0.984450427312372,0.9891774891774893,0.9956076134699854,0.9490579204466155,0.9967388857600089,154,750
RELATIVE_A,10,100,1.0,42,A2_EARLY_VOLTAGE_COLLAPSE,moderate,pooled,97.5,0.6189250946541076,1.0,0.19733333333333333,0.32962138084632514,0.0,0.984450427312372,0.9891774891774893,1.0,0.32962138084632514,0.9967388857600089,154,750
RELATIVE_A,10,100,1.0,42,A2_EARLY_VOLTAGE_COLLAPSE,moderate,pooled,99.0,0.6334692550739233,1.0,0.10933333333333334,0.19711538461538464,0.0,0.984450427312372,0.9891774891774893,1.0,0.19711538461538464,0.9967388857600089,154,750
RELATIVE_A,10,100,1.0,42,A2_EARLY_VOLTAGE_COLLAPSE,strong,pooled,95.0,0.5676108440679148,0.9797810966733165,0.944,0.9615577955922427,0.01948051948051948,0.9860979058415197,0.9905194805194806,0.9957805907172996,0.9691991786447639,0.9970943784134464,154,750
RELATIVE_A,10,100,1.0,42,A2_EARLY_VOLTAGE_COLLAPSE,strong,pooled,97.5,0.6189250946541076,1.0,0.19733333333333333,0.32962138084632514,0.0,0.9860979058415197,0.9905194805194806,1.0,0.32962138084632514,0.9970943784134464,154,750
RELATIVE_A,10,100,1.0,42,A2_EARLY_VOLTAGE_COLLAPSE,strong,pooled,99.0,0.6334692550739233,1.0,0.11066666666666666,0.19927971188475388,0.0,0.9860979058415197,0.9905194805194806,1.0,0.19927971188475388,0.9970943784134464,154,750
RELATIVE_A,10,100,1.0,42,A3_THERMAL_ABNORMALITY,mild,pooled,95.0,0.5676108440679148,0.648876404494382,0.036,0.0682153755290875,0.01948051948051948,0.6597525672711154,0.7024761904761905,0.9,0.06923076923076922,0.9024004336711939,154,750
RELATIVE_A,10,100,1.0,42,A3_THERMAL_ABNORMALITY,mild,pooled,97.5,0.6189250946541076,1.0,0.006666666666666667,0.013245033112582783,0.0,0.6597525672711154,0.7024761904761905,1.0,0.013245033112582783,0.9024004336711939,154,750
RELATIVE_A,10,100,1.0,42,A3_THERMAL_ABNORMALITY,mild,pooled,99.0,0.6334692550739233,1.0,0.0026666666666666666,0.005319148936170213,0.0,0.6597525672711154,0.7024761904761905,1.0,0.005319148936170213,0.9024004336711939,154,750
RELATIVE_A,10,100,1.0,42,A3_THERMAL_ABNORMALITY,moderate,pooled,95.0,0.5676108440679148,0.8209739019732655,0.08933333333333333,0.16113314801511697,0.01948051948051948,0.8136705578154398,0.8547792207792207,0.9571428571428572,0.16341463414634144,0.9533301780122784,154,750
RELATIVE_A,10,100,1.0,42,A3_THERMAL_ABNORMALITY,moderate,pooled,97.5,0.6189250946541076,1.0,0.009333333333333334,0.018494055482166448,0.0,0.8136705578154398,0.8547792207792207,1.0,0.018494055482166448,0.9533301780122784,154,750
RELATIVE_A,10,100,1.0,42,A3_THERMAL_ABNORMALITY,moderate,pooled,99.0,0.6334692550739233,1.0,0.005333333333333333,0.010610079575596816,0.0,0.8136705578154398,0.8547792207792207,1.0,0.010610079575596816,0.9533301780122784,154,750
RELATIVE_A,10,100,1.0,42,A3_THERMAL_ABNORMALITY,strong,pooled,95.0,0.5676108440679148,0.8898246988541768,0.15733333333333333,0.26738864937243423,0.01948051948051948,0.8954215566001937,0.9263896103896105,0.9752066115702479,0.2709529276693456,0.9757830156695046,154,750
RELATIVE_A,10,100,1.0,42,A3_THERMAL_ABNORMALITY,strong,pooled,97.5,0.6189250946541076,1.0,0.024,0.046875,0.0,0.8954215566001937,0.9263896103896105,1.0,0.046875,0.9757830156695046,154,750
RELATIVE_A,10,100,1.0,42,A3_THERMAL_ABNORMALITY,strong,pooled,99.0,0.6334692550739233,1.0,0.017333333333333333,0.03407601572739187,0.0,0.8954215566001937,0.9263896103896105,1.0,0.03407601572739187,0.9757830156695046,154,750
RELATIVE_A,10,100,1.0,42,A4_SENSOR_DRIFT,mild,pooled,95.0,0.5676108440679148,0.446408371040724,0.015708812260536397,0.030349640937887543,0.01948051948051948,0.5594730723306217,0.5922712345126139,0.9647058823529412,0.030914231856738923,0.9770736925303374,154,5220
RELATIVE_A,10,100,1.0,42,A4_SENSOR_DRIFT,mild,pooled,97.5,0.6189250946541076,1.0,0.0003831417624521073,0.0007659900421294524,0.0,0.5594730723306217,0.5922712345126139,1.0,0.0007659900421294524,0.9770736925303374,154,5220
RELATIVE_A,10,100,1.0,42,A4_SENSOR_DRIFT,mild,pooled,99.0,0.6334692550739233,0.0,0.0,0.0,0.0,0.5594730723306217,0.5922712345126139,0.0,0.0,0.9770736925303374,154,5220
RELATIVE_A,10,100,1.0,42,A4_SENSOR_DRIFT,mild,mean_temp_c_-1,95.0,0.5676108440679148,0.30201461936174007,0.00842911877394636,0.016400505375667417,0.01948051948051948,0.4816473979257563,0.47247350350798634,0.7857142857142857,0.016679302501895373,0.8868617627574452,154,1305
RELATIVE_A,10,100,1.0,42,A4_SENSOR_DRIFT,mild,mean_temp_c_-1,97.5,0.6189250946541076,0.0,0.0,0.0,0.0,0.4816473979257563,0.47247350350798634,0.0,0.0,0.8868617627574452,154,1305
RELATIVE_A,10,100,1.0,42,A4_SENSOR_DRIFT,mild,mean_temp_c_-1,99.0,0.6334692550739233,0.0,0.0,0.0,0.0,0.4816473979257563,0.47247350350798634,0.0,0.0,0.8868617627574452,154,1305
RELATIVE_A,10,100,1.0,42,A4_SENSOR_DRIFT,mild,mean_temp_c_1,95.0,0.5676108440679148,0.4856129286558928,0.01839080459770115,0.03543946955858875,0.01948051948051948,0.5246538644988061,0.5505199781061849,0.8888888888888888,0.036036036036036036,0.9030178434795613,154,1305
RELATIVE_A,10,100,1.0,42,A4_SENSOR_DRIFT,mild,mean_temp_c_1,97.5,0.6189250946541076,0.0,0.0,0.0,0.0,0.5246538644988061,0.5505199781061849,0.0,0.0,0.9030178434795613,154,1305
RELATIVE_A,10,100,1.0,42,A4_SENSOR_DRIFT,mild,mean_temp_c_1,99.0,0.6334692550739233,0.0,0.0,0.0,0.0,0.5246538644988061,0.5505199781061849,0.0,0.0,0.9030178434795613,154,1305
RELATIVE_A,10,100,1.0,42,A4_SENSOR_DRIFT,mild,mean_voltage_v_-1,95.0,0.5676108440679148,0.3710843373493976,0.011494252873563218,0.022297835372475205,0.01948051948051948,0.5738027697646719,0.6178434592227695,0.8333333333333334,0.02267573696145125,0.9182250747338819,154,1305
RELATIVE_A,10,100,1.0,42,A4_SENSOR_DRIFT,mild,mean_voltage_v_-1,97.5,0.6189250946541076,1.0,0.0015325670498084292,0.00306044376434583,0.0,0.5738027697646719,0.6178434592227695,1.0,0.00306044376434583,0.9182250747338819,154,1305
RELATIVE_A,10,100,1.0,42,A4_SENSOR_DRIFT,mild,mean_voltage_v_-1,99.0,0.6334692550739233,0.0,0.0,0.0,0.0,0.5738027697646719,0.6178434592227695,0.0,0.0,0.9182250747338819,154,1305
RELATIVE_A,10,100,1.0,42,A4_SENSOR_DRIFT,mild,mean_voltage_v_1,95.0,0.5676108440679148,0.5572769422141808,0.024521072796934867,0.046975163598061136,0.01948051948051948,0.6560104750050497,0.7282479972135144,0.9142857142857143,0.04776119402985075,0.9410875511155417,154,1305
RELATIVE_A,10,100,1.0,42,A4_SENSOR_DRIFT,mild,mean_voltage_v_1,97.5,0.6189250946541076,0.0,0.0,0.0,0.0,0.6560104750050497,0.7282479972135144,0.0,0.0,0.9410875511155417,154,1305
RELATIVE_A,10,100,1.0,42,A4_SENSOR_DRIFT,mild,mean_voltage_v_1,99.0,0.6334692550739233,0.0,0.0,0.0,0.0,0.6560104750050497,0.7282479972135144,0.0,0.0,0.9410875511155417,154,1305
RELATIVE_A,10,100,1.0,42,A4_SENSOR_DRIFT,moderate,pooled,95.0,0.5676108440679148,0.4639189374229768,0.01685823754789272,0.03253422191066532,0.01948051948051948,0.5992339774576025,0.6426139473553267,0.967032967032967,0.03313876859348521,0.98031131600045,154,5220
RELATIVE_A,10,100,1.0,42,A4_SENSOR_DRIFT,moderate,pooled,97.5,0.6189250946541076,1.0,0.0009578544061302681,0.0019138755980861245,0.0,0.5992339774576025,0.6426139473553267,1.0,0.0019138755980861245,0.98031131600045,154,5220
RELATIVE_A,10,100,1.0,42,A4_SENSOR_DRIFT,moderate,pooled,99.0,0.6334692550739233,0.0,0.0,0.0,0.0,0.5992339774576025,0.6426139473553267,0.0,0.0,0.98031131600045,154,5220
RELATIVE_A,10,100,1.0,42,A4_SENSOR_DRIFT,moderate,mean_temp_c_-1,95.0,0.5676108440679148,0.30201461936174007,0.00842911877394636,0.016400505375667417,0.01948051948051948,0.48735058312901847,0.48779668607254817,0.7857142857142857,0.016679302501895373,0.8890364799387169,154,1305
RELATIVE_A,10,100,1.0,42,A4_SENSOR_DRIFT,moderate,mean_temp_c_-1,97.5,0.6189250946541076,0.0,0.0,0.0,0.0,0.48735058312901847,0.48779668607254817,0.0,0.0,0.8890364799387169,154,1305
RELATIVE_A,10,100,1.0,42,A4_SENSOR_DRIFT,moderate,mean_temp_c_-1,99.0,0.6334692550739233,0.0,0.0,0.0,0.0,0.48735058312901847,0.48779668607254817,0.0,0.0,0.8890364799387169,154,1305
RELATIVE_A,10,100,1.0,42,A4_SENSOR_DRIFT,moderate,mean_temp_c_1,95.0,0.5676108440679148,0.4639189374229768,0.01685823754789272,0.03253422191066532,0.01948051948051948,0.5550905746293531,0.6040503557744937,0.88,0.03308270676691729,0.9128208463447127,154,1305
RELATIVE_A,10,100,1.0,42,A4_SENSOR_DRIFT,moderate,mean_temp_c_1,97.5,0.6189250946541076,0.0,0.0,0.0,0.0,0.5550905746293531,0.6040503557744937,0.0,0.0,0.9128208463447127,154,1305
RELATIVE_A,10,100,1.0,42,A4_SENSOR_DRIFT,moderate,mean_temp_c_1,99.0,0.6334692550739233,0.0,0.0,0.0,0.0,0.5550905746293531,0.6040503557744937,0.0,0.0,0.9128208463447127,154,1305
RELATIVE_A,10,100,1.0,42,A4_SENSOR_DRIFT,moderate,mean_voltage_v_-1,95.0,0.5676108440679148,0.4639189374229768,0.01685823754789272,0.03253422191066532,0.01948051948051948,0.6367333848707,0.6890406528337564,0.88,0.03308270676691729,0.935404240386424,154,1305
RELATIVE_A,10,100,1.0,42,A4_SENSOR_DRIFT,moderate,mean_voltage_v_-1,97.5,0.6189250946541076,1.0,0.0038314176245210726,0.007633587786259542,0.0,0.6367333848707,0.6890406528337564,1.0,0.007633587786259542,0.935404240386424,154,1305
RELATIVE_A,10,100,1.0,42,A4_SENSOR_DRIFT,moderate,mean_voltage_v_-1,99.0,0.6334692550739233,0.0,0.0,0.0,0.0,0.6367333848707,0.6890406528337564,0.0,0.0,0.935404240386424,154,1305
RELATIVE_A,10,100,1.0,42,A4_SENSOR_DRIFT,moderate,mean_voltage_v_1,95.0,0.5676108440679148,0.5648549516505502,0.02528735632183908,0.04840760690965723,0.01948051948051948,0.7081482434050298,0.7895680947405086,0.9166666666666666,0.049217002237136466,0.9529682258698768,154,1305
RELATIVE_A,10,100,1.0,42,A4_SENSOR_DRIFT,moderate,mean_voltage_v_1,97.5,0.6189250946541076,0.0,0.0,0.0,0.0,0.7081482434050298,0.7895680947405086,0.0,0.0,0.9529682258698768,154,1305
RELATIVE_A,10,100,1.0,42,A4_SENSOR_DRIFT,moderate,mean_voltage_v_1,99.0,0.6334692550739233,0.0,0.0,0.0,0.0,0.7081482434050298,0.7895680947405086,0.0,0.0,0.9529682258698768,154,1305
RELATIVE_A,10,100,1.0,42,A4_SENSOR_DRIFT,strong,pooled,95.0,0.5676108440679148,0.5218904561274958,0.021264367816091954,0.040863746871391785,0.01948051948051948,0.626582103447451,0.67633850823506,0.9736842105263158,0.04161979752530934,0.9823193771059182,154,5220
RELATIVE_A,10,100,1.0,42,A4_SENSOR_DRIFT,strong,pooled,97.5,0.6189250946541076,1.0,0.0009578544061302681,0.0019138755980861245,0.0,0.626582103447451,0.67633850823506,1.0,0.0019138755980861245,0.9823193771059182,154,5220
RELATIVE_A,10,100,1.0,42,A4_SENSOR_DRIFT,strong,pooled,99.0,0.6334692550739233,0.0,0.0,0.0,0.0,0.626582103447451,0.67633850823506,0.0,0.0,0.9823193771059182,154,5220
RELATIVE_A,10,100,1.0,42,A4_SENSOR_DRIFT,strong,mean_temp_c_-1,95.0,0.5676108440679148,0.28230980751604035,0.007662835249042145,0.014920673368051349,0.01948051948051948,0.5076323040785675,0.5175200278648555,0.7692307692307693,0.015174506828528072,0.8964383619309899,154,1305
RELATIVE_A,10,100,1.0,42,A4_SENSOR_DRIFT,strong,mean_temp_c_-1,97.5,0.6189250946541076,0.0,0.0,0.0,0.0,0.5076323040785675,0.5175200278648555,0.0,0.0,0.8964383619309899,154,1305
RELATIVE_A,10,100,1.0,42,A4_SENSOR_DRIFT,strong,mean_temp_c_-1,99.0,0.6334692550739233,0.0,0.0,0.0,0.0,0.5076323040785675,0.5175200278648555,0.0,0.0,0.8964383619309899,154,1305
RELATIVE_A,10,100,1.0,42,A4_SENSOR_DRIFT,strong,mean_temp_c_1,95.0,0.5676108440679148,0.4856129286558928,0.01839080459770115,0.03543946955858875,0.01948051948051948,0.58688428496693,0.6506219833806041,0.8888888888888888,0.036036036036036036,0.9224209171874052,154,1305
RELATIVE_A,10,100,1.0,42,A4_SENSOR_DRIFT,strong,mean_temp_c_1,97.5,0.6189250946541076,0.0,0.0,0.0,0.0,0.58688428496693,0.6506219833806041,0.0,0.0,0.9224209171874052,154,1305
RELATIVE_A,10,100,1.0,42,A4_SENSOR_DRIFT,strong,mean_temp_c_1,99.0,0.6334692550739233,0.0,0.0,0.0,0.0,0.58688428496693,0.6506219833806041,0.0,0.0,0.9224209171874052,154,1305
RELATIVE_A,10,100,1.0,42,A4_SENSOR_DRIFT,strong,mean_voltage_v_-1,95.0,0.5676108440679148,0.5572769422141808,0.024521072796934867,0.046975163598061136,0.01948051948051948,0.6658765836509221,0.7214385231626611,0.9142857142857143,0.04776119402985075,0.9423616323032148,154,1305
RELATIVE_A,10,100,1.0,42,A4_SENSOR_DRIFT,strong,mean_voltage_v_-1,97.5,0.6189250946541076,1.0,0.0038314176245210726,0.007633587786259542,0.0,0.6658765836509221,0.7214385231626611,1.0,0.007633587786259542,0.9423616323032148,154,1305
RELATIVE_A,10,100,1.0,42,A4_SENSOR_DRIFT,strong,mean_voltage_v_-1,99.0,0.6334692550739233,0.0,0.0,0.0,0.0,0.6658765836509221,0.7214385231626611,0.0,0.0,0.9423616323032148,154,1305
RELATIVE_A,10,100,1.0,42,A4_SENSOR_DRIFT,strong,mean_voltage_v_1,95.0,0.5676108440679148,0.6390041493775933,0.034482758620689655,0.06543445931591248,0.01948051948051948,0.7331884418412431,0.8157734985321193,0.9375,0.0665188470066519,0.9581741910492309,154,1305
RELATIVE_A,10,100,1.0,42,A4_SENSOR_DRIFT,strong,mean_voltage_v_1,97.5,0.6189250946541076,0.0,0.0,0.0,0.0,0.7331884418412431,0.8157734985321193,0.0,0.0,0.9581741910492309,154,1305
RELATIVE_A,10,100,1.0,42,A4_SENSOR_DRIFT,strong,mean_voltage_v_1,99.0,0.6334692550739233,0.0,0.0,0.0,0.0,0.7331884418412431,0.8157734985321193,0.0,0.0,0.9581741910492309,154,1305
RELATIVE_A,10,100,1.0,123,A1_ACCELERATED_DEGRADATION,mild,pooled,95.0,0.5806450508550549,0.38417676407697793,0.012152777777777778,0.023560266637525955,0.01948051948051948,0.4846641467426797,0.4870524440836941,0.958904109589041,0.024001371506943255,0.9718273069326703,154,5760
RELATIVE_A,10,100,1.0,123,A1_ACCELERATED_DEGRADATION,mild,pooled,97.5,0.6171016706950081,0.0,0.0,0.0,0.0,0.4846641467426797,0.4870524440836941,0.0,0.0,0.9718273069326703,154,5760
RELATIVE_A,10,100,1.0,123,A1_ACCELERATED_DEGRADATION,mild,pooled,99.0,0.6270035198496052,0.0,0.0,0.0,0.0,0.4846641467426797,0.4870524440836941,0.0,0.0,0.9718273069326703,154,5760
RELATIVE_A,10,100,1.0,123,A1_ACCELERATED_DEGRADATION,moderate,pooled,95.0,0.5806450508550549,0.05075807514831905,0.0010416666666666667,0.002041438551373994,0.01948051948051948,0.4918108895809222,0.5005225243506494,0.6666666666666666,0.002080083203328133,0.9725301359265636,154,5760
RELATIVE_A,10,100,1.0,123,A1_ACCELERATED_DEGRADATION,moderate,pooled,97.5,0.6171016706950081,0.0,0.0,0.0,0.0,0.4918108895809222,0.5005225243506494,0.0,0.0,0.9725301359265636,154,5760
RELATIVE_A,10,100,1.0,123,A1_ACCELERATED_DEGRADATION,moderate,pooled,99.0,0.6270035198496052,0.0,0.0,0.0,0.0,0.4918108895809222,0.5005225243506494,0.0,0.0,0.9725301359265636,154,5760
RELATIVE_A,10,100,1.0,123,A1_ACCELERATED_DEGRADATION,strong,pooled,95.0,0.5806450508550549,0.06655142610198791,0.001388888888888889,0.0027209922787426897,0.01948051948051948,0.4972741142729325,0.5101342667748918,0.7272727272727273,0.002772483105181078,0.9729141250175972,154,5760
RELATIVE_A,10,100,1.0,123,A1_ACCELERATED_DEGRADATION,strong,pooled,97.5,0.6171016706950081,0.0,0.0,0.0,0.0,0.4972741142729325,0.5101342667748918,0.0,0.0,0.9729141250175972,154,5760
RELATIVE_A,10,100,1.0,123,A1_ACCELERATED_DEGRADATION,strong,pooled,99.0,0.6270035198496052,0.0,0.0,0.0,0.0,0.4972741142729325,0.5101342667748918,0.0,0.0,0.9729141250175972,154,5760
RELATIVE_A,10,100,1.0,123,A2_EARLY_VOLTAGE_COLLAPSE,mild,pooled,95.0,0.5806450508550549,0.9759938544267333,0.792,0.8744228728743082,0.01948051948051948,0.9827554505412146,0.9846926406926408,0.9949748743718593,0.8819599109131404,0.9962372564766842,154,750
RELATIVE_A,10,100,1.0,123,A2_EARLY_VOLTAGE_COLLAPSE,mild,pooled,97.5,0.6171016706950081,1.0,0.26266666666666666,0.41605068637803594,0.0,0.9827554505412146,0.9846926406926408,1.0,0.41605068637803594,0.9962372564766842,154,750
RELATIVE_A,10,100,1.0,123,A2_EARLY_VOLTAGE_COLLAPSE,mild,pooled,99.0,0.6270035198496052,1.0,0.16666666666666666,0.2857142857142857,0.0,0.9827554505412146,0.9846926406926408,1.0,0.2857142857142857,0.9962372564766842,154,750
RELATIVE_A,10,100,1.0,123,A2_EARLY_VOLTAGE_COLLAPSE,moderate,pooled,95.0,0.5806450508550549,0.9800842656847473,0.9586666666666667,0.9692571648663316,0.01948051948051948,0.9933160753625425,0.9946753246753246,0.9958448753462604,0.9769021739130435,0.998608383442269,154,750
RELATIVE_A,10,100,1.0,123,A2_EARLY_VOLTAGE_COLLAPSE,moderate,pooled,97.5,0.6171016706950081,1.0,0.336,0.5029940119760479,0.0,0.9933160753625425,0.9946753246753246,1.0,0.5029940119760479,0.998608383442269,154,750
RELATIVE_A,10,100,1.0,123,A2_EARLY_VOLTAGE_COLLAPSE,moderate,pooled,99.0,0.6270035198496052,1.0,0.23733333333333334,0.38362068965517243,0.0,0.9933160753625425,0.9946753246753246,1.0,0.38362068965517243,0.998608383442269,154,750
RELATIVE_A,10,100,1.0,123,A2_EARLY_VOLTAGE_COLLAPSE,strong,pooled,95.0,0.5806450508550549,0.9807659428962215,0.9933333333333333,0.9870096352374397,0.01948051948051948,0.9947005580578103,0.995896103896104,0.9959893048128342,0.9946595460614152,0.9989018485292442,154,750
RELATIVE_A,10,100,1.0,123,A2_EARLY_VOLTAGE_COLLAPSE,strong,pooled,97.5,0.6171016706950081,1.0,0.34933333333333333,0.5177865612648221,0.0,0.9947005580578103,0.995896103896104,1.0,0.5177865612648221,0.9989018485292442,154,750
RELATIVE_A,10,100,1.0,123,A2_EARLY_VOLTAGE_COLLAPSE,strong,pooled,99.0,0.6270035198496052,1.0,0.24266666666666667,0.3905579399141631,0.0,0.9947005580578103,0.995896103896104,1.0,0.3905579399141631,0.9989018485292442,154,750
RELATIVE_A,10,100,1.0,123,A3_THERMAL_ABNORMALITY,mild,pooled,95.0,0.5806450508550549,0.4708372530573848,0.017333333333333333,0.03343576725232146,0.01948051948051948,0.6471018823675415,0.6925367965367966,0.8125,0.033942558746736295,0.897404617576415,154,750
RELATIVE_A,10,100,1.0,123,A3_THERMAL_ABNORMALITY,mild,pooled,97.5,0.6171016706950081,1.0,0.010666666666666666,0.021108179419525065,0.0,0.6471018823675415,0.6925367965367966,1.0,0.021108179419525065,0.897404617576415,154,750
RELATIVE_A,10,100,1.0,123,A3_THERMAL_ABNORMALITY,mild,pooled,99.0,0.6270035198496052,1.0,0.008,0.015873015873015872,0.0,0.6471018823675415,0.6925367965367966,1.0,0.015873015873015872,0.897404617576415,154,750
RELATIVE_A,10,100,1.0,123,A3_THERMAL_ABNORMALITY,moderate,pooled,95.0,0.5806450508550549,0.7703144140465495,0.06533333333333333,0.12045077257055291,0.01948051948051948,0.8025622787832604,0.8503896103896105,0.9423076923076923,0.12219451371571073,0.950423719817033,154,750
RELATIVE_A,10,100,1.0,123,A3_THERMAL_ABNORMALITY,moderate,pooled,97.5,0.6171016706950081,1.0,0.02,0.0392156862745098,0.0,0.8025622787832604,0.8503896103896105,1.0,0.0392156862745098,0.950423719817033,154,750
RELATIVE_A,10,100,1.0,123,A3_THERMAL_ABNORMALITY,moderate,pooled,99.0,0.6270035198496052,1.0,0.012,0.023715415019762848,0.0,0.8025622787832604,0.8503896103896105,1.0,0.023715415019762848,0.950423719817033,154,750
RELATIVE_A,10,100,1.0,123,A3_THERMAL_ABNORMALITY,strong,pooled,95.0,0.5806450508550549,0.8503193187865886,0.11066666666666666,0.19584469708577204,0.01948051948051948,0.8838737468164213,0.9212121212121211,0.9651162790697675,0.19856459330143542,0.972988136813445,154,750
RELATIVE_A,10,100,1.0,123,A3_THERMAL_ABNORMALITY,strong,pooled,97.5,0.6171016706950081,1.0,0.042666666666666665,0.08184143222506395,0.0,0.8838737468164213,0.9212121212121211,1.0,0.08184143222506395,0.972988136813445,154,750
RELATIVE_A,10,100,1.0,123,A3_THERMAL_ABNORMALITY,strong,pooled,99.0,0.6270035198496052,1.0,0.024,0.046875,0.0,0.8838737468164213,0.9212121212121211,1.0,0.046875,0.972988136813445,154,750
RELATIVE_A,10,100,1.0,123,A4_SENSOR_DRIFT,mild,pooled,95.0,0.5806450508550549,0.4639189374229768,0.01685823754789272,0.03253422191066532,0.01948051948051948,0.5602788631952195,0.5927762850176643,0.967032967032967,0.03313876859348521,0.9770735787875908,154,5220
RELATIVE_A,10,100,1.0,123,A4_SENSOR_DRIFT,mild,pooled,97.5,0.6171016706950081,1.0,0.0015325670498084292,0.00306044376434583,0.0,0.5602788631952195,0.5927762850176643,1.0,0.00306044376434583,0.9770735787875908,154,5220
RELATIVE_A,10,100,1.0,123,A4_SENSOR_DRIFT,mild,pooled,99.0,0.6270035198496052,0.0,0.0,0.0,0.0,0.5602788631952195,0.5927762850176643,0.0,0.0,0.9770735787875908,154,5220
RELATIVE_A,10,100,1.0,123,A4_SENSOR_DRIFT,mild,mean_temp_c_-1,95.0,0.5806450508550549,0.42771524630901914,0.014559386973180077,0.028160203261617524,0.01948051948051948,0.48228089584879275,0.47339155097775787,0.8636363636363636,0.028636021100226075,0.8870063558621621,154,1305
RELATIVE_A,10,100,1.0,123,A4_SENSOR_DRIFT,mild,mean_temp_c_-1,97.5,0.6171016706950081,0.0,0.0,0.0,0.0,0.48228089584879275,0.47339155097775787,0.0,0.0,0.8870063558621621,154,1305
RELATIVE_A,10,100,1.0,123,A4_SENSOR_DRIFT,mild,mean_temp_c_-1,99.0,0.6270035198496052,0.0,0.0,0.0,0.0,0.48228089584879275,0.47339155097775787,0.0,0.0,0.8870063558621621,154,1305
RELATIVE_A,10,100,1.0,123,A4_SENSOR_DRIFT,mild,mean_temp_c_1,95.0,0.5806450508550549,0.5150501672240803,0.020689655172413793,0.03978128901709217,0.01948051948051948,0.5124023650229679,0.5369881076777628,0.9,0.040449438202247195,0.8983560287165153,154,1305
RELATIVE_A,10,100,1.0,123,A4_SENSOR_DRIFT,mild,mean_temp_c_1,97.5,0.6171016706950081,0.0,0.0,0.0,0.0,0.5124023650229679,0.5369881076777628,0.0,0.0,0.8983560287165153,154,1305
RELATIVE_A,10,100,1.0,123,A4_SENSOR_DRIFT,mild,mean_temp_c_1,99.0,0.6270035198496052,0.0,0.0,0.0,0.0,0.5124023650229679,0.5369881076777628,0.0,0.0,0.8983560287165153,154,1305
RELATIVE_A,10,100,1.0,123,A4_SENSOR_DRIFT,mild,mean_voltage_v_-1,95.0,0.5806450508550549,0.3551309504200297,0.010727969348659003,0.02082679276085413,0.01948051948051948,0.5811505571232725,0.6203786634821118,0.8235294117647058,0.02118003025718608,0.920217709684612,154,1305
RELATIVE_A,10,100,1.0,123,A4_SENSOR_DRIFT,mild,mean_voltage_v_-1,97.5,0.6171016706950081,1.0,0.006130268199233717,0.012185833968012186,0.0,0.5811505571232725,0.6203786634821118,1.0,0.012185833968012186,0.920217709684612,154,1305
RELATIVE_A,10,100,1.0,123,A4_SENSOR_DRIFT,mild,mean_voltage_v_-1,99.0,0.6270035198496052,0.0,0.0,0.0,0.0,0.5811505571232725,0.6203786634821118,0.0,0.0,0.920217709684612,154,1305
RELATIVE_A,10,100,1.0,123,A4_SENSOR_DRIFT,mild,mean_voltage_v_1,95.0,0.5806450508550549,0.5241278716421538,0.021455938697318006,0.041224300539682686,0.01948051948051948,0.6613655537726821,0.7403468179330248,0.9032258064516129,0.041916167664670656,0.9420588127401538,154,1305
RELATIVE_A,10,100,1.0,123,A4_SENSOR_DRIFT,mild,mean_voltage_v_1,97.5,0.6171016706950081,0.0,0.0,0.0,0.0,0.6613655537726821,0.7403468179330248,0.0,0.0,0.9420588127401538,154,1305
RELATIVE_A,10,100,1.0,123,A4_SENSOR_DRIFT,mild,mean_voltage_v_1,99.0,0.6270035198496052,0.0,0.0,0.0,0.0,0.6613655537726821,0.7403468179330248,0.0,0.0,0.9420588127401538,154,1305
RELATIVE_A,10,100,1.0,123,A4_SENSOR_DRIFT,moderate,pooled,95.0,0.5806450508550549,0.46951219512195125,0.017241379310344827,0.03326133909287257,0.01948051948051948,0.6003688255896464,0.6415441359406877,0.967741935483871,0.03387916431394692,0.9803112965969933,154,5220
RELATIVE_A,10,100,1.0,123,A4_SENSOR_DRIFT,moderate,pooled,97.5,0.6171016706950081,1.0,0.0019157088122605363,0.0038240917782026767,0.0,0.6003688255896464,0.6415441359406877,1.0,0.0038240917782026767,0.9803112965969933,154,5220
RELATIVE_A,10,100,1.0,123,A4_SENSOR_DRIFT,moderate,pooled,99.0,0.6270035198496052,0.0,0.0,0.0,0.0,0.6003688255896464,0.6415441359406877,0.0,0.0,0.9803112965969933,154,5220
RELATIVE_A,10,100,1.0,123,A4_SENSOR_DRIFT,moderate,mean_temp_c_-1,95.0,0.5806450508550549,0.414535666218035,0.013793103448275862,0.0266978719715685,0.01948051948051948,0.49255773450970564,0.48957058267403103,0.8571428571428571,0.027149321266968323,0.8907432145489937,154,1305
RELATIVE_A,10,100,1.0,123,A4_SENSOR_DRIFT,moderate,mean_temp_c_-1,97.5,0.6171016706950081,0.0,0.0,0.0,0.0,0.49255773450970564,0.48957058267403103,0.0,0.0,0.8907432145489937,154,1305
RELATIVE_A,10,100,1.0,123,A4_SENSOR_DRIFT,moderate,mean_temp_c_-1,99.0,0.6270035198496052,0.0,0.0,0.0,0.0,0.49255773450970564,0.48957058267403103,0.0,0.0,0.8907432145489937,154,1305
RELATIVE_A,10,100,1.0,123,A4_SENSOR_DRIFT,moderate,mean_temp_c_1,95.0,0.5806450508550549,0.4856129286558928,0.01839080459770115,0.03543946955858875,0.01948051948051948,0.5355895724030765,0.5797283176593522,0.8888888888888888,0.036036036036036036,0.9061880084397662,154,1305
RELATIVE_A,10,100,1.0,123,A4_SENSOR_DRIFT,moderate,mean_temp_c_1,97.5,0.6171016706950081,0.0,0.0,0.0,0.0,0.5355895724030765,0.5797283176593522,0.0,0.0,0.9061880084397662,154,1305
RELATIVE_A,10,100,1.0,123,A4_SENSOR_DRIFT,moderate,mean_temp_c_1,99.0,0.6270035198496052,0.0,0.0,0.0,0.0,0.5355895724030765,0.5797283176593522,0.0,0.0,0.9061880084397662,154,1305
RELATIVE_A,10,100,1.0,123,A4_SENSOR_DRIFT,moderate,mean_voltage_v_-1,95.0,0.5806450508550549,0.42771524630901914,0.014559386973180077,0.028160203261617524,0.01948051948051948,0.6482991636967169,0.6958053440812062,0.8636363636363636,0.028636021100226075,0.9379447141927882,154,1305
RELATIVE_A,10,100,1.0,123,A4_SENSOR_DRIFT,moderate,mean_voltage_v_-1,97.5,0.6171016706950081,1.0,0.007662835249042145,0.01520912547528517,0.0,0.6482991636967169,0.6958053440812062,1.0,0.01520912547528517,0.9379447141927882,154,1305
RELATIVE_A,10,100,1.0,123,A4_SENSOR_DRIFT,moderate,mean_voltage_v_-1,99.0,0.6270035198496052,0.0,0.0,0.0,0.0,0.6482991636967169,0.6958053440812062,0.0,0.0,0.9379447141927882,154,1305
RELATIVE_A,10,100,1.0,123,A4_SENSOR_DRIFT,moderate,mean_voltage_v_1,95.0,0.5806450508550549,0.5328719723183392,0.022222222222222223,0.04266518908436071,0.01948051948051948,0.7120308028717397,0.8010722993481614,0.90625,0.04338070306656694,0.9534389369953498,154,1305
RELATIVE_A,10,100,1.0,123,A4_SENSOR_DRIFT,moderate,mean_voltage_v_1,97.5,0.6171016706950081,0.0,0.0,0.0,0.0,0.7120308028717397,0.8010722993481614,0.0,0.0,0.9534389369953498,154,1305
RELATIVE_A,10,100,1.0,123,A4_SENSOR_DRIFT,moderate,mean_voltage_v_1,99.0,0.6270035198496052,0.0,0.0,0.0,0.0,0.7120308028717397,0.8010722993481614,0.0,0.0,0.9534389369953498,154,1305
RELATIVE_A,10,100,1.0,123,A4_SENSOR_DRIFT,strong,pooled,95.0,0.5806450508550549,0.5103801900950475,0.020306513409961684,0.03905898567231032,0.01948051948051948,0.6293193076273476,0.678126088470916,0.9724770642201835,0.03978232313754925,0.9824248793080873,154,5220
RELATIVE_A,10,100,1.0,123,A4_SENSOR_DRIFT,strong,pooled,97.5,0.6171016706950081,1.0,0.0024904214559386974,0.004968469329256641,0.0,0.6293193076273476,0.678126088470916,1.0,0.004968469329256641,0.9824248793080873,154,5220
RELATIVE_A,10,100,1.0,123,A4_SENSOR_DRIFT,strong,pooled,99.0,0.6270035198496052,0.0,0.0,0.0,0.0,0.6293193076273476,0.678126088470916,0.0,0.0,0.9824248793080873,154,5220
RELATIVE_A,10,100,1.0,123,A4_SENSOR_DRIFT,strong,mean_temp_c_-1,95.0,0.5806450508550549,0.414535666218035,0.013793103448275862,0.0266978719715685,0.01948051948051948,0.5195536951088139,0.5303378613723442,0.8571428571428571,0.027149321266968323,0.9005602381261546,154,1305
RELATIVE_A,10,100,1.0,123,A4_SENSOR_DRIFT,strong,mean_temp_c_-1,97.5,0.6171016706950081,0.0,0.0,0.0,0.0,0.5195536951088139,0.5303378613723442,0.0,0.0,0.9005602381261546,154,1305
RELATIVE_A,10,100,1.0,123,A4_SENSOR_DRIFT,strong,mean_temp_c_-1,99.0,0.6270035198496052,0.0,0.0,0.0,0.0,0.5195536951088139,0.5303378613723442,0.0,0.0,0.9005602381261546,154,1305
RELATIVE_A,10,100,1.0,123,A4_SENSOR_DRIFT,strong,mean_temp_c_1,95.0,0.5806450508550549,0.5494303141903556,0.02375478927203065,0.0455406159525706,0.01948051948051948,0.5624338118094283,0.6205901378315172,0.9117647058823529,0.04630321135175504,0.9148720155287426,154,1305
RELATIVE_A,10,100,1.0,123,A4_SENSOR_DRIFT,strong,mean_temp_c_1,97.5,0.6171016706950081,1.0,0.0015325670498084292,0.00306044376434583,0.0,0.5624338118094283,0.6205901378315172,1.0,0.00306044376434583,0.9148720155287426,154,1305
RELATIVE_A,10,100,1.0,123,A4_SENSOR_DRIFT,strong,mean_temp_c_1,99.0,0.6270035198496052,0.0,0.0,0.0,0.0,0.5624338118094283,0.6205901378315172,0.0,0.0,0.9148720155287426,154,1305
RELATIVE_A,10,100,1.0,123,A4_SENSOR_DRIFT,strong,mean_voltage_v_-1,95.0,0.5806450508550549,0.5056193963884329,0.01992337164750958,0.0383361498211969,0.01948051948051948,0.6829750509109528,0.7340996168582377,0.896551724137931,0.03898050974512744,0.9459466201245046,154,1305
RELATIVE_A,10,100,1.0,123,A4_SENSOR_DRIFT,strong,mean_voltage_v_-1,97.5,0.6171016706950081,1.0,0.00842911877394636,0.016717325227963525,0.0,0.6829750509109528,0.7340996168582377,1.0,0.016717325227963525,0.9459466201245046,154,1305
RELATIVE_A,10,100,1.0,123,A4_SENSOR_DRIFT,strong,mean_voltage_v_-1,99.0,0.6270035198496052,0.0,0.0,0.0,0.0,0.6829750509109528,0.7340996168582377,0.0,0.0,0.9459466201245046,154,1305
RELATIVE_A,10,100,1.0,123,A4_SENSOR_DRIFT,strong,mean_voltage_v_1,95.0,0.5806450508550549,0.5494303141903556,0.02375478927203065,0.0455406159525706,0.01948051948051948,0.7361433580452847,0.8274767378215654,0.9117647058823529,0.04630321135175504,0.9584720673943696,154,1305
RELATIVE_A,10,100,1.0,123,A4_SENSOR_DRIFT,strong,mean_voltage_v_1,97.5,0.6171016706950081,0.0,0.0,0.0,0.0,0.7361433580452847,0.8274767378215654,0.0,0.0,0.9584720673943696,154,1305
RELATIVE_A,10,100,1.0,123,A4_SENSOR_DRIFT,strong,mean_voltage_v_1,99.0,0.6270035198496052,0.0,0.0,0.0,0.0,0.7361433580452847,0.8274767378215654,0.0,0.0,0.9584720673943696,154,1305
RELATIVE_A,10,100,1.0,2026,A1_ACCELERATED_DEGRADATION,mild,pooled,95.0,0.6014627127027548,0.46493265211333024,0.011284722222222222,0.02203462584060667,0.012987012987012988,0.4796866069886541,0.47411277958152964,0.9701492537313433,0.022309936502488414,0.9715755197691816,154,5760
RELATIVE_A,10,100,1.0,2026,A1_ACCELERATED_DEGRADATION,mild,pooled,97.5,0.6167566647643997,0.0,0.0,0.0,0.006493506493506494,0.4796866069886541,0.47411277958152964,0.0,0.0,0.9715755197691816,154,5760
RELATIVE_A,10,100,1.0,2026,A1_ACCELERATED_DEGRADATION,mild,pooled,99.0,0.6210794648449106,0.0,0.0,0.0,0.006493506493506494,0.4796866069886541,0.47411277958152964,0.0,0.0,0.9715755197691816,154,5760
RELATIVE_A,10,100,1.0,2026,A1_ACCELERATED_DEGRADATION,moderate,pooled,95.0,0.6014627127027548,0.013191708069213638,0.00017361111111111112,0.0003427119194760514,0.012987012987012988,0.4831013314279021,0.4818018353174603,0.3333333333333333,0.00034704147145583897,0.9719757406280021,154,5760
RELATIVE_A,10,100,1.0,2026,A1_ACCELERATED_DEGRADATION,moderate,pooled,97.5,0.6167566647643997,0.0,0.0,0.0,0.006493506493506494,0.4831013314279021,0.4818018353174603,0.0,0.0,0.9719757406280021,154,5760
RELATIVE_A,10,100,1.0,2026,A1_ACCELERATED_DEGRADATION,moderate,pooled,99.0,0.6210794648449106,0.0,0.0,0.0,0.006493506493506494,0.4831013314279021,0.4818018353174603,0.0,0.0,0.9719757406280021,154,5760
RELATIVE_A,10,100,1.0,2026,A1_ACCELERATED_DEGRADATION,strong,pooled,95.0,0.6014627127027548,0.013191708069213638,0.00017361111111111112,0.0003427119194760514,0.012987012987012988,0.48653107549615926,0.4896210993867244,0.3333333333333333,0.00034704147145583897,0.9723332549321906,154,5760
RELATIVE_A,10,100,1.0,2026,A1_ACCELERATED_DEGRADATION,strong,pooled,97.5,0.6167566647643997,0.0,0.0,0.0,0.006493506493506494,0.48653107549615926,0.4896210993867244,0.0,0.0,0.9723332549321906,154,5760
RELATIVE_A,10,100,1.0,2026,A1_ACCELERATED_DEGRADATION,strong,pooled,99.0,0.6210794648449106,0.0,0.0,0.0,0.006493506493506494,0.48653107549615926,0.4896210993867244,0.0,0.0,0.9723332549321906,154,5760
RELATIVE_A,10,100,1.0,2026,A2_EARLY_VOLTAGE_COLLAPSE,mild,pooled,95.0,0.6014627127027548,0.9761116065740859,0.5306666666666666,0.6875462724070627,0.012987012987012988,0.9716416388105026,0.9805714285714285,0.995,0.6921739130434783,0.9938682857032206,154,750
RELATIVE_A,10,100,1.0,2026,A2_EARLY_VOLTAGE_COLLAPSE,mild,pooled,97.5,0.6167566647643997,0.9790864982432659,0.304,0.46394735798945574,0.006493506493506494,0.9716416388105026,0.9805714285714285,0.9956331877729258,0.4657814096016343,0.9938682857032206,154,750
RELATIVE_A,10,100,1.0,2026,A2_EARLY_VOLTAGE_COLLAPSE,mild,pooled,99.0,0.6210794648449106,0.9758749356664951,0.26266666666666666,0.4139220127159113,0.006493506493506494,0.9716416388105026,0.9805714285714285,0.9949494949494949,0.41561181434599154,0.9938682857032206,154,750
RELATIVE_A,10,100,1.0,2026,A2_EARLY_VOLTAGE_COLLAPSE,moderate,pooled,95.0,0.6014627127027548,0.9813312092398069,0.6826666666666666,0.8051958661819371,0.012987012987012988,0.9829459118080304,0.9905194805194805,0.9961089494163424,0.8101265822784811,0.9964325468178395,154,750
RELATIVE_A,10,100,1.0,2026,A2_EARLY_VOLTAGE_COLLAPSE,moderate,pooled,97.5,0.6167566647643997,0.9836501569584932,0.39066666666666666,0.559229606127457,0.006493506493506494,0.9829459118080304,0.9905194805194805,0.9965986394557823,0.5613026819923371,0.9964325468178395,154,750
RELATIVE_A,10,100,1.0,2026,A2_EARLY_VOLTAGE_COLLAPSE,moderate,pooled,99.0,0.6210794648449106,0.9810404974973457,0.336,0.5005610803699261,0.006493506493506494,0.9829459118080304,0.9905194805194805,0.9960474308300395,0.5024925224327018,0.9964325468178395,154,750
RELATIVE_A,10,100,1.0,2026,A2_EARLY_VOLTAGE_COLLAPSE,strong,pooled,95.0,0.6014627127027548,0.9820204247974301,0.7093333333333334,0.8236950052280223,0.012987012987012988,0.9840843200447195,0.9915411255411256,0.9962546816479401,0.8286604361370717,0.9966774005495986,154,750
RELATIVE_A,10,100,1.0,2026,A2_EARLY_VOLTAGE_COLLAPSE,strong,pooled,97.5,0.6167566647643997,0.9841296711667866,0.4026666666666667,0.5714987896140281,0.006493506493506494,0.9840843200447195,0.9915411255411256,0.9966996699669967,0.5735992402659069,0.9966774005495986,154,750
RELATIVE_A,10,100,1.0,2026,A2_EARLY_VOLTAGE_COLLAPSE,strong,pooled,99.0,0.6210794648449106,0.9816822977725674,0.348,0.5138452097875277,0.006493506493506494,0.9840843200447195,0.9915411255411256,0.9961832061068703,0.5158102766798418,0.9966774005495986,154,750
RELATIVE_A,10,100,1.0,2026,A3_THERMAL_ABNORMALITY,mild,pooled,95.0,0.6014627127027548,0.5519713261648745,0.016,0.031098546042003232,0.012987012987012988,0.6128098395261234,0.6653766233766234,0.8571428571428571,0.031413612565445025,0.8838825764324847,154,750
RELATIVE_A,10,100,1.0,2026,A3_THERMAL_ABNORMALITY,mild,pooled,97.5,0.6167566647643997,0.6215943491422805,0.010666666666666666,0.02097342571627994,0.006493506493506494,0.6128098395261234,0.6653766233766234,0.8888888888888888,0.021080368906455864,0.8838825764324847,154,750
RELATIVE_A,10,100,1.0,2026,A3_THERMAL_ABNORMALITY,mild,pooled,99.0,0.6210794648449106,0.5897155361050328,0.009333333333333334,0.01837583526523933,0.006493506493506494,0.6128098395261234,0.6653766233766234,0.875,0.018469656992084436,0.8838825764324847,154,750
RELATIVE_A,10,100,1.0,2026,A3_THERMAL_ABNORMALITY,moderate,pooled,95.0,0.6014627127027548,0.6357455075279261,0.02266666666666667,0.04377267635305724,0.012987012987012988,0.746449200437274,0.8145367965367964,0.8947368421052632,0.044213263979193757,0.933221194382662,154,750
RELATIVE_A,10,100,1.0,2026,A3_THERMAL_ABNORMALITY,moderate,pooled,97.5,0.6167566647643997,0.693126022913257,0.014666666666666666,0.028725496845960794,0.006493506493506494,0.746449200437274,0.8145367965367964,0.9166666666666666,0.02887139107611548,0.933221194382662,154,750
RELATIVE_A,10,100,1.0,2026,A3_THERMAL_ABNORMALITY,moderate,pooled,99.0,0.6210794648449106,0.6724890829694323,0.013333333333333334,0.02614822990067069,0.006493506493506494,0.746449200437274,0.8145367965367964,0.9090909090909091,0.02628120893561104,0.933221194382662,154,750
RELATIVE_A,10,100,1.0,2026,A3_THERMAL_ABNORMALITY,strong,pooled,95.0,0.6014627127027548,0.727470930232558,0.034666666666666665,0.06617963042544048,0.012987012987012988,0.8276401689781817,0.8929437229437228,0.9285714285714286,0.06683804627249358,0.9579061608873625,154,750
RELATIVE_A,10,100,1.0,2026,A3_THERMAL_ABNORMALITY,strong,pooled,97.5,0.6167566647643997,0.804177545691906,0.02666666666666667,0.051621553674683664,0.006493506493506494,0.8276401689781817,0.8929437229437228,0.9523809523809523,0.05188067444876784,0.9579061608873625,154,750
RELATIVE_A,10,100,1.0,2026,A3_THERMAL_ABNORMALITY,strong,pooled,99.0,0.6210794648449106,0.787052810902896,0.024,0.04657962393507083,0.006493506493506494,0.8276401689781817,0.8929437229437228,0.9473684210526315,0.046814044213263975,0.9579061608873625,154,750
RELATIVE_A,10,100,1.0,2026,A4_SENSOR_DRIFT,mild,pooled,95.0,0.6014627127027548,0.43877002472852383,0.010153256704980842,0.019847242857594448,0.012987012987012988,0.5551463733523243,0.5908475145544111,0.9636363636363636,0.020094786729857816,0.9767103089746284,154,5220
RELATIVE_A,10,100,1.0,2026,A4_SENSOR_DRIFT,mild,pooled,97.5,0.6167566647643997,0.45237096097356266,0.0053639846743295016,0.010602253224688102,0.006493506493506494,0.5551463733523243,0.5908475145544111,0.9655172413793104,0.010668698799771384,0.9767103089746284,154,5220
RELATIVE_A,10,100,1.0,2026,A4_SENSOR_DRIFT,mild,pooled,99.0,0.6210794648449106,0.4340849956634866,0.004980842911877395,0.009848678643814323,0.006493506493506494,0.5551463733523243,0.5908475145544111,0.9629629629629629,0.009910425004764628,0.9767103089746284,154,5220
RELATIVE_A,10,100,1.0,2026,A4_SENSOR_DRIFT,mild,mean_temp_c_-1,95.0,0.6014627127027548,0.3468468468468468,0.006896551724137931,0.013524194256608411,0.012987012987012988,0.4878320115277442,0.48370652336169573,0.8181818181818182,0.013677811550151976,0.8894483660143016,154,1305
RELATIVE_A,10,100,1.0,2026,A4_SENSOR_DRIFT,mild,mean_temp_c_-1,97.5,0.6167566647643997,0.5150501672240803,0.006896551724137931,0.013610853329798046,0.006493506493506494,0.4878320115277442,0.48370652336169573,0.9,0.013688212927756653,0.8894483660143016,154,1305
RELATIVE_A,10,100,1.0,2026,A4_SENSOR_DRIFT,mild,mean_temp_c_-1,99.0,0.6210794648449106,0.5150501672240803,0.006896551724137931,0.013610853329798046,0.006493506493506494,0.4878320115277442,0.48370652336169573,0.9,0.013688212927756653,0.8894483660143016,154,1305
RELATIVE_A,10,100,1.0,2026,A4_SENSOR_DRIFT,mild,mean_temp_c_1,95.0,0.6014627127027548,0.3468468468468468,0.006896551724137931,0.013524194256608411,0.012987012987012988,0.5112954058990454,0.533014877842464,0.8181818181818182,0.013677811550151976,0.8978505910180652,154,1305
RELATIVE_A,10,100,1.0,2026,A4_SENSOR_DRIFT,mild,mean_temp_c_1,97.5,0.6167566647643997,0.5150501672240803,0.006896551724137931,0.013610853329798046,0.006493506493506494,0.5112954058990454,0.533014877842464,0.9,0.013688212927756653,0.8978505910180652,154,1305
RELATIVE_A,10,100,1.0,2026,A4_SENSOR_DRIFT,mild,mean_temp_c_1,99.0,0.6210794648449106,0.5150501672240803,0.006896551724137931,0.013610853329798046,0.006493506493506494,0.5112954058990454,0.533014877842464,0.9,0.013688212927756653,0.8978505910180652,154,1305
RELATIVE_A,10,100,1.0,2026,A4_SENSOR_DRIFT,mild,mean_voltage_v_-1,95.0,0.6014627127027548,0.45237096097356266,0.010727969348659003,0.020958898782906247,0.012987012987012988,0.5860259045502542,0.638423645320197,0.875,0.02119606358819076,0.9216177674181977,154,1305
RELATIVE_A,10,100,1.0,2026,A4_SENSOR_DRIFT,mild,mean_voltage_v_-1,97.5,0.6167566647643997,0.2614601018675721,0.0022988505747126436,0.004557628849198716,0.006493506493506494,0.5860259045502542,0.638423645320197,0.75,0.004583651642475171,0.9216177674181977,154,1305
RELATIVE_A,10,100,1.0,2026,A4_SENSOR_DRIFT,mild,mean_voltage_v_-1,99.0,0.6210794648449106,0.10555174777244689,0.0007662835249042146,0.0015215211259256333,0.006493506493506494,0.5860259045502542,0.638423645320197,0.5,0.001530221882172915,0.9216177674181977,154,1305
RELATIVE_A,10,100,1.0,2026,A4_SENSOR_DRIFT,mild,mean_voltage_v_1,95.0,0.6014627127027548,0.553388090349076,0.016091954022988506,0.03127447851692826,0.012987012987012988,0.6346758145469974,0.7082450116932876,0.9130434782608695,0.03162650602409638,0.9358648549550173,154,1305
RELATIVE_A,10,100,1.0,2026,A4_SENSOR_DRIFT,mild,mean_voltage_v_1,97.5,0.6167566647643997,0.45237096097356266,0.0053639846743295016,0.010602253224688102,0.006493506493506494,0.6346758145469974,0.7082450116932876,0.875,0.01066260472201066,0.9358648549550173,154,1305
RELATIVE_A,10,100,1.0,2026,A4_SENSOR_DRIFT,mild,mean_voltage_v_1,99.0,0.6210794648449106,0.45237096097356266,0.0053639846743295016,0.010602253224688102,0.006493506493506494,0.6346758145469974,0.7082450116932876,0.875,0.01066260472201066,0.9358648549550173,154,1305
RELATIVE_A,10,100,1.0,2026,A4_SENSOR_DRIFT,moderate,pooled,95.0,0.6014627127027548,0.4695121951219512,0.011494252873563218,0.022439166545242605,0.012987012987012988,0.5923581929019117,0.6385536398467433,0.967741935483871,0.022718667171525937,0.9797939199146792,154,5220
RELATIVE_A,10,100,1.0,2026,A4_SENSOR_DRIFT,moderate,pooled,97.5,0.6167566647643997,0.47768661196718026,0.0059386973180076625,0.011731545669231354,0.006493506493506494,0.5923581929019117,0.6385536398467433,0.96875,0.011805026656511803,0.9797939199146792,154,5220
RELATIVE_A,10,100,1.0,2026,A4_SENSOR_DRIFT,moderate,pooled,99.0,0.6210794648449106,0.46107784431137727,0.005555555555555556,0.010978826548798745,0.006493506493506494,0.5923581929019117,0.6385536398467433,0.9666666666666667,0.01104761904761905,0.9797939199146792,154,5220
RELATIVE_A,10,100,1.0,2026,A4_SENSOR_DRIFT,moderate,mean_temp_c_-1,95.0,0.6014627127027548,0.3468468468468468,0.006896551724137931,0.013524194256608411,0.012987012987012988,0.499991990601172,0.509610887197094,0.8181818181818182,0.013677811550151976,0.8937961311962703,154,1305
RELATIVE_A,10,100,1.0,2026,A4_SENSOR_DRIFT,moderate,mean_temp_c_-1,97.5,0.6167566647643997,0.5150501672240803,0.006896551724137931,0.013610853329798046,0.006493506493506494,0.499991990601172,0.509610887197094,0.9,0.013688212927756653,0.8937961311962703,154,1305
RELATIVE_A,10,100,1.0,2026,A4_SENSOR_DRIFT,moderate,mean_temp_c_-1,99.0,0.6210794648449106,0.5150501672240803,0.006896551724137931,0.013610853329798046,0.006493506493506494,0.499991990601172,0.509610887197094,0.9,0.013688212927756653,0.8937961311962703,154,1305
RELATIVE_A,10,100,1.0,2026,A4_SENSOR_DRIFT,moderate,mean_temp_c_1,95.0,0.6014627127027548,0.3468468468468468,0.006896551724137931,0.013524194256608411,0.012987012987012988,0.5286041385992952,0.5680499577051301,0.8181818181818182,0.013677811550151976,0.9038184082774645,154,1305
RELATIVE_A,10,100,1.0,2026,A4_SENSOR_DRIFT,moderate,mean_temp_c_1,97.5,0.6167566647643997,0.5150501672240803,0.006896551724137931,0.013610853329798046,0.006493506493506494,0.5286041385992952,0.5680499577051301,0.9,0.013688212927756653,0.9038184082774645,154,1305
RELATIVE_A,10,100,1.0,2026,A4_SENSOR_DRIFT,moderate,mean_temp_c_1,99.0,0.6210794648449106,0.5150501672240803,0.006896551724137931,0.013610853329798046,0.006493506493506494,0.5286041385992952,0.5680499577051301,0.9,0.013688212927756653,0.9038184082774645,154,1305
RELATIVE_A,10,100,1.0,2026,A4_SENSOR_DRIFT,moderate,mean_voltage_v_-1,95.0,0.6014627127027548,0.5648549516505501,0.01685823754789272,0.03273936067411387,0.012987012987012988,0.6455964531491613,0.705157486191969,0.9166666666666666,0.03310759969902182,0.9374360527754974,154,1305
RELATIVE_A,10,100,1.0,2026,A4_SENSOR_DRIFT,moderate,mean_voltage_v_-1,97.5,0.6167566647643997,0.41453566621803495,0.004597701149425287,0.00909453294553615,0.006493506493506494,0.6455964531491613,0.705157486191969,0.8571428571428571,0.009146341463414634,0.9374360527754974,154,1305
RELATIVE_A,10,100,1.0,2026,A4_SENSOR_DRIFT,moderate,mean_voltage_v_-1,99.0,0.6210794648449106,0.3206663196251952,0.0030651340996168583,0.006072225973552302,0.006493506493506494,0.6455964531491613,0.705157486191969,0.8,0.006106870229007634,0.9374360527754974,154,1305
RELATIVE_A,10,100,1.0,2026,A4_SENSOR_DRIFT,moderate,mean_voltage_v_1,95.0,0.6014627127027548,0.5413005272407733,0.01532567049808429,0.02980741314235943,0.012987012987012988,0.6864773781636344,0.7713962282927801,0.9090909090909091,0.030143180105501127,0.9480816865603368,154,1305
RELATIVE_A,10,100,1.0,2026,A4_SENSOR_DRIFT,moderate,mean_voltage_v_1,97.5,0.6167566647643997,0.45237096097356266,0.0053639846743295016,0.010602253224688102,0.006493506493506494,0.6864773781636344,0.7713962282927801,0.875,0.01066260472201066,0.9480816865603368,154,1305
RELATIVE_A,10,100,1.0,2026,A4_SENSOR_DRIFT,moderate,mean_voltage_v_1,99.0,0.6210794648449106,0.45237096097356266,0.0053639846743295016,0.010602253224688102,0.006493506493506494,0.6864773781636344,0.7713962282927801,0.875,0.01066260472201066,0.9480816865603368,154,1305
RELATIVE_A,10,100,1.0,2026,A4_SENSOR_DRIFT,strong,pooled,95.0,0.6014627127027548,0.48561292865589284,0.012260536398467433,0.023917221564326067,0.012987012987012988,0.6189096320869921,0.6715604319052595,0.9696969696969697,0.02421490730230798,0.9818100182972788,154,5220
RELATIVE_A,10,100,1.0,2026,A4_SENSOR_DRIFT,strong,pooled,97.5,0.6167566647643997,0.5218904561274958,0.007088122605363984,0.013986288626138012,0.006493506493506494,0.6189096320869921,0.6715604319052595,0.9736842105263158,0.014073792316470142,0.9818100182972788,154,5220
RELATIVE_A,10,100,1.0,2026,A4_SENSOR_DRIFT,strong,pooled,99.0,0.6210794648449106,0.4695121951219512,0.005747126436781609,0.011355257336676007,0.006493506493506494,0.6189096320869921,0.6715604319052595,0.967741935483871,0.011426394972386211,0.9818100182972788,154,5220
RELATIVE_A,10,100,1.0,2026,A4_SENSOR_DRIFT,strong,mean_temp_c_-1,95.0,0.6014627127027548,0.3468468468468468,0.006896551724137931,0.013524194256608411,0.012987012987012988,0.5276812954513798,0.5513310444344928,0.8181818181818182,0.013677811550151976,0.9035621277513688,154,1305
RELATIVE_A,10,100,1.0,2026,A4_SENSOR_DRIFT,strong,mean_temp_c_-1,97.5,0.6167566647643997,0.5150501672240803,0.006896551724137931,0.013610853329798046,0.006493506493506494,0.5276812954513798,0.5513310444344928,0.9,0.013688212927756653,0.9035621277513688,154,1305
RELATIVE_A,10,100,1.0,2026,A4_SENSOR_DRIFT,strong,mean_temp_c_-1,99.0,0.6210794648449106,0.5150501672240803,0.006896551724137931,0.013610853329798046,0.006493506493506494,0.5276812954513798,0.5513310444344928,0.9,0.013688212927756653,0.9035621277513688,154,1305
RELATIVE_A,10,100,1.0,2026,A4_SENSOR_DRIFT,strong,mean_temp_c_1,95.0,0.6014627127027548,0.37108433734939755,0.007662835249042145,0.01501560062402496,0.012987012987012988,0.5471371712863055,0.5994551425585908,0.8333333333333334,0.015186028853454821,0.9101172069473786,154,1305
RELATIVE_A,10,100,1.0,2026,A4_SENSOR_DRIFT,strong,mean_temp_c_1,97.5,0.6167566647643997,0.5413005272407733,0.007662835249042145,0.01511174349287344,0.006493506493506494,0.5471371712863055,0.5994551425585908,0.9090909090909091,0.015197568389057751,0.9101172069473786,154,1305
RELATIVE_A,10,100,1.0,2026,A4_SENSOR_DRIFT,strong,mean_temp_c_1,99.0,0.6210794648449106,0.5150501672240803,0.006896551724137931,0.013610853329798046,0.006493506493506494,0.5471371712863055,0.5994551425585908,0.9,0.013688212927756653,0.9101172069473786,154,1305
RELATIVE_A,10,100,1.0,2026,A4_SENSOR_DRIFT,strong,mean_voltage_v_-1,95.0,0.6014627127027548,0.5757477243172952,0.017624521072796936,0.03420206448373423,0.012987012987012988,0.6756173854701467,0.7351793800069661,0.92,0.03458646616541354,0.9445564845413394,154,1305
RELATIVE_A,10,100,1.0,2026,A4_SENSOR_DRIFT,strong,mean_voltage_v_-1,97.5,0.6167566647643997,0.48561292865589284,0.006130268199233717,0.01210769162731503,0.006493506493506494,0.6756173854701467,0.7351793800069661,0.8888888888888888,0.012176560121765602,0.9445564845413394,154,1305
RELATIVE_A,10,100,1.0,2026,A4_SENSOR_DRIFT,strong,mean_voltage_v_-1,99.0,0.6210794648449106,0.37108433734939755,0.0038314176245210726,0.007584525597773893,0.006493506493506494,0.6756173854701467,0.7351793800069661,0.8333333333333334,0.007627765064836002,0.9445564845413394,154,1305
RELATIVE_A,10,100,1.0,2026,A4_SENSOR_DRIFT,strong,mean_voltage_v_1,95.0,0.6014627127027548,0.5648549516505501,0.01685823754789272,0.03273936067411387,0.012987012987012988,0.7123871935674062,0.8002761606209883,0.9166666666666666,0.03310759969902182,0.9536768524604742,154,1305
RELATIVE_A,10,100,1.0,2026,A4_SENSOR_DRIFT,strong,mean_voltage_v_1,97.5,0.6167566647643997,0.5413005272407733,0.007662835249042145,0.01511174349287344,0.006493506493506494,0.7123871935674062,0.8002761606209883,0.9090909090909091,0.015197568389057751,0.9536768524604742,154,1305
RELATIVE_A,10,100,1.0,2026,A4_SENSOR_DRIFT,strong,mean_voltage_v_1,99.0,0.6210794648449106,0.45237096097356266,0.0053639846743295016,0.010602253224688102,0.006493506493506494,0.7123871935674062,0.8002761606209883,0.875,0.01066260472201066,0.9536768524604742,154,1305
RELATIVE_A,10,200,0.75,42,A1_ACCELERATED_DEGRADATION,mild,pooled,95.0,0.576315874489765,0.23254574524782376,0.005902777777777778,0.011513309790711072,0.01948051948051948,0.4845410714039135,0.48852475649350646,0.918918918918919,0.011730205278592375,0.9718349647100651,154,5760
RELATIVE_A,10,200,0.75,42,A1_ACCELERATED_DEGRADATION,mild,pooled,97.5,0.6262030291466182,0.0,0.0,0.0,0.0,0.4845410714039135,0.48852475649350646,0.0,0.0,0.9718349647100651,154,5760
RELATIVE_A,10,200,0.75,42,A1_ACCELERATED_DEGRADATION,mild,pooled,99.0,0.6281191776327902,0.0,0.0,0.0,0.0,0.4845410714039135,0.48852475649350646,0.0,0.0,0.9718349647100651,154,5760
RELATIVE_A,10,200,0.75,42,A1_ACCELERATED_DEGRADATION,moderate,pooled,95.0,0.576315874489765,0.23254574524782376,0.005902777777777778,0.011513309790711072,0.01948051948051948,0.4895039179067373,0.5000766594516595,0.918918918918919,0.011730205278592375,0.9723293657031252,154,5760
RELATIVE_A,10,200,0.75,42,A1_ACCELERATED_DEGRADATION,moderate,pooled,97.5,0.6262030291466182,0.0,0.0,0.0,0.0,0.4895039179067373,0.5000766594516595,0.0,0.0,0.9723293657031252,154,5760
RELATIVE_A,10,200,0.75,42,A1_ACCELERATED_DEGRADATION,moderate,pooled,99.0,0.6281191776327902,0.0,0.0,0.0,0.0,0.4895039179067373,0.5000766594516595,0.0,0.0,0.9723293657031252,154,5760
RELATIVE_A,10,200,0.75,42,A1_ACCELERATED_DEGRADATION,strong,pooled,95.0,0.576315874489765,0.23254574524782376,0.005902777777777778,0.011513309790711072,0.01948051948051948,0.49380240657244023,0.5064038825757575,0.918918918918919,0.011730205278592375,0.9727728016975553,154,5760
RELATIVE_A,10,200,0.75,42,A1_ACCELERATED_DEGRADATION,strong,pooled,97.5,0.6262030291466182,0.0,0.0,0.0,0.0,0.49380240657244023,0.5064038825757575,0.0,0.0,0.9727728016975553,154,5760
RELATIVE_A,10,200,0.75,42,A1_ACCELERATED_DEGRADATION,strong,pooled,99.0,0.6281191776327902,0.0,0.0,0.0,0.0,0.49380240657244023,0.5064038825757575,0.0,0.0,0.9727728016975553,154,5760
RELATIVE_A,10,200,0.75,42,A2_EARLY_VOLTAGE_COLLAPSE,mild,pooled,95.0,0.576315874489765,0.9775089964014395,0.8466666666666667,0.9073953790479726,0.01948051948051948,0.9875466668578687,0.9875064935064936,0.9952978056426333,0.914985590778098,0.9972421611206682,154,750
RELATIVE_A,10,200,0.75,42,A2_EARLY_VOLTAGE_COLLAPSE,mild,pooled,97.5,0.6262030291466182,1.0,0.284,0.44236760124610586,0.0,0.9875466668578687,0.9875064935064936,1.0,0.44236760124610586,0.9972421611206682,154,750
RELATIVE_A,10,200,0.75,42,A2_EARLY_VOLTAGE_COLLAPSE,mild,pooled,99.0,0.6281191776327902,1.0,0.28,0.43750000000000006,0.0,0.9875466668578687,0.9875064935064936,1.0,0.43750000000000006,0.9972421611206682,154,750
RELATIVE_A,10,200,0.75,42,A2_EARLY_VOLTAGE_COLLAPSE,moderate,pooled,95.0,0.576315874489765,0.9804833197439412,0.9786666666666667,0.9795741509450314,0.01948051948051948,0.9974786140564827,0.9976103896103896,0.9959294436906377,0.9872225958305313,0.9994725911521475,154,750
RELATIVE_A,10,200,0.75,42,A2_EARLY_VOLTAGE_COLLAPSE,moderate,pooled,97.5,0.6262030291466182,1.0,0.36666666666666664,0.5365853658536585,0.0,0.9974786140564827,0.9976103896103896,1.0,0.5365853658536585,0.9994725911521475,154,750
RELATIVE_A,10,200,0.75,42,A2_EARLY_VOLTAGE_COLLAPSE,moderate,pooled,99.0,0.6281191776327902,1.0,0.364,0.5337243401759532,0.0,0.9974786140564827,0.9976103896103896,1.0,0.5337243401759532,0.9994725911521475,154,750
RELATIVE_A,10,200,0.75,42,A2_EARLY_VOLTAGE_COLLAPSE,strong,pooled,95.0,0.576315874489765,0.9808666961461273,0.9986666666666667,0.9896866527096132,0.01948051948051948,0.9985920176918172,0.9987012987012988,0.9960106382978723,0.9973368841544608,0.9997089348642733,154,750
RELATIVE_A,10,200,0.75,42,A2_EARLY_VOLTAGE_COLLAPSE,strong,pooled,97.5,0.6262030291466182,1.0,0.38133333333333336,0.5521235521235521,0.0,0.9985920176918172,0.9987012987012988,1.0,0.5521235521235521,0.9997089348642733,154,750
RELATIVE_A,10,200,0.75,42,A2_EARLY_VOLTAGE_COLLAPSE,strong,pooled,99.0,0.6281191776327902,1.0,0.37866666666666665,0.5493230174081237,0.0,0.9985920176918172,0.9987012987012988,1.0,0.5493230174081237,0.9997089348642733,154,750
RELATIVE_A,10,200,0.75,42,A3_THERMAL_ABNORMALITY,mild,pooled,95.0,0.576315874489765,0.4893327280980481,0.018666666666666668,0.035961503177489036,0.01948051948051948,0.6230874836927515,0.6746233766233767,0.8235294117647058,0.036505867014341595,0.8879462955587387,154,750
RELATIVE_A,10,200,0.75,42,A3_THERMAL_ABNORMALITY,mild,pooled,97.5,0.6262030291466182,0.0,0.0,0.0,0.0,0.6230874836927515,0.6746233766233767,0.0,0.0,0.8879462955587387,154,750
RELATIVE_A,10,200,0.75,42,A3_THERMAL_ABNORMALITY,mild,pooled,99.0,0.6281191776327902,0.0,0.0,0.0,0.0,0.6230874836927515,0.6746233766233767,0.0,0.0,0.8879462955587387,154,750
RELATIVE_A,10,200,0.75,42,A3_THERMAL_ABNORMALITY,moderate,pooled,95.0,0.576315874489765,0.6796697038724374,0.04133333333333333,0.07792758969671248,0.01948051948051948,0.7738251419250232,0.8325021645021645,0.9117647058823529,0.07908163265306123,0.941794382073464,154,750
RELATIVE_A,10,200,0.75,42,A3_THERMAL_ABNORMALITY,moderate,pooled,97.5,0.6262030291466182,1.0,0.008,0.015873015873015872,0.0,0.7738251419250232,0.8325021645021645,1.0,0.015873015873015872,0.941794382073464,154,750
RELATIVE_A,10,200,0.75,42,A3_THERMAL_ABNORMALITY,moderate,pooled,99.0,0.6281191776327902,1.0,0.008,0.015873015873015872,0.0,0.7738251419250232,0.8325021645021645,1.0,0.015873015873015872,0.941794382073464,154,750
RELATIVE_A,10,200,0.75,42,A3_THERMAL_ABNORMALITY,strong,pooled,95.0,0.576315874489765,0.7870528109028961,0.072,0.13193089334158298,0.01948051948051948,0.8522829307278365,0.9055411255411256,0.9473684210526315,0.1338289962825279,0.9647778036352973,154,750
RELATIVE_A,10,200,0.75,42,A3_THERMAL_ABNORMALITY,strong,pooled,97.5,0.6262030291466182,1.0,0.024,0.046875,0.0,0.8522829307278365,0.9055411255411256,1.0,0.046875,0.9647778036352973,154,750
RELATIVE_A,10,200,0.75,42,A3_THERMAL_ABNORMALITY,strong,pooled,99.0,0.6281191776327902,1.0,0.024,0.046875,0.0,0.8522829307278365,0.9055411255411256,1.0,0.046875,0.9647778036352973,154,750
RELATIVE_A,10,200,0.75,42,A4_SENSOR_DRIFT,mild,pooled,95.0,0.576315874489765,0.4340849956634866,0.014942528735632184,0.02889055645347495,0.01948051948051948,0.5554819762331293,0.5932098074339454,0.9629629629629629,0.02942840973401245,0.9765715705342218,154,5220
RELATIVE_A,10,200,0.75,42,A4_SENSOR_DRIFT,mild,pooled,97.5,0.6262030291466182,0.0,0.0,0.0,0.0,0.5554819762331293,0.5932098074339454,0.0,0.0,0.9765715705342218,154,5220
RELATIVE_A,10,200,0.75,42,A4_SENSOR_DRIFT,mild,pooled,99.0,0.6281191776327902,0.0,0.0,0.0,0.0,0.5554819762331293,0.5932098074339454,0.0,0.0,0.9765715705342218,154,5220
RELATIVE_A,10,200,0.75,42,A4_SENSOR_DRIFT,mild,mean_temp_c_-1,95.0,0.576315874489765,0.33834713537265504,0.00996168582375479,0.019353560156027204,0.01948051948051948,0.4811728803160601,0.47975817286162115,0.8125,0.019682059046177137,0.886046825560367,154,1305
RELATIVE_A,10,200,0.75,42,A4_SENSOR_DRIFT,mild,mean_temp_c_-1,97.5,0.6262030291466182,0.0,0.0,0.0,0.0,0.4811728803160601,0.47975817286162115,0.0,0.0,0.886046825560367,154,1305
RELATIVE_A,10,200,0.75,42,A4_SENSOR_DRIFT,mild,mean_temp_c_-1,99.0,0.6281191776327902,0.0,0.0,0.0,0.0,0.4811728803160601,0.47975817286162115,0.0,0.0,0.886046825560367,154,1305
RELATIVE_A,10,200,0.75,42,A4_SENSOR_DRIFT,mild,mean_temp_c_1,95.0,0.576315874489765,0.4523709609735627,0.016091954022988506,0.031078373430585383,0.01948051948051948,0.5047980547323119,0.5269592476489029,0.875,0.03160270880361174,0.8958990265576361,154,1305
RELATIVE_A,10,200,0.75,42,A4_SENSOR_DRIFT,mild,mean_temp_c_1,97.5,0.6262030291466182,0.0,0.0,0.0,0.0,0.5047980547323119,0.5269592476489029,0.0,0.0,0.8958990265576361,154,1305
RELATIVE_A,10,200,0.75,42,A4_SENSOR_DRIFT,mild,mean_temp_c_1,99.0,0.6281191776327902,0.0,0.0,0.0,0.0,0.5047980547323119,0.5269592476489029,0.0,0.0,0.8958990265576361,154,1305
RELATIVE_A,10,200,0.75,42,A4_SENSOR_DRIFT,mild,mean_voltage_v_-1,95.0,0.576315874489765,0.414535666218035,0.013793103448275862,0.0266978719715685,0.01948051948051948,0.5877580103629201,0.6375304771856496,0.8571428571428571,0.027149321266968323,0.9217864983629418,154,1305
RELATIVE_A,10,200,0.75,42,A4_SENSOR_DRIFT,mild,mean_voltage_v_-1,97.5,0.6262030291466182,0.0,0.0,0.0,0.0,0.5877580103629201,0.6375304771856496,0.0,0.0,0.9217864983629418,154,1305
RELATIVE_A,10,200,0.75,42,A4_SENSOR_DRIFT,mild,mean_voltage_v_-1,99.0,0.6281191776327902,0.0,0.0,0.0,0.0,0.5877580103629201,0.6375304771856496,0.0,0.0,0.9217864983629418,154,1305
RELATIVE_A,10,200,0.75,42,A4_SENSOR_DRIFT,mild,mean_voltage_v_1,95.0,0.576315874489765,0.5056193963884329,0.01992337164750958,0.0383361498211969,0.01948051948051948,0.6460031370377214,0.728591332039608,0.896551724137931,0.03898050974512744,0.9379858011524195,154,1305
RELATIVE_A,10,200,0.75,42,A4_SENSOR_DRIFT,mild,mean_voltage_v_1,97.5,0.6262030291466182,0.0,0.0,0.0,0.0,0.6460031370377214,0.728591332039608,0.0,0.0,0.9379858011524195,154,1305
RELATIVE_A,10,200,0.75,42,A4_SENSOR_DRIFT,mild,mean_voltage_v_1,99.0,0.6281191776327902,0.0,0.0,0.0,0.0,0.6460031370377214,0.728591332039608,0.0,0.0,0.9379858011524195,154,1305
RELATIVE_A,10,200,0.75,42,A4_SENSOR_DRIFT,moderate,pooled,95.0,0.576315874489765,0.4494058083116518,0.015900383141762453,0.030714074600935698,0.01948051948051948,0.5917121563775999,0.6387663581629099,0.9651162790697675,0.03128533735393894,0.97961236527469,154,5220
RELATIVE_A,10,200,0.75,42,A4_SENSOR_DRIFT,moderate,pooled,97.5,0.6262030291466182,0.0,0.0,0.0,0.0,0.5917121563775999,0.6387663581629099,0.0,0.0,0.97961236527469,154,5220
RELATIVE_A,10,200,0.75,42,A4_SENSOR_DRIFT,moderate,pooled,99.0,0.6281191776327902,0.0,0.0,0.0,0.0,0.5917121563775999,0.6387663581629099,0.0,0.0,0.97961236527469,154,5220
RELATIVE_A,10,200,0.75,42,A4_SENSOR_DRIFT,moderate,mean_temp_c_-1,95.0,0.576315874489765,0.3206663196251952,0.009195402298850575,0.01787813266387079,0.01948051948051948,0.49333236647838374,0.5027839976115838,0.8,0.018181818181818184,0.8907012673289845,154,1305
RELATIVE_A,10,200,0.75,42,A4_SENSOR_DRIFT,moderate,mean_temp_c_-1,97.5,0.6262030291466182,0.0,0.0,0.0,0.0,0.49333236647838374,0.5027839976115838,0.0,0.0,0.8907012673289845,154,1305
RELATIVE_A,10,200,0.75,42,A4_SENSOR_DRIFT,moderate,mean_temp_c_-1,99.0,0.6281191776327902,0.0,0.0,0.0,0.0,0.49333236647838374,0.5027839976115838,0.0,0.0,0.8907012673289845,154,1305
RELATIVE_A,10,200,0.75,42,A4_SENSOR_DRIFT,moderate,mean_temp_c_1,95.0,0.576315874489765,0.4639189374229768,0.01685823754789272,0.03253422191066532,0.01948051948051948,0.5211752369805465,0.55898890381649,0.88,0.03308270676691729,0.9016981194870237,154,1305
RELATIVE_A,10,200,0.75,42,A4_SENSOR_DRIFT,moderate,mean_temp_c_1,97.5,0.6262030291466182,0.0,0.0,0.0,0.0,0.5211752369805465,0.55898890381649,0.0,0.0,0.9016981194870237,154,1305
RELATIVE_A,10,200,0.75,42,A4_SENSOR_DRIFT,moderate,mean_temp_c_1,99.0,0.6281191776327902,0.0,0.0,0.0,0.0,0.5211752369805465,0.55898890381649,0.0,0.0,0.9016981194870237,154,1305
RELATIVE_A,10,200,0.75,42,A4_SENSOR_DRIFT,moderate,mean_voltage_v_-1,95.0,0.576315874489765,0.4856129286558928,0.01839080459770115,0.03543946955858875,0.01948051948051948,0.6536739074349547,0.7101507687714584,0.8888888888888888,0.036036036036036036,0.9391464111761926,154,1305
RELATIVE_A,10,200,0.75,42,A4_SENSOR_DRIFT,moderate,mean_voltage_v_-1,97.5,0.6262030291466182,0.0,0.0,0.0,0.0,0.6536739074349547,0.7101507687714584,0.0,0.0,0.9391464111761926,154,1305
RELATIVE_A,10,200,0.75,42,A4_SENSOR_DRIFT,moderate,mean_voltage_v_-1,99.0,0.6281191776327902,0.0,0.0,0.0,0.0,0.6536739074349547,0.7101507687714584,0.0,0.0,0.9391464111761926,154,1305
RELATIVE_A,10,200,0.75,42,A4_SENSOR_DRIFT,moderate,mean_voltage_v_1,95.0,0.576315874489765,0.4958145524790727,0.019157088122605363,0.036888878242747974,0.01948051948051948,0.6883456061272195,0.7831417624521073,0.8928571428571429,0.037509377344336084,0.9478297799030877,154,1305
RELATIVE_A,10,200,0.75,42,A4_SENSOR_DRIFT,moderate,mean_voltage_v_1,97.5,0.6262030291466182,0.0,0.0,0.0,0.0,0.6883456061272195,0.7831417624521073,0.0,0.0,0.9478297799030877,154,1305
RELATIVE_A,10,200,0.75,42,A4_SENSOR_DRIFT,moderate,mean_voltage_v_1,99.0,0.6281191776327902,0.0,0.0,0.0,0.0,0.6883456061272195,0.7831417624521073,0.0,0.0,0.9478297799030877,154,1305
RELATIVE_A,10,200,0.75,42,A4_SENSOR_DRIFT,strong,pooled,95.0,0.576315874489765,0.5127263675399838,0.02049808429118774,0.039420203871208516,0.01948051948051948,0.6175386172601779,0.6714434990297059,0.9727272727272728,0.0401500938086304,0.9815846455580913,154,5220
RELATIVE_A,10,200,0.75,42,A4_SENSOR_DRIFT,strong,pooled,97.5,0.6262030291466182,0.0,0.0,0.0,0.0,0.6175386172601779,0.6714434990297059,0.0,0.0,0.9815846455580913,154,5220
RELATIVE_A,10,200,0.75,42,A4_SENSOR_DRIFT,strong,pooled,99.0,0.6281191776327902,0.0,0.0,0.0,0.0,0.6175386172601779,0.6714434990297059,0.0,0.0,0.9815846455580913,154,5220
RELATIVE_A,10,200,0.75,42,A4_SENSOR_DRIFT,strong,mean_temp_c_-1,95.0,0.576315874489765,0.3206663196251952,0.009195402298850575,0.01787813266387079,0.01948051948051948,0.5180416183835003,0.5432228690849381,0.8,0.018181818181818184,0.8999976586443985,154,1305
RELATIVE_A,10,200,0.75,42,A4_SENSOR_DRIFT,strong,mean_temp_c_-1,97.5,0.6262030291466182,0.0,0.0,0.0,0.0,0.5180416183835003,0.5432228690849381,0.0,0.0,0.8999976586443985,154,1305
RELATIVE_A,10,200,0.75,42,A4_SENSOR_DRIFT,strong,mean_temp_c_-1,99.0,0.6281191776327902,0.0,0.0,0.0,0.0,0.5180416183835003,0.5432228690849381,0.0,0.0,0.8999976586443985,154,1305
RELATIVE_A,10,200,0.75,42,A4_SENSOR_DRIFT,strong,mean_temp_c_1,95.0,0.576315874489765,0.5241278716421538,0.021455938697318006,0.041224300539682686,0.01948051948051948,0.5416333137673449,0.5904388714733543,0.9032258064516129,0.041916167664670656,0.9088019945771459,154,1305
RELATIVE_A,10,200,0.75,42,A4_SENSOR_DRIFT,strong,mean_temp_c_1,97.5,0.6262030291466182,0.0,0.0,0.0,0.0,0.5416333137673449,0.5904388714733543,0.0,0.0,0.9088019945771459,154,1305
RELATIVE_A,10,200,0.75,42,A4_SENSOR_DRIFT,strong,mean_temp_c_1,99.0,0.6281191776327902,0.0,0.0,0.0,0.0,0.5416333137673449,0.5904388714733543,0.0,0.0,0.9088019945771459,154,1305
RELATIVE_A,10,200,0.75,42,A4_SENSOR_DRIFT,strong,mean_voltage_v_-1,95.0,0.576315874489765,0.5648549516505502,0.02528735632183908,0.04840760690965723,0.01948051948051948,0.6854317631583733,0.7433223864258348,0.9166666666666666,0.049217002237136466,0.946327693005592,154,1305
RELATIVE_A,10,200,0.75,42,A4_SENSOR_DRIFT,strong,mean_voltage_v_-1,97.5,0.6262030291466182,0.0,0.0,0.0,0.0,0.6854317631583733,0.7433223864258348,0.0,0.0,0.946327693005592,154,1305
RELATIVE_A,10,200,0.75,42,A4_SENSOR_DRIFT,strong,mean_voltage_v_-1,99.0,0.6281191776327902,0.0,0.0,0.0,0.0,0.6854317631583733,0.7433223864258348,0.0,0.0,0.946327693005592,154,1305
RELATIVE_A,10,200,0.75,42,A4_SENSOR_DRIFT,strong,mean_voltage_v_1,95.0,0.576315874489765,0.5721779040542017,0.026053639846743294,0.049837950514227514,0.01948051948051948,0.710797950727226,0.8087898691346967,0.918918918918919,0.05067064083457526,0.9529992185606286,154,1305
RELATIVE_A,10,200,0.75,42,A4_SENSOR_DRIFT,strong,mean_voltage_v_1,97.5,0.6262030291466182,0.0,0.0,0.0,0.0,0.710797950727226,0.8087898691346967,0.0,0.0,0.9529992185606286,154,1305
RELATIVE_A,10,200,0.75,42,A4_SENSOR_DRIFT,strong,mean_voltage_v_1,99.0,0.6281191776327902,0.0,0.0,0.0,0.0,0.710797950727226,0.8087898691346967,0.0,0.0,0.9529992185606286,154,1305
RELATIVE_A,10,200,0.75,123,A1_ACCELERATED_DEGRADATION,mild,pooled,95.0,0.5584241971409729,0.41469362869627074,0.01840277777777778,0.03524164403435218,0.025974025974025976,0.49027838780767874,0.4953220824314574,0.9636363636363636,0.03611584327086882,0.9724783657072174,154,5760
RELATIVE_A,10,200,0.75,123,A1_ACCELERATED_DEGRADATION,mild,pooled,97.5,0.6167960354568564,1.0,0.00017361111111111112,0.00034716195105016496,0.0,0.49027838780767874,0.4953220824314574,1.0,0.00034716195105016496,0.9724783657072174,154,5760
RELATIVE_A,10,200,0.75,123,A1_ACCELERATED_DEGRADATION,mild,pooled,99.0,0.6205830923294441,0.0,0.0,0.0,0.0,0.49027838780767874,0.4953220824314574,0.0,0.0,0.9724783657072174,154,5760
RELATIVE_A,10,200,0.75,123,A1_ACCELERATED_DEGRADATION,moderate,pooled,95.0,0.5584241971409729,0.4100778369520688,0.018055555555555554,0.03458820683816796,0.025974025974025976,0.49792537652723945,0.5104769796176045,0.9629629629629629,0.035446489434219484,0.9732567847829907,154,5760
RELATIVE_A,10,200,0.75,123,A1_ACCELERATED_DEGRADATION,moderate,pooled,97.5,0.6167960354568564,1.0,0.00017361111111111112,0.00034716195105016496,0.0,0.49792537652723945,0.5104769796176045,1.0,0.00034716195105016496,0.9732567847829907,154,5760
RELATIVE_A,10,200,0.75,123,A1_ACCELERATED_DEGRADATION,moderate,pooled,99.0,0.6205830923294441,1.0,0.00017361111111111112,0.00034716195105016496,0.0,0.49792537652723945,0.5104769796176045,1.0,0.00034716195105016496,0.9732567847829907,154,5760
RELATIVE_A,10,200,0.75,123,A1_ACCELERATED_DEGRADATION,strong,pooled,95.0,0.5584241971409729,0.21095890410958903,0.006944444444444444,0.013446258622195057,0.025974025974025976,0.5024251440098522,0.51978602994228,0.9090909090909091,0.013783597518952445,0.9736829773461192,154,5760
RELATIVE_A,10,200,0.75,123,A1_ACCELERATED_DEGRADATION,strong,pooled,97.5,0.6167960354568564,1.0,0.00017361111111111112,0.00034716195105016496,0.0,0.5024251440098522,0.51978602994228,1.0,0.00034716195105016496,0.9736829773461192,154,5760
RELATIVE_A,10,200,0.75,123,A1_ACCELERATED_DEGRADATION,strong,pooled,99.0,0.6205830923294441,1.0,0.00017361111111111112,0.00034716195105016496,0.0,0.5024251440098522,0.51978602994228,1.0,0.00034716195105016496,0.9736829773461192,154,5760
RELATIVE_A,10,200,0.75,123,A2_EARLY_VOLTAGE_COLLAPSE,mild,pooled,95.0,0.5584241971409729,0.9717460915426633,0.8933333333333333,0.9308913749548898,0.025974025974025976,0.9885642753426619,0.9886060606060606,0.9940652818991098,0.9410112359550562,0.9974685349908371,154,750
RELATIVE_A,10,200,0.75,123,A2_EARLY_VOLTAGE_COLLAPSE,mild,pooled,97.5,0.6167960354568564,1.0,0.5586666666666666,0.7168520102651839,0.0,0.9885642753426619,0.9886060606060606,1.0,0.7168520102651839,0.9974685349908371,154,750
RELATIVE_A,10,200,0.75,123,A2_EARLY_VOLTAGE_COLLAPSE,mild,pooled,99.0,0.6205830923294441,1.0,0.412,0.5835694050991501,0.0,0.9885642753426619,0.9886060606060606,1.0,0.5835694050991501,0.9974685349908371,154,750
RELATIVE_A,10,200,0.75,123,A2_EARLY_VOLTAGE_COLLAPSE,moderate,pooled,95.0,0.5584241971409729,0.9743502051983585,0.9866666666666667,0.9804697582379764,0.025974025974025976,0.9976292574602352,0.9977748917748918,0.9946236559139785,0.9906291834002676,0.9995054515286247,154,750
RELATIVE_A,10,200,0.75,123,A2_EARLY_VOLTAGE_COLLAPSE,moderate,pooled,97.5,0.6167960354568564,1.0,0.7506666666666667,0.8575780654988576,0.0,0.9976292574602352,0.9977748917748918,1.0,0.8575780654988576,0.9995054515286247,154,750
RELATIVE_A,10,200,0.75,123,A2_EARLY_VOLTAGE_COLLAPSE,moderate,pooled,99.0,0.6205830923294441,1.0,0.5453333333333333,0.7057808455565143,0.0,0.9976292574602352,0.9977748917748918,1.0,0.7057808455565143,0.9995054515286247,154,750
RELATIVE_A,10,200,0.75,123,A2_EARLY_VOLTAGE_COLLAPSE,strong,pooled,95.0,0.5584241971409729,0.9746835443037974,1.0,0.9871794871794872,0.025974025974025976,0.9986129434587597,0.9987186147186147,0.9946949602122016,0.9973404255319148,0.9997132423670562,154,750
RELATIVE_A,10,200,0.75,123,A2_EARLY_VOLTAGE_COLLAPSE,strong,pooled,97.5,0.6167960354568564,1.0,0.792,0.8839285714285714,0.0,0.9986129434587597,0.9987186147186147,1.0,0.8839285714285714,0.9997132423670562,154,750
RELATIVE_A,10,200,0.75,123,A2_EARLY_VOLTAGE_COLLAPSE,strong,pooled,99.0,0.6205830923294441,1.0,0.5786666666666667,0.7331081081081081,0.0,0.9986129434587597,0.9987186147186147,1.0,0.7331081081081081,0.9997132423670562,154,750
RELATIVE_A,10,200,0.75,123,A3_THERMAL_ABNORMALITY,mild,pooled,95.0,0.5584241971409729,0.5620437956204379,0.03333333333333333,0.06293420514916225,0.025974025974025976,0.6431298155335536,0.687939393939394,0.8620689655172413,0.06418485237483953,0.8960817591900635,154,750
RELATIVE_A,10,200,0.75,123,A3_THERMAL_ABNORMALITY,mild,pooled,97.5,0.6167960354568564,1.0,0.006666666666666667,0.013245033112582783,0.0,0.6431298155335536,0.687939393939394,1.0,0.013245033112582783,0.8960817591900635,154,750
RELATIVE_A,10,200,0.75,123,A3_THERMAL_ABNORMALITY,mild,pooled,99.0,0.6205830923294441,1.0,0.006666666666666667,0.013245033112582783,0.0,0.6431298155335536,0.687939393939394,1.0,0.013245033112582783,0.8960817591900635,154,750
RELATIVE_A,10,200,0.75,123,A3_THERMAL_ABNORMALITY,moderate,pooled,95.0,0.5584241971409729,0.835580401183821,0.132,0.22798438831815532,0.025974025974025976,0.8001183248104347,0.8448398268398268,0.9611650485436893,0.2321219226260258,0.9495005783716634,154,750
RELATIVE_A,10,200,0.75,123,A3_THERMAL_ABNORMALITY,moderate,pooled,97.5,0.6167960354568564,1.0,0.009333333333333334,0.018494055482166448,0.0,0.8001183248104347,0.8448398268398268,1.0,0.018494055482166448,0.9495005783716634,154,750
RELATIVE_A,10,200,0.75,123,A3_THERMAL_ABNORMALITY,moderate,pooled,99.0,0.6205830923294441,1.0,0.009333333333333334,0.018494055482166448,0.0,0.8001183248104347,0.8448398268398268,1.0,0.018494055482166448,0.9495005783716634,154,750
RELATIVE_A,10,200,0.75,123,A3_THERMAL_ABNORMALITY,strong,pooled,95.0,0.5584241971409729,0.9128312412831241,0.272,0.41911470423437125,0.025974025974025976,0.8874612267103382,0.9225108225108227,0.9807692307692307,0.4258872651356994,0.9737588672501215,154,750
RELATIVE_A,10,200,0.75,123,A3_THERMAL_ABNORMALITY,strong,pooled,97.5,0.6167960354568564,1.0,0.029333333333333333,0.056994818652849735,0.0,0.8874612267103382,0.9225108225108227,1.0,0.056994818652849735,0.9737588672501215,154,750
RELATIVE_A,10,200,0.75,123,A3_THERMAL_ABNORMALITY,strong,pooled,99.0,0.6205830923294441,1.0,0.029333333333333333,0.056994818652849735,0.0,0.8874612267103382,0.9225108225108227,1.0,0.056994818652849735,0.9737588672501215,154,750
RELATIVE_A,10,200,0.75,123,A4_SENSOR_DRIFT,mild,pooled,95.0,0.5584241971409729,0.48561292865589284,0.024521072796934867,0.046684792390985136,0.025974025974025976,0.5554618608366233,0.5870770513011893,0.9696969696969697,0.04783258594917788,0.9767122578223073,154,5220
RELATIVE_A,10,200,0.75,123,A4_SENSOR_DRIFT,mild,pooled,97.5,0.6167960354568564,1.0,0.0024904214559386974,0.004968469329256641,0.0,0.5554618608366233,0.5870770513011893,1.0,0.004968469329256641,0.9767122578223073,154,5220
RELATIVE_A,10,200,0.75,123,A4_SENSOR_DRIFT,mild,pooled,99.0,0.6205830923294441,1.0,0.0009578544061302681,0.0019138755980861245,0.0,0.5554618608366233,0.5870770513011893,1.0,0.0019138755980861245,0.9767122578223073,154,5220
RELATIVE_A,10,200,0.75,123,A4_SENSOR_DRIFT,mild,mean_temp_c_-1,95.0,0.5584241971409729,0.45237096097356266,0.021455938697318006,0.04096873188853312,0.025974025974025976,0.48270480741109184,0.4725630691147933,0.875,0.0418848167539267,0.8873442465812846,154,1305
RELATIVE_A,10,200,0.75,123,A4_SENSOR_DRIFT,mild,mean_temp_c_-1,97.5,0.6167960354568564,0.0,0.0,0.0,0.0,0.48270480741109184,0.4725630691147933,0.0,0.0,0.8873442465812846,154,1305
RELATIVE_A,10,200,0.75,123,A4_SENSOR_DRIFT,mild,mean_temp_c_-1,99.0,0.6205830923294441,0.0,0.0,0.0,0.0,0.48270480741109184,0.4725630691147933,0.0,0.0,0.8873442465812846,154,1305
RELATIVE_A,10,200,0.75,123,A4_SENSOR_DRIFT,mild,mean_temp_c_1,95.0,0.5584241971409729,0.48561292865589284,0.024521072796934867,0.046684792390985136,0.025974025974025976,0.5142688421419601,0.5368612230681196,0.8888888888888888,0.04772557792692021,0.8994549553697879,154,1305
RELATIVE_A,10,200,0.75,123,A4_SENSOR_DRIFT,mild,mean_temp_c_1,97.5,0.6167960354568564,0.0,0.0,0.0,0.0,0.5142688421419601,0.5368612230681196,0.0,0.0,0.8994549553697879,154,1305
RELATIVE_A,10,200,0.75,123,A4_SENSOR_DRIFT,mild,mean_temp_c_1,99.0,0.6205830923294441,0.0,0.0,0.0,0.0,0.5142688421419601,0.5368612230681196,0.0,0.0,0.8994549553697879,154,1305
RELATIVE_A,10,200,0.75,123,A4_SENSOR_DRIFT,mild,mean_voltage_v_-1,95.0,0.5584241971409729,0.45237096097356266,0.021455938697318006,0.04096873188853312,0.025974025974025976,0.6020742873880955,0.6487361297706125,0.875,0.0418848167539267,0.9260829516037992,154,1305
RELATIVE_A,10,200,0.75,123,A4_SENSOR_DRIFT,mild,mean_voltage_v_-1,97.5,0.6167960354568564,1.0,0.006130268199233717,0.012185833968012186,0.0,0.6020742873880955,0.6487361297706125,1.0,0.012185833968012186,0.9260829516037992,154,1305
RELATIVE_A,10,200,0.75,123,A4_SENSOR_DRIFT,mild,mean_voltage_v_-1,99.0,0.6205830923294441,0.0,0.0,0.0,0.0,0.6020742873880955,0.6487361297706125,0.0,0.0,0.9260829516037992,154,1305
RELATIVE_A,10,200,0.75,123,A4_SENSOR_DRIFT,mild,mean_voltage_v_1,95.0,0.5584241971409729,0.5413005272407733,0.03065134099616858,0.058017424064045205,0.025974025974025976,0.6216983792021472,0.6901477832512315,0.9090909090909091,0.059303187546330606,0.9324105369783284,154,1305
RELATIVE_A,10,200,0.75,123,A4_SENSOR_DRIFT,mild,mean_voltage_v_1,97.5,0.6167960354568564,1.0,0.0038314176245210726,0.007633587786259542,0.0,0.6216983792021472,0.6901477832512315,1.0,0.007633587786259542,0.9324105369783284,154,1305
RELATIVE_A,10,200,0.75,123,A4_SENSOR_DRIFT,mild,mean_voltage_v_1,99.0,0.6205830923294441,1.0,0.0038314176245210726,0.007633587786259542,0.0,0.6216983792021472,0.6901477832512315,1.0,0.007633587786259542,0.9324105369783284,154,1305
RELATIVE_A,10,200,0.75,123,A4_SENSOR_DRIFT,moderate,pooled,95.0,0.5584241971409729,0.5150501672240803,0.027586206896551724,0.05236759330102866,0.025974025974025976,0.5927668211806957,0.6325378165895407,0.972972972972973,0.05365126676602086,0.9797844006518911,154,5220
RELATIVE_A,10,200,0.75,123,A4_SENSOR_DRIFT,moderate,pooled,97.5,0.6167960354568564,1.0,0.0032567049808429117,0.00649226656482719,0.0,0.5927668211806957,0.6325378165895407,1.0,0.00649226656482719,0.9797844006518911,154,5220
RELATIVE_A,10,200,0.75,123,A4_SENSOR_DRIFT,moderate,pooled,99.0,0.6205830923294441,1.0,0.0011494252873563218,0.002296211251435132,0.0,0.5927668211806957,0.6325378165895407,1.0,0.002296211251435132,0.9797844006518911,154,5220
RELATIVE_A,10,200,0.75,123,A4_SENSOR_DRIFT,moderate,mean_temp_c_-1,95.0,0.5584241971409729,0.4042456060260215,0.017624521072796936,0.03377643850246982,0.025974025974025976,0.4897703568351147,0.484144399661641,0.8518518518518519,0.03453453453453454,0.8899027178754406,154,1305
RELATIVE_A,10,200,0.75,123,A4_SENSOR_DRIFT,moderate,mean_temp_c_-1,97.5,0.6167960354568564,0.0,0.0,0.0,0.0,0.4897703568351147,0.484144399661641,0.0,0.0,0.8899027178754406,154,1305
RELATIVE_A,10,200,0.75,123,A4_SENSOR_DRIFT,moderate,mean_temp_c_-1,99.0,0.6205830923294441,0.0,0.0,0.0,0.0,0.4897703568351147,0.484144399661641,0.0,0.0,0.8899027178754406,154,1305
RELATIVE_A,10,200,0.75,123,A4_SENSOR_DRIFT,moderate,mean_temp_c_1,95.0,0.5584241971409729,0.5218904561274958,0.028352490421455937,0.05378313071056407,0.025974025974025976,0.5328111146078869,0.5748395282878042,0.9024390243902439,0.05497771173848439,0.9057864825539983,154,1305
RELATIVE_A,10,200,0.75,123,A4_SENSOR_DRIFT,moderate,mean_temp_c_1,97.5,0.6167960354568564,0.0,0.0,0.0,0.0,0.5328111146078869,0.5748395282878042,0.0,0.0,0.9057864825539983,154,1305
RELATIVE_A,10,200,0.75,123,A4_SENSOR_DRIFT,moderate,mean_temp_c_1,99.0,0.6205830923294441,0.0,0.0,0.0,0.0,0.5328111146078869,0.5748395282878042,0.0,0.0,0.9057864825539983,154,1305
RELATIVE_A,10,200,0.75,123,A4_SENSOR_DRIFT,moderate,mean_voltage_v_-1,95.0,0.5584241971409729,0.553388090349076,0.03218390804597701,0.06083006517506983,0.025974025974025976,0.6647423850628819,0.7166592028660994,0.9130434782608695,0.06217616580310881,0.9418772292673223,154,1305
RELATIVE_A,10,200,0.75,123,A4_SENSOR_DRIFT,moderate,mean_voltage_v_-1,97.5,0.6167960354568564,1.0,0.00842911877394636,0.016717325227963525,0.0,0.6647423850628819,0.7166592028660994,1.0,0.016717325227963525,0.9418772292673223,154,1305
RELATIVE_A,10,200,0.75,123,A4_SENSOR_DRIFT,moderate,mean_voltage_v_-1,99.0,0.6205830923294441,0.0,0.0,0.0,0.0,0.6647423850628819,0.7166592028660994,0.0,0.0,0.9418772292673223,154,1305
RELATIVE_A,10,200,0.75,123,A4_SENSOR_DRIFT,moderate,mean_voltage_v_1,95.0,0.5584241971409729,0.553388090349076,0.03218390804597701,0.06083006517506983,0.025974025974025976,0.6740796822448709,0.7545081355426182,0.9130434782608695,0.06217616580310881,0.9452150398332869,154,1305
RELATIVE_A,10,200,0.75,123,A4_SENSOR_DRIFT,moderate,mean_voltage_v_1,97.5,0.6167960354568564,1.0,0.004597701149425287,0.009153318077803202,0.0,0.6740796822448709,0.7545081355426182,1.0,0.009153318077803202,0.9452150398332869,154,1305
RELATIVE_A,10,200,0.75,123,A4_SENSOR_DRIFT,moderate,mean_voltage_v_1,99.0,0.6205830923294441,1.0,0.004597701149425287,0.009153318077803202,0.0,0.6740796822448709,0.7545081355426182,1.0,0.009153318077803202,0.9452150398332869,154,1305
RELATIVE_A,10,200,0.75,123,A4_SENSOR_DRIFT,strong,pooled,95.0,0.5584241971409729,0.5397434201825155,0.03045977011494253,0.05766527013374217,0.025974025974025976,0.6191065268871241,0.6648479872617805,0.9754601226993865,0.059074865316737876,0.9817684674656777,154,5220
RELATIVE_A,10,200,0.75,123,A4_SENSOR_DRIFT,strong,pooled,97.5,0.6167960354568564,1.0,0.0032567049808429117,0.00649226656482719,0.0,0.6191065268871241,0.6648479872617805,1.0,0.00649226656482719,0.9817684674656777,154,5220
RELATIVE_A,10,200,0.75,123,A4_SENSOR_DRIFT,strong,pooled,99.0,0.6205830923294441,1.0,0.0011494252873563218,0.002296211251435132,0.0,0.6191065268871241,0.6648479872617805,1.0,0.002296211251435132,0.9817684674656777,154,5220
RELATIVE_A,10,200,0.75,123,A4_SENSOR_DRIFT,strong,mean_temp_c_-1,95.0,0.5584241971409729,0.3935873605947955,0.01685823754789272,0.03233163786275277,0.025974025974025976,0.5087680991157699,0.5156938846594019,0.8461538461538461,0.03305785123966942,0.89690739256224,154,1305
RELATIVE_A,10,200,0.75,123,A4_SENSOR_DRIFT,strong,mean_temp_c_-1,97.5,0.6167960354568564,0.0,0.0,0.0,0.0,0.5087680991157699,0.5156938846594019,0.0,0.0,0.89690739256224,154,1305
RELATIVE_A,10,200,0.75,123,A4_SENSOR_DRIFT,strong,mean_temp_c_-1,99.0,0.6205830923294441,0.0,0.0,0.0,0.0,0.5087680991157699,0.5156938846594019,0.0,0.0,0.89690739256224,154,1305
RELATIVE_A,10,200,0.75,123,A4_SENSOR_DRIFT,strong,mean_temp_c_1,95.0,0.5584241971409729,0.5285404624277457,0.029118773946360154,0.05519661199196386,0.025974025974025976,0.5578115626334599,0.6111907249838283,0.9047619047619048,0.05642167780252413,0.9139151838588889,154,1305
RELATIVE_A,10,200,0.75,123,A4_SENSOR_DRIFT,strong,mean_temp_c_1,97.5,0.6167960354568564,0.0,0.0,0.0,0.0,0.5578115626334599,0.6111907249838283,0.0,0.0,0.9139151838588889,154,1305
RELATIVE_A,10,200,0.75,123,A4_SENSOR_DRIFT,strong,mean_temp_c_1,99.0,0.6205830923294441,0.0,0.0,0.0,0.0,0.5578115626334599,0.6111907249838283,0.0,0.0,0.9139151838588889,154,1305
RELATIVE_A,10,200,0.75,123,A4_SENSOR_DRIFT,strong,mean_voltage_v_-1,95.0,0.5584241971409729,0.6007342817806334,0.03908045977011494,0.07338678028816505,0.025974025974025976,0.692657072271623,0.7449519828830173,0.9272727272727272,0.075,0.9481547282858795,154,1305
RELATIVE_A,10,200,0.75,123,A4_SENSOR_DRIFT,strong,mean_voltage_v_-1,97.5,0.6167960354568564,1.0,0.00842911877394636,0.016717325227963525,0.0,0.692657072271623,0.7449519828830173,1.0,0.016717325227963525,0.9481547282858795,154,1305
RELATIVE_A,10,200,0.75,123,A4_SENSOR_DRIFT,strong,mean_voltage_v_-1,99.0,0.6205830923294441,0.0,0.0,0.0,0.0,0.692657072271623,0.7449519828830173,0.0,0.0,0.9481547282858795,154,1305
RELATIVE_A,10,200,0.75,123,A4_SENSOR_DRIFT,strong,mean_voltage_v_1,95.0,0.5584241971409729,0.5861084681255946,0.0367816091954023,0.06921931623451415,0.025974025974025976,0.7037148153469217,0.7875553565208738,0.9230769230769231,0.0707442888725129,0.9518660406739323,154,1305
RELATIVE_A,10,200,0.75,123,A4_SENSOR_DRIFT,strong,mean_voltage_v_1,97.5,0.6167960354568564,1.0,0.004597701149425287,0.009153318077803202,0.0,0.7037148153469217,0.7875553565208738,1.0,0.009153318077803202,0.9518660406739323,154,1305
RELATIVE_A,10,200,0.75,123,A4_SENSOR_DRIFT,strong,mean_voltage_v_1,99.0,0.6205830923294441,1.0,0.004597701149425287,0.009153318077803202,0.0,0.7037148153469217,0.7875553565208738,1.0,0.009153318077803202,0.9518660406739323,154,1305
RELATIVE_A,10,200,0.75,2026,A1_ACCELERATED_DEGRADATION,mild,pooled,95.0,0.568274973098145,0.4786072053587593,0.017881944444444443,0.034475788485321374,0.01948051948051948,0.4843568671409106,0.47970948322510826,0.9716981132075472,0.03511762700306852,0.9719556536460195,154,5760
RELATIVE_A,10,200,0.75,2026,A1_ACCELERATED_DEGRADATION,mild,pooled,97.5,0.6171892118871244,0.0,0.0,0.0,0.0,0.4843568671409106,0.47970948322510826,0.0,0.0,0.9719556536460195,154,5760
RELATIVE_A,10,200,0.75,2026,A1_ACCELERATED_DEGRADATION,mild,pooled,99.0,0.6234102874623231,0.0,0.0,0.0,0.0,0.4843568671409106,0.47970948322510826,0.0,0.0,0.9719556536460195,154,5760
RELATIVE_A,10,200,0.75,2026,A1_ACCELERATED_DEGRADATION,moderate,pooled,95.0,0.568274973098145,0.4786072053587593,0.017881944444444443,0.034475788485321374,0.01948051948051948,0.4885168466101338,0.4925465593434344,0.9716981132075472,0.03511762700306852,0.97210141872073,154,5760
RELATIVE_A,10,200,0.75,2026,A1_ACCELERATED_DEGRADATION,moderate,pooled,97.5,0.6171892118871244,0.0,0.0,0.0,0.0,0.4885168466101338,0.4925465593434344,0.0,0.0,0.97210141872073,154,5760
RELATIVE_A,10,200,0.75,2026,A1_ACCELERATED_DEGRADATION,moderate,pooled,99.0,0.6234102874623231,0.0,0.0,0.0,0.0,0.4885168466101338,0.4925465593434344,0.0,0.0,0.97210141872073,154,5760
RELATIVE_A,10,200,0.75,2026,A1_ACCELERATED_DEGRADATION,strong,pooled,95.0,0.568274973098145,0.4786072053587593,0.017881944444444443,0.034475788485321374,0.01948051948051948,0.492368958359345,0.5020991161616162,0.9716981132075472,0.03511762700306852,0.972433917624669,154,5760
RELATIVE_A,10,200,0.75,2026,A1_ACCELERATED_DEGRADATION,strong,pooled,97.5,0.6171892118871244,0.0,0.0,0.0,0.0,0.492368958359345,0.5020991161616162,0.0,0.0,0.972433917624669,154,5760
RELATIVE_A,10,200,0.75,2026,A1_ACCELERATED_DEGRADATION,strong,pooled,99.0,0.6234102874623231,0.0,0.0,0.0,0.0,0.492368958359345,0.5020991161616162,0.0,0.0,0.972433917624669,154,5760
RELATIVE_A,10,200,0.75,2026,A2_EARLY_VOLTAGE_COLLAPSE,mild,pooled,95.0,0.568274973098145,0.9767576389893189,0.8186666666666667,0.8907520277335543,0.01948051948051948,0.9722824512018743,0.979004329004329,0.9951377633711507,0.8983174835405999,0.9939793007002667,154,750
RELATIVE_A,10,200,0.75,2026,A2_EARLY_VOLTAGE_COLLAPSE,mild,pooled,97.5,0.6171892118871244,1.0,0.19466666666666665,0.32589285714285715,0.0,0.9722824512018743,0.979004329004329,1.0,0.32589285714285715,0.9939793007002667,154,750
RELATIVE_A,10,200,0.75,2026,A2_EARLY_VOLTAGE_COLLAPSE,mild,pooled,99.0,0.6234102874623231,1.0,0.144,0.2517482517482518,0.0,0.9722824512018743,0.979004329004329,1.0,0.2517482517482518,0.9939793007002667,154,750
RELATIVE_A,10,200,0.75,2026,A2_EARLY_VOLTAGE_COLLAPSE,moderate,pooled,95.0,0.568274973098145,0.9803256326402127,0.9706666666666667,0.9754722398656585,0.01948051948051948,0.9836675565806278,0.9891948051948052,0.9958960328317373,0.9831195138419987,0.996575107409143,154,750
RELATIVE_A,10,200,0.75,2026,A2_EARLY_VOLTAGE_COLLAPSE,moderate,pooled,97.5,0.6171892118871244,1.0,0.23866666666666667,0.3853606027987083,0.0,0.9836675565806278,0.9891948051948052,1.0,0.3853606027987083,0.996575107409143,154,750
RELATIVE_A,10,200,0.75,2026,A2_EARLY_VOLTAGE_COLLAPSE,moderate,pooled,99.0,0.6234102874623231,1.0,0.176,0.29931972789115646,0.0,0.9836675565806278,0.9891948051948052,1.0,0.29931972789115646,0.996575107409143,154,750
RELATIVE_A,10,200,0.75,2026,A2_EARLY_VOLTAGE_COLLAPSE,strong,pooled,95.0,0.568274973098145,0.9807659428962215,0.9933333333333333,0.9870096352374397,0.01948051948051948,0.9848671487747607,0.9901904761904762,0.9959893048128342,0.9946595460614152,0.9968338318887562,154,750
RELATIVE_A,10,200,0.75,2026,A2_EARLY_VOLTAGE_COLLAPSE,strong,pooled,97.5,0.6171892118871244,1.0,0.24533333333333332,0.39400428265524623,0.0,0.9848671487747607,0.9901904761904762,1.0,0.39400428265524623,0.9968338318887562,154,750
RELATIVE_A,10,200,0.75,2026,A2_EARLY_VOLTAGE_COLLAPSE,strong,pooled,99.0,0.6234102874623231,1.0,0.17733333333333334,0.3012457531143828,0.0,0.9848671487747607,0.9901904761904762,1.0,0.3012457531143828,0.9968338318887562,154,750
RELATIVE_A,10,200,0.75,2026,A3_THERMAL_ABNORMALITY,mild,pooled,95.0,0.568274973098145,0.5897155361050328,0.028,0.05346161475897639,0.01948051948051948,0.6201784364656135,0.6683722943722943,0.875,0.05426356589147287,0.8871747249388486,154,750
RELATIVE_A,10,200,0.75,2026,A3_THERMAL_ABNORMALITY,mild,pooled,97.5,0.6171892118871244,1.0,0.005333333333333333,0.010610079575596816,0.0,0.6201784364656135,0.6683722943722943,1.0,0.010610079575596816,0.8871747249388486,154,750
RELATIVE_A,10,200,0.75,2026,A3_THERMAL_ABNORMALITY,mild,pooled,99.0,0.6234102874623231,1.0,0.004,0.00796812749003984,0.0,0.6201784364656135,0.6683722943722943,1.0,0.00796812749003984,0.8871747249388486,154,750
RELATIVE_A,10,200,0.75,2026,A3_THERMAL_ABNORMALITY,moderate,pooled,95.0,0.568274973098145,0.7463931469792606,0.05733333333333333,0.10648699064098027,0.01948051948051948,0.7655542474698207,0.8183203463203463,0.9347826086956522,0.10804020100502512,0.93916080962548,154,750
RELATIVE_A,10,200,0.75,2026,A3_THERMAL_ABNORMALITY,moderate,pooled,97.5,0.6171892118871244,1.0,0.010666666666666666,0.021108179419525065,0.0,0.7655542474698207,0.8183203463203463,1.0,0.021108179419525065,0.93916080962548,154,750
RELATIVE_A,10,200,0.75,2026,A3_THERMAL_ABNORMALITY,moderate,pooled,99.0,0.6234102874623231,1.0,0.008,0.015873015873015872,0.0,0.7655542474698207,0.8183203463203463,1.0,0.015873015873015872,0.93916080962548,154,750
RELATIVE_A,10,200,0.75,2026,A3_THERMAL_ABNORMALITY,strong,pooled,95.0,0.568274973098145,0.8252562907735321,0.092,0.16554496167507946,0.01948051948051948,0.8557262435683762,0.9013419913419914,0.9583333333333334,0.16788321167883213,0.9655142247481547,154,750
RELATIVE_A,10,200,0.75,2026,A3_THERMAL_ABNORMALITY,strong,pooled,97.5,0.6171892118871244,1.0,0.030666666666666665,0.059508408796895215,0.0,0.8557262435683762,0.9013419913419914,1.0,0.059508408796895215,0.9655142247481547,154,750
RELATIVE_A,10,200,0.75,2026,A3_THERMAL_ABNORMALITY,strong,pooled,99.0,0.6234102874623231,1.0,0.024,0.046875,0.0,0.8557262435683762,0.9013419913419914,1.0,0.046875,0.9655142247481547,154,750
RELATIVE_A,10,200,0.75,2026,A4_SENSOR_DRIFT,mild,pooled,95.0,0.568274973098145,0.4933022714036109,0.01896551724137931,0.036526726610173144,0.01948051948051948,0.5609485186681002,0.5990676469124745,0.9705882352941176,0.03720405862457722,0.9771140913916087,154,5220
RELATIVE_A,10,200,0.75,2026,A4_SENSOR_DRIFT,mild,pooled,97.5,0.6171892118871244,1.0,0.0009578544061302681,0.0019138755980861245,0.0,0.5609485186681002,0.5990676469124745,1.0,0.0019138755980861245,0.9771140913916087,154,5220
RELATIVE_A,10,200,0.75,2026,A4_SENSOR_DRIFT,mild,pooled,99.0,0.6234102874623231,0.0,0.0,0.0,0.0,0.5609485186681002,0.5990676469124745,0.0,0.0,0.9771140913916087,154,5220
RELATIVE_A,10,200,0.75,2026,A4_SENSOR_DRIFT,mild,mean_temp_c_-1,95.0,0.568274973098145,0.40073473136384513,0.013026819923371647,0.025233370119950072,0.01948051948051948,0.48700095087267775,0.4787132407822063,0.85,0.025660377358490565,0.8885931498607529,154,1305
RELATIVE_A,10,200,0.75,2026,A4_SENSOR_DRIFT,mild,mean_temp_c_-1,97.5,0.6171892118871244,0.0,0.0,0.0,0.0,0.48700095087267775,0.4787132407822063,0.0,0.0,0.8885931498607529,154,1305
RELATIVE_A,10,200,0.75,2026,A4_SENSOR_DRIFT,mild,mean_temp_c_-1,99.0,0.6234102874623231,0.0,0.0,0.0,0.0,0.48700095087267775,0.4787132407822063,0.0,0.0,0.8885931498607529,154,1305
RELATIVE_A,10,200,0.75,2026,A4_SENSOR_DRIFT,mild,mean_temp_c_1,95.0,0.568274973098145,0.5241278716421538,0.021455938697318006,0.041224300539682686,0.01948051948051948,0.5121882015477395,0.5419465591879385,0.9032258064516129,0.041916167664670656,0.8979590987934478,154,1305
RELATIVE_A,10,200,0.75,2026,A4_SENSOR_DRIFT,mild,mean_temp_c_1,97.5,0.6171892118871244,0.0,0.0,0.0,0.0,0.5121882015477395,0.5419465591879385,0.0,0.0,0.8979590987934478,154,1305
RELATIVE_A,10,200,0.75,2026,A4_SENSOR_DRIFT,mild,mean_temp_c_1,99.0,0.6234102874623231,0.0,0.0,0.0,0.0,0.5121882015477395,0.5419465591879385,0.0,0.0,0.8979590987934478,154,1305
RELATIVE_A,10,200,0.75,2026,A4_SENSOR_DRIFT,mild,mean_voltage_v_-1,95.0,0.568274973098145,0.414535666218035,0.013793103448275862,0.0266978719715685,0.01948051948051948,0.587159464953289,0.6389187440911579,0.8571428571428571,0.027149321266968323,0.9219521698605874,154,1305
RELATIVE_A,10,200,0.75,2026,A4_SENSOR_DRIFT,mild,mean_voltage_v_-1,97.5,0.6171892118871244,0.0,0.0,0.0,0.0,0.587159464953289,0.6389187440911579,0.0,0.0,0.9219521698605874,154,1305
RELATIVE_A,10,200,0.75,2026,A4_SENSOR_DRIFT,mild,mean_voltage_v_-1,99.0,0.6234102874623231,0.0,0.0,0.0,0.0,0.587159464953289,0.6389187440911579,0.0,0.0,0.9219521698605874,154,1305
RELATIVE_A,10,200,0.75,2026,A4_SENSOR_DRIFT,mild,mean_voltage_v_1,95.0,0.568274973098145,0.5861084681255947,0.027586206896551724,0.05269235704204269,0.01948051948051948,0.6545386753357311,0.7366920435885953,0.9230769230769231,0.05357142857142856,0.9405103997778129,154,1305
RELATIVE_A,10,200,0.75,2026,A4_SENSOR_DRIFT,mild,mean_voltage_v_1,97.5,0.6171892118871244,1.0,0.0038314176245210726,0.007633587786259542,0.0,0.6545386753357311,0.7366920435885953,1.0,0.007633587786259542,0.9405103997778129,154,1305
RELATIVE_A,10,200,0.75,2026,A4_SENSOR_DRIFT,mild,mean_voltage_v_1,99.0,0.6234102874623231,0.0,0.0,0.0,0.0,0.6545386753357311,0.7366920435885953,0.0,0.0,0.9405103997778129,154,1305
RELATIVE_A,10,200,0.75,2026,A4_SENSOR_DRIFT,moderate,pooled,95.0,0.568274973098145,0.5371246157484039,0.022605363984674328,0.04338483870351625,0.01948051948051948,0.5986561653699699,0.6465448823207444,0.9752066115702479,0.04418648193222243,0.980207486417167,154,5220
RELATIVE_A,10,200,0.75,2026,A4_SENSOR_DRIFT,moderate,pooled,97.5,0.6171892118871244,1.0,0.0011494252873563218,0.002296211251435132,0.0,0.5986561653699699,0.6465448823207444,1.0,0.002296211251435132,0.980207486417167,154,5220
RELATIVE_A,10,200,0.75,2026,A4_SENSOR_DRIFT,moderate,pooled,99.0,0.6234102874623231,0.0,0.0,0.0,0.0,0.5986561653699699,0.6465448823207444,0.0,0.0,0.980207486417167,154,5220
RELATIVE_A,10,200,0.75,2026,A4_SENSOR_DRIFT,moderate,mean_temp_c_-1,95.0,0.568274973098145,0.414535666218035,0.013793103448275862,0.0266978719715685,0.01948051948051948,0.49795480072788434,0.5012588943623426,0.8571428571428571,0.027149321266968323,0.8926829212537066,154,1305
RELATIVE_A,10,200,0.75,2026,A4_SENSOR_DRIFT,moderate,mean_temp_c_-1,97.5,0.6171892118871244,0.0,0.0,0.0,0.0,0.49795480072788434,0.5012588943623426,0.0,0.0,0.8926829212537066,154,1305
RELATIVE_A,10,200,0.75,2026,A4_SENSOR_DRIFT,moderate,mean_temp_c_-1,99.0,0.6234102874623231,0.0,0.0,0.0,0.0,0.49795480072788434,0.5012588943623426,0.0,0.0,0.8926829212537066,154,1305
RELATIVE_A,10,200,0.75,2026,A4_SENSOR_DRIFT,moderate,mean_temp_c_1,95.0,0.568274973098145,0.5861084681255947,0.027586206896551724,0.05269235704204269,0.01948051948051948,0.5363442443964673,0.5853485594864904,0.9230769230769231,0.05357142857142856,0.9065638532923633,154,1305
RELATIVE_A,10,200,0.75,2026,A4_SENSOR_DRIFT,moderate,mean_temp_c_1,97.5,0.6171892118871244,0.0,0.0,0.0,0.0,0.5363442443964673,0.5853485594864904,0.0,0.0,0.9065638532923633,154,1305
RELATIVE_A,10,200,0.75,2026,A4_SENSOR_DRIFT,moderate,mean_temp_c_1,99.0,0.6234102874623231,0.0,0.0,0.0,0.0,0.5363442443964673,0.5853485594864904,0.0,0.0,0.9065638532923633,154,1305
RELATIVE_A,10,200,0.75,2026,A4_SENSOR_DRIFT,moderate,mean_voltage_v_-1,95.0,0.568274973098145,0.4749899423360601,0.017624521072796936,0.03398791903160339,0.01948051948051948,0.6489433865203819,0.706060606060606,0.8846153846153846,0.034560480841472584,0.9381268703259813,154,1305
RELATIVE_A,10,200,0.75,2026,A4_SENSOR_DRIFT,moderate,mean_voltage_v_-1,97.5,0.6171892118871244,0.0,0.0,0.0,0.0,0.6489433865203819,0.706060606060606,0.0,0.0,0.9381268703259813,154,1305
RELATIVE_A,10,200,0.75,2026,A4_SENSOR_DRIFT,moderate,mean_voltage_v_-1,99.0,0.6234102874623231,0.0,0.0,0.0,0.0,0.6489433865203819,0.706060606060606,0.0,0.0,0.9381268703259813,154,1305
RELATIVE_A,10,200,0.75,2026,A4_SENSOR_DRIFT,moderate,mean_voltage_v_1,95.0,0.568274973098145,0.6172646397497311,0.031417624521072794,0.05979194977248945,0.01948051948051948,0.7007831430342262,0.7935114693735382,0.9318181818181818,0.06078576723498888,0.9510779515905223,154,1305
RELATIVE_A,10,200,0.75,2026,A4_SENSOR_DRIFT,moderate,mean_voltage_v_1,97.5,0.6171892118871244,1.0,0.004597701149425287,0.009153318077803202,0.0,0.7007831430342262,0.7935114693735382,1.0,0.009153318077803202,0.9510779515905223,154,1305
RELATIVE_A,10,200,0.75,2026,A4_SENSOR_DRIFT,moderate,mean_voltage_v_1,99.0,0.6234102874623231,0.0,0.0,0.0,0.0,0.7007831430342262,0.7935114693735382,0.0,0.0,0.9510779515905223,154,1305
RELATIVE_A,10,200,0.75,2026,A4_SENSOR_DRIFT,strong,pooled,95.0,0.568274973098145,0.5775103868774618,0.026628352490421454,0.050909333060624576,0.01948051948051948,0.6247613439034121,0.679288575409265,0.9788732394366197,0.05184632599776203,0.9821565564895509,154,5220
RELATIVE_A,10,200,0.75,2026,A4_SENSOR_DRIFT,strong,pooled,97.5,0.6171892118871244,1.0,0.00210727969348659,0.004205696807493786,0.0,0.6247613439034121,0.679288575409265,1.0,0.004205696807493786,0.9821565564895509,154,5220
RELATIVE_A,10,200,0.75,2026,A4_SENSOR_DRIFT,strong,pooled,99.0,0.6234102874623231,0.0,0.0,0.0,0.0,0.6247613439034121,0.679288575409265,0.0,0.0,0.9821565564895509,154,5220
RELATIVE_A,10,200,0.75,2026,A4_SENSOR_DRIFT,strong,mean_temp_c_-1,95.0,0.568274973098145,0.4403145103645461,0.01532567049808429,0.02962036881205972,0.01948051948051948,0.5211370416476276,0.5391899288451013,0.8695652173913043,0.03012048192771084,0.9010832755333004,154,1305
RELATIVE_A,10,200,0.75,2026,A4_SENSOR_DRIFT,strong,mean_temp_c_-1,97.5,0.6171892118871244,1.0,0.0038314176245210726,0.007633587786259542,0.0,0.5211370416476276,0.5391899288451013,1.0,0.007633587786259542,0.9010832755333004,154,1305
RELATIVE_A,10,200,0.75,2026,A4_SENSOR_DRIFT,strong,mean_temp_c_-1,99.0,0.6234102874623231,0.0,0.0,0.0,0.0,0.5211370416476276,0.5391899288451013,0.0,0.0,0.9010832755333004,154,1305
RELATIVE_A,10,200,0.75,2026,A4_SENSOR_DRIFT,strong,mean_temp_c_1,95.0,0.568274973098145,0.6053825219231932,0.029885057471264367,0.05695833392605659,0.01948051948051948,0.5610413170362084,0.6225979001841071,0.9285714285714286,0.05790645879732739,0.9147402083732036,154,1305
RELATIVE_A,10,200,0.75,2026,A4_SENSOR_DRIFT,strong,mean_temp_c_1,97.5,0.6171892118871244,0.0,0.0,0.0,0.0,0.5610413170362084,0.6225979001841071,0.0,0.0,0.9147402083732036,154,1305
RELATIVE_A,10,200,0.75,2026,A4_SENSOR_DRIFT,strong,mean_temp_c_1,99.0,0.6234102874623231,0.0,0.0,0.0,0.0,0.5610413170362084,0.6225979001841071,0.0,0.0,0.9147402083732036,154,1305
RELATIVE_A,10,200,0.75,2026,A4_SENSOR_DRIFT,strong,mean_voltage_v_-1,95.0,0.568274973098145,0.5648549516505502,0.02528735632183908,0.04840760690965723,0.01948051948051948,0.6790918764003466,0.7367069711897298,0.9166666666666666,0.049217002237136466,0.9450251293522121,154,1305
RELATIVE_A,10,200,0.75,2026,A4_SENSOR_DRIFT,strong,mean_voltage_v_-1,97.5,0.6171892118871244,0.0,0.0,0.0,0.0,0.6790918764003466,0.7367069711897298,0.0,0.0,0.9450251293522121,154,1305
RELATIVE_A,10,200,0.75,2026,A4_SENSOR_DRIFT,strong,mean_voltage_v_-1,99.0,0.6234102874623231,0.0,0.0,0.0,0.0,0.6790918764003466,0.7367069711897298,0.0,0.0,0.9450251293522121,154,1305
RELATIVE_A,10,200,0.75,2026,A4_SENSOR_DRIFT,strong,mean_voltage_v_1,95.0,0.568274973098145,0.648973370393616,0.03601532567049808,0.06824342480541949,0.01948051948051948,0.7237088284266401,0.818659501418122,0.94,0.06937269372693727,0.956010529542887,154,1305
RELATIVE_A,10,200,0.75,2026,A4_SENSOR_DRIFT,strong,mean_voltage_v_1,97.5,0.6171892118871244,1.0,0.004597701149425287,0.009153318077803202,0.0,0.7237088284266401,0.818659501418122,1.0,0.009153318077803202,0.956010529542887,154,1305
RELATIVE_A,10,200,0.75,2026,A4_SENSOR_DRIFT,strong,mean_voltage_v_1,99.0,0.6234102874623231,0.0,0.0,0.0,0.0,0.7237088284266401,0.818659501418122,0.0,0.0,0.956010529542887,154,1305
RELATIVE_A,10,200,1.0,42,A1_ACCELERATED_DEGRADATION,mild,pooled,95.0,0.5706868808454005,0.46493265211333024,0.011284722222222222,0.02203462584060667,0.012987012987012988,0.48624236751339694,0.48185369318181814,0.9701492537313433,0.022309936502488414,0.9723650950931558,154,5760
RELATIVE_A,10,200,1.0,42,A1_ACCELERATED_DEGRADATION,mild,pooled,97.5,0.6126967301697132,0.0,0.0,0.0,0.0,0.48624236751339694,0.48185369318181814,0.0,0.0,0.9723650950931558,154,5760
RELATIVE_A,10,200,1.0,42,A1_ACCELERATED_DEGRADATION,mild,pooled,99.0,0.6277274290528456,0.0,0.0,0.0,0.0,0.48624236751339694,0.48185369318181814,0.0,0.0,0.9723650950931558,154,5760
RELATIVE_A,10,200,1.0,42,A1_ACCELERATED_DEGRADATION,moderate,pooled,95.0,0.5706868808454005,0.013191708069213638,0.00017361111111111112,0.0003427119194760514,0.012987012987012988,0.4914458526932497,0.49419699224386726,0.3333333333333333,0.00034704147145583897,0.9727646633935846,154,5760
RELATIVE_A,10,200,1.0,42,A1_ACCELERATED_DEGRADATION,moderate,pooled,97.5,0.6126967301697132,0.0,0.0,0.0,0.0,0.4914458526932497,0.49419699224386726,0.0,0.0,0.9727646633935846,154,5760
RELATIVE_A,10,200,1.0,42,A1_ACCELERATED_DEGRADATION,moderate,pooled,99.0,0.6277274290528456,0.0,0.0,0.0,0.0,0.4914458526932497,0.49419699224386726,0.0,0.0,0.9727646633935846,154,5760
RELATIVE_A,10,200,1.0,42,A1_ACCELERATED_DEGRADATION,strong,pooled,95.0,0.5706868808454005,0.0385578367551327,0.0005208333333333333,0.0010277835247635763,0.012987012987012988,0.4942712180495259,0.5013037743506494,0.6,0.0010407632263660018,0.9727079970449982,154,5760
RELATIVE_A,10,200,1.0,42,A1_ACCELERATED_DEGRADATION,strong,pooled,97.5,0.6126967301697132,0.0,0.0,0.0,0.0,0.4942712180495259,0.5013037743506494,0.0,0.0,0.9727079970449982,154,5760
RELATIVE_A,10,200,1.0,42,A1_ACCELERATED_DEGRADATION,strong,pooled,99.0,0.6277274290528456,0.0,0.0,0.0,0.0,0.4942712180495259,0.5013037743506494,0.0,0.0,0.9727079970449982,154,5760
RELATIVE_A,10,200,1.0,42,A2_EARLY_VOLTAGE_COLLAPSE,mild,pooled,95.0,0.5706868808454005,0.983759203118233,0.7866666666666666,0.8742422784566535,0.012987012987012988,0.9786255957913638,0.9825108225108226,0.9966216216216216,0.879284649776453,0.995341454134394,154,750
RELATIVE_A,10,200,1.0,42,A2_EARLY_VOLTAGE_COLLAPSE,mild,pooled,97.5,0.6126967301697132,1.0,0.21466666666666667,0.3534577387486279,0.0,0.9786255957913638,0.9825108225108226,1.0,0.3534577387486279,0.995341454134394,154,750
RELATIVE_A,10,200,1.0,42,A2_EARLY_VOLTAGE_COLLAPSE,mild,pooled,99.0,0.6277274290528456,1.0,0.12133333333333333,0.21640903686087992,0.0,0.9786255957913638,0.9825108225108226,1.0,0.21640903686087992,0.995341454134394,154,750
RELATIVE_A,10,200,1.0,42,A2_EARLY_VOLTAGE_COLLAPSE,moderate,pooled,95.0,0.5706868808454005,0.9866341133070767,0.9586666666666667,0.9724493470222987,0.012987012987012988,0.9891545876196445,0.9921298701298701,0.9972260748959778,0.9775662814411964,0.9977348436679849,154,750
RELATIVE_A,10,200,1.0,42,A2_EARLY_VOLTAGE_COLLAPSE,moderate,pooled,97.5,0.6126967301697132,1.0,0.25866666666666666,0.4110169491525424,0.0,0.9891545876196445,0.9921298701298701,1.0,0.4110169491525424,0.9977348436679849,154,750
RELATIVE_A,10,200,1.0,42,A2_EARLY_VOLTAGE_COLLAPSE,moderate,pooled,99.0,0.6277274290528456,1.0,0.144,0.2517482517482518,0.0,0.9891545876196445,0.9921298701298701,1.0,0.2517482517482518,0.9977348436679849,154,750
RELATIVE_A,10,200,1.0,42,A2_EARLY_VOLTAGE_COLLAPSE,strong,pooled,95.0,0.5706868808454005,0.9870774320272926,0.992,0.9895325940511971,0.012987012987012988,0.9902703399937959,0.993030303030303,0.9973190348525469,0.9946524064171123,0.9979730716294172,154,750
RELATIVE_A,10,200,1.0,42,A2_EARLY_VOLTAGE_COLLAPSE,strong,pooled,97.5,0.6126967301697132,1.0,0.264,0.4177215189873418,0.0,0.9902703399937959,0.993030303030303,1.0,0.4177215189873418,0.9979730716294172,154,750
RELATIVE_A,10,200,1.0,42,A2_EARLY_VOLTAGE_COLLAPSE,strong,pooled,99.0,0.6277274290528456,1.0,0.144,0.2517482517482518,0.0,0.9902703399937959,0.993030303030303,1.0,0.2517482517482518,0.9979730716294172,154,750
RELATIVE_A,10,200,1.0,42,A3_THERMAL_ABNORMALITY,mild,pooled,95.0,0.5706868808454005,0.5897155361050328,0.018666666666666668,0.036187854577192924,0.012987012987012988,0.6543312600561277,0.7038614718614717,0.875,0.03655352480417755,0.9006467297655164,154,750
RELATIVE_A,10,200,1.0,42,A3_THERMAL_ABNORMALITY,mild,pooled,97.5,0.6126967301697132,1.0,0.008,0.015873015873015872,0.0,0.6543312600561277,0.7038614718614717,1.0,0.015873015873015872,0.9006467297655164,154,750
RELATIVE_A,10,200,1.0,42,A3_THERMAL_ABNORMALITY,mild,pooled,99.0,0.6277274290528456,1.0,0.0026666666666666666,0.005319148936170213,0.0,0.6543312600561277,0.7038614718614717,1.0,0.005319148936170213,0.9006467297655164,154,750
RELATIVE_A,10,200,1.0,42,A3_THERMAL_ABNORMALITY,moderate,pooled,95.0,0.5706868808454005,0.8283360036621652,0.06266666666666666,0.11651829552954812,0.012987012987012988,0.8045253576202345,0.8527012987012987,0.9591836734693877,0.11764705882352941,0.9510336111598644,154,750
RELATIVE_A,10,200,1.0,42,A3_THERMAL_ABNORMALITY,moderate,pooled,97.5,0.6126967301697132,1.0,0.009333333333333334,0.018494055482166448,0.0,0.8045253576202345,0.8527012987012987,1.0,0.018494055482166448,0.9510336111598644,154,750
RELATIVE_A,10,200,1.0,42,A3_THERMAL_ABNORMALITY,moderate,pooled,99.0,0.6277274290528456,1.0,0.009333333333333334,0.018494055482166448,0.0,0.8045253576202345,0.8527012987012987,1.0,0.018494055482166448,0.9510336111598644,154,750
RELATIVE_A,10,200,1.0,42,A3_THERMAL_ABNORMALITY,strong,pooled,95.0,0.5706868808454005,0.892657793044225,0.108,0.19268733490893922,0.012987012987012988,0.8885697120315512,0.9235584415584416,0.9759036144578314,0.19447779111644659,0.9741981108827316,154,750
RELATIVE_A,10,200,1.0,42,A3_THERMAL_ABNORMALITY,strong,pooled,97.5,0.6126967301697132,1.0,0.024,0.046875,0.0,0.8885697120315512,0.9235584415584416,1.0,0.046875,0.9741981108827316,154,750
RELATIVE_A,10,200,1.0,42,A3_THERMAL_ABNORMALITY,strong,pooled,99.0,0.6277274290528456,1.0,0.02,0.0392156862745098,0.0,0.8885697120315512,0.9235584415584416,1.0,0.0392156862745098,0.9741981108827316,154,750
RELATIVE_A,10,200,1.0,42,A4_SENSOR_DRIFT,mild,pooled,95.0,0.5706868808454005,0.5184946038188358,0.013984674329501916,0.027234780670621954,0.012987012987012988,0.5650432735705515,0.601380803104941,0.9733333333333334,0.02757318224740321,0.9775335356583831,154,5220
RELATIVE_A,10,200,1.0,42,A4_SENSOR_DRIFT,mild,pooled,97.5,0.6126967301697132,0.0,0.0,0.0,0.0,0.5650432735705515,0.601380803104941,0.0,0.0,0.9775335356583831,154,5220
RELATIVE_A,10,200,1.0,42,A4_SENSOR_DRIFT,mild,pooled,99.0,0.6277274290528456,0.0,0.0,0.0,0.0,0.5650432735705515,0.601380803104941,0.0,0.0,0.9775335356583831,154,5220
RELATIVE_A,10,200,1.0,42,A4_SENSOR_DRIFT,mild,mean_temp_c_-1,95.0,0.5706868808454005,0.37108433734939755,0.007662835249042145,0.01501560062402496,0.012987012987012988,0.49077772663338237,0.48335572473503513,0.8333333333333334,0.015186028853454821,0.8899314780262568,154,1305
RELATIVE_A,10,200,1.0,42,A4_SENSOR_DRIFT,mild,mean_temp_c_-1,97.5,0.6126967301697132,0.0,0.0,0.0,0.0,0.49077772663338237,0.48335572473503513,0.0,0.0,0.8899314780262568,154,1305
RELATIVE_A,10,200,1.0,42,A4_SENSOR_DRIFT,mild,mean_temp_c_-1,99.0,0.6277274290528456,0.0,0.0,0.0,0.0,0.49077772663338237,0.48335572473503513,0.0,0.0,0.8899314780262568,154,1305
RELATIVE_A,10,200,1.0,42,A4_SENSOR_DRIFT,mild,mean_temp_c_1,95.0,0.5706868808454005,0.5150501672240803,0.013793103448275862,0.026866713189113746,0.012987012987012988,0.5155227294406606,0.5390854356371598,0.9,0.027169811320754713,0.8996641274307392,154,1305
RELATIVE_A,10,200,1.0,42,A4_SENSOR_DRIFT,mild,mean_temp_c_1,97.5,0.6126967301697132,0.0,0.0,0.0,0.0,0.5155227294406606,0.5390854356371598,0.0,0.0,0.8996641274307392,154,1305
RELATIVE_A,10,200,1.0,42,A4_SENSOR_DRIFT,mild,mean_temp_c_1,99.0,0.6277274290528456,0.0,0.0,0.0,0.0,0.5155227294406606,0.5390854356371598,0.0,0.0,0.8996641274307392,154,1305
RELATIVE_A,10,200,1.0,42,A4_SENSOR_DRIFT,mild,mean_voltage_v_-1,95.0,0.5706868808454005,0.5150501672240803,0.013793103448275862,0.026866713189113746,0.012987012987012988,0.5923609427569145,0.6436930885206747,0.9,0.027169811320754713,0.9233400015503825,154,1305
RELATIVE_A,10,200,1.0,42,A4_SENSOR_DRIFT,mild,mean_voltage_v_-1,97.5,0.6126967301697132,0.0,0.0,0.0,0.0,0.5923609427569145,0.6436930885206747,0.0,0.0,0.9233400015503825,154,1305
RELATIVE_A,10,200,1.0,42,A4_SENSOR_DRIFT,mild,mean_voltage_v_-1,99.0,0.6277274290528456,0.0,0.0,0.0,0.0,0.5923609427569145,0.6436930885206747,0.0,0.0,0.9233400015503825,154,1305
RELATIVE_A,10,200,1.0,42,A4_SENSOR_DRIFT,mild,mean_voltage_v_1,95.0,0.5706868808454005,0.6143617021276595,0.020689655172413793,0.040031193137509746,0.012987012987012988,0.6581509705075588,0.7393889635268945,0.9310344827586207,0.04047976011994003,0.941536473892897,154,1305
RELATIVE_A,10,200,1.0,42,A4_SENSOR_DRIFT,mild,mean_voltage_v_1,97.5,0.6126967301697132,0.0,0.0,0.0,0.0,0.6581509705075588,0.7393889635268945,0.0,0.0,0.941536473892897,154,1305
RELATIVE_A,10,200,1.0,42,A4_SENSOR_DRIFT,mild,mean_voltage_v_1,99.0,0.6277274290528456,0.0,0.0,0.0,0.0,0.6581509705075588,0.7393889635268945,0.0,0.0,0.941536473892897,154,1305
RELATIVE_A,10,200,1.0,42,A4_SENSOR_DRIFT,moderate,pooled,95.0,0.5706868808454005,0.5381757055648942,0.015134099616858238,0.029440305098936945,0.012987012987012988,0.6038641229184248,0.6503638602776532,0.9753086419753086,0.029805697038294665,0.98067359217255,154,5220
RELATIVE_A,10,200,1.0,42,A4_SENSOR_DRIFT,moderate,pooled,97.5,0.6126967301697132,0.0,0.0,0.0,0.0,0.6038641229184248,0.6503638602776532,0.0,0.0,0.98067359217255,154,5220
RELATIVE_A,10,200,1.0,42,A4_SENSOR_DRIFT,moderate,pooled,99.0,0.6277274290528456,0.0,0.0,0.0,0.0,0.6038641229184248,0.6503638602776532,0.0,0.0,0.98067359217255,154,5220
RELATIVE_A,10,200,1.0,42,A4_SENSOR_DRIFT,moderate,mean_temp_c_-1,95.0,0.5706868808454005,0.37108433734939755,0.007662835249042145,0.01501560062402496,0.012987012987012988,0.49972189279403667,0.5061526596009355,0.8333333333333334,0.015186028853454821,0.8936556234390288,154,1305
RELATIVE_A,10,200,1.0,42,A4_SENSOR_DRIFT,moderate,mean_temp_c_-1,97.5,0.6126967301697132,0.0,0.0,0.0,0.0,0.49972189279403667,0.5061526596009355,0.0,0.0,0.8936556234390288,154,1305
RELATIVE_A,10,200,1.0,42,A4_SENSOR_DRIFT,moderate,mean_temp_c_-1,99.0,0.6277274290528456,0.0,0.0,0.0,0.0,0.49972189279403667,0.5061526596009355,0.0,0.0,0.8936556234390288,154,1305
RELATIVE_A,10,200,1.0,42,A4_SENSOR_DRIFT,moderate,mean_temp_c_1,95.0,0.5706868808454005,0.4695121951219512,0.011494252873563218,0.022439166545242605,0.012987012987012988,0.5390799811161557,0.5841369358610737,0.8823529411764706,0.0226928895612708,0.9075533826372391,154,1305
RELATIVE_A,10,200,1.0,42,A4_SENSOR_DRIFT,moderate,mean_temp_c_1,97.5,0.6126967301697132,0.0,0.0,0.0,0.0,0.5390799811161557,0.5841369358610737,0.0,0.0,0.9075533826372391,154,1305
RELATIVE_A,10,200,1.0,42,A4_SENSOR_DRIFT,moderate,mean_temp_c_1,99.0,0.6277274290528456,0.0,0.0,0.0,0.0,0.5390799811161557,0.5841369358610737,0.0,0.0,0.9075533826372391,154,1305
RELATIVE_A,10,200,1.0,42,A4_SENSOR_DRIFT,moderate,mean_voltage_v_-1,95.0,0.5706868808454005,0.5648549516505501,0.01685823754789272,0.03273936067411387,0.012987012987012988,0.6582909829339272,0.7130939941284768,0.9166666666666666,0.03310759969902182,0.9406820451917863,154,1305
RELATIVE_A,10,200,1.0,42,A4_SENSOR_DRIFT,moderate,mean_voltage_v_-1,97.5,0.6126967301697132,0.0,0.0,0.0,0.0,0.6582909829339272,0.7130939941284768,0.0,0.0,0.9406820451917863,154,1305
RELATIVE_A,10,200,1.0,42,A4_SENSOR_DRIFT,moderate,mean_voltage_v_-1,99.0,0.6277274290528456,0.0,0.0,0.0,0.0,0.6582909829339272,0.7130939941284768,0.0,0.0,0.9406820451917863,154,1305
RELATIVE_A,10,200,1.0,42,A4_SENSOR_DRIFT,moderate,mean_voltage_v_1,95.0,0.5706868808454005,0.6537543114884584,0.024521072796934867,0.0472691695282675,0.012987012987012988,0.707033000393666,0.7980718515201274,0.9411764705882353,0.04779686333084392,0.9526908323842241,154,1305
RELATIVE_A,10,200,1.0,42,A4_SENSOR_DRIFT,moderate,mean_voltage_v_1,97.5,0.6126967301697132,0.0,0.0,0.0,0.0,0.707033000393666,0.7980718515201274,0.0,0.0,0.9526908323842241,154,1305
RELATIVE_A,10,200,1.0,42,A4_SENSOR_DRIFT,moderate,mean_voltage_v_1,99.0,0.6277274290528456,0.0,0.0,0.0,0.0,0.707033000393666,0.7980718515201274,0.0,0.0,0.9526908323842241,154,1305
RELATIVE_A,10,200,1.0,42,A4_SENSOR_DRIFT,strong,pooled,95.0,0.5706868808454005,0.6250269377199914,0.021647509578544062,0.04184571287040621,0.012987012987012988,0.6315911732893116,0.6840877991740061,0.9826086956521739,0.042361761949390814,0.9826899059800848,154,5220
RELATIVE_A,10,200,1.0,42,A4_SENSOR_DRIFT,strong,pooled,97.5,0.6126967301697132,0.0,0.0,0.0,0.0,0.6315911732893116,0.6840877991740061,0.0,0.0,0.9826899059800848,154,5220
RELATIVE_A,10,200,1.0,42,A4_SENSOR_DRIFT,strong,pooled,99.0,0.6277274290528456,0.0,0.0,0.0,0.0,0.6315911732893116,0.6840877991740061,0.0,0.0,0.9826899059800848,154,5220
RELATIVE_A,10,200,1.0,42,A4_SENSOR_DRIFT,strong,mean_temp_c_-1,95.0,0.5706868808454005,0.3935873605947955,0.00842911877394636,0.016504769235266035,0.012987012987012988,0.5244888264128887,0.5438075334627059,0.8461538461538461,0.01669195751138088,0.9023235174107577,154,1305
RELATIVE_A,10,200,1.0,42,A4_SENSOR_DRIFT,strong,mean_temp_c_-1,97.5,0.6126967301697132,0.0,0.0,0.0,0.0,0.5244888264128887,0.5438075334627059,0.0,0.0,0.9023235174107577,154,1305
RELATIVE_A,10,200,1.0,42,A4_SENSOR_DRIFT,strong,mean_temp_c_-1,99.0,0.6277274290528456,0.0,0.0,0.0,0.0,0.5244888264128887,0.5438075334627059,0.0,0.0,0.9023235174107577,154,1305
RELATIVE_A,10,200,1.0,42,A4_SENSOR_DRIFT,strong,mean_temp_c_1,95.0,0.5706868808454005,0.5648549516505501,0.01685823754789272,0.03273936067411387,0.012987012987012988,0.5675843717228043,0.626344728068866,0.9166666666666666,0.03310759969902182,0.9166940539223101,154,1305
RELATIVE_A,10,200,1.0,42,A4_SENSOR_DRIFT,strong,mean_temp_c_1,97.5,0.6126967301697132,0.0,0.0,0.0,0.0,0.5675843717228043,0.626344728068866,0.0,0.0,0.9166940539223101,154,1305
RELATIVE_A,10,200,1.0,42,A4_SENSOR_DRIFT,strong,mean_temp_c_1,99.0,0.6277274290528456,0.0,0.0,0.0,0.0,0.5675843717228043,0.626344728068866,0.0,0.0,0.9166940539223101,154,1305
RELATIVE_A,10,200,1.0,42,A4_SENSOR_DRIFT,strong,mean_voltage_v_-1,95.0,0.5706868808454005,0.67375,0.02681992337164751,0.05158635210795808,0.012987012987012988,0.6873119133501828,0.7424914166293476,0.9459459459459459,0.05216095380029806,0.947227317058621,154,1305
RELATIVE_A,10,200,1.0,42,A4_SENSOR_DRIFT,strong,mean_voltage_v_-1,97.5,0.6126967301697132,0.0,0.0,0.0,0.0,0.6873119133501828,0.7424914166293476,0.0,0.0,0.947227317058621,154,1305
RELATIVE_A,10,200,1.0,42,A4_SENSOR_DRIFT,strong,mean_voltage_v_-1,99.0,0.6277274290528456,0.0,0.0,0.0,0.0,0.6873119133501828,0.7424914166293476,0.0,0.0,0.947227317058621,154,1305
RELATIVE_A,10,200,1.0,42,A4_SENSOR_DRIFT,strong,mean_voltage_v_1,95.0,0.5706868808454005,0.7264150943396226,0.034482758620689655,0.06584010260795212,0.012987012987012988,0.7317906239530299,0.8237075185351047,0.9574468085106383,0.0665680473372781,0.9578310615316212,154,1305
RELATIVE_A,10,200,1.0,42,A4_SENSOR_DRIFT,strong,mean_voltage_v_1,97.5,0.6126967301697132,0.0,0.0,0.0,0.0,0.7317906239530299,0.8237075185351047,0.0,0.0,0.9578310615316212,154,1305
RELATIVE_A,10,200,1.0,42,A4_SENSOR_DRIFT,strong,mean_voltage_v_1,99.0,0.6277274290528456,0.0,0.0,0.0,0.0,0.7317906239530299,0.8237075185351047,0.0,0.0,0.9578310615316212,154,1305
RELATIVE_A,10,200,1.0,123,A1_ACCELERATED_DEGRADATION,mild,pooled,95.0,0.5728784412979144,0.0855691379584061,0.0024305555555555556,0.00472684700011839,0.025974025974025976,0.484273098080452,0.4861133658008658,0.7777777777777778,0.004845967462789892,0.9714394941513673,154,5760
RELATIVE_A,10,200,1.0,123,A1_ACCELERATED_DEGRADATION,mild,pooled,97.5,0.6138173121270384,0.0,0.0,0.0,0.0,0.484273098080452,0.4861133658008658,0.0,0.0,0.9714394941513673,154,5760
RELATIVE_A,10,200,1.0,123,A1_ACCELERATED_DEGRADATION,mild,pooled,99.0,0.6164947246777877,0.0,0.0,0.0,0.0,0.484273098080452,0.4861133658008658,0.0,0.0,0.9714394941513673,154,5760
RELATIVE_A,10,200,1.0,123,A1_ACCELERATED_DEGRADATION,moderate,pooled,95.0,0.5728784412979144,0.2067754596157819,0.0067708333333333336,0.013112306049868681,0.025974025974025976,0.4893737971621428,0.49798599837662333,0.9069767441860465,0.01344132345338618,0.9718688086945743,154,5760
RELATIVE_A,10,200,1.0,123,A1_ACCELERATED_DEGRADATION,moderate,pooled,97.5,0.6138173121270384,0.0,0.0,0.0,0.0,0.4893737971621428,0.49798599837662333,0.0,0.0,0.9718688086945743,154,5760
RELATIVE_A,10,200,1.0,123,A1_ACCELERATED_DEGRADATION,moderate,pooled,99.0,0.6164947246777877,0.0,0.0,0.0,0.0,0.4893737971621428,0.49798599837662333,0.0,0.0,0.9718688086945743,154,5760
RELATIVE_A,10,200,1.0,123,A1_ACCELERATED_DEGRADATION,strong,pooled,95.0,0.5728784412979144,0.0855691379584061,0.0024305555555555556,0.00472684700011839,0.025974025974025976,0.49530054918458477,0.5073745265151515,0.7777777777777778,0.004845967462789892,0.9726094113570545,154,5760
RELATIVE_A,10,200,1.0,123,A1_ACCELERATED_DEGRADATION,strong,pooled,97.5,0.6138173121270384,0.0,0.0,0.0,0.0,0.49530054918458477,0.5073745265151515,0.0,0.0,0.9726094113570545,154,5760
RELATIVE_A,10,200,1.0,123,A1_ACCELERATED_DEGRADATION,strong,pooled,99.0,0.6164947246777877,0.0,0.0,0.0,0.0,0.49530054918458477,0.5073745265151515,0.0,0.0,0.9726094113570545,154,5760
RELATIVE_A,10,200,1.0,123,A2_EARLY_VOLTAGE_COLLAPSE,mild,pooled,95.0,0.5728784412979144,0.96995974605972,0.8386666666666667,0.8995477466266727,0.025974025974025976,0.9881336856272217,0.9881818181818182,0.9936808846761453,0.9096167751265366,0.9973845683917919,154,750
RELATIVE_A,10,200,1.0,123,A2_EARLY_VOLTAGE_COLLAPSE,mild,pooled,97.5,0.6138173121270384,1.0,0.31866666666666665,0.4833164812942366,0.0,0.9881336856272217,0.9881818181818182,1.0,0.4833164812942366,0.9973845683917919,154,750
RELATIVE_A,10,200,1.0,123,A2_EARLY_VOLTAGE_COLLAPSE,mild,pooled,99.0,0.6164947246777877,1.0,0.288,0.44720496894409933,0.0,0.9881336856272217,0.9881818181818182,1.0,0.44720496894409933,0.9973845683917919,154,750
RELATIVE_A,10,200,1.0,123,A2_EARLY_VOLTAGE_COLLAPSE,moderate,pooled,95.0,0.5728784412979144,0.9739732444953412,0.972,0.9729856217987051,0.025974025974025976,0.997786452195883,0.9978528138528138,0.9945429740791268,0.9831422791638571,0.9995368765090489,154,750
RELATIVE_A,10,200,1.0,123,A2_EARLY_VOLTAGE_COLLAPSE,moderate,pooled,97.5,0.6138173121270384,1.0,0.4146666666666667,0.586239396795476,0.0,0.997786452195883,0.9978528138528138,1.0,0.586239396795476,0.9995368765090489,154,750
RELATIVE_A,10,200,1.0,123,A2_EARLY_VOLTAGE_COLLAPSE,moderate,pooled,99.0,0.6164947246777877,1.0,0.37333333333333335,0.5436893203883496,0.0,0.997786452195883,0.9978528138528138,1.0,0.5436893203883496,0.9995368765090489,154,750
RELATIVE_A,10,200,1.0,123,A2_EARLY_VOLTAGE_COLLAPSE,strong,pooled,95.0,0.5728784412979144,0.9745512537748975,0.9946666666666667,0.9845062215061872,0.025974025974025976,0.9990056490699616,0.9990476190476191,0.9946666666666667,0.9946666666666667,0.999794143740429,154,750
RELATIVE_A,10,200,1.0,123,A2_EARLY_VOLTAGE_COLLAPSE,strong,pooled,97.5,0.6138173121270384,1.0,0.432,0.6033519553072626,0.0,0.9990056490699616,0.9990476190476191,1.0,0.6033519553072626,0.999794143740429,154,750
RELATIVE_A,10,200,1.0,123,A2_EARLY_VOLTAGE_COLLAPSE,strong,pooled,99.0,0.6164947246777877,1.0,0.38666666666666666,0.5576923076923077,0.0,0.9990056490699616,0.9990476190476191,1.0,0.5576923076923077,0.999794143740429,154,750
RELATIVE_A,10,200,1.0,123,A3_THERMAL_ABNORMALITY,mild,pooled,95.0,0.5728784412979144,0.4802494802494802,0.024,0.0457154165842074,0.025974025974025976,0.6397155160207353,0.6856103896103897,0.8181818181818182,0.04663212435233161,0.8946581028156846,154,750
RELATIVE_A,10,200,1.0,123,A3_THERMAL_ABNORMALITY,mild,pooled,97.5,0.6138173121270384,1.0,0.008,0.015873015873015872,0.0,0.6397155160207353,0.6856103896103897,1.0,0.015873015873015872,0.8946581028156846,154,750
RELATIVE_A,10,200,1.0,123,A3_THERMAL_ABNORMALITY,mild,pooled,99.0,0.6164947246777877,1.0,0.008,0.015873015873015872,0.0,0.6397155160207353,0.6856103896103897,1.0,0.015873015873015872,0.8946581028156846,154,750
RELATIVE_A,10,200,1.0,123,A3_THERMAL_ABNORMALITY,moderate,pooled,95.0,0.5728784412979144,0.6831432192648923,0.056,0.10351449971192625,0.025974025974025976,0.7952207958430639,0.8433246753246753,0.9130434782608695,0.10552763819095477,0.9482178199112697,154,750
RELATIVE_A,10,200,1.0,123,A3_THERMAL_ABNORMALITY,moderate,pooled,97.5,0.6138173121270384,1.0,0.016,0.031496062992125984,0.0,0.7952207958430639,0.8433246753246753,1.0,0.031496062992125984,0.9482178199112697,154,750
RELATIVE_A,10,200,1.0,123,A3_THERMAL_ABNORMALITY,moderate,pooled,99.0,0.6164947246777877,1.0,0.016,0.031496062992125984,0.0,0.7952207958430639,0.8433246753246753,1.0,0.031496062992125984,0.9482178199112697,154,750
RELATIVE_A,10,200,1.0,123,A3_THERMAL_ABNORMALITY,strong,pooled,95.0,0.5728784412979144,0.7938144329896907,0.1,0.1776239907727797,0.025974025974025976,0.8784474907576547,0.917082251082251,0.9493670886075949,0.18094089264173704,0.9715607094168115,154,750
RELATIVE_A,10,200,1.0,123,A3_THERMAL_ABNORMALITY,strong,pooled,97.5,0.6138173121270384,1.0,0.032,0.06201550387596899,0.0,0.8784474907576547,0.917082251082251,1.0,0.06201550387596899,0.9715607094168115,154,750
RELATIVE_A,10,200,1.0,123,A3_THERMAL_ABNORMALITY,strong,pooled,99.0,0.6164947246777877,1.0,0.030666666666666665,0.059508408796895215,0.0,0.8784474907576547,0.917082251082251,1.0,0.059508408796895215,0.9715607094168115,154,750
RELATIVE_A,10,200,1.0,123,A4_SENSOR_DRIFT,mild,pooled,95.0,0.5728784412979144,0.36815348302366396,0.015134099616858238,0.029073060222767604,0.025974025974025976,0.5562379500577065,0.592418644573817,0.9518072289156626,0.02979445596831982,0.976659822995561,154,5220
RELATIVE_A,10,200,1.0,123,A4_SENSOR_DRIFT,mild,pooled,97.5,0.6138173121270384,1.0,0.0013409961685823754,0.0026784006122058538,0.0,0.5562379500577065,0.592418644573817,1.0,0.0026784006122058538,0.976659822995561,154,5220
RELATIVE_A,10,200,1.0,123,A4_SENSOR_DRIFT,mild,pooled,99.0,0.6164947246777877,1.0,0.0003831417624521073,0.0007659900421294524,0.0,0.5562379500577065,0.592418644573817,1.0,0.0007659900421294524,0.976659822995561,154,5220
RELATIVE_A,10,200,1.0,123,A4_SENSOR_DRIFT,mild,mean_temp_c_-1,95.0,0.5728784412979144,0.37108433734939755,0.01532567049808429,0.029435657284847323,0.025974025974025976,0.4810908794868603,0.4754192167985271,0.8333333333333334,0.03009781790820165,0.8858683318320382,154,1305
RELATIVE_A,10,200,1.0,123,A4_SENSOR_DRIFT,mild,mean_temp_c_-1,97.5,0.6138173121270384,0.0,0.0,0.0,0.0,0.4810908794868603,0.4754192167985271,0.0,0.0,0.8858683318320382,154,1305
RELATIVE_A,10,200,1.0,123,A4_SENSOR_DRIFT,mild,mean_temp_c_-1,99.0,0.6164947246777877,0.0,0.0,0.0,0.0,0.4810908794868603,0.4754192167985271,0.0,0.0,0.8858683318320382,154,1305
RELATIVE_A,10,200,1.0,123,A4_SENSOR_DRIFT,mild,mean_temp_c_1,95.0,0.5728784412979144,0.4042456060260215,0.017624521072796936,0.03377643850246982,0.025974025974025976,0.5113019477611237,0.5399885555057969,0.8518518518518519,0.03453453453453454,0.8979051105868199,154,1305
RELATIVE_A,10,200,1.0,123,A4_SENSOR_DRIFT,mild,mean_temp_c_1,97.5,0.6138173121270384,0.0,0.0,0.0,0.0,0.5113019477611237,0.5399885555057969,0.0,0.0,0.8979051105868199,154,1305
RELATIVE_A,10,200,1.0,123,A4_SENSOR_DRIFT,mild,mean_temp_c_1,99.0,0.6164947246777877,0.0,0.0,0.0,0.0,0.5113019477611237,0.5399885555057969,0.0,0.0,0.8979051105868199,154,1305
RELATIVE_A,10,200,1.0,123,A4_SENSOR_DRIFT,mild,mean_voltage_v_-1,95.0,0.5728784412979144,0.30677290836653387,0.011494252873563218,0.022158273381294964,0.025974025974025976,0.587026706269141,0.6333980196049162,0.7894736842105263,0.022658610271903325,0.9218797931921454,154,1305
RELATIVE_A,10,200,1.0,123,A4_SENSOR_DRIFT,mild,mean_voltage_v_-1,97.5,0.6138173121270384,1.0,0.0015325670498084292,0.00306044376434583,0.0,0.587026706269141,0.6333980196049162,1.0,0.00306044376434583,0.9218797931921454,154,1305
RELATIVE_A,10,200,1.0,123,A4_SENSOR_DRIFT,mild,mean_voltage_v_-1,99.0,0.6164947246777877,1.0,0.0015325670498084292,0.00306044376434583,0.0,0.587026706269141,0.6333980196049162,1.0,0.00306044376434583,0.9218797931921454,154,1305
RELATIVE_A,10,200,1.0,123,A4_SENSOR_DRIFT,mild,mean_voltage_v_1,95.0,0.5728784412979144,0.38254080908445703,0.016091954022988506,0.03088471235388494,0.025974025974025976,0.6424534943286154,0.7208687863860278,0.84,0.031578947368421054,0.9371979021953095,154,1305
RELATIVE_A,10,200,1.0,123,A4_SENSOR_DRIFT,mild,mean_voltage_v_1,97.5,0.6138173121270384,1.0,0.0038314176245210726,0.007633587786259542,0.0,0.6424534943286154,0.7208687863860278,1.0,0.007633587786259542,0.9371979021953095,154,1305
RELATIVE_A,10,200,1.0,123,A4_SENSOR_DRIFT,mild,mean_voltage_v_1,99.0,0.6164947246777877,0.0,0.0,0.0,0.0,0.6424534943286154,0.7208687863860278,0.0,0.0,0.9371979021953095,154,1305
RELATIVE_A,10,200,1.0,123,A4_SENSOR_DRIFT,moderate,pooled,95.0,0.5728784412979144,0.4042456060260215,0.017624521072796936,0.03377643850246982,0.025974025974025976,0.5932078294148735,0.640356147683734,0.9583333333333334,0.03461249059443191,0.9797364747046373,154,5220
RELATIVE_A,10,200,1.0,123,A4_SENSOR_DRIFT,moderate,pooled,97.5,0.6138173121270384,1.0,0.00210727969348659,0.004205696807493786,0.0,0.5932078294148735,0.640356147683734,1.0,0.004205696807493786,0.9797364747046373,154,5220
RELATIVE_A,10,200,1.0,123,A4_SENSOR_DRIFT,moderate,pooled,99.0,0.6164947246777877,1.0,0.0007662835249042146,0.0015313935681470138,0.0,0.5932078294148735,0.640356147683734,1.0,0.0015313935681470138,0.9797364747046373,154,5220
RELATIVE_A,10,200,1.0,123,A4_SENSOR_DRIFT,moderate,mean_temp_c_-1,95.0,0.5728784412979144,0.37108433734939755,0.01532567049808429,0.029435657284847323,0.025974025974025976,0.4932624645243925,0.49433995123650293,0.8333333333333334,0.03009781790820165,0.8907242007312448,154,1305
RELATIVE_A,10,200,1.0,123,A4_SENSOR_DRIFT,moderate,mean_temp_c_-1,97.5,0.6138173121270384,0.0,0.0,0.0,0.0,0.4932624645243925,0.49433995123650293,0.0,0.0,0.8907242007312448,154,1305
RELATIVE_A,10,200,1.0,123,A4_SENSOR_DRIFT,moderate,mean_temp_c_-1,99.0,0.6164947246777877,0.0,0.0,0.0,0.0,0.4932624645243925,0.49433995123650293,0.0,0.0,0.8907242007312448,154,1305
RELATIVE_A,10,200,1.0,123,A4_SENSOR_DRIFT,moderate,mean_temp_c_1,95.0,0.5728784412979144,0.4695121951219512,0.022988505747126436,0.04383093781129928,0.025974025974025976,0.5346701716368463,0.5848982435189333,0.8823529411764706,0.04480955937266617,0.9060699364665642,154,1305
RELATIVE_A,10,200,1.0,123,A4_SENSOR_DRIFT,moderate,mean_temp_c_1,97.5,0.6138173121270384,0.0,0.0,0.0,0.0,0.5346701716368463,0.5848982435189333,0.0,0.0,0.9060699364665642,154,1305
RELATIVE_A,10,200,1.0,123,A4_SENSOR_DRIFT,moderate,mean_temp_c_1,99.0,0.6164947246777877,0.0,0.0,0.0,0.0,0.5346701716368463,0.5848982435189333,0.0,0.0,0.9060699364665642,154,1305
RELATIVE_A,10,200,1.0,123,A4_SENSOR_DRIFT,moderate,mean_voltage_v_-1,95.0,0.5728784412979144,0.37108433734939755,0.01532567049808429,0.029435657284847323,0.025974025974025976,0.6491584895066745,0.7032989998507239,0.8333333333333334,0.03009781790820165,0.9381817736904919,154,1305
RELATIVE_A,10,200,1.0,123,A4_SENSOR_DRIFT,moderate,mean_voltage_v_-1,97.5,0.6138173121270384,1.0,0.0038314176245210726,0.007633587786259542,0.0,0.6491584895066745,0.7032989998507239,1.0,0.007633587786259542,0.9381817736904919,154,1305
RELATIVE_A,10,200,1.0,123,A4_SENSOR_DRIFT,moderate,mean_voltage_v_-1,99.0,0.6164947246777877,1.0,0.0030651340996168583,0.006111535523300229,0.0,0.6491584895066745,0.7032989998507239,1.0,0.006111535523300229,0.9381817736904919,154,1305
RELATIVE_A,10,200,1.0,123,A4_SENSOR_DRIFT,moderate,mean_voltage_v_1,95.0,0.5728784412979144,0.3935873605947955,0.01685823754789272,0.03233163786275277,0.025974025974025976,0.6856221556469928,0.7788873961287754,0.8461538461538461,0.03305785123966942,0.9473777343493647,154,1305
RELATIVE_A,10,200,1.0,123,A4_SENSOR_DRIFT,moderate,mean_voltage_v_1,97.5,0.6138173121270384,1.0,0.004597701149425287,0.009153318077803202,0.0,0.6856221556469928,0.7788873961287754,1.0,0.009153318077803202,0.9473777343493647,154,1305
RELATIVE_A,10,200,1.0,123,A4_SENSOR_DRIFT,moderate,mean_voltage_v_1,99.0,0.6164947246777877,0.0,0.0,0.0,0.0,0.6856221556469928,0.7788873961287754,0.0,0.0,0.9473777343493647,154,1305
RELATIVE_A,10,200,1.0,123,A4_SENSOR_DRIFT,strong,pooled,95.0,0.5728784412979144,0.4364372469635628,0.020114942528735632,0.03845742213977382,0.025974025974025976,0.621589846007978,0.6764361596258147,0.963302752293578,0.03940701820228937,0.9818856849443559,154,5220
RELATIVE_A,10,200,1.0,123,A4_SENSOR_DRIFT,strong,pooled,97.5,0.6138173121270384,1.0,0.00210727969348659,0.004205696807493786,0.0,0.621589846007978,0.6764361596258147,1.0,0.004205696807493786,0.9818856849443559,154,5220
RELATIVE_A,10,200,1.0,123,A4_SENSOR_DRIFT,strong,pooled,99.0,0.6164947246777877,1.0,0.0009578544061302681,0.0019138755980861245,0.0,0.621589846007978,0.6764361596258147,1.0,0.0019138755980861245,0.9818856849443559,154,5220
RELATIVE_A,10,200,1.0,123,A4_SENSOR_DRIFT,strong,mean_temp_c_-1,95.0,0.5728784412979144,0.37108433734939755,0.01532567049808429,0.029435657284847323,0.025974025974025976,0.521125424193648,0.5368487834005076,0.8333333333333334,0.03009781790820165,0.9008285791482229,154,1305
RELATIVE_A,10,200,1.0,123,A4_SENSOR_DRIFT,strong,mean_temp_c_-1,97.5,0.6138173121270384,0.0,0.0,0.0,0.0,0.521125424193648,0.5368487834005076,0.0,0.0,0.9008285791482229,154,1305
RELATIVE_A,10,200,1.0,123,A4_SENSOR_DRIFT,strong,mean_temp_c_-1,99.0,0.6164947246777877,0.0,0.0,0.0,0.0,0.521125424193648,0.5368487834005076,0.0,0.0,0.9008285791482229,154,1305
RELATIVE_A,10,200,1.0,123,A4_SENSOR_DRIFT,strong,mean_temp_c_1,95.0,0.5728784412979144,0.5080113100848257,0.02681992337164751,0.05094999527365536,0.025974025974025976,0.565488450765337,0.6286983131810718,0.8974358974358975,0.05208333333333333,0.9160508140902666,154,1305
RELATIVE_A,10,200,1.0,123,A4_SENSOR_DRIFT,strong,mean_temp_c_1,97.5,0.6138173121270384,0.0,0.0,0.0,0.0,0.565488450765337,0.6286983131810718,0.0,0.0,0.9160508140902666,154,1305
RELATIVE_A,10,200,1.0,123,A4_SENSOR_DRIFT,strong,mean_temp_c_1,99.0,0.6164947246777877,0.0,0.0,0.0,0.0,0.565488450765337,0.6286983131810718,0.0,0.0,0.9160508140902666,154,1305
RELATIVE_A,10,200,1.0,123,A4_SENSOR_DRIFT,strong,mean_voltage_v_-1,95.0,0.5728784412979144,0.4340849956634866,0.01992337164750958,0.03809813791069203,0.025974025974025976,0.6808236894507136,0.7364308105687416,0.8666666666666667,0.03895131086142323,0.9456063732145441,154,1305
RELATIVE_A,10,200,1.0,123,A4_SENSOR_DRIFT,strong,mean_voltage_v_-1,97.5,0.6138173121270384,1.0,0.0038314176245210726,0.007633587786259542,0.0,0.6808236894507136,0.7364308105687416,1.0,0.007633587786259542,0.9456063732145441,154,1305
RELATIVE_A,10,200,1.0,123,A4_SENSOR_DRIFT,strong,mean_voltage_v_-1,99.0,0.6164947246777877,1.0,0.0038314176245210726,0.007633587786259542,0.0,0.6808236894507136,0.7364308105687416,1.0,0.007633587786259542,0.9456063732145441,154,1305
RELATIVE_A,10,200,1.0,123,A4_SENSOR_DRIFT,strong,mean_voltage_v_1,95.0,0.5728784412979144,0.41453566621803495,0.01839080459770115,0.035219118950287294,0.025974025974025976,0.7067214965119901,0.8037667313529382,0.8571428571428571,0.03600900225056264,0.9520324448092947,154,1305
RELATIVE_A,10,200,1.0,123,A4_SENSOR_DRIFT,strong,mean_voltage_v_1,97.5,0.6138173121270384,1.0,0.004597701149425287,0.009153318077803202,0.0,0.7067214965119901,0.8037667313529382,1.0,0.009153318077803202,0.9520324448092947,154,1305
RELATIVE_A,10,200,1.0,123,A4_SENSOR_DRIFT,strong,mean_voltage_v_1,99.0,0.6164947246777877,0.0,0.0,0.0,0.0,0.7067214965119901,0.8037667313529382,0.0,0.0,0.9520324448092947,154,1305
RELATIVE_A,10,200,1.0,2026,A1_ACCELERATED_DEGRADATION,mild,pooled,95.0,0.5911354686135587,0.46493265211333024,0.011284722222222222,0.02203462584060667,0.012987012987012988,0.48460271895363605,0.48130185786435786,0.9701492537313433,0.022309936502488414,0.9721842484156709,154,5760
RELATIVE_A,10,200,1.0,2026,A1_ACCELERATED_DEGRADATION,mild,pooled,97.5,0.6183625980464444,0.0,0.0,0.0,0.006493506493506494,0.48460271895363605,0.48130185786435786,0.0,0.0,0.9721842484156709,154,5760
RELATIVE_A,10,200,1.0,2026,A1_ACCELERATED_DEGRADATION,mild,pooled,99.0,0.6233982623271884,0.0,0.0,0.0,0.0,0.48460271895363605,0.48130185786435786,0.0,0.0,0.9721842484156709,154,5760
RELATIVE_A,10,200,1.0,2026,A1_ACCELERATED_DEGRADATION,moderate,pooled,95.0,0.5911354686135587,0.013191708069213638,0.00017361111111111112,0.0003427119194760514,0.012987012987012988,0.48766053765829853,0.493135597041847,0.3333333333333333,0.00034704147145583897,0.9720202440787848,154,5760
RELATIVE_A,10,200,1.0,2026,A1_ACCELERATED_DEGRADATION,moderate,pooled,97.5,0.6183625980464444,0.0,0.0,0.0,0.006493506493506494,0.48766053765829853,0.493135597041847,0.0,0.0,0.9720202440787848,154,5760
RELATIVE_A,10,200,1.0,2026,A1_ACCELERATED_DEGRADATION,moderate,pooled,99.0,0.6233982623271884,0.0,0.0,0.0,0.0,0.48766053765829853,0.493135597041847,0.0,0.0,0.9720202440787848,154,5760
RELATIVE_A,10,200,1.0,2026,A1_ACCELERATED_DEGRADATION,strong,pooled,95.0,0.5911354686135587,0.026039905309435236,0.00034722222222222224,0.0006853064076149112,0.012987012987012988,0.49149513574016596,0.5030832882395382,0.5,0.0006939625260235947,0.9723391086861547,154,5760
RELATIVE_A,10,200,1.0,2026,A1_ACCELERATED_DEGRADATION,strong,pooled,97.5,0.6183625980464444,0.0,0.0,0.0,0.006493506493506494,0.49149513574016596,0.5030832882395382,0.0,0.0,0.9723391086861547,154,5760
RELATIVE_A,10,200,1.0,2026,A1_ACCELERATED_DEGRADATION,strong,pooled,99.0,0.6233982623271884,0.0,0.0,0.0,0.0,0.49149513574016596,0.5030832882395382,0.0,0.0,0.9723391086861547,154,5760
RELATIVE_A,10,200,1.0,2026,A2_EARLY_VOLTAGE_COLLAPSE,mild,pooled,95.0,0.5911354686135587,0.9823462950757932,0.7226666666666667,0.8327314085041004,0.012987012987012988,0.9769562498459498,0.9819134199134201,0.9963235294117647,0.8377125193199382,0.9950132775812017,154,750
RELATIVE_A,10,200,1.0,2026,A2_EARLY_VOLTAGE_COLLAPSE,mild,pooled,97.5,0.6183625980464444,0.9770136079440971,0.276,0.43041153596889187,0.006493506493506494,0.9769562498459498,0.9819134199134201,0.9951923076923077,0.4321503131524009,0.9950132775812017,154,750
RELATIVE_A,10,200,1.0,2026,A2_EARLY_VOLTAGE_COLLAPSE,mild,pooled,99.0,0.6233982623271884,1.0,0.20266666666666666,0.3370288248337029,0.0,0.9769562498459498,0.9819134199134201,1.0,0.3370288248337029,0.9950132775812017,154,750
RELATIVE_A,10,200,1.0,2026,A2_EARLY_VOLTAGE_COLLAPSE,moderate,pooled,95.0,0.5911354686135587,0.9860801781737194,0.92,0.9518946519752755,0.012987012987012988,0.987814035101704,0.9917142857142858,0.9971098265895953,0.957004160887656,0.9974578907546939,154,750
RELATIVE_A,10,200,1.0,2026,A2_EARLY_VOLTAGE_COLLAPSE,moderate,pooled,97.5,0.6183625980464444,0.9820865577529378,0.356,0.5225712978496264,0.006493506493506494,0.987814035101704,0.9917142857142858,0.996268656716418,0.524557956777996,0.9974578907546939,154,750
RELATIVE_A,10,200,1.0,2026,A2_EARLY_VOLTAGE_COLLAPSE,moderate,pooled,99.0,0.6233982623271884,1.0,0.26,0.41269841269841273,0.0,0.987814035101704,0.9917142857142858,1.0,0.41269841269841273,0.9974578907546939,154,750
RELATIVE_A,10,200,1.0,2026,A2_EARLY_VOLTAGE_COLLAPSE,strong,pooled,95.0,0.5911354686135587,0.9866524292578751,0.96,0.9731437598736177,0.012987012987012988,0.9891651661038121,0.9928571428571429,0.997229916897507,0.9782608695652174,0.9977464929152088,154,750
RELATIVE_A,10,200,1.0,2026,A2_EARLY_VOLTAGE_COLLAPSE,strong,pooled,97.5,0.6183625980464444,0.9827220788794692,0.36933333333333335,0.536889269262718,0.006493506493506494,0.9891651661038121,0.9928571428571429,0.9964028776978417,0.538910505836576,0.9977464929152088,154,750
RELATIVE_A,10,200,1.0,2026,A2_EARLY_VOLTAGE_COLLAPSE,strong,pooled,99.0,0.6233982623271884,1.0,0.2693333333333333,0.4243697478991596,0.0,0.9891651661038121,0.9928571428571429,1.0,0.4243697478991596,0.9977464929152088,154,750
RELATIVE_A,10,200,1.0,2026,A3_THERMAL_ABNORMALITY,mild,pooled,95.0,0.5911354686135587,0.5519713261648745,0.016,0.031098546042003232,0.012987012987012988,0.6267433814850878,0.676987012987013,0.8571428571428571,0.031413612565445025,0.8895442817545203,154,750
RELATIVE_A,10,200,1.0,2026,A3_THERMAL_ABNORMALITY,mild,pooled,97.5,0.6183625980464444,0.5519713261648745,0.008,0.015771416867223106,0.006493506493506494,0.6267433814850878,0.676987012987013,0.8571428571428571,0.015852047556142668,0.8895442817545203,154,750
RELATIVE_A,10,200,1.0,2026,A3_THERMAL_ABNORMALITY,mild,pooled,99.0,0.6233982623271884,1.0,0.008,0.015873015873015872,0.0,0.6267433814850878,0.676987012987013,1.0,0.015873015873015872,0.8895442817545203,154,750
RELATIVE_A,10,200,1.0,2026,A3_THERMAL_ABNORMALITY,moderate,pooled,95.0,0.5911354686135587,0.6724890829694323,0.02666666666666667,0.05129913391072619,0.012987012987012988,0.7645000326214846,0.8274545454545456,0.9090909090909091,0.05181347150259068,0.9388401269860945,154,750
RELATIVE_A,10,200,1.0,2026,A3_THERMAL_ABNORMALITY,moderate,pooled,97.5,0.6183625980464444,0.6215943491422805,0.010666666666666666,0.02097342571627994,0.006493506493506494,0.7645000326214846,0.8274545454545456,0.8888888888888888,0.021080368906455864,0.9388401269860945,154,750
RELATIVE_A,10,200,1.0,2026,A3_THERMAL_ABNORMALITY,moderate,pooled,99.0,0.6233982623271884,1.0,0.010666666666666666,0.021108179419525065,0.0,0.7645000326214846,0.8274545454545456,1.0,0.021108179419525065,0.9388401269860945,154,750
RELATIVE_A,10,200,1.0,2026,A3_THERMAL_ABNORMALITY,strong,pooled,95.0,0.5911354686135587,0.7822931785195937,0.04666666666666667,0.08807909142903833,0.012987012987012988,0.8457173981448092,0.9029783549783549,0.9459459459459459,0.08894536213468869,0.9629242091902742,154,750
RELATIVE_A,10,200,1.0,2026,A3_THERMAL_ABNORMALITY,strong,pooled,97.5,0.6183625980464444,0.787052810902896,0.024,0.04657962393507083,0.006493506493506494,0.8457173981448092,0.9029783549783549,0.9473684210526315,0.046814044213263975,0.9629242091902742,154,750
RELATIVE_A,10,200,1.0,2026,A3_THERMAL_ABNORMALITY,strong,pooled,99.0,0.6233982623271884,1.0,0.02266666666666667,0.04432855280312908,0.0,0.8457173981448092,0.9029783549783549,1.0,0.04432855280312908,0.9629242091902742,154,750
RELATIVE_A,10,200,1.0,2026,A4_SENSOR_DRIFT,mild,pooled,95.0,0.5911354686135587,0.4695121951219512,0.011494252873563218,0.022439166545242605,0.012987012987012988,0.5596487722556219,0.5926027516544758,0.967741935483871,0.022718667171525937,0.9770579443506922,154,5220
RELATIVE_A,10,200,1.0,2026,A4_SENSOR_DRIFT,mild,pooled,97.5,0.6183625980464444,0.49330227140361094,0.00632183908045977,0.012483695291716102,0.006493506493506494,0.5596487722556219,0.5926027516544758,0.9705882352941176,0.012561857632280167,0.9770579443506922,154,5220
RELATIVE_A,10,200,1.0,2026,A4_SENSOR_DRIFT,mild,pooled,99.0,0.6233982623271884,1.0,0.0030651340996168583,0.006111535523300229,0.0,0.5596487722556219,0.5926027516544758,1.0,0.006111535523300229,0.9770579443506922,154,5220
RELATIVE_A,10,200,1.0,2026,A4_SENSOR_DRIFT,mild,mean_temp_c_-1,95.0,0.5911354686135587,0.3468468468468468,0.006896551724137931,0.013524194256608411,0.012987012987012988,0.48157203147135336,0.467057272229686,0.8181818181818182,0.013677811550151976,0.8862076012289757,154,1305
RELATIVE_A,10,200,1.0,2026,A4_SENSOR_DRIFT,mild,mean_temp_c_-1,97.5,0.6183625980464444,0.5150501672240803,0.006896551724137931,0.013610853329798046,0.006493506493506494,0.48157203147135336,0.467057272229686,0.9,0.013688212927756653,0.8862076012289757,154,1305
RELATIVE_A,10,200,1.0,2026,A4_SENSOR_DRIFT,mild,mean_temp_c_-1,99.0,0.6233982623271884,1.0,0.006130268199233717,0.012185833968012186,0.0,0.48157203147135336,0.467057272229686,1.0,0.012185833968012186,0.8862076012289757,154,1305
RELATIVE_A,10,200,1.0,2026,A4_SENSOR_DRIFT,mild,mean_temp_c_1,95.0,0.5911354686135587,0.5007651109410864,0.013026819923371647,0.02539306879795148,0.012987012987012988,0.5217219954054763,0.5473229835298801,0.8947368421052632,0.0256797583081571,0.9016351962565754,154,1305
RELATIVE_A,10,200,1.0,2026,A4_SENSOR_DRIFT,mild,mean_temp_c_1,97.5,0.6183625980464444,0.5150501672240803,0.006896551724137931,0.013610853329798046,0.006493506493506494,0.5217219954054763,0.5473229835298801,0.9,0.013688212927756653,0.9016351962565754,154,1305
RELATIVE_A,10,200,1.0,2026,A4_SENSOR_DRIFT,mild,mean_temp_c_1,99.0,0.6233982623271884,1.0,0.006130268199233717,0.012185833968012186,0.0,0.5217219954054763,0.5473229835298801,1.0,0.012185833968012186,0.9016351962565754,154,1305
RELATIVE_A,10,200,1.0,2026,A4_SENSOR_DRIFT,mild,mean_voltage_v_-1,95.0,0.5911354686135587,0.48561292865589284,0.012260536398467433,0.023917221564326067,0.012987012987012988,0.598378491184243,0.6522689953724436,0.8888888888888888,0.02418745275888133,0.9251408275973347,154,1305
RELATIVE_A,10,200,1.0,2026,A4_SENSOR_DRIFT,mild,mean_voltage_v_-1,97.5,0.6183625980464444,0.3206663196251952,0.0030651340996168583,0.006072225973552302,0.006493506493506494,0.598378491184243,0.6522689953724436,0.8,0.006106870229007634,0.9251408275973347,154,1305
RELATIVE_A,10,200,1.0,2026,A4_SENSOR_DRIFT,mild,mean_voltage_v_-1,99.0,0.6233982623271884,0.0,0.0,0.0,0.0,0.598378491184243,0.6522689953724436,0.0,0.0,0.9251408275973347,154,1305
RELATIVE_A,10,200,1.0,2026,A4_SENSOR_DRIFT,mild,mean_voltage_v_1,95.0,0.5911354686135587,0.5150501672240803,0.013793103448275862,0.026866713189113746,0.012987012987012988,0.6346756657432397,0.7037617554858935,0.9,0.027169811320754713,0.9357761057828373,154,1305
RELATIVE_A,10,200,1.0,2026,A4_SENSOR_DRIFT,mild,mean_voltage_v_1,97.5,0.6183625980464444,0.5648549516505501,0.00842911877394636,0.016610367261691728,0.006493506493506494,0.6346756657432397,0.7037617554858935,0.9166666666666666,0.016704631738800303,0.9357761057828373,154,1305
RELATIVE_A,10,200,1.0,2026,A4_SENSOR_DRIFT,mild,mean_voltage_v_1,99.0,0.6233982623271884,0.0,0.0,0.0,0.0,0.6346756657432397,0.7037617554858935,0.0,0.0,0.9357761057828373,154,1305
RELATIVE_A,10,200,1.0,2026,A4_SENSOR_DRIFT,moderate,pooled,95.0,0.5911354686135587,0.4695121951219512,0.011494252873563218,0.022439166545242605,0.012987012987012988,0.5990419371083866,0.6418694332487436,0.967741935483871,0.022718667171525937,0.9802858788207051,154,5220
RELATIVE_A,10,200,1.0,2026,A4_SENSOR_DRIFT,moderate,pooled,97.5,0.6183625980464444,0.5350080171031534,0.007471264367816092,0.014736733627282833,0.006493506493506494,0.5990419371083866,0.6418694332487436,0.975,0.014828897338403042,0.9802858788207051,154,5220
RELATIVE_A,10,200,1.0,2026,A4_SENSOR_DRIFT,moderate,pooled,99.0,0.6233982623271884,1.0,0.0036398467432950193,0.007253292613094102,0.0,0.5990419371083866,0.6418694332487436,1.0,0.007253292613094102,0.9802858788207051,154,5220
RELATIVE_A,10,200,1.0,2026,A4_SENSOR_DRIFT,moderate,mean_temp_c_-1,95.0,0.5911354686135587,0.3468468468468468,0.006896551724137931,0.013524194256608411,0.012987012987012988,0.4901977143633062,0.4853187042842215,0.8181818181818182,0.013677811550151976,0.8896063255673006,154,1305
RELATIVE_A,10,200,1.0,2026,A4_SENSOR_DRIFT,moderate,mean_temp_c_-1,97.5,0.6183625980464444,0.5150501672240803,0.006896551724137931,0.013610853329798046,0.006493506493506494,0.4901977143633062,0.4853187042842215,0.9,0.013688212927756653,0.8896063255673006,154,1305
RELATIVE_A,10,200,1.0,2026,A4_SENSOR_DRIFT,moderate,mean_temp_c_-1,99.0,0.6233982623271884,1.0,0.0053639846743295016,0.010670731707317074,0.0,0.4901977143633062,0.4853187042842215,1.0,0.010670731707317074,0.8896063255673006,154,1305
RELATIVE_A,10,200,1.0,2026,A4_SENSOR_DRIFT,moderate,mean_temp_c_1,95.0,0.5911354686135587,0.45237096097356266,0.010727969348659003,0.020958898782906247,0.012987012987012988,0.5472287217529933,0.5951336020301538,0.875,0.02119606358819076,0.9102022689039195,154,1305
RELATIVE_A,10,200,1.0,2026,A4_SENSOR_DRIFT,moderate,mean_temp_c_1,97.5,0.6183625980464444,0.5150501672240803,0.006896551724137931,0.013610853329798046,0.006493506493506494,0.5472287217529933,0.5951336020301538,0.9,0.013688212927756653,0.9102022689039195,154,1305
RELATIVE_A,10,200,1.0,2026,A4_SENSOR_DRIFT,moderate,mean_temp_c_1,99.0,0.6233982623271884,1.0,0.006896551724137931,0.0136986301369863,0.0,0.5472287217529933,0.5951336020301538,1.0,0.0136986301369863,0.9102022689039195,154,1305
RELATIVE_A,10,200,1.0,2026,A4_SENSOR_DRIFT,moderate,mean_voltage_v_-1,95.0,0.5911354686135587,0.5285404624277457,0.014559386973180077,0.028338159666062974,0.012987012987012988,0.6622176940947531,0.7185276409414341,0.9047619047619048,0.028657616892911013,0.9415650142492186,154,1305
RELATIVE_A,10,200,1.0,2026,A4_SENSOR_DRIFT,moderate,mean_voltage_v_-1,97.5,0.6183625980464444,0.5150501672240803,0.006896551724137931,0.013610853329798046,0.006493506493506494,0.6622176940947531,0.7185276409414341,0.9,0.013688212927756653,0.9415650142492186,154,1305
RELATIVE_A,10,200,1.0,2026,A4_SENSOR_DRIFT,moderate,mean_voltage_v_-1,99.0,0.6233982623271884,1.0,0.0022988505747126436,0.0045871559633027525,0.0,0.6622176940947531,0.7185276409414341,1.0,0.0045871559633027525,0.9415650142492186,154,1305
RELATIVE_A,10,200,1.0,2026,A4_SENSOR_DRIFT,moderate,mean_voltage_v_1,95.0,0.5911354686135587,0.5150501672240803,0.013793103448275862,0.026866713189113746,0.012987012987012988,0.6865857994829602,0.768497785739165,0.9,0.027169811320754713,0.9480914323672939,154,1305
RELATIVE_A,10,200,1.0,2026,A4_SENSOR_DRIFT,moderate,mean_voltage_v_1,97.5,0.6183625980464444,0.5861084681255946,0.009195402298850575,0.018106729765876458,0.006493506493506494,0.6865857994829602,0.768497785739165,0.9230769230769231,0.018209408194233688,0.9480914323672939,154,1305
RELATIVE_A,10,200,1.0,2026,A4_SENSOR_DRIFT,moderate,mean_voltage_v_1,99.0,0.6233982623271884,0.0,0.0,0.0,0.0,0.6865857994829602,0.768497785739165,0.0,0.0,0.9480914323672939,154,1305
RELATIVE_A,10,200,1.0,2026,A4_SENSOR_DRIFT,strong,pooled,95.0,0.5911354686135587,0.5413005272407733,0.01532567049808429,0.02980741314235943,0.012987012987012988,0.6250994094564127,0.6750441608200229,0.975609756097561,0.03017729158807997,0.9822225575001415,154,5220
RELATIVE_A,10,200,1.0,2026,A4_SENSOR_DRIFT,strong,pooled,97.5,0.6183625980464444,0.5591960817429488,0.008237547892720307,0.01623592351315767,0.006493506493506494,0.6250994094564127,0.6750441608200229,0.9772727272727273,0.01633738601823708,0.9822225575001415,154,5220
RELATIVE_A,10,200,1.0,2026,A4_SENSOR_DRIFT,strong,pooled,99.0,0.6233982623271884,1.0,0.004406130268199234,0.008773602899103568,0.0,0.6250994094564127,0.6750441608200229,1.0,0.008773602899103568,0.9822225575001415,154,5220
RELATIVE_A,10,200,1.0,2026,A4_SENSOR_DRIFT,strong,mean_temp_c_-1,95.0,0.5911354686135587,0.3468468468468468,0.006896551724137931,0.013524194256608411,0.012987012987012988,0.5098401658617675,0.5211698263422401,0.8181818181818182,0.013677811550151976,0.8969854121803096,154,1305
RELATIVE_A,10,200,1.0,2026,A4_SENSOR_DRIFT,strong,mean_temp_c_-1,97.5,0.6183625980464444,0.5150501672240803,0.006896551724137931,0.013610853329798046,0.006493506493506494,0.5098401658617675,0.5211698263422401,0.9,0.013688212927756653,0.8969854121803096,154,1305
RELATIVE_A,10,200,1.0,2026,A4_SENSOR_DRIFT,strong,mean_temp_c_-1,99.0,0.6233982623271884,1.0,0.006896551724137931,0.0136986301369863,0.0,0.5098401658617675,0.5211698263422401,1.0,0.0136986301369863,0.8969854121803096,154,1305
RELATIVE_A,10,200,1.0,2026,A4_SENSOR_DRIFT,strong,mean_temp_c_1,95.0,0.5911354686135587,0.5648549516505501,0.01685823754789272,0.03273936067411387,0.012987012987012988,0.5729354193114551,0.6348086779121261,0.9166666666666666,0.03310759969902182,0.9183282100832316,154,1305
RELATIVE_A,10,200,1.0,2026,A4_SENSOR_DRIFT,strong,mean_temp_c_1,97.5,0.6183625980464444,0.5150501672240803,0.006896551724137931,0.013610853329798046,0.006493506493506494,0.5729354193114551,0.6348086779121261,0.9,0.013688212927756653,0.9183282100832316,154,1305
RELATIVE_A,10,200,1.0,2026,A4_SENSOR_DRIFT,strong,mean_temp_c_1,99.0,0.6233982623271884,1.0,0.006896551724137931,0.0136986301369863,0.0,0.5729354193114551,0.6348086779121261,1.0,0.0136986301369863,0.9183282100832316,154,1305
RELATIVE_A,10,200,1.0,2026,A4_SENSOR_DRIFT,strong,mean_voltage_v_-1,95.0,0.5911354686135587,0.5861084681255946,0.01839080459770115,0.03566259480113472,0.012987012987012988,0.6907773073985253,0.7455913817982783,0.9230769230769231,0.03606311044327574,0.9479347601580568,154,1305
RELATIVE_A,10,200,1.0,2026,A4_SENSOR_DRIFT,strong,mean_voltage_v_-1,97.5,0.6183625980464444,0.6053825219231932,0.00996168582375479,0.019600836119582722,0.006493506493506494,0.6907773073985253,0.7455913817982783,0.9285714285714286,0.019711902956785442,0.9479347601580568,154,1305
RELATIVE_A,10,200,1.0,2026,A4_SENSOR_DRIFT,strong,mean_voltage_v_-1,99.0,0.6233982623271884,1.0,0.0038314176245210726,0.007633587786259542,0.0,0.6907773073985253,0.7455913817982783,1.0,0.007633587786259542,0.9479347601580568,154,1305
RELATIVE_A,10,200,1.0,2026,A4_SENSOR_DRIFT,strong,mean_voltage_v_1,95.0,0.5911354686135587,0.5959752321981424,0.019157088122605363,0.03712095646724196,0.012987012987012988,0.7130118448683103,0.7986067572274469,0.9259259259259259,0.03753753753753753,0.9538713900413807,154,1305
RELATIVE_A,10,200,1.0,2026,A4_SENSOR_DRIFT,strong,mean_voltage_v_1,97.5,0.6183625980464444,0.5861084681255946,0.009195402298850575,0.018106729765876458,0.006493506493506494,0.7130118448683103,0.7986067572274469,0.9230769230769231,0.018209408194233688,0.9538713900413807,154,1305
RELATIVE_A,10,200,1.0,2026,A4_SENSOR_DRIFT,strong,mean_voltage_v_1,99.0,0.6233982623271884,0.0,0.0,0.0,0.0,0.7130118448683103,0.7986067572274469,0.0,0.0,0.9538713900413807,154,1305
RELATIVE_B,10,100,0.75,42,A2_EARLY_VOLTAGE_COLLAPSE,mild,pooled,97.5,0.5940965701875562,0.982524624392901,0.35584415584415585,0.5224653335103366,0.006329113924050633,0.97403509779335,0.9788097977971395,0.9963636363636363,0.5244019138755981,0.9942892060201974,158,770
RELATIVE_B,10,100,0.75,42,A2_EARLY_VOLTAGE_COLLAPSE,mild,pooled,99.0,0.6075422720631378,0.9775287456954416,0.2753246753246753,0.42963970088375253,0.006329113924050633,0.97403509779335,0.9788097977971395,0.9953051643192489,0.4313326551373347,0.9942892060201974,158,770
RELATIVE_B,10,100,0.75,42,A2_EARLY_VOLTAGE_COLLAPSE,moderate,pooled,97.5,0.5940965701875562,0.9864202320905788,0.4597402597402597,0.6271739496081004,0.006329113924050633,0.9862717265412153,0.9905474272562881,0.9971830985915493,0.6293333333333333,0.9971318189002027,158,770
RELATIVE_B,10,100,0.75,42,A2_EARLY_VOLTAGE_COLLAPSE,moderate,pooled,99.0,0.6075422720631378,0.9820085050703304,0.34545454545454546,0.5111092193751596,0.006329113924050633,0.9862717265412153,0.9905474272562881,0.9962546816479401,0.5130183220829315,0.9971318189002027,158,770
RELATIVE_B,10,100,0.75,42,A2_EARLY_VOLTAGE_COLLAPSE,strong,pooled,97.5,0.5940965701875562,0.9868949554088093,0.4766233766233766,0.6428032990422137,0.006329113924050633,0.9876689126363509,0.9916488574716423,0.9972826086956522,0.6449912126537786,0.9974324745597517,158,770
RELATIVE_B,10,100,0.75,42,A2_EARLY_VOLTAGE_COLLAPSE,strong,pooled,99.0,0.6075422720631378,0.9825870646766169,0.35714285714285715,0.5238726790450928,0.006329113924050633,0.9876689126363509,0.9916488574716423,0.9963768115942029,0.5258126195028681,0.9974324745597517,158,770
RELATIVE_B,10,100,0.75,42,A3_THERMAL_ABNORMALITY,mild,pooled,97.5,0.5940965701875562,0.7273371104815864,0.016883116883116882,0.033000224928504865,0.006329113924050633,0.6953316052035142,0.7220532631925037,0.9285714285714286,0.033163265306122444,0.9142726558563503,158,770
RELATIVE_B,10,100,0.75,42,A3_THERMAL_ABNORMALITY,mild,pooled,99.0,0.6075422720631378,0.5518044237485448,0.007792207792207792,0.015367407479453386,0.006329113924050633,0.6953316052035142,0.7220532631925037,0.8571428571428571,0.015444015444015444,0.9142726558563503,158,770
RELATIVE_B,10,100,0.75,42,A3_THERMAL_ABNORMALITY,moderate,pooled,97.5,0.5940965701875562,0.9302536231884058,0.08441558441558442,0.1547852298417483,0.006329113924050633,0.8726669838061938,0.8886651323360184,0.9848484848484849,0.1555023923444976,0.9687946510808421,158,770
RELATIVE_B,10,100,0.75,42,A3_THERMAL_ABNORMALITY,moderate,pooled,99.0,0.6075422720631378,0.836864406779661,0.032467532467532464,0.0625098908055072,0.006329113924050633,0.8726669838061938,0.8886651323360184,0.9615384615384616,0.06281407035175879,0.9687946510808421,158,770
RELATIVE_B,10,100,0.75,42,A3_THERMAL_ABNORMALITY,strong,pooled,97.5,0.5940965701875562,0.9711415935836893,0.21298701298701297,0.34935486915371233,0.006329113924050633,0.9487426007322937,0.9579155022192997,0.9939393939393939,0.35080213903743307,0.9883447185774656,158,770
RELATIVE_B,10,100,0.75,42,A3_THERMAL_ABNORMALITY,strong,pooled,99.0,0.6075422720631378,0.9451645064805583,0.10909090909090909,0.19560507582791706,0.006329113924050633,0.9487426007322937,0.9579155022192997,0.9882352941176471,0.1964912280701754,0.9883447185774656,158,770
RELATIVE_B,10,100,0.75,42,A4_SENSOR_DRIFT,mild,pooled,97.5,0.5940965701875562,0.5003725782414308,0.00633855331841909,0.012518526113664117,0.006329113924050633,0.5537662401053935,0.5792861929978572,0.9714285714285714,0.012594924986108537,0.9766219949954715,158,5364
RELATIVE_B,10,100,0.75,42,A4_SENSOR_DRIFT,mild,pooled,99.0,0.6075422720631378,0.4038675261169149,0.004287844891871738,0.008485598533583964,0.006329113924050633,0.5537662401053935,0.5792861929978572,0.9583333333333334,0.008537490720118782,0.9766219949954715,158,5364
RELATIVE_B,10,100,0.75,42,A4_SENSOR_DRIFT,mild,mean_temp_c_-1,97.5,0.5940965701875562,0.19070609535304767,0.0014914243102162564,0.0029597021565551315,0.006329113924050633,0.4879696721050806,0.4838751545700828,0.6666666666666666,0.0029761904761904765,0.8889740623209195,158,1341
RELATIVE_B,10,100,0.75,42,A4_SENSOR_DRIFT,mild,mean_temp_c_-1,99.0,0.6075422720631378,0.10540360240160106,0.0007457121551081282,0.0014809468686878154,0.006329113924050633,0.4879696721050806,0.4838751545700828,0.5,0.0014892032762472078,0.8889740623209195,158,1341
RELATIVE_B,10,100,0.75,42,A4_SENSOR_DRIFT,mild,mean_temp_c_1,97.5,0.5940965701875562,0.5146579804560261,0.006711409395973154,0.01325003144785945,0.006329113924050633,0.5180767591067954,0.5299960354543652,0.9,0.013323464100666172,0.9006834927283824,158,1341
RELATIVE_B,10,100,0.75,42,A4_SENSOR_DRIFT,mild,mean_temp_c_1,99.0,0.6075422720631378,0.48522072936660265,0.005965697240865026,0.01178648191231939,0.006329113924050633,0.5180767591067954,0.5299960354543652,0.8888888888888888,0.011851851851851851,0.9006834927283824,158,1341
RELATIVE_B,10,100,0.75,42,A4_SENSOR_DRIFT,mild,mean_voltage_v_-1,97.5,0.5940965701875562,0.6225724739656628,0.010439970171513796,0.020535577516699082,0.006329113924050633,0.5844873918868772,0.6169210583448965,0.9333333333333333,0.020648967551622422,0.9218799461178451,158,1341
RELATIVE_B,10,100,0.75,42,A4_SENSOR_DRIFT,mild,mean_voltage_v_-1,99.0,0.6075422720631378,0.45198201879852884,0.005219985085756898,0.010320774524670477,0.006329113924050633,0.5844873918868772,0.6169210583448965,0.875,0.010378057820607857,0.9218799461178451,158,1341
RELATIVE_B,10,100,0.75,42,A4_SENSOR_DRIFT,mild,mean_voltage_v_1,97.5,0.5940965701875562,0.5146579804560261,0.006711409395973154,0.01325003144785945,0.006329113924050633,0.6237746183664186,0.6863525236220844,0.9,0.013323464100666172,0.9330814156386885,158,1341
RELATIVE_B,10,100,0.75,42,A4_SENSOR_DRIFT,mild,mean_voltage_v_1,99.0,0.6075422720631378,0.45198201879852884,0.005219985085756898,0.010320774524670477,0.006329113924050633,0.6237746183664186,0.6863525236220844,0.875,0.010378057820607857,0.9330814156386885,158,1341
RELATIVE_B,10,100,0.75,42,A4_SENSOR_DRIFT,moderate,pooled,97.5,0.5940965701875562,0.5076188727740041,0.0065249813571961225,0.012884346101961076,0.006329113924050633,0.5942539091962571,0.6319810220976222,0.9722222222222222,0.012962962962962963,0.9800292445698958,158,5364
RELATIVE_B,10,100,0.75,42,A4_SENSOR_DRIFT,moderate,pooled,99.0,0.6075422720631378,0.4429906542056075,0.0050335570469798654,0.009954009954009952,0.006329113924050633,0.5942539091962571,0.6319810220976222,0.9642857142857143,0.010014836795252224,0.9800292445698958,158,5364
RELATIVE_B,10,100,0.75,42,A4_SENSOR_DRIFT,moderate,mean_temp_c_-1,97.5,0.5940965701875562,0.10540360240160106,0.0007457121551081282,0.0014809468686878154,0.006329113924050633,0.5008593626401114,0.5128352164925098,0.5,0.0014892032762472078,0.8934964960666203,158,1341
RELATIVE_B,10,100,0.75,42,A4_SENSOR_DRIFT,moderate,mean_temp_c_-1,99.0,0.6075422720631378,0.10540360240160106,0.0007457121551081282,0.0014809468686878154,0.006329113924050633,0.5008593626401114,0.5128352164925098,0.5,0.0014892032762472078,0.8934964960666203,158,1341
RELATIVE_B,10,100,0.75,42,A4_SENSOR_DRIFT,moderate,mean_temp_c_1,97.5,0.5940965701875562,0.45198201879852884,0.005219985085756898,0.010320774524670477,0.006329113924050633,0.5437754158662829,0.5787339884273024,0.875,0.010378057820607857,0.9096313624237258,158,1341
RELATIVE_B,10,100,0.75,42,A4_SENSOR_DRIFT,moderate,mean_temp_c_1,99.0,0.6075422720631378,0.41415465268676277,0.0044742729306487695,0.00885290450909804,0.006329113924050633,0.5437754158662829,0.5787339884273024,0.8571428571428571,0.008902077151335312,0.9096313624237258,158,1341
RELATIVE_B,10,100,0.75,42,A4_SENSOR_DRIFT,moderate,mean_voltage_v_-1,97.5,0.5940965701875562,0.6795698924731183,0.013422818791946308,0.026325655017286623,0.006329113924050633,0.6572532526849689,0.6923748572291601,0.9473684210526315,0.026470588235294117,0.9406499690780004,158,1341
RELATIVE_B,10,100,0.75,42,A4_SENSOR_DRIFT,moderate,mean_voltage_v_-1,99.0,0.6075422720631378,0.6050073637702503,0.009694258016405667,0.01908274609449397,0.006329113924050633,0.6572532526849689,0.6923748572291601,0.9285714285714286,0.01918819188191882,0.9406499690780004,158,1341
RELATIVE_B,10,100,0.75,42,A4_SENSOR_DRIFT,moderate,mean_voltage_v_1,97.5,0.5940965701875562,0.5146579804560261,0.006711409395973154,0.01325003144785945,0.006329113924050633,0.6684119274981846,0.7439800262415164,0.9,0.013323464100666172,0.9442135842749251,158,1341
RELATIVE_B,10,100,0.75,42,A4_SENSOR_DRIFT,moderate,mean_voltage_v_1,99.0,0.6075422720631378,0.45198201879852884,0.005219985085756898,0.010320774524670477,0.006329113924050633,0.6684119274981846,0.7439800262415164,0.875,0.010378057820607857,0.9442135842749251,158,1341
RELATIVE_B,10,100,0.75,42,A4_SENSOR_DRIFT,strong,pooled,97.5,0.5940965701875562,0.528149190710767,0.0070842654735272185,0.013980998509687032,0.006329113924050633,0.6264804715462325,0.6716400475745475,0.9743589743589743,0.014066259485471034,0.9824283212462916,158,5364
RELATIVE_B,10,100,0.75,42,A4_SENSOR_DRIFT,strong,pooled,99.0,0.6075422720631378,0.4691211401425178,0.005592841163310962,0.011053898248167014,0.006329113924050633,0.6264804715462325,0.6716400475745475,0.967741935483871,0.01112140871177016,0.9824283212462916,158,5364
RELATIVE_B,10,100,0.75,42,A4_SENSOR_DRIFT,strong,mean_temp_c_-1,97.5,0.5940965701875562,0.10540360240160106,0.0007457121551081282,0.0014809468686878154,0.006329113924050633,0.5287815530092259,0.5555933131330294,0.5,0.0014892032762472078,0.9030810384779713,158,1341
RELATIVE_B,10,100,0.75,42,A4_SENSOR_DRIFT,strong,mean_temp_c_-1,99.0,0.6075422720631378,0.10540360240160106,0.0007457121551081282,0.0014809468686878154,0.006329113924050633,0.5287815530092259,0.5555933131330294,0.5,0.0014892032762472078,0.9030810384779713,158,1341
RELATIVE_B,10,100,0.75,42,A4_SENSOR_DRIFT,strong,mean_temp_c_1,97.5,0.5940965701875562,0.45198201879852884,0.005219985085756898,0.010320774524670477,0.006329113924050633,0.5755479480239083,0.6266341951500392,0.875,0.010378057820607857,0.9197359826543013,158,1341
RELATIVE_B,10,100,0.75,42,A4_SENSOR_DRIFT,strong,mean_temp_c_1,99.0,0.6075422720631378,0.32032437911809425,0.002982848620432513,0.005910657420353424,0.006329113924050633,0.5755479480239083,0.6266341951500392,0.8,0.005943536404160475,0.9197359826543013,158,1341
RELATIVE_B,10,100,0.75,42,A4_SENSOR_DRIFT,strong,mean_voltage_v_-1,97.5,0.5940965701875562,0.71216999356085,0.015659955257270694,0.03064603277961734,0.006329113924050633,0.6966581177866138,0.7318716431153777,0.9545454545454546,0.030814380044020546,0.9494015003543755,158,1341
RELATIVE_B,10,100,0.75,42,A4_SENSOR_DRIFT,strong,mean_voltage_v_-1,99.0,0.6075422720631378,0.6795698924731183,0.013422818791946308,0.026325655017286623,0.006329113924050633,0.6966581177866138,0.7318716431153777,0.9473684210526315,0.026470588235294117,0.9494015003543755,158,1341
RELATIVE_B,10,100,0.75,42,A4_SENSOR_DRIFT,strong,mean_voltage_v_1,97.5,0.5940965701875562,0.5146579804560261,0.006711409395973154,0.01325003144785945,0.006329113924050633,0.694576541758253,0.7724610388997442,0.9,0.013323464100666172,0.9501804635487769,158,1341
RELATIVE_B,10,100,0.75,42,A4_SENSOR_DRIFT,strong,mean_voltage_v_1,99.0,0.6075422720631378,0.45198201879852884,0.005219985085756898,0.010320774524670477,0.006329113924050633,0.694576541758253,0.7724610388997442,0.875,0.010378057820607857,0.9501804635487769,158,1341
RELATIVE_B,10,100,0.75,123,A2_EARLY_VOLTAGE_COLLAPSE,mild,pooled,97.5,0.5678696639978582,0.9839886881121208,0.7779220779220779,0.8689049861826462,0.012658227848101266,0.9752553577843232,0.9785632089429558,0.9966722129783694,0.8738147337709701,0.9945062353876217,158,770
RELATIVE_B,10,100,0.75,123,A2_EARLY_VOLTAGE_COLLAPSE,mild,pooled,99.0,0.6013390339036442,0.9694213891426074,0.4012987012987013,0.5676250712118217,0.012658227848101266,0.9752553577843232,0.9785632089429558,0.9935691318327974,0.5716928769657724,0.9945062353876217,158,770
RELATIVE_B,10,100,0.75,123,A2_EARLY_VOLTAGE_COLLAPSE,moderate,pooled,97.5,0.5678696639978582,0.9870688207436268,0.9662337662337662,0.9765401741210873,0.012658227848101266,0.9890665632837748,0.9919940818674996,0.9973190348525469,0.9815303430079155,0.9977138520270336,158,770
RELATIVE_B,10,100,0.75,123,A2_EARLY_VOLTAGE_COLLAPSE,moderate,pooled,99.0,0.6013390339036442,0.977784830212631,0.5571428571428572,0.7098260569058864,0.012658227848101266,0.9890665632837748,0.9919940818674996,0.9953596287703016,0.7144046627810159,0.9977138520270336,158,770
RELATIVE_B,10,100,0.75,123,A2_EARLY_VOLTAGE_COLLAPSE,strong,pooled,97.5,0.5678696639978582,0.9874030690704447,0.9922077922077922,0.9897995998556858,0.012658227848101266,0.9905544329394563,0.9932763439092552,0.9973890339425587,0.9947916666666666,0.9980356864114678,158,770
RELATIVE_B,10,100,0.75,123,A2_EARLY_VOLTAGE_COLLAPSE,strong,pooled,99.0,0.6013390339036442,0.9787995594713657,0.5844155844155844,0.7318579516212043,0.012658227848101266,0.9905544329394563,0.9932763439092552,0.995575221238938,0.7364975450081832,0.9980356864114678,158,770
RELATIVE_B,10,100,0.75,123,A3_THERMAL_ABNORMALITY,mild,pooled,97.5,0.5678696639978582,0.8641496118560339,0.08051948051948052,0.14731270113386868,0.012658227848101266,0.7113376570697973,0.7257931941476244,0.96875,0.14868105515587532,0.9194659191004249,158,770
RELATIVE_B,10,100,0.75,123,A3_THERMAL_ABNORMALITY,mild,pooled,99.0,0.6013390339036442,0.7273371104815864,0.033766233766233764,0.06453639991202437,0.012658227848101266,0.7113376570697973,0.7257931941476244,0.9285714285714286,0.06516290726817041,0.9194659191004249,158,770
RELATIVE_B,10,100,0.75,123,A3_THERMAL_ABNORMALITY,moderate,pooled,97.5,0.5678696639978582,0.9604986405376289,0.3077922077922078,0.46619274678485606,0.012658227848101266,0.8848613886800841,0.8894953148117706,0.9916317991631799,0.4697720515361744,0.9715854262582466,158,770
RELATIVE_B,10,100,0.75,123,A3_THERMAL_ABNORMALITY,moderate,pooled,99.0,0.6013390339036442,0.9186046511627907,0.14285714285714285,0.24726134585289514,0.012658227848101266,0.8848613886800841,0.8894953148117706,0.9821428571428571,0.2494331065759637,0.9715854262582466,158,770
RELATIVE_B,10,100,0.75,123,A3_THERMAL_ABNORMALITY,strong,pooled,97.5,0.5678696639978582,0.9802594472645235,0.6285714285714286,0.7659762009695902,0.012658227848101266,0.9594608734991756,0.9601101430215355,0.9958847736625515,0.7707006369426751,0.9906091202707676,158,770
RELATIVE_B,10,100,0.75,123,A3_THERMAL_ABNORMALITY,strong,pooled,99.0,0.6013390339036442,0.9691308531109686,0.3974025974025974,0.5636673117727983,0.012658227848101266,0.9594608734991756,0.9601101430215355,0.9935064935064936,0.5677179962894249,0.9906091202707676,158,770
RELATIVE_B,10,100,0.75,123,A4_SENSOR_DRIFT,mild,pooled,97.5,0.5678696639978582,0.5439938791124713,0.015100671140939598,0.029385629559215556,0.012658227848101266,0.5477828734511101,0.5688291139240507,0.9759036144578314,0.029741141912979625,0.9760588700983,158,5364
RELATIVE_B,10,100,0.75,123,A4_SENSOR_DRIFT,mild,pooled,99.0,0.6013390339036442,0.32706059465562665,0.006152125279642058,0.0120770764858348,0.012658227848101266,0.5477828734511101,0.5688291139240507,0.9428571428571428,0.012224486015928876,0.9760588700983,158,5364
RELATIVE_B,10,100,0.75,123,A4_SENSOR_DRIFT,mild,mean_temp_c_-1,97.5,0.5678696639978582,0.2611570247933884,0.0044742729306487695,0.008797817250403697,0.012658227848101266,0.4842140320573787,0.4748794117369429,0.75,0.008895478131949592,0.8874061504830741,158,1341
RELATIVE_B,10,100,0.75,123,A4_SENSOR_DRIFT,mild,mean_temp_c_-1,99.0,0.6013390339036442,0.055633802816901404,0.0007457121551081282,0.001471697761715366,0.012658227848101266,0.4842140320573787,0.4748794117369429,0.3333333333333333,0.0014880952380952382,0.8874061504830741,158,1341
RELATIVE_B,10,100,0.75,123,A4_SENSOR_DRIFT,mild,mean_temp_c_1,97.5,0.5678696639978582,0.553,0.015659955257270694,0.030457411946134993,0.012658227848101266,0.5254091488419262,0.5404666836575766,0.9130434782608695,0.03079178885630499,0.9031811267130215,158,1341
RELATIVE_B,10,100,0.75,123,A4_SENSOR_DRIFT,mild,mean_temp_c_1,99.0,0.6013390339036442,0.34649122807017546,0.006711409395973154,0.013167763980331695,0.012658227848101266,0.5254091488419262,0.5404666836575766,0.8181818181818182,0.013313609467455622,0.9031811267130215,158,1341
RELATIVE_B,10,100,0.75,123,A4_SENSOR_DRIFT,mild,mean_voltage_v_-1,97.5,0.5678696639978582,0.5753641545281823,0.01715137956748695,0.03330980686911648,0.012658227848101266,0.599603934686899,0.6347284758209912,0.92,0.03367496339677892,0.9258499666656951,158,1341
RELATIVE_B,10,100,0.75,123,A4_SENSOR_DRIFT,mild,mean_voltage_v_-1,99.0,0.6013390339036442,0.34649122807017546,0.006711409395973154,0.013167763980331695,0.012658227848101266,0.599603934686899,0.6347284758209912,0.8181818181818182,0.013313609467455622,0.9258499666656951,158,1341
RELATIVE_B,10,100,0.75,123,A4_SENSOR_DRIFT,mild,mean_voltage_v_1,97.5,0.5678696639978582,0.6461741424802111,0.023117076808351976,0.04463724266146597,0.012658227848101266,0.5816520510007656,0.6252418844806917,0.9393939393939394,0.04512372634643377,0.9213149757881963,158,1341
RELATIVE_B,10,100,0.75,123,A4_SENSOR_DRIFT,mild,mean_voltage_v_1,99.0,0.6013390339036442,0.45198201879852884,0.010439970171513796,0.020408539848319893,0.012658227848101266,0.5816520510007656,0.6252418844806917,0.875,0.020633750921149597,0.9213149757881963,158,1341
RELATIVE_B,10,100,0.75,123,A4_SENSOR_DRIFT,moderate,pooled,97.5,0.5678696639978582,0.6347541876617186,0.021998508575689784,0.04252329840663075,0.012658227848101266,0.588096850099927,0.6202626039513305,0.9833333333333333,0.043034281546316555,0.9795048900231721,158,5364
RELATIVE_B,10,100,0.75,123,A4_SENSOR_DRIFT,moderate,pooled,99.0,0.6013390339036442,0.3648312611012433,0.00727069351230425,0.01425725530482345,0.012658227848101266,0.588096850099927,0.6202626039513305,0.9512195121951219,0.014431082331174837,0.9795048900231721,158,5364
RELATIVE_B,10,100,0.75,123,A4_SENSOR_DRIFT,moderate,mean_temp_c_-1,97.5,0.5678696639978582,0.19070609535304767,0.002982848620432513,0.005873824305736273,0.012658227848101266,0.4964259105712631,0.5008755038276744,0.6666666666666666,0.005939123979213066,0.8918062114102924,158,1341
RELATIVE_B,10,100,0.75,123,A4_SENSOR_DRIFT,moderate,mean_temp_c_-1,99.0,0.6013390339036442,0.055633802816901404,0.0007457121551081282,0.001471697761715366,0.012658227848101266,0.4964259105712631,0.5008755038276744,0.3333333333333333,0.0014880952380952382,0.8918062114102924,158,1341
RELATIVE_B,10,100,0.75,123,A4_SENSOR_DRIFT,moderate,mean_temp_c_1,97.5,0.5678696639978582,0.6307819383259912,0.02162565249813572,0.04181763422803479,0.012658227848101266,0.5541516143518488,0.5893651063347776,0.9354838709677419,0.04227405247813411,0.9127520718656212,158,1341
RELATIVE_B,10,100,0.75,123,A4_SENSOR_DRIFT,moderate,mean_temp_c_1,99.0,0.6013390339036442,0.2919746568109821,0.005219985085756898,0.010256600484081868,0.012658227848101266,0.5541516143518488,0.5893651063347776,0.7777777777777778,0.010370370370370372,0.9127520718656212,158,1341
RELATIVE_B,10,100,0.75,123,A4_SENSOR_DRIFT,moderate,mean_voltage_v_-1,97.5,0.5678696639978582,0.7502793296089386,0.03803131991051454,0.0723930679459882,0.012658227848101266,0.6764229911037144,0.7108288732194942,0.9622641509433962,0.07317073170731708,0.9448691991886236,158,1341
RELATIVE_B,10,100,0.75,123,A4_SENSOR_DRIFT,moderate,mean_voltage_v_-1,99.0,0.6013390339036442,0.48522072936660265,0.011931394481730051,0.02329009433962264,0.012658227848101266,0.6764229911037144,0.7108288732194942,0.8888888888888888,0.023546725533480497,0.9448691991886236,158,1341
RELATIVE_B,10,100,0.75,123,A4_SENSOR_DRIFT,moderate,mean_voltage_v_1,97.5,0.5678696639978582,0.6669977650856718,0.02535421327367636,0.048851463179528216,0.012658227848101266,0.6180686736650784,0.6799809324233757,0.9444444444444444,0.049382716049382706,0.9316153697632257,158,1341
RELATIVE_B,10,100,0.75,123,A4_SENSOR_DRIFT,moderate,mean_voltage_v_1,99.0,0.6013390339036442,0.4691211401425178,0.011185682326621925,0.021850366477665608,0.012658227848101266,0.6180686736650784,0.6799809324233757,0.8823529411764706,0.022091310751104567,0.9316153697632257,158,1341
RELATIVE_B,10,100,0.75,123,A4_SENSOR_DRIFT,strong,pooled,97.5,0.5678696639978582,0.681074974730959,0.02703206562266965,0.05200022697611076,0.012658227848101266,0.6206227336135322,0.6599635167407659,0.9863945578231292,0.05262202866993286,0.9819845505497506,158,5364
RELATIVE_B,10,100,0.75,123,A4_SENSOR_DRIFT,strong,pooled,99.0,0.6013390339036442,0.43838341534917813,0.0098806860551827,0.019325789797995416,0.012658227848101266,0.6206227336135322,0.6599635167407659,0.9636363636363636,0.01956080457649013,0.9819845505497506,158,5364
RELATIVE_B,10,100,0.75,123,A4_SENSOR_DRIFT,strong,mean_temp_c_-1,97.5,0.5678696639978582,0.2919746568109821,0.005219985085756898,0.010256600484081868,0.012658227848101266,0.5260230601497489,0.5476783809550779,0.7777777777777778,0.010370370370370372,0.9023230715677668,158,1341
RELATIVE_B,10,100,0.75,123,A4_SENSOR_DRIFT,strong,mean_temp_c_-1,99.0,0.6013390339036442,0.055633802816901404,0.0007457121551081282,0.001471697761715366,0.012658227848101266,0.5260230601497489,0.5476783809550779,0.3333333333333333,0.0014880952380952382,0.9023230715677668,158,1341
RELATIVE_B,10,100,0.75,123,A4_SENSOR_DRIFT,strong,mean_temp_c_1,97.5,0.5678696639978582,0.6669977650856718,0.02535421327367636,0.048851463179528216,0.012658227848101266,0.5904639080604825,0.6371520403250928,0.9444444444444444,0.049382716049382706,0.9236940523748072,158,1341
RELATIVE_B,10,100,0.75,123,A4_SENSOR_DRIFT,strong,mean_temp_c_1,99.0,0.6013390339036442,0.4691211401425178,0.011185682326621925,0.021850366477665608,0.012658227848101266,0.5904639080604825,0.6371520403250928,0.8823529411764706,0.022091310751104567,0.9236940523748072,158,1341
RELATIVE_B,10,100,0.75,123,A4_SENSOR_DRIFT,strong,mean_voltage_v_-1,97.5,0.5678696639978582,0.8002383435125875,0.05070842654735272,0.09537336221283244,0.012658227848101266,0.7172065302808494,0.7497592954436043,0.9714285714285714,0.0963855421686747,0.9535550379274264,158,1341
RELATIVE_B,10,100,0.75,123,A4_SENSOR_DRIFT,strong,mean_voltage_v_-1,99.0,0.6013390339036442,0.5644689834361806,0.01640566741237882,0.03188464290300684,0.012658227848101266,0.7172065302808494,0.7497592954436043,0.9166666666666666,0.03223443223443223,0.9535550379274264,158,1341
RELATIVE_B,10,100,0.75,123,A4_SENSOR_DRIFT,strong,mean_voltage_v_1,97.5,0.5678696639978582,0.6795698924731183,0.026845637583892617,0.05165086629617522,0.012658227848101266,0.6361058570375401,0.7052643502392887,0.9473684210526315,0.05221174764321972,0.9363905414631386,158,1341
RELATIVE_B,10,100,0.75,123,A4_SENSOR_DRIFT,strong,mean_voltage_v_1,99.0,0.6013390339036442,0.4691211401425178,0.011185682326621925,0.021850366477665608,0.012658227848101266,0.6361058570375401,0.7052643502392887,0.8823529411764706,0.022091310751104567,0.9363905414631386,158,1341
RELATIVE_B,10,100,0.75,2026,A2_EARLY_VOLTAGE_COLLAPSE,mild,pooled,97.5,0.578716506182616,0.9738513261113186,0.4714285714285714,0.635311319605215,0.012658227848101266,0.9727361543807032,0.9799358868979123,0.9945205479452055,0.6396475770925111,0.9940452499570996,158,770
RELATIVE_B,10,100,0.75,2026,A2_EARLY_VOLTAGE_COLLAPSE,mild,pooled,99.0,0.6151051873584047,1.0,0.16493506493506493,0.2831661092530658,0.0,0.9727361543807032,0.9799358868979123,1.0,0.2831661092530658,0.9940452499570996,158,770
RELATIVE_B,10,100,0.75,2026,A2_EARLY_VOLTAGE_COLLAPSE,moderate,pooled,97.5,0.578716506182616,0.9801791598023065,0.625974025974026,0.7640201448664701,0.012658227848101266,0.9834829950214476,0.9898980766069374,0.9958677685950413,0.7687400318979266,0.996543964619474,158,770
RELATIVE_B,10,100,0.75,2026,A2_EARLY_VOLTAGE_COLLAPSE,moderate,pooled,99.0,0.6151051873584047,1.0,0.2077922077922078,0.34408602150537637,0.0,0.9834829950214476,0.9898980766069374,1.0,0.34408602150537637,0.996543964619474,158,770
RELATIVE_B,10,100,0.75,2026,A2_EARLY_VOLTAGE_COLLAPSE,strong,pooled,97.5,0.578716506182616,0.9811745146936581,0.6597402597402597,0.7889749538001809,0.012658227848101266,0.9844106531782825,0.9907036001972711,0.996078431372549,0.7937500000000001,0.9967439638889954,158,770
RELATIVE_B,10,100,0.75,2026,A2_EARLY_VOLTAGE_COLLAPSE,strong,pooled,99.0,0.6151051873584047,1.0,0.21168831168831168,0.34941050375133975,0.0,0.9844106531782825,0.9907036001972711,1.0,0.34941050375133975,0.9967439638889954,158,770
RELATIVE_B,10,100,0.75,2026,A3_THERMAL_ABNORMALITY,mild,pooled,97.5,0.578716506182616,0.7347571477781606,0.03506493506493506,0.06693549652456342,0.012658227848101266,0.6732256865323243,0.696691599539701,0.9310344827586207,0.06758448060075094,0.906754434134177,158,770
RELATIVE_B,10,100,0.75,2026,A3_THERMAL_ABNORMALITY,mild,pooled,99.0,0.6151051873584047,1.0,0.006493506493506494,0.012903225806451613,0.0,0.6732256865323243,0.696691599539701,1.0,0.012903225806451613,0.906754434134177,158,770
RELATIVE_B,10,100,0.75,2026,A3_THERMAL_ABNORMALITY,moderate,pooled,97.5,0.578716506182616,0.9212356792144025,0.14805194805194805,0.2551057983740759,0.012658227848101266,0.847112758947561,0.8640802235738946,0.9827586206896551,0.2573363431151241,0.961793432143856,158,770
RELATIVE_B,10,100,0.75,2026,A3_THERMAL_ABNORMALITY,moderate,pooled,99.0,0.6151051873584047,1.0,0.01818181818181818,0.03571428571428572,0.0,0.847112758947561,0.8640802235738946,1.0,0.03571428571428572,0.961793432143856,158,770
RELATIVE_B,10,100,0.75,2026,A3_THERMAL_ABNORMALITY,strong,pooled,97.5,0.578716506182616,0.9654056968281067,0.35324675324675325,0.5172347390718274,0.012658227848101266,0.9348547618104324,0.9443613348676639,0.9927007299270073,0.5210727969348659,0.9849027006136266,158,770
RELATIVE_B,10,100,0.75,2026,A3_THERMAL_ABNORMALITY,strong,pooled,99.0,0.6151051873584047,1.0,0.08441558441558442,0.155688622754491,0.0,0.9348547618104324,0.9443613348676639,1.0,0.155688622754491,0.9849027006136266,158,770
RELATIVE_B,10,100,0.75,2026,A4_SENSOR_DRIFT,mild,pooled,97.5,0.578716506182616,0.4038675261169149,0.008575689783743476,0.01679476099585446,0.012658227848101266,0.5413606866139432,0.5653229688783168,0.9583333333333334,0.01699926090169993,0.9754462635253431,158,5364
RELATIVE_B,10,100,0.75,2026,A4_SENSOR_DRIFT,mild,pooled,99.0,0.6151051873584047,1.0,0.0018642803877703207,0.0037216226274655747,0.0,0.5413606866139432,0.5653229688783168,1.0,0.0037216226274655747,0.9754462635253431,158,5364
RELATIVE_B,10,100,0.75,2026,A4_SENSOR_DRIFT,mild,mean_temp_c_-1,97.5,0.578716506182616,0.15019011406844104,0.0022371364653243847,0.0044086051508133595,0.012658227848101266,0.48144861198391453,0.47042165774643896,0.6,0.004457652303120356,0.8861237958713236,158,1341
RELATIVE_B,10,100,0.75,2026,A4_SENSOR_DRIFT,mild,mean_temp_c_-1,99.0,0.6151051873584047,0.0,0.0,0.0,0.0,0.48144861198391453,0.47042165774643896,0.0,0.0,0.8861237958713236,158,1341
RELATIVE_B,10,100,0.75,2026,A4_SENSOR_DRIFT,mild,mean_temp_c_1,97.5,0.578716506182616,0.48522072936660265,0.011931394481730051,0.02329009433962264,0.012658227848101266,0.5198007936123368,0.538371138107779,0.8888888888888888,0.023546725533480497,0.9015676552647445,158,1341
RELATIVE_B,10,100,0.75,2026,A4_SENSOR_DRIFT,mild,mean_temp_c_1,99.0,0.6151051873584047,0.0,0.0,0.0,0.0,0.5198007936123368,0.538371138107779,0.0,0.0,0.9015676552647445,158,1341
RELATIVE_B,10,100,0.75,2026,A4_SENSOR_DRIFT,mild,mean_voltage_v_-1,97.5,0.578716506182616,0.43369932432432434,0.009694258016405667,0.018964609859011886,0.012658227848101266,0.576924040386598,0.6177422856549524,0.8666666666666667,0.019174041297935103,0.9196450281172853,158,1341
RELATIVE_B,10,100,0.75,2026,A4_SENSOR_DRIFT,mild,mean_voltage_v_-1,99.0,0.6151051873584047,1.0,0.002982848620432513,0.005947955390334572,0.0,0.576924040386598,0.6177422856549524,1.0,0.005947955390334572,0.9196450281172853,158,1341
RELATIVE_B,10,100,0.75,2026,A4_SENSOR_DRIFT,mild,mean_voltage_v_1,97.5,0.578716506182616,0.45198201879852884,0.010439970171513796,0.020408539848319893,0.012658227848101266,0.5885242753669606,0.6347567940040967,0.875,0.020633750921149597,0.9232874248330368,158,1341
RELATIVE_B,10,100,0.75,2026,A4_SENSOR_DRIFT,mild,mean_voltage_v_1,99.0,0.6151051873584047,1.0,0.0044742729306487695,0.008908685968819599,0.0,0.5885242753669606,0.6347567940040967,1.0,0.008908685968819599,0.9232874248330368,158,1341
RELATIVE_B,10,100,0.75,2026,A4_SENSOR_DRIFT,moderate,pooled,97.5,0.578716506182616,0.4429906542056075,0.010067114093959731,0.01968683806122025,0.012658227848101266,0.5786210960642117,0.6162915687329501,0.9642857142857143,0.019926199261992617,0.9787192278981063,158,5364
RELATIVE_B,10,100,0.75,2026,A4_SENSOR_DRIFT,moderate,pooled,99.0,0.6151051873584047,1.0,0.0020507084265473526,0.004093023255813954,0.0,0.5786210960642117,0.6162915687329501,1.0,0.004093023255813954,0.9787192278981063,158,5364
RELATIVE_B,10,100,0.75,2026,A4_SENSOR_DRIFT,moderate,mean_temp_c_-1,97.5,0.578716506182616,0.10540360240160106,0.0014914243102162564,0.00294123122172788,0.012658227848101266,0.4929383402460366,0.4965381021153683,0.5,0.002973977695167286,0.8903138625168188,158,1341
RELATIVE_B,10,100,0.75,2026,A4_SENSOR_DRIFT,moderate,mean_temp_c_-1,99.0,0.6151051873584047,0.0,0.0,0.0,0.0,0.4929383402460366,0.4965381021153683,0.0,0.0,0.8903138625168188,158,1341
RELATIVE_B,10,100,0.75,2026,A4_SENSOR_DRIFT,moderate,mean_temp_c_1,97.5,0.578716506182616,0.528149190710767,0.014168530947054437,0.027596731046782067,0.012658227848101266,0.5502890001328611,0.5894264623981725,0.9047619047619048,0.027900146842878122,0.9118383803056115,158,1341
RELATIVE_B,10,100,0.75,2026,A4_SENSOR_DRIFT,moderate,mean_temp_c_1,99.0,0.6151051873584047,0.0,0.0,0.0,0.0,0.5502890001328611,0.5894264623981725,0.0,0.0,0.9118383803056115,158,1341
RELATIVE_B,10,100,0.75,2026,A4_SENSOR_DRIFT,moderate,mean_voltage_v_-1,97.5,0.578716506182616,0.528149190710767,0.014168530947054437,0.027596731046782067,0.012658227848101266,0.6308563602085338,0.6793178149689917,0.9047619047619048,0.027900146842878122,0.9343578706018087,158,1341
RELATIVE_B,10,100,0.75,2026,A4_SENSOR_DRIFT,moderate,mean_voltage_v_-1,99.0,0.6151051873584047,1.0,0.0037285607755406414,0.007429420505200595,0.0,0.6308563602085338,0.6793178149689917,1.0,0.007429420505200595,0.9343578706018087,158,1341
RELATIVE_B,10,100,0.75,2026,A4_SENSOR_DRIFT,moderate,mean_voltage_v_1,97.5,0.578716506182616,0.45198201879852884,0.010439970171513796,0.020408539848319893,0.012658227848101266,0.6383090367853629,0.6998838954492679,0.875,0.020633750921149597,0.9366971057870025,158,1341
RELATIVE_B,10,100,0.75,2026,A4_SENSOR_DRIFT,moderate,mean_voltage_v_1,99.0,0.6151051873584047,1.0,0.0044742729306487695,0.008908685968819599,0.0,0.6383090367853629,0.6998838954492679,1.0,0.008908685968819599,0.9366971057870025,158,1341
RELATIVE_B,10,100,0.75,2026,A4_SENSOR_DRIFT,strong,pooled,97.5,0.578716506182616,0.47729487429351003,0.011558538404175988,0.022570492468054322,0.012658227848101266,0.6104444530689666,0.6572567704056108,0.96875,0.022844509948415623,0.9811895857645183,158,5364
RELATIVE_B,10,100,0.75,2026,A4_SENSOR_DRIFT,strong,pooled,99.0,0.6151051873584047,1.0,0.0022371364653243847,0.004464285714285714,0.0,0.6104444530689666,0.6572567704056108,1.0,0.004464285714285714,0.9811895857645183,158,5364
RELATIVE_B,10,100,0.75,2026,A4_SENSOR_DRIFT,strong,mean_temp_c_-1,97.5,0.578716506182616,0.055633802816901404,0.0007457121551081282,0.001471697761715366,0.012658227848101266,0.5228447406292605,0.5428737292215331,0.3333333333333333,0.0014880952380952382,0.901234743806276,158,1341
RELATIVE_B,10,100,0.75,2026,A4_SENSOR_DRIFT,strong,mean_temp_c_-1,99.0,0.6151051873584047,0.0,0.0,0.0,0.0,0.5228447406292605,0.5428737292215331,0.0,0.0,0.901234743806276,158,1341
RELATIVE_B,10,100,0.75,2026,A4_SENSOR_DRIFT,strong,mean_temp_c_1,97.5,0.578716506182616,0.6050073637702503,0.019388516032811335,0.03757294162840471,0.012658227848101266,0.5857726549099596,0.6391531919312057,0.9285714285714286,0.03798392987582177,0.9225518567711726,158,1341
RELATIVE_B,10,100,0.75,2026,A4_SENSOR_DRIFT,strong,mean_temp_c_1,99.0,0.6151051873584047,0.0,0.0,0.0,0.0,0.5857726549099596,0.6391531919312057,0.0,0.0,0.9225518567711726,158,1341
RELATIVE_B,10,100,0.75,2026,A4_SENSOR_DRIFT,strong,mean_voltage_v_-1,97.5,0.578716506182616,0.553,0.015659955257270694,0.030457411946134993,0.012658227848101266,0.6605973079304734,0.7098660549939115,0.9130434782608695,0.03079178885630499,0.9415377157018175,158,1341
RELATIVE_B,10,100,0.75,2026,A4_SENSOR_DRIFT,strong,mean_voltage_v_-1,99.0,0.6151051873584047,1.0,0.0044742729306487695,0.008908685968819599,0.0,0.6605973079304734,0.7098660549939115,1.0,0.008908685968819599,0.9415377157018175,158,1341
RELATIVE_B,10,100,0.75,2026,A4_SENSOR_DRIFT,strong,mean_voltage_v_1,97.5,0.578716506182616,0.45198201879852884,0.010439970171513796,0.020408539848319893,0.012658227848101266,0.6688700294821851,0.7371341054757926,0.875,0.020633750921149597,0.9441388190066422,158,1341
RELATIVE_B,10,100,0.75,2026,A4_SENSOR_DRIFT,strong,mean_voltage_v_1,99.0,0.6151051873584047,1.0,0.0044742729306487695,0.008908685968819599,0.0,0.6688700294821851,0.7371341054757926,1.0,0.008908685968819599,0.9441388190066422,158,1341
RELATIVE_B,10,100,1.0,42,A2_EARLY_VOLTAGE_COLLAPSE,mild,pooled,95.0,0.5548682376720724,0.9777001197049852,0.8324675324675325,0.8992577070606621,0.0189873417721519,0.9582028530371511,0.9751027453559099,0.9953416149068323,0.9066478076379066,0.990907892653756,158,770
RELATIVE_B,10,100,1.0,42,A2_EARLY_VOLTAGE_COLLAPSE,mild,pooled,97.5,0.5897900944184286,0.9503759398496241,0.36363636363636365,0.5260091552226384,0.0189873417721519,0.9582028530371511,0.9751027453559099,0.9893992932862191,0.5318138651471985,0.990907892653756,158,770
RELATIVE_B,10,100,1.0,42,A2_EARLY_VOLTAGE_COLLAPSE,mild,pooled,99.0,0.6260989696377472,0.9548228115465852,0.13376623376623376,0.2346579766985811,0.006329113924050633,0.9582028530371511,0.9751027453559099,0.9903846153846154,0.2356979405034325,0.990907892653756,158,770
RELATIVE_B,10,100,1.0,42,A2_EARLY_VOLTAGE_COLLAPSE,moderate,pooled,95.0,0.5548682376720724,0.9808037495013961,0.9701298701298702,0.9754376105390172,0.0189873417721519,0.9681059248006989,0.9838566496794344,0.996,0.9828947368421053,0.9932340551882262,158,770
RELATIVE_B,10,100,1.0,42,A2_EARLY_VOLTAGE_COLLAPSE,moderate,pooled,97.5,0.5897900944184286,0.9607636647756226,0.4649350649350649,0.6266298868911119,0.0189873417721519,0.9681059248006989,0.9838566496794344,0.9916897506925207,0.6330680813439434,0.9932340551882262,158,770
RELATIVE_B,10,100,1.0,42,A2_EARLY_VOLTAGE_COLLAPSE,moderate,pooled,99.0,0.6260989696377472,0.9600124636476942,0.15194805194805194,0.2623690709358767,0.006329113924050633,0.9681059248006989,0.9838566496794344,0.9915254237288136,0.2635135135135135,0.9932340551882262,158,770
RELATIVE_B,10,100,1.0,42,A2_EARLY_VOLTAGE_COLLAPSE,strong,pooled,95.0,0.5548682376720724,0.9812469556746225,0.9935064935064936,0.987338670151936,0.0189873417721519,0.9693313441360404,0.9846128554989315,0.99609375,0.9947984395318596,0.9935031468976071,158,770
RELATIVE_B,10,100,1.0,42,A2_EARLY_VOLTAGE_COLLAPSE,strong,pooled,97.5,0.5897900944184286,0.9618887349039794,0.4792207792207792,0.6397252457865168,0.0189873417721519,0.9693313441360404,0.9846128554989315,0.9919354838709677,0.6462346760070052,0.9935031468976071,158,770
RELATIVE_B,10,100,1.0,42,A2_EARLY_VOLTAGE_COLLAPSE,strong,pooled,99.0,0.6260989696377472,0.9618887349039794,0.15974025974025974,0.273980713923194,0.006329113924050633,0.9693313441360404,0.9846128554989315,0.9919354838709677,0.2751677852348993,0.9935031468976071,158,770
RELATIVE_B,10,100,1.0,42,A3_THERMAL_ABNORMALITY,mild,pooled,95.0,0.5548682376720724,0.8040712468193384,0.07792207792207792,0.14207568377669538,0.0189873417721519,0.6605411961191641,0.6963751438434983,0.9523809523809523,0.14405762304921968,0.9022125757363795,158,770
RELATIVE_B,10,100,1.0,42,A3_THERMAL_ABNORMALITY,mild,pooled,97.5,0.5897900944184286,0.6007604562737643,0.02857142857142857,0.054548593129639215,0.0189873417721519,0.6605411961191641,0.6963751438434983,0.88,0.055345911949685536,0.9022125757363795,158,770
RELATIVE_B,10,100,1.0,42,A3_THERMAL_ABNORMALITY,mild,pooled,99.0,0.6260989696377472,0.3810289389067524,0.003896103896103896,0.007713337238820542,0.006329113924050633,0.6605411961191641,0.6963751438434983,0.75,0.007751937984496125,0.9022125757363795,158,770
RELATIVE_B,10,100,1.0,42,A3_THERMAL_ABNORMALITY,moderate,pooled,95.0,0.5548682376720724,0.9292409483550818,0.24935064935064935,0.39319274687957695,0.0189873417721519,0.8262163325021363,0.8603402926187738,0.9846153846153847,0.39792746113989635,0.9563005038340109,158,770
RELATIVE_B,10,100,1.0,42,A3_THERMAL_ABNORMALITY,moderate,pooled,97.5,0.5897900944184286,0.8386646179634026,0.0987012987012987,0.17661680565973908,0.0189873417721519,0.8262163325021363,0.8603402926187738,0.9620253164556962,0.1790341578327444,0.9563005038340109,158,770
RELATIVE_B,10,100,1.0,42,A3_THERMAL_ABNORMALITY,moderate,pooled,99.0,0.6260989696377472,0.7547770700636943,0.01948051948051948,0.037980769230769235,0.006329113924050633,0.8262163325021363,0.8603402926187738,0.9375,0.03816793893129771,0.9563005038340109,158,770
RELATIVE_B,10,100,1.0,42,A3_THERMAL_ABNORMALITY,strong,pooled,95.0,0.5548682376720724,0.9647382079071898,0.5194805194805194,0.6753218998771171,0.0189873417721519,0.9121693661440134,0.9374732862074635,0.9925558312655087,0.6820119352088662,0.9797006481099315,158,770
RELATIVE_B,10,100,1.0,42,A3_THERMAL_ABNORMALITY,strong,pooled,97.5,0.5897900944184286,0.929919301013288,0.2519480519480519,0.39647656866422626,0.0189873417721519,0.9121693661440134,0.9374732862074635,0.9847715736040609,0.4012409513960703,0.9797006481099315,158,770
RELATIVE_B,10,100,1.0,42,A3_THERMAL_ABNORMALITY,strong,pooled,99.0,0.6260989696377472,0.9042050261259019,0.05974025974025974,0.11207574519267836,0.006329113924050633,0.9121693661440134,0.9374732862074635,0.9787234042553191,0.11260709914320685,0.9797006481099315,158,770
RELATIVE_B,10,100,1.0,42,A4_SENSOR_DRIFT,mild,pooled,95.0,0.5548682376720724,0.593984962406015,0.027777777777777776,0.05307356399059455,0.0189873417721519,0.5474291429388016,0.5774313520044554,0.9802631578947368,0.054024655547498183,0.9759462606182212,158,5364
RELATIVE_B,10,100,1.0,42,A4_SENSOR_DRIFT,mild,pooled,97.5,0.5897900944184286,0.40386752611691484,0.012863534675615212,0.024932933564778284,0.0189873417721519,0.5474291429388016,0.5774313520044554,0.9583333333333334,0.025386313465783666,0.9759462606182212,158,5364
RELATIVE_B,10,100,1.0,42,A4_SENSOR_DRIFT,mild,pooled,99.0,0.6260989696377472,0.3707179727827311,0.0037285607755406414,0.007382867075683734,0.006329113924050633,0.5474291429388016,0.5774313520044554,0.9523809523809523,0.007428040854224698,0.9759462606182212,158,5364
RELATIVE_B,10,100,1.0,42,A4_SENSOR_DRIFT,mild,mean_temp_c_-1,95.0,0.5548682376720724,0.4852207293666027,0.017897091722595078,0.034520899619013806,0.0189873417721519,0.48437595663608835,0.47230245707435414,0.8888888888888888,0.03508771929824561,0.8875616812139363,158,1341
RELATIVE_B,10,100,1.0,42,A4_SENSOR_DRIFT,mild,mean_temp_c_-1,97.5,0.5897900944184286,0.3379957215731446,0.009694258016405667,0.018847927324447705,0.0189873417721519,0.48437595663608835,0.47230245707435414,0.8125,0.01915991156963891,0.8875616812139363,158,1341
RELATIVE_B,10,100,1.0,42,A4_SENSOR_DRIFT,mild,mean_temp_c_-1,99.0,0.6260989696377472,0.0,0.0,0.0,0.006329113924050633,0.48437595663608835,0.47230245707435414,0.0,0.0,0.8875616812139363,158,1341
RELATIVE_B,10,100,1.0,42,A4_SENSOR_DRIFT,mild,mean_temp_c_1,95.0,0.5548682376720724,0.5857275254865616,0.026845637583892617,0.05133828845294667,0.0189873417721519,0.5148998936280267,0.5331204749903246,0.9230769230769231,0.052173913043478265,0.8997133574562941,158,1341
RELATIVE_B,10,100,1.0,42,A4_SENSOR_DRIFT,mild,mean_temp_c_1,97.5,0.5897900944184286,0.4273309608540925,0.014168530947054437,0.027427673444402313,0.0189873417721519,0.5148998936280267,0.5331204749903246,0.8636363636363636,0.027879677182685254,0.8997133574562941,158,1341
RELATIVE_B,10,100,1.0,42,A4_SENSOR_DRIFT,mild,mean_temp_c_1,99.0,0.6260989696377472,0.5409106470386854,0.007457121551081283,0.014711427893053507,0.006329113924050633,0.5148998936280267,0.5331204749903246,0.9090909090909091,0.014792899408284025,0.8997133574562941,158,1341
RELATIVE_B,10,100,1.0,42,A4_SENSOR_DRIFT,mild,mean_voltage_v_-1,95.0,0.5548682376720724,0.514657980456026,0.020134228187919462,0.03875240158606876,0.0189873417721519,0.5755797998249715,0.6299474225733677,0.9,0.03938730853391685,0.9186325671419322,158,1341
RELATIVE_B,10,100,1.0,42,A4_SENSOR_DRIFT,mild,mean_voltage_v_-1,97.5,0.5897900944184286,0.3016837354625933,0.00820283370618941,0.015971402184351148,0.0189873417721519,0.5755797998249715,0.6299474225733677,0.7857142857142857,0.016236162361623615,0.9186325671419322,158,1341
RELATIVE_B,10,100,1.0,42,A4_SENSOR_DRIFT,mild,mean_voltage_v_-1,99.0,0.6260989696377472,0.19070609535304767,0.0014914243102162564,0.0029597021565551315,0.006329113924050633,0.5755797998249715,0.6299474225733677,0.6666666666666666,0.0029761904761904765,0.9186325671419322,158,1341
RELATIVE_B,10,100,1.0,42,A4_SENSOR_DRIFT,mild,mean_voltage_v_1,95.0,0.5548682376720724,0.7088790795281857,0.04623415361670395,0.08680664785087973,0.0189873417721519,0.6155456509951731,0.6743550533797752,0.9538461538461539,0.08819345661450924,0.930689890216268,158,1341
RELATIVE_B,10,100,1.0,42,A4_SENSOR_DRIFT,mild,mean_voltage_v_1,97.5,0.5897900944184286,0.5052269093592424,0.019388516032811335,0.03734392683935657,0.0189873417721519,0.6155456509951731,0.6743550533797752,0.896551724137931,0.03795620437956204,0.930689890216268,158,1341
RELATIVE_B,10,100,1.0,42,A4_SENSOR_DRIFT,mild,mean_voltage_v_1,99.0,0.6260989696377472,0.48522072936660265,0.005965697240865026,0.01178648191231939,0.006329113924050633,0.6155456509951731,0.6743550533797752,0.8888888888888888,0.011851851851851851,0.930689890216268,158,1341
RELATIVE_B,10,100,1.0,42,A4_SENSOR_DRIFT,moderate,pooled,95.0,0.5548682376720724,0.6239659765387672,0.03150633855331842,0.059983870714114026,0.0189873417721519,0.5843388108832146,0.628218243517496,0.9825581395348837,0.06105491329479768,0.9791136780611511,158,5364
RELATIVE_B,10,100,1.0,42,A4_SENSOR_DRIFT,moderate,pooled,97.5,0.5897900944184286,0.40386752611691484,0.012863534675615212,0.024932933564778284,0.0189873417721519,0.5843388108832146,0.628218243517496,0.9583333333333334,0.025386313465783666,0.9791136780611511,158,5364
RELATIVE_B,10,100,1.0,42,A4_SENSOR_DRIFT,moderate,pooled,99.0,0.6260989696377472,0.3932126696832579,0.004101416853094705,0.008118157019543364,0.006329113924050633,0.5843388108832146,0.628218243517496,0.9565217391304348,0.008167811397809541,0.9791136780611511,158,5364
RELATIVE_B,10,100,1.0,42,A4_SENSOR_DRIFT,moderate,mean_temp_c_-1,95.0,0.5548682376720724,0.4273309608540925,0.014168530947054437,0.027427673444402313,0.0189873417721519,0.4983982065274242,0.5029993675605773,0.8636363636363636,0.027879677182685254,0.8924199187791702,158,1341
RELATIVE_B,10,100,1.0,42,A4_SENSOR_DRIFT,moderate,mean_temp_c_-1,97.5,0.5897900944184286,0.32032437911809425,0.008948545861297539,0.017410708136475706,0.0189873417721519,0.4983982065274242,0.5029993675605773,0.8,0.017699115044247787,0.8924199187791702,158,1341
RELATIVE_B,10,100,1.0,42,A4_SENSOR_DRIFT,moderate,mean_temp_c_-1,99.0,0.6260989696377472,0.0,0.0,0.0,0.006329113924050633,0.4983982065274242,0.5029993675605773,0.0,0.0,0.8924199187791702,158,1341
RELATIVE_B,10,100,1.0,42,A4_SENSOR_DRIFT,moderate,mean_temp_c_1,95.0,0.5548682376720724,0.6280854210964223,0.03206562266964952,0.06101618805990256,0.0189873417721519,0.5432708603476883,0.5802230528889266,0.9347826086956522,0.06200432588320116,0.9094283975292552,158,1341
RELATIVE_B,10,100,1.0,42,A4_SENSOR_DRIFT,moderate,mean_temp_c_1,97.5,0.5897900944184286,0.4519820187985288,0.015659955257270694,0.030271098764249448,0.0189873417721519,0.5432708603476883,0.5802230528889266,0.875,0.03076923076923077,0.9094283975292552,158,1341
RELATIVE_B,10,100,1.0,42,A4_SENSOR_DRIFT,moderate,mean_temp_c_1,99.0,0.6260989696377472,0.5644689834361806,0.00820283370618941,0.016170675995664244,0.006329113924050633,0.5432708603476883,0.5802230528889266,0.9166666666666666,0.016260162601626015,0.9094283975292552,158,1341
RELATIVE_B,10,100,1.0,42,A4_SENSOR_DRIFT,moderate,mean_voltage_v_-1,95.0,0.5548682376720724,0.6225724739656627,0.03131991051454139,0.059639520619043124,0.0189873417721519,0.6221603112229636,0.685703565259253,0.9333333333333333,0.06060606060606061,0.9319654818555999,158,1341
RELATIVE_B,10,100,1.0,42,A4_SENSOR_DRIFT,moderate,mean_voltage_v_-1,97.5,0.5897900944184286,0.28199179011243974,0.007457121551081283,0.014530004919970018,0.0189873417721519,0.6221603112229636,0.685703565259253,0.7692307692307693,0.014771048744460858,0.9319654818555999,158,1341
RELATIVE_B,10,100,1.0,42,A4_SENSOR_DRIFT,moderate,mean_voltage_v_-1,99.0,0.6260989696377472,0.3707179727827311,0.0037285607755406414,0.007382867075683734,0.006329113924050633,0.6221603112229636,0.685703565259253,0.8333333333333334,0.007423904974016333,0.9319654818555999,158,1341
RELATIVE_B,10,100,1.0,42,A4_SENSOR_DRIFT,moderate,mean_voltage_v_1,95.0,0.5548682376720724,0.7185335478905759,0.048471290082028336,0.09081624080894544,0.0189873417721519,0.6697377198412361,0.7439469883612267,0.9558823529411765,0.09226401703335697,0.9441256591993739,158,1341
RELATIVE_B,10,100,1.0,42,A4_SENSOR_DRIFT,moderate,mean_voltage_v_1,97.5,0.5897900944184286,0.5052269093592424,0.019388516032811335,0.03734392683935657,0.0189873417721519,0.6697377198412361,0.7439469883612267,0.896551724137931,0.03795620437956204,0.9441256591993739,158,1341
RELATIVE_B,10,100,1.0,42,A4_SENSOR_DRIFT,moderate,mean_voltage_v_1,99.0,0.6260989696377472,0.41415465268676277,0.0044742729306487695,0.00885290450909804,0.006329113924050633,0.6697377198412361,0.7439469883612267,0.8571428571428571,0.008902077151335312,0.9441256591993739,158,1341
RELATIVE_B,10,100,1.0,42,A4_SENSOR_DRIFT,strong,pooled,95.0,0.5548682376720724,0.6473990972435252,0.03486204325130499,0.06616133908078149,0.0189873417721519,0.6125303472231197,0.6655834961628861,0.9842105263157894,0.06733885487936622,0.9812692193854544,158,5364
RELATIVE_B,10,100,1.0,42,A4_SENSOR_DRIFT,strong,pooled,97.5,0.5897900944184286,0.4336993243243243,0.0145413870246085,0.028139299120475653,0.0189873417721519,0.6125303472231197,0.6655834961628861,0.9629629629629629,0.02865013774104683,0.9812692193854544,158,5364
RELATIVE_B,10,100,1.0,42,A4_SENSOR_DRIFT,strong,pooled,99.0,0.6260989696377472,0.3932126696832579,0.004101416853094705,0.008118157019543364,0.006329113924050633,0.6125303472231197,0.6655834961628861,0.9565217391304348,0.008167811397809541,0.9812692193854544,158,5364
RELATIVE_B,10,100,1.0,42,A4_SENSOR_DRIFT,strong,mean_temp_c_-1,95.0,0.5548682376720724,0.4745984066866919,0.01715137956748695,0.03310633839706653,0.0189873417721519,0.5292688097420257,0.5505857144205628,0.8846153846153846,0.03365032918800293,0.9032571908255239,158,1341
RELATIVE_B,10,100,1.0,42,A4_SENSOR_DRIFT,strong,mean_temp_c_-1,97.5,0.5897900944184286,0.32032437911809425,0.008948545861297539,0.017410708136475706,0.0189873417721519,0.5292688097420257,0.5505857144205628,0.8,0.017699115044247787,0.9032571908255239,158,1341
RELATIVE_B,10,100,1.0,42,A4_SENSOR_DRIFT,strong,mean_temp_c_-1,99.0,0.6260989696377472,0.0,0.0,0.0,0.006329113924050633,0.5292688097420257,0.5505857144205628,0.0,0.0,0.9032571908255239,158,1341
RELATIVE_B,10,100,1.0,42,A4_SENSOR_DRIFT,strong,mean_temp_c_1,95.0,0.5548682376720724,0.6533988110622899,0.035794183445190156,0.067870326867575,0.0189873417721519,0.5729454491033972,0.6248265511284795,0.9411764705882353,0.06896551724137931,0.9188777084215696,158,1341
RELATIVE_B,10,100,1.0,42,A4_SENSOR_DRIFT,strong,mean_temp_c_1,97.5,0.5897900944184286,0.4954220494167817,0.018642803877703208,0.03593342763962866,0.0189873417721519,0.5729454491033972,0.6248265511284795,0.8928571428571429,0.03652300949598247,0.9188777084215696,158,1341
RELATIVE_B,10,100,1.0,42,A4_SENSOR_DRIFT,strong,mean_temp_c_1,99.0,0.6260989696377472,0.5644689834361806,0.00820283370618941,0.016170675995664244,0.006329113924050633,0.5729454491033972,0.6248265511284795,0.9166666666666666,0.016260162601626015,0.9188777084215696,158,1341
RELATIVE_B,10,100,1.0,42,A4_SENSOR_DRIFT,strong,mean_voltage_v_-1,95.0,0.5548682376720724,0.6669977650856718,0.03803131991051454,0.0719595997481682,0.0189873417721519,0.6457208283243261,0.7117657331105636,0.9444444444444444,0.07311827956989246,0.9378650278440323,158,1341
RELATIVE_B,10,100,1.0,42,A4_SENSOR_DRIFT,strong,mean_voltage_v_-1,97.5,0.5897900944184286,0.3379957215731446,0.009694258016405667,0.018847927324447705,0.0189873417721519,0.6457208283243261,0.7117657331105636,0.8125,0.01915991156963891,0.9378650278440323,158,1341
RELATIVE_B,10,100,1.0,42,A4_SENSOR_DRIFT,strong,mean_voltage_v_-1,99.0,0.6260989696377472,0.3707179727827311,0.0037285607755406414,0.007382867075683734,0.006329113924050633,0.6457208283243261,0.7117657331105636,0.8333333333333334,0.007423904974016333,0.9378650278440323,158,1341
RELATIVE_B,10,100,1.0,42,A4_SENSOR_DRIFT,strong,mean_voltage_v_1,95.0,0.5548682376720724,0.7185335478905759,0.048471290082028336,0.09081624080894544,0.0189873417721519,0.697357580910771,0.7751559859919387,0.9558823529411765,0.09226401703335697,0.9503900799532883,158,1341
RELATIVE_B,10,100,1.0,42,A4_SENSOR_DRIFT,strong,mean_voltage_v_1,97.5,0.5897900944184286,0.5237362377175329,0.020879940343027592,0.040158856235107225,0.0189873417721519,0.697357580910771,0.7751559859919387,0.9032258064516129,0.04081632653061224,0.9503900799532883,158,1341
RELATIVE_B,10,100,1.0,42,A4_SENSOR_DRIFT,strong,mean_voltage_v_1,99.0,0.6260989696377472,0.41415465268676277,0.0044742729306487695,0.00885290450909804,0.006329113924050633,0.697357580910771,0.7751559859919387,0.8571428571428571,0.008902077151335312,0.9503900799532883,158,1341
RELATIVE_B,10,100,1.0,123,A2_EARLY_VOLTAGE_COLLAPSE,mild,pooled,95.0,0.5371306863855698,0.9613343822707263,0.9441558441558442,0.9526676785018205,0.0379746835443038,0.9861511475563879,0.9857389445997041,0.9918144611186903,0.9673985362608117,0.9968535527405644,158,770
RELATIVE_B,10,100,1.0,123,A2_EARLY_VOLTAGE_COLLAPSE,mild,pooled,97.5,0.600432171751242,0.975371033776868,0.7519480519480519,0.8492100328611477,0.0189873417721519,0.9861511475563879,0.9857389445997041,0.9948453608247423,0.8565088757396451,0.9968535527405644,158,770
RELATIVE_B,10,100,1.0,123,A2_EARLY_VOLTAGE_COLLAPSE,mild,pooled,99.0,0.6102161996771595,0.9896721927142014,0.6064935064935065,0.7520895339829576,0.006329113924050633,0.9861511475563879,0.9857389445997041,0.9978632478632479,0.7544426494345718,0.9968535527405644,158,770
RELATIVE_B,10,100,1.0,123,A2_EARLY_VOLTAGE_COLLAPSE,moderate,pooled,95.0,0.5371306863855698,0.9631379057224012,0.9922077922077922,0.9774567597331087,0.0379746835443038,0.9962644274753261,0.9964984382705901,0.9922077922077922,0.9922077922077922,0.999219705560528,158,770
RELATIVE_B,10,100,1.0,123,A2_EARLY_VOLTAGE_COLLAPSE,moderate,pooled,97.5,0.600432171751242,0.9799618320610687,0.9285714285714286,0.9535747446610957,0.0189873417721519,0.9962644274753261,0.9964984382705901,0.9958217270194986,0.9610215053763441,0.999219705560528,158,770
RELATIVE_B,10,100,1.0,123,A2_EARLY_VOLTAGE_COLLAPSE,moderate,pooled,99.0,0.6102161996771595,0.9919696306030077,0.7818181818181819,0.8744449449771543,0.006329113924050633,0.9962644274753261,0.9964984382705901,0.9983416252072969,0.876911871813547,0.999219705560528,158,770
RELATIVE_B,10,100,1.0,123,A2_EARLY_VOLTAGE_COLLAPSE,strong,pooled,95.0,0.5371306863855698,0.9634146341463414,1.0,0.9813664596273292,0.0379746835443038,0.9971949761313438,0.997377938517179,0.9922680412371134,0.9961190168175938,0.9994172663925611,158,770
RELATIVE_B,10,100,1.0,123,A2_EARLY_VOLTAGE_COLLAPSE,strong,pooled,97.5,0.600432171751242,0.9804704012444835,0.9532467532467532,0.9666669445115902,0.0189873417721519,0.9971949761313438,0.997377938517179,0.9959294436906377,0.9741207697412076,0.9994172663925611,158,770
RELATIVE_B,10,100,1.0,123,A2_EARLY_VOLTAGE_COLLAPSE,strong,pooled,99.0,0.6102161996771595,0.9922009520915628,0.8051948051948052,0.8889695539725032,0.006329113924050633,0.9971949761313438,0.997377938517179,0.998389694041868,0.8914450035945363,0.9994172663925611,158,770
RELATIVE_B,10,100,1.0,123,A3_THERMAL_ABNORMALITY,mild,pooled,95.0,0.5371306863855698,0.7665251667677381,0.12467532467532468,0.21446750749392002,0.0379746835443038,0.6816616386862211,0.7139651487752754,0.9411764705882353,0.2201834862385321,0.9101106040073778,158,770
RELATIVE_B,10,100,1.0,123,A3_THERMAL_ABNORMALITY,mild,pooled,97.5,0.600432171751242,0.5376301040832666,0.02207792207792208,0.042414098029307734,0.0189873417721519,0.6816616386862211,0.7139651487752754,0.85,0.04303797468354431,0.9101106040073778,158,770
RELATIVE_B,10,100,1.0,123,A3_THERMAL_ABNORMALITY,mild,pooled,99.0,0.6102161996771595,0.7547770700636943,0.01948051948051948,0.037980769230769235,0.006329113924050633,0.6816616386862211,0.7139651487752754,0.9375,0.03816793893129771,0.9101106040073778,158,770
RELATIVE_B,10,100,1.0,123,A3_THERMAL_ABNORMALITY,moderate,pooled,95.0,0.5371306863855698,0.907243816254417,0.37142857142857144,0.5270721067487811,0.0379746835443038,0.8473051429533577,0.8708449778070031,0.9794520547945206,0.5386064030131826,0.9623447134802924,158,770
RELATIVE_B,10,100,1.0,123,A3_THERMAL_ABNORMALITY,moderate,pooled,97.5,0.600432171751242,0.8312143796580447,0.09350649350649351,0.16810249287012546,0.0189873417721519,0.8473051429533577,0.8708449778070031,0.96,0.17041420118343195,0.9623447134802924,158,770
RELATIVE_B,10,100,1.0,123,A3_THERMAL_ABNORMALITY,moderate,pooled,99.0,0.6102161996771595,0.8777777777777778,0.045454545454545456,0.08643326039387308,0.006329113924050633,0.8473051429533577,0.8708449778070031,0.9722222222222222,0.08684863523573201,0.9623447134802924,158,770
RELATIVE_B,10,100,1.0,123,A3_THERMAL_ABNORMALITY,strong,pooled,95.0,0.5371306863855698,0.9480852211434736,0.6935064935064935,0.8010557697054858,0.0379746835443038,0.9308279653646003,0.9433503205655104,0.9888888888888889,0.815267175572519,0.9841168842899458,158,770
RELATIVE_B,10,100,1.0,123,A3_THERMAL_ABNORMALITY,strong,pooled,97.5,0.600432171751242,0.9256421811626858,0.23636363636363636,0.3765698047483729,0.0189873417721519,0.9308279653646003,0.9433503205655104,0.9837837837837838,0.3811518324607329,0.9841168842899458,158,770
RELATIVE_B,10,100,1.0,123,A3_THERMAL_ABNORMALITY,strong,pooled,99.0,0.6102161996771595,0.9544000947530498,0.13246753246753246,0.23264475336711274,0.006329113924050633,0.9308279653646003,0.9433503205655104,0.9902912621359223,0.23367697594501716,0.9841168842899458,158,770
RELATIVE_B,10,100,1.0,123,A4_SENSOR_DRIFT,mild,pooled,95.0,0.5371306863855698,0.5259529841512992,0.04213273676360925,0.07801582689173306,0.0379746835443038,0.5521733699554114,0.5838519100614504,0.9741379310344828,0.08077197998570408,0.9764546762757702,158,5364
RELATIVE_B,10,100,1.0,123,A4_SENSOR_DRIFT,mild,pooled,97.5,0.600432171751242,0.3588333731771456,0.010626398210290829,0.020641523704747828,0.0189873417721519,0.5521733699554114,0.5838519100614504,0.95,0.02101769911504425,0.9764546762757702,158,5364
RELATIVE_B,10,100,1.0,123,A4_SENSOR_DRIFT,mild,pooled,99.0,0.6102161996771595,0.47729487429351003,0.005779269202087994,0.011420257550357088,0.006329113924050633,0.5521733699554114,0.5838519100614504,0.96875,0.011489992587101556,0.9764546762757702,158,5364
RELATIVE_B,10,100,1.0,123,A4_SENSOR_DRIFT,mild,mean_temp_c_-1,95.0,0.5371306863855698,0.38589528316287586,0.023862788963460103,0.044946217441550355,0.0379746835443038,0.4828629552021769,0.478761362670971,0.8421052631578947,0.046410442349528645,0.886506600699704,158,1341
RELATIVE_B,10,100,1.0,123,A4_SENSOR_DRIFT,mild,mean_temp_c_-1,97.5,0.600432171751242,0.10540360240160107,0.0022371364653243847,0.0043812824956672445,0.0189873417721519,0.4828629552021769,0.478761362670971,0.5,0.004454342984409799,0.886506600699704,158,1341
RELATIVE_B,10,100,1.0,123,A4_SENSOR_DRIFT,mild,mean_temp_c_-1,99.0,0.6102161996771595,0.0,0.0,0.0,0.006329113924050633,0.4828629552021769,0.478761362670971,0.0,0.0,0.886506600699704,158,1341
RELATIVE_B,10,100,1.0,123,A4_SENSOR_DRIFT,mild,mean_temp_c_1,95.0,0.5371306863855698,0.4903724347605777,0.036539895600298286,0.06801191218715136,0.0379746835443038,0.5219616722671214,0.5404242063829184,0.8909090909090909,0.07020057306590259,0.9020362213412112,158,1341
RELATIVE_B,10,100,1.0,123,A4_SENSOR_DRIFT,mild,mean_temp_c_1,97.5,0.600432171751242,0.41415465268676277,0.013422818791946308,0.026002880065830077,0.0189873417721519,0.5219616722671214,0.5404242063829184,0.8571428571428571,0.026431718061674006,0.9020362213412112,158,1341
RELATIVE_B,10,100,1.0,123,A4_SENSOR_DRIFT,mild,mean_temp_c_1,99.0,0.6102161996771595,0.5146579804560261,0.006711409395973154,0.01325003144785945,0.006329113924050633,0.5219616722671214,0.5404242063829184,0.9,0.013323464100666172,0.9020362213412112,158,1341
RELATIVE_B,10,100,1.0,123,A4_SENSOR_DRIFT,mild,mean_voltage_v_-1,95.0,0.5371306863855698,0.5450124406242932,0.04548844146159582,0.08396860107509081,0.0379746835443038,0.585127371276416,0.6322341158591265,0.9104477611940298,0.08664772727272727,0.9221143768408887,158,1341
RELATIVE_B,10,100,1.0,123,A4_SENSOR_DRIFT,mild,mean_voltage_v_-1,97.5,0.600432171751242,0.32032437911809425,0.008948545861297539,0.017410708136475706,0.0189873417721519,0.585127371276416,0.6322341158591265,0.8,0.017699115044247787,0.9221143768408887,158,1341
RELATIVE_B,10,100,1.0,123,A4_SENSOR_DRIFT,mild,mean_voltage_v_-1,99.0,0.6102161996771595,0.45198201879852884,0.005219985085756898,0.010320774524670477,0.006329113924050633,0.585127371276416,0.6322341158591265,0.875,0.010378057820607857,0.9221143768408887,158,1341
RELATIVE_B,10,100,1.0,123,A4_SENSOR_DRIFT,mild,mean_voltage_v_1,95.0,0.5371306863855698,0.6225724739656627,0.06263982102908278,0.11382699531724387,0.0379746835443038,0.6184624325661029,0.6839879553327859,0.9333333333333333,0.11740041928721175,0.9316373640344864,158,1341
RELATIVE_B,10,100,1.0,123,A4_SENSOR_DRIFT,mild,mean_voltage_v_1,97.5,0.600432171751242,0.4852207293666027,0.017897091722595078,0.034520899619013806,0.0189873417721519,0.6184624325661029,0.6839879553327859,0.8888888888888888,0.03508771929824561,0.9316373640344864,158,1341
RELATIVE_B,10,100,1.0,123,A4_SENSOR_DRIFT,mild,mean_voltage_v_1,99.0,0.6102161996771595,0.6386418755052546,0.011185682326621925,0.021986279448394864,0.006329113924050633,0.6184624325661029,0.6839879553327859,0.9375,0.022107590272660283,0.9316373640344864,158,1341
RELATIVE_B,10,100,1.0,123,A4_SENSOR_DRIFT,moderate,pooled,95.0,0.5371306863855698,0.5708914428948562,0.05052199850857569,0.09282894351738835,0.0379746835443038,0.5900106983706842,0.6350895326555848,0.9783393501805054,0.09608225491934054,0.9796670898319133,158,5364
RELATIVE_B,10,100,1.0,123,A4_SENSOR_DRIFT,moderate,pooled,97.5,0.600432171751242,0.4003577284245044,0.01267710663683818,0.024576026936643076,0.0189873417721519,0.5900106983706842,0.6350895326555848,0.9577464788732394,0.025022999080036797,0.9796670898319133,158,5364
RELATIVE_B,10,100,1.0,123,A4_SENSOR_DRIFT,moderate,pooled,99.0,0.6102161996771595,0.5409106470386854,0.007457121551081283,0.014711427893053507,0.006329113924050633,0.5900106983706842,0.6350895326555848,0.975609756097561,0.014801110083256245,0.9796670898319133,158,5364
RELATIVE_B,10,100,1.0,123,A4_SENSOR_DRIFT,moderate,mean_temp_c_-1,95.0,0.5371306863855698,0.3932126696832579,0.024608501118568233,0.046318258135010525,0.0379746835443038,0.49585765647033997,0.5103290572876844,0.8461538461538461,0.04782608695652174,0.8911535825355592,158,1341
RELATIVE_B,10,100,1.0,123,A4_SENSOR_DRIFT,moderate,mean_temp_c_-1,97.5,0.600432171751242,0.10540360240160107,0.0022371364653243847,0.0043812824956672445,0.0189873417721519,0.49585765647033997,0.5103290572876844,0.5,0.004454342984409799,0.8911535825355592,158,1341
RELATIVE_B,10,100,1.0,123,A4_SENSOR_DRIFT,moderate,mean_temp_c_-1,99.0,0.6102161996771595,0.0,0.0,0.0,0.006329113924050633,0.49585765647033997,0.5103290572876844,0.0,0.0,0.8911535825355592,158,1341
RELATIVE_B,10,100,1.0,123,A4_SENSOR_DRIFT,moderate,mean_temp_c_1,95.0,0.5371306863855698,0.5192399617590822,0.041014168530947054,0.07602334065280342,0.0379746835443038,0.5517343847755845,0.5916541594691285,0.9016393442622951,0.07845934379457917,0.9120282113379746,158,1341
RELATIVE_B,10,100,1.0,123,A4_SENSOR_DRIFT,moderate,mean_temp_c_1,97.5,0.600432171751242,0.41415465268676277,0.013422818791946308,0.026002880065830077,0.0189873417721519,0.5517343847755845,0.5916541594691285,0.8571428571428571,0.026431718061674006,0.9120282113379746,158,1341
RELATIVE_B,10,100,1.0,123,A4_SENSOR_DRIFT,moderate,mean_temp_c_1,99.0,0.6102161996771595,0.5409106470386854,0.007457121551081283,0.014711427893053507,0.006329113924050633,0.5517343847755845,0.5916541594691285,0.9090909090909091,0.014792899408284025,0.9120282113379746,158,1341
RELATIVE_B,10,100,1.0,123,A4_SENSOR_DRIFT,moderate,mean_voltage_v_-1,95.0,0.5371306863855698,0.6436985209458862,0.0686055182699478,0.12399556427535614,0.0379746835443038,0.6400623608189799,0.6922356261622254,0.9387755102040817,0.12786657400972898,0.9367514159776078,158,1341
RELATIVE_B,10,100,1.0,123,A4_SENSOR_DRIFT,moderate,mean_voltage_v_-1,97.5,0.600432171751242,0.4519820187985288,0.015659955257270694,0.030271098764249448,0.0189873417721519,0.6400623608189799,0.6922356261622254,0.875,0.03076923076923077,0.9367514159776078,158,1341
RELATIVE_B,10,100,1.0,123,A4_SENSOR_DRIFT,moderate,mean_voltage_v_-1,99.0,0.6102161996771595,0.6225724739656628,0.010439970171513796,0.020535577516699082,0.006329113924050633,0.6400623608189799,0.6922356261622254,0.9333333333333333,0.020648967551622422,0.9367514159776078,158,1341
RELATIVE_B,10,100,1.0,123,A4_SENSOR_DRIFT,moderate,mean_voltage_v_1,95.0,0.5371306863855698,0.6411880128433821,0.06785980611483967,0.12273049312425843,0.0379746835443038,0.6673637212218975,0.7461392877033008,0.9381443298969072,0.12656467315716272,0.9439837743203734,158,1341
RELATIVE_B,10,100,1.0,123,A4_SENSOR_DRIFT,moderate,mean_voltage_v_1,97.5,0.600432171751242,0.5052269093592424,0.019388516032811335,0.03734392683935657,0.0189873417721519,0.6673637212218975,0.7461392877033008,0.896551724137931,0.03795620437956204,0.9439837743203734,158,1341
RELATIVE_B,10,100,1.0,123,A4_SENSOR_DRIFT,moderate,mean_voltage_v_1,99.0,0.6102161996771595,0.6533988110622899,0.011931394481730051,0.023434856568109865,0.006329113924050633,0.6673637212218975,0.7461392877033008,0.9411764705882353,0.0235640648011782,0.9439837743203734,158,1341
RELATIVE_B,10,100,1.0,123,A4_SENSOR_DRIFT,strong,pooled,95.0,0.5371306863855698,0.6139896373056994,0.06040268456375839,0.10998530435455177,0.0379746835443038,0.6181848080806738,0.6720842890720131,0.9818181818181818,0.11380400421496313,0.9818328432618206,158,5364
RELATIVE_B,10,100,1.0,123,A4_SENSOR_DRIFT,strong,pooled,97.5,0.600432171751242,0.43992760684950577,0.014914243102162566,0.02885041152920876,0.0189873417721519,0.6181848080806738,0.6720842890720131,0.963855421686747,0.029373967321461355,0.9818328432618206,158,5364
RELATIVE_B,10,100,1.0,123,A4_SENSOR_DRIFT,strong,pooled,99.0,0.6102161996771595,0.5644689834361806,0.00820283370618941,0.016170675995664244,0.006329113924050633,0.6181848080806738,0.6720842890720131,0.9777777777777777,0.016269180994638564,0.9818328432618206,158,5364
RELATIVE_B,10,100,1.0,123,A4_SENSOR_DRIFT,strong,mean_temp_c_-1,95.0,0.5371306863855698,0.3932126696832579,0.024608501118568233,0.046318258135010525,0.0379746835443038,0.5194471626752172,0.5527284569422026,0.8461538461538461,0.04782608695652174,0.899601349382412,158,1341
RELATIVE_B,10,100,1.0,123,A4_SENSOR_DRIFT,strong,mean_temp_c_-1,97.5,0.600432171751242,0.23907698127482505,0.005965697240865026,0.011640918195841872,0.0189873417721519,0.5194471626752172,0.5527284569422026,0.7272727272727273,0.011834319526627219,0.899601349382412,158,1341
RELATIVE_B,10,100,1.0,123,A4_SENSOR_DRIFT,strong,mean_temp_c_-1,99.0,0.6102161996771595,0.0,0.0,0.0,0.006329113924050633,0.5194471626752172,0.5527284569422026,0.0,0.0,0.899601349382412,158,1341
RELATIVE_B,10,100,1.0,123,A4_SENSOR_DRIFT,strong,mean_temp_c_1,95.0,0.5371306863855698,0.5644689834361806,0.049217002237136466,0.09053969576995208,0.0379746835443038,0.5830116123623879,0.6396204419524443,0.9166666666666666,0.09341825902335456,0.9218574573399047,158,1341
RELATIVE_B,10,100,1.0,123,A4_SENSOR_DRIFT,strong,mean_temp_c_1,97.5,0.600432171751242,0.4519820187985288,0.015659955257270694,0.030271098764249448,0.0189873417721519,0.5830116123623879,0.6396204419524443,0.875,0.03076923076923077,0.9218574573399047,158,1341
RELATIVE_B,10,100,1.0,123,A4_SENSOR_DRIFT,strong,mean_temp_c_1,99.0,0.6102161996771595,0.48522072936660265,0.005965697240865026,0.01178648191231939,0.006329113924050633,0.5830116123623879,0.6396204419524443,0.8888888888888888,0.011851851851851851,0.9218574573399047,158,1341
RELATIVE_B,10,100,1.0,123,A4_SENSOR_DRIFT,strong,mean_voltage_v_-1,95.0,0.5371306863855698,0.7020662075094424,0.0894854586129754,0.15873813231526598,0.0379746835443038,0.6684715296907242,0.7195249152814356,0.9523809523809523,0.16359918200409,0.943408525295362,158,1341
RELATIVE_B,10,100,1.0,123,A4_SENSOR_DRIFT,strong,mean_voltage_v_-1,97.5,0.600432171751242,0.4852207293666027,0.017897091722595078,0.034520899619013806,0.0189873417721519,0.6684715296907242,0.7195249152814356,0.8888888888888888,0.03508771929824561,0.943408525295362,158,1341
RELATIVE_B,10,100,1.0,123,A4_SENSOR_DRIFT,strong,mean_voltage_v_-1,99.0,0.6102161996771595,0.6912272622611099,0.014168530947054437,0.027767885635530315,0.006329113924050633,0.6684715296907242,0.7195249152814356,0.95,0.027920646583394566,0.943408525295362,158,1341
RELATIVE_B,10,100,1.0,123,A4_SENSOR_DRIFT,strong,mean_voltage_v_1,95.0,0.5371306863855698,0.673404773502192,0.07829977628635347,0.14028767853065782,0.0379746835443038,0.6942549819041588,0.7764633421119702,0.9459459459459459,0.1446280991735537,0.9501574449728801,158,1341
RELATIVE_B,10,100,1.0,123,A4_SENSOR_DRIFT,strong,mean_voltage_v_1,97.5,0.600432171751242,0.514657980456026,0.020134228187919462,0.03875240158606876,0.0189873417721519,0.6942549819041588,0.7764633421119702,0.9,0.03938730853391685,0.9501574449728801,158,1341
RELATIVE_B,10,100,1.0,123,A4_SENSOR_DRIFT,strong,mean_voltage_v_1,99.0,0.6102161996771595,0.6669977650856718,0.01267710663683818,0.024881313540677612,0.006329113924050633,0.6942549819041588,0.7764633421119702,0.9444444444444444,0.02501839587932303,0.9501574449728801,158,1341
RELATIVE_B,10,100,1.0,2026,A2_EARLY_VOLTAGE_COLLAPSE,mild,pooled,95.0,0.5517826831889318,0.978068093348271,0.8467532467532467,0.9076859365775863,0.0189873417721519,0.971148581064221,0.9769521617622884,0.9954198473282443,0.9150877192982456,0.9936007313719872,158,770
RELATIVE_B,10,100,1.0,2026,A2_EARLY_VOLTAGE_COLLAPSE,mild,pooled,97.5,0.5884630705672544,0.9744007447056086,0.4818181818181818,0.6447986447986448,0.012658227848101266,0.971148581064221,0.9769521617622884,0.9946380697050938,0.6491688538932633,0.9936007313719872,158,770
RELATIVE_B,10,100,1.0,2026,A2_EARLY_VOLTAGE_COLLAPSE,mild,pooled,99.0,0.6290703147185265,1.0,0.13896103896103895,0.24401368301026224,0.0,0.971148581064221,0.9769521617622884,1.0,0.24401368301026224,0.9936007313719872,158,770
RELATIVE_B,10,100,1.0,2026,A2_EARLY_VOLTAGE_COLLAPSE,moderate,pooled,95.0,0.5517826831889318,0.9810032894736842,0.9805194805194806,0.9807613253309216,0.0189873417721519,0.984340610021189,0.990309058030577,0.996042216358839,0.9882198952879581,0.9967227235523658,158,770
RELATIVE_B,10,100,1.0,2026,A2_EARLY_VOLTAGE_COLLAPSE,moderate,pooled,97.5,0.5884630705672544,0.9806513217408785,0.6415584415584416,0.7756643412239382,0.012658227848101266,0.984340610021189,0.990309058030577,0.9959677419354839,0.7804107424960506,0.9967227235523658,158,770
RELATIVE_B,10,100,1.0,2026,A2_EARLY_VOLTAGE_COLLAPSE,moderate,pooled,99.0,0.6290703147185265,1.0,0.17532467532467533,0.2983425414364641,0.0,0.984340610021189,0.990309058030577,1.0,0.2983425414364641,0.9967227235523658,158,770
RELATIVE_B,10,100,1.0,2026,A2_EARLY_VOLTAGE_COLLAPSE,strong,pooled,95.0,0.5517826831889318,0.9813426808386909,0.9987012987012988,0.9899459001433971,0.0189873417721519,0.9857395551219769,0.9915255630445504,0.9961139896373057,0.9974059662775615,0.9970292478293411,158,770
RELATIVE_B,10,100,1.0,2026,A2_EARLY_VOLTAGE_COLLAPSE,strong,pooled,97.5,0.5884630705672544,0.9812829675004254,0.6636363636363637,0.7917896615638087,0.012658227848101266,0.9857395551219769,0.9915255630445504,0.9961013645224172,0.7965705378020266,0.9970292478293411,158,770
RELATIVE_B,10,100,1.0,2026,A2_EARLY_VOLTAGE_COLLAPSE,strong,pooled,99.0,0.6290703147185265,1.0,0.17922077922077922,0.30396475770925113,0.0,0.9857395551219769,0.9915255630445504,1.0,0.30396475770925113,0.9970292478293411,158,770
RELATIVE_B,10,100,1.0,2026,A3_THERMAL_ABNORMALITY,mild,pooled,95.0,0.5517826831889318,0.7323290845886442,0.05194805194805195,0.09701435259805051,0.0189873417721519,0.643886917030453,0.681333223738287,0.9302325581395349,0.0984009840098401,0.8960999447600313,158,770
RELATIVE_B,10,100,1.0,2026,A3_THERMAL_ABNORMALITY,mild,pooled,97.5,0.5884630705672544,0.5895522388059702,0.01818181818181818,0.035275731189997765,0.012658227848101266,0.643886917030453,0.681333223738287,0.875,0.035623409669211195,0.8960999447600313,158,770
RELATIVE_B,10,100,1.0,2026,A3_THERMAL_ABNORMALITY,mild,pooled,99.0,0.6290703147185265,0.0,0.0,0.0,0.0,0.643886917030453,0.681333223738287,0.0,0.0,0.8960999447600313,158,770
RELATIVE_B,10,100,1.0,2026,A3_THERMAL_ABNORMALITY,moderate,pooled,95.0,0.5517826831889318,0.9029330195814775,0.17662337662337663,0.29545298299165396,0.0189873417721519,0.8146149281527415,0.8480601676804208,0.9784172661870504,0.2992299229922993,0.9532712078881334,158,770
RELATIVE_B,10,100,1.0,2026,A3_THERMAL_ABNORMALITY,moderate,pooled,97.5,0.5884630705672544,0.78693967902601,0.046753246753246755,0.08826267767363914,0.012658227848101266,0.8146149281527415,0.8480601676804208,0.9473684210526315,0.08910891089108912,0.9532712078881334,158,770
RELATIVE_B,10,100,1.0,2026,A3_THERMAL_ABNORMALITY,moderate,pooled,99.0,0.6290703147185265,1.0,0.007792207792207792,0.015463917525773198,0.0,0.8146149281527415,0.8480601676804208,1.0,0.015463917525773198,0.9532712078881334,158,770
RELATIVE_B,10,100,1.0,2026,A3_THERMAL_ABNORMALITY,strong,pooled,95.0,0.5517826831889318,0.9595701484178102,0.45064935064935063,0.6132799391485267,0.0189873417721519,0.9069776411791209,0.9329113924050633,0.9914285714285714,0.6196428571428572,0.9784613761709003,158,770
RELATIVE_B,10,100,1.0,2026,A3_THERMAL_ABNORMALITY,strong,pooled,97.5,0.5884630705672544,0.8937637969094923,0.10649350649350649,0.1903111137224948,0.012658227848101266,0.9069776411791209,0.9329113924050633,0.9761904761904762,0.19203747072599528,0.9784613761709003,158,770
RELATIVE_B,10,100,1.0,2026,A3_THERMAL_ABNORMALITY,strong,pooled,99.0,0.6290703147185265,1.0,0.01948051948051948,0.03821656050955414,0.0,0.9069776411791209,0.9329113924050633,1.0,0.03821656050955414,0.9784613761709003,158,770
RELATIVE_B,10,100,1.0,2026,A4_SENSOR_DRIFT,mild,pooled,95.0,0.5517826831889318,0.589070480081716,0.027218493661446682,0.05203276972770089,0.0189873417721519,0.5575862907758734,0.5830495615401315,0.9798657718120806,0.0529657173952476,0.9769640719475643,158,5364
RELATIVE_B,10,100,1.0,2026,A4_SENSOR_DRIFT,mild,pooled,97.5,0.5884630705672544,0.409055855458852,0.008762117822520506,0.017156732504222182,0.012658227848101266,0.5575862907758734,0.5830495615401315,0.9591836734693877,0.017365601330131167,0.9769640719475643,158,5364
RELATIVE_B,10,100,1.0,2026,A4_SENSOR_DRIFT,mild,pooled,99.0,0.6290703147185265,1.0,0.002982848620432513,0.005947955390334572,0.0,0.5575862907758734,0.5830495615401315,1.0,0.005947955390334572,0.9769640719475643,158,5364
RELATIVE_B,10,100,1.0,2026,A4_SENSOR_DRIFT,mild,mean_temp_c_-1,95.0,0.5517826831889318,0.4273309608540925,0.014168530947054437,0.027427673444402313,0.0189873417721519,0.4892427021190683,0.4836014121333975,0.8636363636363636,0.027879677182685254,0.8897629643399517,158,1341
RELATIVE_B,10,100,1.0,2026,A4_SENSOR_DRIFT,mild,mean_temp_c_-1,97.5,0.5884630705672544,0.15019011406844104,0.0022371364653243847,0.0044086051508133595,0.012658227848101266,0.4892427021190683,0.4836014121333975,0.6,0.004457652303120356,0.8897629643399517,158,1341
RELATIVE_B,10,100,1.0,2026,A4_SENSOR_DRIFT,mild,mean_temp_c_-1,99.0,0.6290703147185265,0.0,0.0,0.0,0.0,0.4892427021190683,0.4836014121333975,0.0,0.0,0.8897629643399517,158,1341
RELATIVE_B,10,100,1.0,2026,A4_SENSOR_DRIFT,mild,mean_temp_c_1,95.0,0.5517826831889318,0.5409106470386854,0.02237136465324385,0.04296572259915429,0.0189873417721519,0.5190119512154343,0.5319806681203334,0.9090909090909091,0.04366812227074236,0.9008931890488762,158,1341
RELATIVE_B,10,100,1.0,2026,A4_SENSOR_DRIFT,mild,mean_temp_c_1,97.5,0.5884630705672544,0.34649122807017546,0.006711409395973154,0.013167763980331695,0.012658227848101266,0.5190119512154343,0.5319806681203334,0.8181818181818182,0.013313609467455622,0.9008931890488762,158,1341
RELATIVE_B,10,100,1.0,2026,A4_SENSOR_DRIFT,mild,mean_temp_c_1,99.0,0.6290703147185265,1.0,0.0044742729306487695,0.008908685968819599,0.0,0.5190119512154343,0.5319806681203334,1.0,0.008908685968819599,0.9008931890488762,158,1341
RELATIVE_B,10,100,1.0,2026,A4_SENSOR_DRIFT,mild,mean_voltage_v_-1,95.0,0.5517826831889318,0.6280854210964223,0.03206562266964952,0.06101618805990256,0.0189873417721519,0.5976525080583438,0.638768536610691,0.9347826086956522,0.06200432588320116,0.9257068783690229,158,1341
RELATIVE_B,10,100,1.0,2026,A4_SENSOR_DRIFT,mild,mean_voltage_v_-1,97.5,0.5884630705672544,0.5146579804560261,0.013422818791946308,0.02616327206491141,0.012658227848101266,0.5976525080583438,0.638768536610691,0.9,0.02645113886847906,0.9257068783690229,158,1341
RELATIVE_B,10,100,1.0,2026,A4_SENSOR_DRIFT,mild,mean_voltage_v_-1,99.0,0.6290703147185265,1.0,0.0022371364653243847,0.004464285714285714,0.0,0.5976525080583438,0.638768536610691,1.0,0.004464285714285714,0.9257068783690229,158,1341
RELATIVE_B,10,100,1.0,2026,A4_SENSOR_DRIFT,mild,mean_voltage_v_1,95.0,0.5517826831889318,0.6795698924731182,0.040268456375838924,0.0760315996310703,0.0189873417721519,0.623200316993398,0.6778476292961044,0.9473684210526315,0.07725321888412016,0.9328417329434042,158,1341
RELATIVE_B,10,100,1.0,2026,A4_SENSOR_DRIFT,mild,mean_voltage_v_1,97.5,0.5884630705672544,0.5003725782414308,0.01267710663683818,0.024727728013404157,0.012658227848101266,0.623200316993398,0.6778476292961044,0.8947368421052632,0.024999999999999998,0.9328417329434042,158,1341
RELATIVE_B,10,100,1.0,2026,A4_SENSOR_DRIFT,mild,mean_voltage_v_1,99.0,0.6290703147185265,1.0,0.005219985085756898,0.010385756676557865,0.0,0.623200316993398,0.6778476292961044,1.0,0.010385756676557865,0.9328417329434042,158,1341
RELATIVE_B,10,100,1.0,2026,A4_SENSOR_DRIFT,moderate,pooled,95.0,0.5517826831889318,0.6399194450660103,0.033743475018642805,0.06410655882860607,0.0189873417721519,0.600199843720322,0.6375195867433145,0.9836956521739131,0.06524873828406634,0.98047227098103,158,5364
RELATIVE_B,10,100,1.0,2026,A4_SENSOR_DRIFT,moderate,pooled,97.5,0.5884630705672544,0.46493765586034913,0.010999254287844892,0.021490106758940572,0.012658227848101266,0.600199843720322,0.6375195867433145,0.9672131147540983,0.021751152073732717,0.98047227098103,158,5364
RELATIVE_B,10,100,1.0,2026,A4_SENSOR_DRIFT,moderate,pooled,99.0,0.6290703147185265,1.0,0.002982848620432513,0.005947955390334572,0.0,0.600199843720322,0.6375195867433145,1.0,0.005947955390334572,0.98047227098103,158,5364
RELATIVE_B,10,100,1.0,2026,A4_SENSOR_DRIFT,moderate,mean_temp_c_-1,95.0,0.5517826831889318,0.41415465268676277,0.013422818791946308,0.026002880065830077,0.0189873417721519,0.5055538925825226,0.5184587356875183,0.8571428571428571,0.026431718061674006,0.8956592603615599,158,1341
RELATIVE_B,10,100,1.0,2026,A4_SENSOR_DRIFT,moderate,mean_temp_c_-1,97.5,0.5884630705672544,0.10540360240160106,0.0014914243102162564,0.00294123122172788,0.012658227848101266,0.5055538925825226,0.5184587356875183,0.5,0.002973977695167286,0.8956592603615599,158,1341
RELATIVE_B,10,100,1.0,2026,A4_SENSOR_DRIFT,moderate,mean_temp_c_-1,99.0,0.6290703147185265,0.0,0.0,0.0,0.0,0.5055538925825226,0.5184587356875183,0.0,0.0,0.8956592603615599,158,1341
RELATIVE_B,10,100,1.0,2026,A4_SENSOR_DRIFT,moderate,mean_temp_c_1,95.0,0.5517826831889318,0.5923599148849934,0.027591349739000747,0.05272675616806541,0.0189873417721519,0.5440286076169585,0.5777593709587593,0.925,0.05358435916002897,0.9097227267293241,158,1341
RELATIVE_B,10,100,1.0,2026,A4_SENSOR_DRIFT,moderate,mean_temp_c_1,97.5,0.5884630705672544,0.45198201879852884,0.010439970171513796,0.020408539848319893,0.012658227848101266,0.5440286076169585,0.5777593709587593,0.875,0.020633750921149597,0.9097227267293241,158,1341
RELATIVE_B,10,100,1.0,2026,A4_SENSOR_DRIFT,moderate,mean_temp_c_1,99.0,0.6290703147185265,1.0,0.0037285607755406414,0.007429420505200595,0.0,0.5440286076169585,0.5777593709587593,1.0,0.007429420505200595,0.9097227267293241,158,1341
RELATIVE_B,10,100,1.0,2026,A4_SENSOR_DRIFT,moderate,mean_voltage_v_-1,95.0,0.5517826831889318,0.7304522613065326,0.05145413870246085,0.09613629449345908,0.0189873417721519,0.6662600755168235,0.7074778882186918,0.9583333333333334,0.09766454352441614,0.9428636130964008,158,1341
RELATIVE_B,10,100,1.0,2026,A4_SENSOR_DRIFT,moderate,mean_voltage_v_-1,97.5,0.5884630705672544,0.5857275254865617,0.017897091722595078,0.03473290833150142,0.012658227848101266,0.6662600755168235,0.7074778882186918,0.9230769230769231,0.03511338697878566,0.9428636130964008,158,1341
RELATIVE_B,10,100,1.0,2026,A4_SENSOR_DRIFT,moderate,mean_voltage_v_-1,99.0,0.6290703147185265,1.0,0.0037285607755406414,0.007429420505200595,0.0,0.6662600755168235,0.7074778882186918,1.0,0.007429420505200595,0.9428636130964008,158,1341
RELATIVE_B,10,100,1.0,2026,A4_SENSOR_DRIFT,moderate,mean_voltage_v_1,95.0,0.5517826831889318,0.6912272622611098,0.042505592841163314,0.08008643572676707,0.0189873417721519,0.6770154909838237,0.7463823521082887,0.95,0.08137044967880087,0.946073520667066,158,1341
RELATIVE_B,10,100,1.0,2026,A4_SENSOR_DRIFT,moderate,mean_voltage_v_1,97.5,0.5884630705672544,0.528149190710767,0.014168530947054437,0.027596731046782067,0.012658227848101266,0.6770154909838237,0.7463823521082887,0.9047619047619048,0.027900146842878122,0.946073520667066,158,1341
RELATIVE_B,10,100,1.0,2026,A4_SENSOR_DRIFT,moderate,mean_voltage_v_1,99.0,0.6290703147185265,1.0,0.0044742729306487695,0.008908685968819599,0.0,0.6770154909838237,0.7463823521082887,1.0,0.008908685968819599,0.946073520667066,158,1341
RELATIVE_B,10,100,1.0,2026,A4_SENSOR_DRIFT,strong,pooled,95.0,0.5517826831889318,0.6921605386999272,0.04269202087994034,0.08042356738157738,0.0189873417721519,0.6319074202816477,0.6772564872237797,0.9870689655172413,0.08184417441029306,0.9827854107818513,158,5364
RELATIVE_B,10,100,1.0,2026,A4_SENSOR_DRIFT,strong,pooled,97.5,0.5884630705672544,0.48522072936660265,0.011931394481730051,0.02329009433962264,0.012658227848101266,0.6319074202816477,0.6772564872237797,0.9696969696969697,0.023572744014732964,0.9827854107818513,158,5364
RELATIVE_B,10,100,1.0,2026,A4_SENSOR_DRIFT,strong,pooled,99.0,0.6290703147185265,1.0,0.002982848620432513,0.005947955390334572,0.0,0.6319074202816477,0.6772564872237797,1.0,0.005947955390334572,0.9827854107818513,158,5364
RELATIVE_B,10,100,1.0,2026,A4_SENSOR_DRIFT,strong,mean_temp_c_-1,95.0,0.5517826831889318,0.38589528316287586,0.011931394481730051,0.023147109587096953,0.0189873417721519,0.5350423943124987,0.567227366692153,0.8421052631578947,0.02352941176470588,0.9055612840789806,158,1341
RELATIVE_B,10,100,1.0,2026,A4_SENSOR_DRIFT,strong,mean_temp_c_-1,97.5,0.5884630705672544,0.10540360240160106,0.0014914243102162564,0.00294123122172788,0.012658227848101266,0.5350423943124987,0.567227366692153,0.5,0.002973977695167286,0.9055612840789806,158,1341
RELATIVE_B,10,100,1.0,2026,A4_SENSOR_DRIFT,strong,mean_temp_c_-1,99.0,0.6290703147185265,0.0,0.0,0.0,0.0,0.5350423943124987,0.567227366692153,0.0,0.0,0.9055612840789806,158,1341
RELATIVE_B,10,100,1.0,2026,A4_SENSOR_DRIFT,strong,mean_temp_c_1,95.0,0.5517826831889318,0.6280854210964223,0.03206562266964952,0.06101618805990256,0.0189873417721519,0.5738450187458013,0.6232407328745788,0.9347826086956522,0.06200432588320116,0.9192625856150387,158,1341
RELATIVE_B,10,100,1.0,2026,A4_SENSOR_DRIFT,strong,mean_temp_c_1,97.5,0.5884630705672544,0.48522072936660265,0.011931394481730051,0.02329009433962264,0.012658227848101266,0.5738450187458013,0.6232407328745788,0.8888888888888888,0.023546725533480497,0.9192625856150387,158,1341
RELATIVE_B,10,100,1.0,2026,A4_SENSOR_DRIFT,strong,mean_temp_c_1,99.0,0.6290703147185265,1.0,0.002982848620432513,0.005947955390334572,0.0,0.5738450187458013,0.6232407328745788,1.0,0.005947955390334572,0.9192625856150387,158,1341
RELATIVE_B,10,100,1.0,2026,A4_SENSOR_DRIFT,strong,mean_voltage_v_-1,95.0,0.5517826831889318,0.7868609271523178,0.07009694258016405,0.12872638708922526,0.0189873417721519,0.7001693790635422,0.7395883480115916,0.9690721649484536,0.13073713490959665,0.9501904323946447,158,1341
RELATIVE_B,10,100,1.0,2026,A4_SENSOR_DRIFT,strong,mean_voltage_v_-1,97.5,0.5884630705672544,0.6050073637702503,0.019388516032811335,0.03757294162840471,0.012658227848101266,0.7001693790635422,0.7395883480115916,0.9285714285714286,0.03798392987582177,0.9501904323946447,158,1341
RELATIVE_B,10,100,1.0,2026,A4_SENSOR_DRIFT,strong,mean_voltage_v_-1,99.0,0.6290703147185265,1.0,0.0044742729306487695,0.008908685968819599,0.0,0.7001693790635422,0.7395883480115916,1.0,0.008908685968819599,0.9501904323946447,158,1341
RELATIVE_B,10,100,1.0,2026,A4_SENSOR_DRIFT,strong,mean_voltage_v_1,95.0,0.5517826831889318,0.7490487181086645,0.05667412378821775,0.10537539105520186,0.0189873417721519,0.7070057020236082,0.7789695013167957,0.9620253164556962,0.10704225352112676,0.9527021972423391,158,1341
RELATIVE_B,10,100,1.0,2026,A4_SENSOR_DRIFT,strong,mean_voltage_v_1,97.5,0.5884630705672544,0.5409106470386854,0.014914243102162566,0.02902810949843836,0.012658227848101266,0.7070057020236082,0.7789695013167957,0.9090909090909091,0.0293470286133529,0.9527021972423391,158,1341
RELATIVE_B,10,100,1.0,2026,A4_SENSOR_DRIFT,strong,mean_voltage_v_1,99.0,0.6290703147185265,1.0,0.0044742729306487695,0.008908685968819599,0.0,0.7070057020236082,0.7789695013167957,1.0,0.008908685968819599,0.9527021972423391,158,1341
RELATIVE_B,10,200,0.75,42,A2_EARLY_VOLTAGE_COLLAPSE,mild,pooled,95.0,0.540861445635164,0.9639202309105223,0.8454545454545455,0.9008092202059833,0.03164556962025317,0.9648048907294561,0.9748643761301988,0.9923780487804879,0.9130434782608696,0.9922948272779492,158,770
RELATIVE_B,10,200,0.75,42,A2_EARLY_VOLTAGE_COLLAPSE,mild,pooled,97.5,0.5894471844358777,0.9601758469097491,0.3051948051948052,0.4631697124680347,0.012658227848101266,0.9648048907294561,0.9748643761301988,0.9915611814345991,0.4667328699106257,0.9922948272779492,158,770
RELATIVE_B,10,200,0.75,42,A2_EARLY_VOLTAGE_COLLAPSE,mild,pooled,99.0,0.61517983233989,0.9665914612981603,0.18311688311688312,0.307902811178373,0.006329113924050633,0.9648048907294561,0.9748643761301988,0.9929577464788732,0.30921052631578955,0.9922948272779492,158,770
RELATIVE_B,10,200,0.75,42,A2_EARLY_VOLTAGE_COLLAPSE,moderate,pooled,95.0,0.540861445635164,0.9687748381968888,0.9818181818181818,0.9752529004972281,0.03164556962025317,0.9778295371571892,0.9869225710997863,0.9934296977660972,0.9875898105813193,0.9953439916629415,158,770
RELATIVE_B,10,200,0.75,42,A2_EARLY_VOLTAGE_COLLAPSE,moderate,pooled,97.5,0.5894471844358777,0.9686341602509267,0.39090909090909093,0.557022218578339,0.012658227848101266,0.9778295371571892,0.9869225710997863,0.9933993399339934,0.5610438024231127,0.9953439916629415,158,770
RELATIVE_B,10,200,0.75,42,A2_EARLY_VOLTAGE_COLLAPSE,moderate,pooled,99.0,0.61517983233989,0.9733508686924621,0.23116883116883116,0.3736068121737051,0.006329113924050633,0.9778295371571892,0.9869225710997863,0.994413407821229,0.375131717597471,0.9953439916629415,158,770
RELATIVE_B,10,200,0.75,42,A2_EARLY_VOLTAGE_COLLAPSE,strong,pooled,95.0,0.540861445635164,0.969169909831996,0.9948051948051948,0.981820246777373,0.03164556962025317,0.9791979090101233,0.9880568798290318,0.993514915693904,0.9941596365996106,0.9956437159735222,158,770
RELATIVE_B,10,200,0.75,42,A2_EARLY_VOLTAGE_COLLAPSE,strong,pooled,97.5,0.5894471844358777,0.9693251533742331,0.4,0.5663082437275985,0.012658227848101266,0.9791979090101233,0.9880568798290318,0.9935483870967742,0.5703703703703704,0.9956437159735222,158,770
RELATIVE_B,10,200,0.75,42,A2_EARLY_VOLTAGE_COLLAPSE,strong,pooled,99.0,0.61517983233989,0.9740600997170192,0.23766233766233766,0.3820964161116397,0.006329113924050633,0.9791979090101233,0.9880568798290318,0.9945652173913043,0.3836477987421384,0.9956437159735222,158,770
RELATIVE_B,10,200,0.75,42,A3_THERMAL_ABNORMALITY,mild,pooled,95.0,0.540861445635164,0.78693967902601,0.11688311688311688,0.20353538968009732,0.03164556962025317,0.6899200153650535,0.7124856156501725,0.9473684210526315,0.20809248554913293,0.9127394658197457,158,770
RELATIVE_B,10,200,0.75,42,A3_THERMAL_ABNORMALITY,mild,pooled,97.5,0.5894471844358777,0.7194899817850637,0.032467532467532464,0.062131340935902474,0.012658227848101266,0.6899200153650535,0.7124856156501725,0.9259259259259259,0.06273525721455459,0.9127394658197457,158,770
RELATIVE_B,10,200,0.75,42,A3_THERMAL_ABNORMALITY,mild,pooled,99.0,0.61517983233989,0.672340425531915,0.012987012987012988,0.025481815982582052,0.006329113924050633,0.6899200153650535,0.7124856156501725,0.9090909090909091,0.02560819462227913,0.9127394658197457,158,770
RELATIVE_B,10,200,0.75,42,A3_THERMAL_ABNORMALITY,moderate,pooled,95.0,0.540861445635164,0.9188756374057061,0.35844155844155845,0.5157109237337243,0.03164556962025317,0.8645517416418905,0.8778645405227684,0.9822064056939501,0.5252140818268316,0.9665491216003067,158,770
RELATIVE_B,10,200,0.75,42,A3_THERMAL_ABNORMALITY,moderate,pooled,97.5,0.5894471844358777,0.9224884235957318,0.15064935064935064,0.25900175230343114,0.012658227848101266,0.8645517416418905,0.8778645405227684,0.9830508474576272,0.2612612612612612,0.9665491216003067,158,770
RELATIVE_B,10,200,0.75,42,A3_THERMAL_ABNORMALITY,moderate,pooled,99.0,0.61517983233989,0.8746336698143927,0.04415584415584416,0.08406754197899877,0.006329113924050633,0.8645517416418905,0.8778645405227684,0.9714285714285714,0.084472049689441,0.9665491216003067,158,770
RELATIVE_B,10,200,0.75,42,A3_THERMAL_ABNORMALITY,strong,pooled,95.0,0.540861445635164,0.956045210640484,0.6883116883116883,0.8003823178016726,0.03164556962025317,0.9453393911183461,0.9524083511425285,0.9906542056074766,0.8122605363984675,0.98745350640735,158,770
RELATIVE_B,10,200,0.75,42,A3_THERMAL_ABNORMALITY,strong,pooled,97.5,0.5894471844358777,0.9673742638023812,0.37532467532467534,0.5408203148132795,0.012658227848101266,0.9453393911183461,0.9524083511425285,0.993127147766323,0.5447690857681433,0.98745350640735,158,770
RELATIVE_B,10,200,0.75,42,A3_THERMAL_ABNORMALITY,strong,pooled,99.0,0.61517983233989,0.953083109919571,0.12857142857142856,0.22657743785850856,0.006329113924050633,0.9453393911183461,0.9524083511425285,0.99,0.2275862068965517,0.98745350640735,158,770
RELATIVE_B,10,200,0.75,42,A4_SENSOR_DRIFT,mild,pooled,95.0,0.540861445635164,0.5174175903267598,0.03392990305741984,0.06368371631557501,0.03164556962025317,0.5522272107210673,0.5792879628843013,0.9732620320855615,0.06557377049180328,0.9765072807114892,158,5364
RELATIVE_B,10,200,0.75,42,A4_SENSOR_DRIFT,mild,pooled,97.5,0.5894471844358777,0.3985872855701312,0.008389261744966443,0.016432657306292252,0.012658227848101266,0.5522272107210673,0.5792879628843013,0.9574468085106383,0.016632785067455184,0.9765072807114892,158,5364
RELATIVE_B,10,200,0.75,42,A4_SENSOR_DRIFT,mild,pooled,99.0,0.61517983233989,0.4606877136537301,0.00540641312453393,0.010687403931154645,0.006329113924050633,0.5522272107210673,0.5792879628843013,0.9666666666666667,0.01075268817204301,0.9765072807114892,158,5364
RELATIVE_B,10,200,0.75,42,A4_SENSOR_DRIFT,mild,mean_temp_c_-1,95.0,0.540861445635164,0.39751999281157335,0.020879940343027592,0.03967588461348747,0.03164556962025317,0.48429792397646476,0.4799436468156203,0.8484848484848485,0.040756914119359534,0.8874532308137375,158,1341
RELATIVE_B,10,200,0.75,42,A4_SENSOR_DRIFT,mild,mean_temp_c_-1,97.5,0.5894471844358777,0.15019011406844104,0.0022371364653243847,0.0044086051508133595,0.012658227848101266,0.48429792397646476,0.4799436468156203,0.6,0.004457652303120356,0.8874532308137375,158,1341
RELATIVE_B,10,200,0.75,42,A4_SENSOR_DRIFT,mild,mean_temp_c_-1,99.0,0.61517983233989,0.10540360240160106,0.0007457121551081282,0.0014809468686878154,0.006329113924050633,0.48429792397646476,0.4799436468156203,0.5,0.0014892032762472078,0.8874532308137375,158,1341
RELATIVE_B,10,200,0.75,42,A4_SENSOR_DRIFT,mild,mean_temp_c_1,95.0,0.540861445635164,0.4913904270651597,0.030574198359433258,0.0575666152731926,0.03164556962025317,0.5214336933828154,0.5357800243536375,0.8913043478260869,0.05912040374909878,0.9018405791045307,158,1341
RELATIVE_B,10,200,0.75,42,A4_SENSOR_DRIFT,mild,mean_temp_c_1,97.5,0.5894471844358777,0.34649122807017546,0.006711409395973154,0.013167763980331695,0.012658227848101266,0.5214336933828154,0.5357800243536375,0.8181818181818182,0.013313609467455622,0.9018405791045307,158,1341
RELATIVE_B,10,200,0.75,42,A4_SENSOR_DRIFT,mild,mean_temp_c_1,99.0,0.61517983233989,0.5146579804560261,0.006711409395973154,0.01325003144785945,0.006329113924050633,0.5214336933828154,0.5357800243536375,0.9,0.013323464100666172,0.9018405791045307,158,1341
RELATIVE_B,10,200,0.75,42,A4_SENSOR_DRIFT,mild,mean_voltage_v_-1,95.0,0.540861445635164,0.5090429816211466,0.03281133482475764,0.061648968009399875,0.03164556962025317,0.5837832884937807,0.620253164556962,0.8979591836734694,0.06330935251798561,0.9217557402296815,158,1341
RELATIVE_B,10,200,0.75,42,A4_SENSOR_DRIFT,mild,mean_voltage_v_-1,97.5,0.5894471844358777,0.4691211401425178,0.011185682326621925,0.021850366477665608,0.012658227848101266,0.5837832884937807,0.620253164556962,0.8823529411764706,0.022091310751104567,0.9217557402296815,158,1341
RELATIVE_B,10,200,0.75,42,A4_SENSOR_DRIFT,mild,mean_voltage_v_-1,99.0,0.61517983233989,0.5409106470386854,0.007457121551081283,0.014711427893053507,0.006329113924050633,0.5837832884937807,0.620253164556962,0.9090909090909091,0.014792899408284025,0.9217557402296815,158,1341
RELATIVE_B,10,200,0.75,42,A4_SENSOR_DRIFT,mild,mean_voltage_v_1,95.0,0.540861445635164,0.6191855512012268,0.05145413870246085,0.09501274593110662,0.03164556962025317,0.6187282541007446,0.6811750158109855,0.9324324324324325,0.09752650176678446,0.9318921918007186,158,1341
RELATIVE_B,10,200,0.75,42,A4_SENSOR_DRIFT,mild,mean_voltage_v_1,97.5,0.5894471844358777,0.5146579804560261,0.013422818791946308,0.02616327206491141,0.012658227848101266,0.6187282541007446,0.6811750158109855,0.9,0.02645113886847906,0.9318921918007186,158,1341
RELATIVE_B,10,200,0.75,42,A4_SENSOR_DRIFT,mild,mean_voltage_v_1,99.0,0.61517983233989,0.5146579804560261,0.006711409395973154,0.01325003144785945,0.006329113924050633,0.6187282541007446,0.6811750158109855,0.9,0.013323464100666172,0.9318921918007186,158,1341
RELATIVE_B,10,200,0.75,42,A4_SENSOR_DRIFT,moderate,pooled,95.0,0.540861445635164,0.5576593218102651,0.039895600298284865,0.07446396166246763,0.03164556962025317,0.5916384152904772,0.6322559444586036,0.9771689497716894,0.07666129321153503,0.9798366513968955,158,5364
RELATIVE_B,10,200,0.75,42,A4_SENSOR_DRIFT,moderate,pooled,97.5,0.5894471844358777,0.4563697172392825,0.010626398210290829,0.020769193516026595,0.012658227848101266,0.5916384152904772,0.6322559444586036,0.9661016949152542,0.02102157477411027,0.9798366513968955,158,5364
RELATIVE_B,10,200,0.75,42,A4_SENSOR_DRIFT,moderate,pooled,99.0,0.61517983233989,0.48522072936660265,0.005965697240865026,0.01178648191231939,0.006329113924050633,0.5916384152904772,0.6322559444586036,0.9696969696969697,0.011858439874004076,0.9798366513968955,158,5364
RELATIVE_B,10,200,0.75,42,A4_SENSOR_DRIFT,moderate,mean_temp_c_-1,95.0,0.540861445635164,0.29783223374175305,0.013422818791946308,0.025687924236881682,0.03164556962025317,0.49843152693464693,0.5111715232350692,0.782608695652174,0.026392961876832842,0.892227658304587,158,1341
RELATIVE_B,10,200,0.75,42,A4_SENSOR_DRIFT,moderate,mean_temp_c_-1,97.5,0.5894471844358777,0.10540360240160106,0.0014914243102162564,0.00294123122172788,0.012658227848101266,0.49843152693464693,0.5111715232350692,0.5,0.002973977695167286,0.892227658304587,158,1341
RELATIVE_B,10,200,0.75,42,A4_SENSOR_DRIFT,moderate,mean_temp_c_-1,99.0,0.61517983233989,0.10540360240160106,0.0007457121551081282,0.0014809468686878154,0.006329113924050633,0.49843152693464693,0.5111715232350692,0.5,0.0014892032762472078,0.892227658304587,158,1341
RELATIVE_B,10,200,0.75,42,A4_SENSOR_DRIFT,moderate,mean_temp_c_1,95.0,0.540861445635164,0.5409106470386854,0.037285607755406416,0.06976241042374041,0.03164556962025317,0.5500184423918335,0.5864294546861873,0.9090909090909091,0.07163323782234958,0.9116613606703902,158,1341
RELATIVE_B,10,200,0.75,42,A4_SENSOR_DRIFT,moderate,mean_temp_c_1,97.5,0.5894471844358777,0.4691211401425178,0.011185682326621925,0.021850366477665608,0.012658227848101266,0.5500184423918335,0.5864294546861873,0.8823529411764706,0.022091310751104567,0.9116613606703902,158,1341
RELATIVE_B,10,200,0.75,42,A4_SENSOR_DRIFT,moderate,mean_temp_c_1,99.0,0.61517983233989,0.41415465268676277,0.0044742729306487695,0.00885290450909804,0.006329113924050633,0.5500184423918335,0.5864294546861873,0.8571428571428571,0.008902077151335312,0.9116613606703902,158,1341
RELATIVE_B,10,200,0.75,42,A4_SENSOR_DRIFT,moderate,mean_voltage_v_-1,95.0,0.540861445635164,0.6323811612478754,0.054436987322893364,0.10024465815215737,0.03164556962025317,0.6469139221497031,0.6895194404327017,0.9358974358974359,0.10288935870331219,0.9383668804042755,158,1341
RELATIVE_B,10,200,0.75,42,A4_SENSOR_DRIFT,moderate,mean_voltage_v_-1,97.5,0.5894471844358777,0.5409106470386854,0.014914243102162566,0.02902810949843836,0.012658227848101266,0.6469139221497031,0.6895194404327017,0.9090909090909091,0.0293470286133529,0.9383668804042755,158,1341
RELATIVE_B,10,200,0.75,42,A4_SENSOR_DRIFT,moderate,mean_voltage_v_-1,99.0,0.61517983233989,0.6533988110622899,0.011931394481730051,0.023434856568109865,0.006329113924050633,0.6469139221497031,0.6895194404327017,0.9411764705882353,0.0235640648011782,0.9383668804042755,158,1341
RELATIVE_B,10,200,0.75,42,A4_SENSOR_DRIFT,moderate,mean_voltage_v_1,95.0,0.540861445635164,0.6323811612478754,0.054436987322893364,0.10024465815215737,0.03164556962025317,0.6659438814782003,0.7419033594804557,0.9358974358974359,0.10288935870331219,0.9437292851054035,158,1341
RELATIVE_B,10,200,0.75,42,A4_SENSOR_DRIFT,moderate,mean_voltage_v_1,97.5,0.5894471844358777,0.5409106470386854,0.014914243102162566,0.02902810949843836,0.012658227848101266,0.6659438814782003,0.7419033594804557,0.9090909090909091,0.0293470286133529,0.9437292851054035,158,1341
RELATIVE_B,10,200,0.75,42,A4_SENSOR_DRIFT,moderate,mean_voltage_v_1,99.0,0.61517983233989,0.5146579804560261,0.006711409395973154,0.01325003144785945,0.006329113924050633,0.6659438814782003,0.7419033594804557,0.9,0.013323464100666172,0.9437292851054035,158,1341
RELATIVE_B,10,200,0.75,42,A4_SENSOR_DRIFT,strong,pooled,95.0,0.540861445635164,0.6003576218149308,0.04753914988814318,0.08810196999416152,0.03164556962025317,0.6223663430415458,0.6712819405506943,0.9807692307692307,0.09068278805120912,0.982159393699854,158,5364
RELATIVE_B,10,200,0.75,42,A4_SENSOR_DRIFT,strong,pooled,97.5,0.5894471844358777,0.4732397132475694,0.011372110365398955,0.022210495023494082,0.012658227848101266,0.6223663430415458,0.6712819405506943,0.9682539682539683,0.02248019163442049,0.982159393699854,158,5364
RELATIVE_B,10,200,0.75,42,A4_SENSOR_DRIFT,strong,pooled,99.0,0.61517983233989,0.5146579804560261,0.006711409395973154,0.01325003144785945,0.006329113924050633,0.6223663430415458,0.6712819405506943,0.972972972972973,0.013330864654693575,0.982159393699854,158,5364
RELATIVE_B,10,200,0.75,42,A4_SENSOR_DRIFT,strong,mean_temp_c_-1,95.0,0.540861445635164,0.27380049821293184,0.011931394481730051,0.022866343148916158,0.03164556962025317,0.5269906707317471,0.556593888936086,0.7619047619047619,0.023494860499265784,0.9025056396033067,158,1341
RELATIVE_B,10,200,0.75,42,A4_SENSOR_DRIFT,strong,mean_temp_c_-1,97.5,0.5894471844358777,0.055633802816901404,0.0007457121551081282,0.001471697761715366,0.012658227848101266,0.5269906707317471,0.556593888936086,0.3333333333333333,0.0014880952380952382,0.9025056396033067,158,1341
RELATIVE_B,10,200,0.75,42,A4_SENSOR_DRIFT,strong,mean_temp_c_-1,99.0,0.61517983233989,0.10540360240160106,0.0007457121551081282,0.0014809468686878154,0.006329113924050633,0.5269906707317471,0.556593888936086,0.5,0.0014892032762472078,0.9025056396033067,158,1341
RELATIVE_B,10,200,0.75,42,A4_SENSOR_DRIFT,strong,mean_temp_c_1,95.0,0.540861445635164,0.5897326072324542,0.04548844146159582,0.08446199078962935,0.03164556962025317,0.5835378890672935,0.6351721273563089,0.9242424242424242,0.0867093105899076,0.9221308523278928,158,1341
RELATIVE_B,10,200,0.75,42,A4_SENSOR_DRIFT,strong,mean_temp_c_1,97.5,0.5894471844358777,0.5146579804560261,0.013422818791946308,0.02616327206491141,0.012658227848101266,0.5835378890672935,0.6351721273563089,0.9,0.02645113886847906,0.9221308523278928,158,1341
RELATIVE_B,10,200,0.75,42,A4_SENSOR_DRIFT,strong,mean_temp_c_1,99.0,0.61517983233989,0.45198201879852884,0.005219985085756898,0.010320774524670477,0.006329113924050633,0.5835378890672935,0.6351721273563089,0.875,0.010378057820607857,0.9221308523278928,158,1341
RELATIVE_B,10,200,0.75,42,A4_SENSOR_DRIFT,strong,mean_voltage_v_-1,95.0,0.540861445635164,0.7082118455981549,0.07680835197613721,0.13858645899419647,0.03164556962025317,0.6807650734693835,0.7235036200077403,0.9537037037037037,0.14216701173222912,0.9461301590761058,158,1341
RELATIVE_B,10,200,0.75,42,A4_SENSOR_DRIFT,strong,mean_voltage_v_-1,97.5,0.5894471844358777,0.553,0.015659955257270694,0.030457411946134993,0.012658227848101266,0.6807650734693835,0.7235036200077403,0.9130434782608695,0.03079178885630499,0.9461301590761058,158,1341
RELATIVE_B,10,200,0.75,42,A4_SENSOR_DRIFT,strong,mean_voltage_v_-1,99.0,0.61517983233989,0.71216999356085,0.015659955257270694,0.03064603277961734,0.006329113924050633,0.6807650734693835,0.7235036200077403,0.9545454545454546,0.030814380044020546,0.9461301590761058,158,1341
RELATIVE_B,10,200,0.75,42,A4_SENSOR_DRIFT,strong,mean_voltage_v_1,95.0,0.540861445635164,0.6386418755052546,0.05592841163310962,0.10284985223470598,0.03164556962025317,0.6907313674550366,0.7698581259026422,0.9375,0.1055594651653765,0.9493954617427991,158,1341
RELATIVE_B,10,200,0.75,42,A4_SENSOR_DRIFT,strong,mean_voltage_v_1,97.5,0.5894471844358777,0.553,0.015659955257270694,0.030457411946134993,0.012658227848101266,0.6907313674550366,0.7698581259026422,0.9130434782608695,0.03079178885630499,0.9493954617427991,158,1341
RELATIVE_B,10,200,0.75,42,A4_SENSOR_DRIFT,strong,mean_voltage_v_1,99.0,0.61517983233989,0.45198201879852884,0.005219985085756898,0.010320774524670477,0.006329113924050633,0.6907313674550366,0.7698581259026422,0.875,0.010378057820607857,0.9493954617427991,158,1341
RELATIVE_B,10,200,0.75,123,A2_EARLY_VOLTAGE_COLLAPSE,mild,pooled,95.0,0.5414269362857094,0.9654056968281067,0.8831168831168831,0.9224297059454818,0.03164556962025317,0.9725514725341946,0.9782673023179353,0.9927007299270073,0.9347079037800686,0.9939650594539517,158,770
RELATIVE_B,10,200,0.75,123,A2_EARLY_VOLTAGE_COLLAPSE,mild,pooled,97.5,0.5778496986438261,0.9832743228272911,0.7441558441558441,0.847165167919002,0.012658227848101266,0.9725514725341946,0.9782673023179353,0.9965217391304347,0.8520446096654275,0.9939650594539517,158,770
RELATIVE_B,10,200,0.75,123,A2_EARLY_VOLTAGE_COLLAPSE,mild,pooled,99.0,0.6169893756903431,0.9719714618520675,0.21948051948051947,0.3580988654346485,0.006329113924050633,0.9725514725341946,0.9782673023179353,0.9941176470588236,0.3595744680851064,0.9939650594539517,158,770
RELATIVE_B,10,200,0.75,123,A2_EARLY_VOLTAGE_COLLAPSE,moderate,pooled,95.0,0.5414269362857094,0.9688944187699965,0.9857142857142858,0.9772319827895303,0.03164556962025317,0.9855251464362786,0.9906789413118526,0.993455497382199,0.9895697522816167,0.9969747020742439,158,770
RELATIVE_B,10,200,0.75,123,A2_EARLY_VOLTAGE_COLLAPSE,moderate,pooled,97.5,0.5778496986438261,0.986965059588299,0.9584415584415584,0.9724942035996063,0.012658227848101266,0.9855251464362786,0.9906789413118526,0.9972972972972973,0.9774834437086093,0.9969747020742439,158,770
RELATIVE_B,10,200,0.75,123,A2_EARLY_VOLTAGE_COLLAPSE,moderate,pooled,99.0,0.6169893756903431,0.9772135416666667,0.2714285714285714,0.4248514010755732,0.006329113924050633,0.9855251464362786,0.9906789413118526,0.9952380952380953,0.42653061224489797,0.9969747020742439,158,770
RELATIVE_B,10,200,0.75,123,A2_EARLY_VOLTAGE_COLLAPSE,strong,pooled,95.0,0.5414269362857094,0.9693251533742332,1.0,0.9844236760124611,0.03164556962025317,0.9869975295872724,0.9918707874404078,0.9935483870967742,0.9967637540453074,0.9972920437622252,158,770
RELATIVE_B,10,200,0.75,123,A2_EARLY_VOLTAGE_COLLAPSE,strong,pooled,97.5,0.5778496986438261,0.9873704238288937,0.9896103896103896,0.9884891377526724,0.012658227848101266,0.9869975295872724,0.9918707874404078,0.9973821989528796,0.9934810951760106,0.9972920437622252,158,770
RELATIVE_B,10,200,0.75,123,A2_EARLY_VOLTAGE_COLLAPSE,strong,pooled,99.0,0.6169893756903431,0.9780351437699681,0.2818181818181818,0.43755583348222266,0.006329113924050633,0.9869975295872724,0.9918707874404078,0.9954128440366973,0.43927125506072867,0.9972920437622252,158,770
RELATIVE_B,10,200,0.75,123,A3_THERMAL_ABNORMALITY,mild,pooled,95.0,0.5414269362857094,0.7941396642070367,0.12207792207792208,0.2116242287798692,0.03164556962025317,0.6818005219544064,0.7107183955285221,0.9494949494949495,0.21634062140391253,0.9101799271014143,158,770
RELATIVE_B,10,200,0.75,123,A3_THERMAL_ABNORMALITY,mild,pooled,97.5,0.5778496986438261,0.795864262990456,0.04935064935064935,0.09293829912386613,0.012658227848101266,0.6818005219544064,0.7107183955285221,0.95,0.09382716049382715,0.9101799271014143,158,770
RELATIVE_B,10,200,0.75,123,A3_THERMAL_ABNORMALITY,mild,pooled,99.0,0.6169893756903431,0.5895522388059702,0.00909090909090909,0.017905711695376247,0.006329113924050633,0.6818005219544064,0.7107183955285221,0.875,0.017994858611825194,0.9101799271014143,158,770
RELATIVE_B,10,200,0.75,123,A3_THERMAL_ABNORMALITY,moderate,pooled,95.0,0.5414269362857094,0.9227342056674962,0.37792207792207794,0.5362241089755552,0.03164556962025317,0.8562481021696886,0.873195791550222,0.9831081081081081,0.5459662288930581,0.9644830313473132,158,770
RELATIVE_B,10,200,0.75,123,A3_THERMAL_ABNORMALITY,moderate,pooled,97.5,0.5778496986438261,0.9382121649815438,0.19220779220779222,0.31905255689570483,0.012658227848101266,0.8562481021696886,0.873195791550222,0.9866666666666667,0.32173913043478264,0.9644830313473132,158,770
RELATIVE_B,10,200,0.75,123,A3_THERMAL_ABNORMALITY,moderate,pooled,99.0,0.6169893756903431,0.8678338482663921,0.04155844155844156,0.07931851340539353,0.006329113924050633,0.8562481021696886,0.873195791550222,0.9696969696969697,0.07970112079701121,0.9644830313473132,158,770
RELATIVE_B,10,200,0.75,123,A3_THERMAL_ABNORMALITY,strong,pooled,95.0,0.5414269362857094,0.9555642759862423,0.6805194805194805,0.79492275638256,0.03164556962025317,0.9404443548378818,0.9488656912707546,0.9905482041587902,0.8067744418783679,0.9863224161618526,158,770
RELATIVE_B,10,200,0.75,123,A3_THERMAL_ABNORMALITY,strong,pooled,97.5,0.5778496986438261,0.9744007447056086,0.4818181818181818,0.6447986447986448,0.012658227848101266,0.9404443548378818,0.9488656912707546,0.9946380697050938,0.6491688538932633,0.9863224161618526,158,770
RELATIVE_B,10,200,0.75,123,A3_THERMAL_ABNORMALITY,strong,pooled,99.0,0.6169893756903431,0.9535304767652384,0.12987012987012986,0.22860449974679878,0.006329113924050633,0.9404443548378818,0.9488656912707546,0.9900990099009901,0.22962112514351318,0.9863224161618526,158,770
RELATIVE_B,10,200,0.75,123,A4_SENSOR_DRIFT,mild,pooled,95.0,0.5414269362857094,0.565583595192588,0.041200596569724086,0.07680615892218862,0.03164556962025317,0.548219603064352,0.5733930611011997,0.9778761061946902,0.07906976744186046,0.9761165542026546,158,5364
RELATIVE_B,10,200,0.75,123,A4_SENSOR_DRIFT,mild,pooled,97.5,0.5778496986438261,0.5076188727740041,0.013049962714392245,0.02544576095709191,0.012658227848101266,0.548219603064352,0.5733930611011997,0.9722222222222222,0.025754231052244295,0.9761165542026546,158,5364
RELATIVE_B,10,200,0.75,123,A4_SENSOR_DRIFT,mild,pooled,99.0,0.6169893756903431,0.4038675261169149,0.004287844891871738,0.008485598533583964,0.006329113924050633,0.548219603064352,0.5733930611011997,0.9583333333333334,0.008537490720118782,0.9761165542026546,158,5364
RELATIVE_B,10,200,0.75,123,A4_SENSOR_DRIFT,mild,mean_temp_c_-1,95.0,0.5414269362857094,0.4374528064434936,0.024608501118568233,0.04659579887129854,0.03164556962025317,0.48584513235887133,0.4805548476009779,0.868421052631579,0.047860768672951415,0.8882082435340579,158,1341
RELATIVE_B,10,200,0.75,123,A4_SENSOR_DRIFT,mild,mean_temp_c_-1,97.5,0.5778496986438261,0.22753456221198157,0.0037285607755406414,0.007336893429301138,0.012658227848101266,0.48584513235887133,0.4805548476009779,0.7142857142857143,0.00741839762611276,0.8882082435340579,158,1341
RELATIVE_B,10,200,0.75,123,A4_SENSOR_DRIFT,mild,mean_temp_c_-1,99.0,0.6169893756903431,0.10540360240160106,0.0007457121551081282,0.0014809468686878154,0.006329113924050633,0.48584513235887133,0.4805548476009779,0.5,0.0014892032762472078,0.8882082435340579,158,1341
RELATIVE_B,10,200,0.75,123,A4_SENSOR_DRIFT,mild,mean_temp_c_1,95.0,0.5414269362857094,0.5897326072324542,0.04548844146159582,0.08446199078962935,0.03164556962025317,0.5178201408985177,0.530734668063697,0.9242424242424242,0.0867093105899076,0.9004838161413564,158,1341
RELATIVE_B,10,200,0.75,123,A4_SENSOR_DRIFT,mild,mean_temp_c_1,97.5,0.5778496986438261,0.5955971049457178,0.018642803877703208,0.036153951764221315,0.012658227848101266,0.5178201408985177,0.530734668063697,0.9259259259259259,0.036549707602339186,0.9004838161413564,158,1341
RELATIVE_B,10,200,0.75,123,A4_SENSOR_DRIFT,mild,mean_temp_c_1,99.0,0.6169893756903431,0.5146579804560261,0.006711409395973154,0.01325003144785945,0.006329113924050633,0.5178201408985177,0.530734668063697,0.9,0.013323464100666172,0.9004838161413564,158,1341
RELATIVE_B,10,200,0.75,123,A4_SENSOR_DRIFT,mild,mean_voltage_v_-1,95.0,0.5414269362857094,0.5090429816211466,0.03281133482475764,0.061648968009399875,0.03164556962025317,0.5836021600285272,0.6243616609558331,0.8979591836734694,0.06330935251798561,0.9214308416073802,158,1341
RELATIVE_B,10,200,0.75,123,A4_SENSOR_DRIFT,mild,mean_voltage_v_-1,97.5,0.5778496986438261,0.5003725782414308,0.01267710663683818,0.024727728013404157,0.012658227848101266,0.5836021600285272,0.6243616609558331,0.8947368421052632,0.024999999999999998,0.9214308416073802,158,1341
RELATIVE_B,10,200,0.75,123,A4_SENSOR_DRIFT,mild,mean_voltage_v_-1,99.0,0.6169893756903431,0.3707179727827311,0.0037285607755406414,0.007382867075683734,0.006329113924050633,0.5836021600285272,0.6243616609558331,0.8333333333333334,0.007423904974016333,0.9214308416073802,158,1341
RELATIVE_B,10,200,0.75,123,A4_SENSOR_DRIFT,mild,mean_voltage_v_1,95.0,0.5414269362857094,0.6616882789242646,0.061894108873974646,0.11319956667544251,0.03164556962025317,0.6051100402549956,0.657921067784291,0.9431818181818182,0.11616515045486353,0.9279970753974451,158,1341
RELATIVE_B,10,200,0.75,123,A4_SENSOR_DRIFT,mild,mean_voltage_v_1,97.5,0.5778496986438261,0.5753641545281823,0.01715137956748695,0.03330980686911648,0.012658227848101266,0.6051100402549956,0.657921067784291,0.92,0.03367496339677892,0.9279970753974451,158,1341
RELATIVE_B,10,200,0.75,123,A4_SENSOR_DRIFT,mild,mean_voltage_v_1,99.0,0.6169893756903431,0.48522072936660265,0.005965697240865026,0.01178648191231939,0.006329113924050633,0.6051100402549956,0.657921067784291,0.8888888888888888,0.011851851851851851,0.9279970753974451,158,1341
RELATIVE_B,10,200,0.75,123,A4_SENSOR_DRIFT,moderate,pooled,95.0,0.5414269362857094,0.6166051977013466,0.05089485458612975,0.094028552556716,0.03164556962025317,0.586996019578221,0.6250660757605793,0.9820143884892086,0.0967741935483871,0.9794530248648632,158,5364
RELATIVE_B,10,200,0.75,123,A4_SENSOR_DRIFT,moderate,pooled,97.5,0.5778496986438261,0.5644689834361806,0.01640566741237882,0.03188464290300684,0.012658227848101266,0.586996019578221,0.6250660757605793,0.9777777777777777,0.03226989365603227,0.9794530248648632,158,5364
RELATIVE_B,10,200,0.75,123,A4_SENSOR_DRIFT,moderate,pooled,99.0,0.6169893756903431,0.4038675261169149,0.004287844891871738,0.008485598533583964,0.006329113924050633,0.586996019578221,0.6250660757605793,0.9583333333333334,0.008537490720118782,0.9794530248648632,158,5364
RELATIVE_B,10,200,0.75,123,A4_SENSOR_DRIFT,moderate,mean_temp_c_-1,95.0,0.5414269362857094,0.4519820187985288,0.02609992542878449,0.04935010463471553,0.03164556962025317,0.5009886468518824,0.5115278603724785,0.875,0.05068790731354092,0.8935936580293256,158,1341
RELATIVE_B,10,200,0.75,123,A4_SENSOR_DRIFT,moderate,mean_temp_c_-1,97.5,0.5778496986438261,0.19070609535304767,0.002982848620432513,0.005873824305736273,0.012658227848101266,0.5009886468518824,0.5115278603724785,0.6666666666666666,0.005939123979213066,0.8935936580293256,158,1341
RELATIVE_B,10,200,0.75,123,A4_SENSOR_DRIFT,moderate,mean_temp_c_-1,99.0,0.6169893756903431,0.10540360240160106,0.0007457121551081282,0.0014809468686878154,0.006329113924050633,0.5009886468518824,0.5115278603724785,0.5,0.0014892032762472078,0.8935936580293256,158,1341
RELATIVE_B,10,200,0.75,123,A4_SENSOR_DRIFT,moderate,mean_temp_c_1,95.0,0.5414269362857094,0.6416929407363865,0.05667412378821775,0.10414977167365595,0.03164556962025317,0.5433872544184912,0.5761523140675295,0.9382716049382716,0.10689170182841069,0.9094234472682653,158,1341
RELATIVE_B,10,200,0.75,123,A4_SENSOR_DRIFT,moderate,mean_temp_c_1,97.5,0.5778496986438261,0.6139896373056996,0.020134228187919462,0.038989882372295795,0.012658227848101266,0.5433872544184912,0.5761523140675295,0.9310344827586207,0.03941605839416058,0.9094234472682653,158,1341
RELATIVE_B,10,200,0.75,123,A4_SENSOR_DRIFT,moderate,mean_temp_c_1,99.0,0.6169893756903431,0.41415465268676277,0.0044742729306487695,0.00885290450909804,0.006329113924050633,0.5433872544184912,0.5761523140675295,0.8571428571428571,0.008902077151335312,0.9094234472682653,158,1341
RELATIVE_B,10,200,0.75,123,A4_SENSOR_DRIFT,moderate,mean_voltage_v_-1,95.0,0.5414269362857094,0.650544639599729,0.05891126025354213,0.10803886352325104,0.03164556962025317,0.6518048891976356,0.6955866111630278,0.9404761904761905,0.11087719298245614,0.9395048018048121,158,1341
RELATIVE_B,10,200,0.75,123,A4_SENSOR_DRIFT,moderate,mean_voltage_v_-1,97.5,0.5778496986438261,0.6603343465045592,0.024608501118568233,0.04744874279942122,0.012658227848101266,0.6518048891976356,0.6955866111630278,0.9428571428571428,0.04796511627906976,0.9395048018048121,158,1341
RELATIVE_B,10,200,0.75,123,A4_SENSOR_DRIFT,moderate,mean_voltage_v_-1,99.0,0.6169893756903431,0.5146579804560261,0.006711409395973154,0.01325003144785945,0.006329113924050633,0.6518048891976356,0.6955866111630278,0.9,0.013323464100666172,0.9395048018048121,158,1341
RELATIVE_B,10,200,0.75,123,A4_SENSOR_DRIFT,moderate,mean_voltage_v_1,95.0,0.5414269362857094,0.6616882789242646,0.061894108873974646,0.11319956667544251,0.03164556962025317,0.6468964143494522,0.7169975174392811,0.9431818181818182,0.11616515045486353,0.9389798305002645,158,1341
RELATIVE_B,10,200,0.75,123,A4_SENSOR_DRIFT,moderate,mean_voltage_v_1,97.5,0.5778496986438261,0.5857275254865617,0.017897091722595078,0.03473290833150142,0.012658227848101266,0.6468964143494522,0.7169975174392811,0.9230769230769231,0.03511338697878566,0.9389798305002645,158,1341
RELATIVE_B,10,200,0.75,123,A4_SENSOR_DRIFT,moderate,mean_voltage_v_1,99.0,0.6169893756903431,0.45198201879852884,0.005219985085756898,0.010320774524670477,0.006329113924050633,0.6468964143494522,0.7169975174392811,0.875,0.010378057820607857,0.9389798305002645,158,1341
RELATIVE_B,10,200,0.75,123,A4_SENSOR_DRIFT,strong,pooled,95.0,0.5414269362857094,0.6347541876617186,0.05499627143922446,0.10122244397584212,0.03164556962025317,0.6173883495154513,0.6645599118360567,0.9833333333333333,0.10416666666666669,0.9817936584062547,158,5364
RELATIVE_B,10,200,0.75,123,A4_SENSOR_DRIFT,strong,pooled,97.5,0.5778496986438261,0.590721806806043,0.018269947800149143,0.03544368702244645,0.012658227848101266,0.6173883495154513,0.6645599118360567,0.98,0.03587115666178624,0.9817936584062547,158,5364
RELATIVE_B,10,200,0.75,123,A4_SENSOR_DRIFT,strong,pooled,99.0,0.6169893756903431,0.4606877136537301,0.00540641312453393,0.010687403931154645,0.006329113924050633,0.6173883495154513,0.6645599118360567,0.9666666666666667,0.01075268817204301,0.9817936584062547,158,5364
RELATIVE_B,10,200,0.75,123,A4_SENSOR_DRIFT,strong,mean_temp_c_-1,95.0,0.5414269362857094,0.4448124534238635,0.02535421327367636,0.04797392333281239,0.03164556962025317,0.5316277393661744,0.5599684724228093,0.8717948717948718,0.049275362318840575,0.9042456945659978,158,1341
RELATIVE_B,10,200,0.75,123,A4_SENSOR_DRIFT,strong,mean_temp_c_-1,97.5,0.5778496986438261,0.19070609535304767,0.002982848620432513,0.005873824305736273,0.012658227848101266,0.5316277393661744,0.5599684724228093,0.6666666666666666,0.005939123979213066,0.9042456945659978,158,1341
RELATIVE_B,10,200,0.75,123,A4_SENSOR_DRIFT,strong,mean_temp_c_-1,99.0,0.6169893756903431,0.10540360240160106,0.0007457121551081282,0.0014809468686878154,0.006329113924050633,0.5316277393661744,0.5599684724228093,0.5,0.0014892032762472078,0.9042456945659978,158,1341
RELATIVE_B,10,200,0.75,123,A4_SENSOR_DRIFT,strong,mean_temp_c_1,95.0,0.5414269362857094,0.65339881106229,0.05965697240865026,0.10933168413176889,0.03164556962025317,0.575744622264781,0.6227451646702348,0.9411764705882353,0.11220196353436186,0.9197045244881585,158,1341
RELATIVE_B,10,200,0.75,123,A4_SENSOR_DRIFT,strong,mean_temp_c_1,97.5,0.5778496986438261,0.6461741424802111,0.023117076808351976,0.04463724266146597,0.012658227848101266,0.575744622264781,0.6227451646702348,0.9393939393939394,0.04512372634643377,0.9197045244881585,158,1341
RELATIVE_B,10,200,0.75,123,A4_SENSOR_DRIFT,strong,mean_temp_c_1,99.0,0.6169893756903431,0.5409106470386854,0.007457121551081283,0.014711427893053507,0.006329113924050633,0.575744622264781,0.6227451646702348,0.9090909090909091,0.014792899408284025,0.9197045244881585,158,1341
RELATIVE_B,10,200,0.75,123,A4_SENSOR_DRIFT,strong,mean_voltage_v_-1,95.0,0.5414269362857094,0.6912272622611098,0.07084265473527218,0.12851412499518391,0.03164556962025317,0.686509305969504,0.7304462945657407,0.95,0.13185287994448297,0.9474459320562185,158,1341
RELATIVE_B,10,200,0.75,123,A4_SENSOR_DRIFT,strong,mean_voltage_v_-1,97.5,0.5778496986438261,0.7020662075094424,0.02982848620432513,0.057225642883013406,0.012658227848101266,0.686509305969504,0.7304462945657407,0.9523809523809523,0.057845263919016635,0.9474459320562185,158,1341
RELATIVE_B,10,200,0.75,123,A4_SENSOR_DRIFT,strong,mean_voltage_v_-1,99.0,0.6169893756903431,0.5644689834361806,0.00820283370618941,0.016170675995664244,0.006329113924050633,0.686509305969504,0.7304462945657407,0.9166666666666666,0.016260162601626015,0.9474459320562185,158,1341
RELATIVE_B,10,200,0.75,123,A4_SENSOR_DRIFT,strong,mean_voltage_v_1,95.0,0.5414269362857094,0.6695904991869117,0.06413124533929904,0.11705165589156269,0.03164556962025317,0.6688566884595086,0.7450797156854416,0.945054945054945,0.12011173184357543,0.944303247646511,158,1341
RELATIVE_B,10,200,0.75,123,A4_SENSOR_DRIFT,strong,mean_voltage_v_1,97.5,0.5778496986438261,0.5753641545281823,0.01715137956748695,0.03330980686911648,0.012658227848101266,0.6688566884595086,0.7450797156854416,0.92,0.03367496339677892,0.944303247646511,158,1341
RELATIVE_B,10,200,0.75,123,A4_SENSOR_DRIFT,strong,mean_voltage_v_1,99.0,0.6169893756903431,0.45198201879852884,0.005219985085756898,0.010320774524670477,0.006329113924050633,0.6688566884595086,0.7450797156854416,0.875,0.010378057820607857,0.944303247646511,158,1341
RELATIVE_B,10,200,0.75,2026,A2_EARLY_VOLTAGE_COLLAPSE,mild,pooled,95.0,0.533349703386805,0.9725245316681534,0.8961038961038961,0.9327515400410678,0.02531645569620253,0.9755743417435448,0.9806016768042085,0.9942363112391931,0.9426229508196722,0.9946292477091931,158,770
RELATIVE_B,10,200,0.75,2026,A2_EARLY_VOLTAGE_COLLAPSE,mild,pooled,97.5,0.591513007930827,0.9649074833652356,0.34805194805194806,0.5115739622094428,0.012658227848101266,0.9755743417435448,0.9806016768042085,0.9925925925925926,0.5153846153846154,0.9946292477091931,158,770
RELATIVE_B,10,200,0.75,2026,A2_EARLY_VOLTAGE_COLLAPSE,mild,pooled,99.0,0.6125711693428074,1.0,0.21948051948051947,0.35995740149094785,0.0,0.9755743417435448,0.9806016768042085,1.0,0.35995740149094785,0.9946292477091931,158,770
RELATIVE_B,10,200,0.75,2026,A2_EARLY_VOLTAGE_COLLAPSE,moderate,pooled,95.0,0.533349703386805,0.9749918804806755,0.987012987012987,0.9809656073850176,0.02531645569620253,0.9868020216277887,0.9911310208778563,0.9947643979057592,0.9908735332464146,0.9972409815081446,158,770
RELATIVE_B,10,200,0.75,2026,A2_EARLY_VOLTAGE_COLLAPSE,moderate,pooled,97.5,0.591513007930827,0.9724468618049095,0.44675324675324674,0.612237541677931,0.012658227848101266,0.9868020216277887,0.9911310208778563,0.9942196531791907,0.6164874551971327,0.9972409815081446,158,770
RELATIVE_B,10,200,0.75,2026,A2_EARLY_VOLTAGE_COLLAPSE,moderate,pooled,99.0,0.6125711693428074,1.0,0.2688311688311688,0.4237461617195496,0.0,0.9868020216277887,0.9911310208778563,1.0,0.4237461617195496,0.9972409815081446,158,770
RELATIVE_B,10,200,0.75,2026,A2_EARLY_VOLTAGE_COLLAPSE,strong,pooled,95.0,0.533349703386805,0.9753086419753088,1.0,0.9875,0.02531645569620253,0.9877967061254538,0.9919940818674996,0.9948320413436692,0.9974093264248705,0.9974551210927497,158,770
RELATIVE_B,10,200,0.75,2026,A2_EARLY_VOLTAGE_COLLAPSE,strong,pooled,97.5,0.591513007930827,0.9732778066979004,0.461038961038961,0.6256902225444809,0.012658227848101266,0.9877967061254538,0.9919940818674996,0.9943977591036415,0.6299911268855368,0.9974551210927497,158,770
RELATIVE_B,10,200,0.75,2026,A2_EARLY_VOLTAGE_COLLAPSE,strong,pooled,99.0,0.6125711693428074,1.0,0.2766233766233766,0.4333672431332655,0.0,0.9877967061254538,0.9919940818674996,1.0,0.4333672431332655,0.9974551210927497,158,770
RELATIVE_B,10,200,0.75,2026,A3_THERMAL_ABNORMALITY,mild,pooled,95.0,0.533349703386805,0.8116438356164383,0.10909090909090909,0.19233110164333533,0.02531645569620253,0.6820783591261932,0.7062633568962682,0.9545454545454546,0.1958041958041958,0.909910677599224,158,770
RELATIVE_B,10,200,0.75,2026,A3_THERMAL_ABNORMALITY,mild,pooled,97.5,0.591513007930827,0.6061381074168798,0.01948051948051948,0.03774786971410369,0.012658227848101266,0.6820783591261932,0.7062633568962682,0.8823529411764706,0.03811944091486658,0.909910677599224,158,770
RELATIVE_B,10,200,0.75,2026,A3_THERMAL_ABNORMALITY,mild,pooled,99.0,0.6125711693428074,1.0,0.006493506493506494,0.012903225806451613,0.0,0.6820783591261932,0.7062633568962682,1.0,0.012903225806451613,0.909910677599224,158,770
RELATIVE_B,10,200,0.75,2026,A3_THERMAL_ABNORMALITY,moderate,pooled,95.0,0.533349703386805,0.9326628771316134,0.35064935064935066,0.5096774193548388,0.02531645569620253,0.8530676516859137,0.8703189215847444,0.9854014598540146,0.5172413793103449,0.9635438572450418,158,770
RELATIVE_B,10,200,0.75,2026,A3_THERMAL_ABNORMALITY,moderate,pooled,97.5,0.591513007930827,0.8539730703584297,0.07402597402597402,0.13624192547993283,0.012658227848101266,0.8530676516859137,0.8703189215847444,0.9661016949152542,0.13751507840772015,0.9635438572450418,158,770
RELATIVE_B,10,200,0.75,2026,A3_THERMAL_ABNORMALITY,moderate,pooled,99.0,0.6125711693428074,1.0,0.011688311688311689,0.023106546854942234,0.0,0.8530676516859137,0.8703189215847444,1.0,0.023106546854942234,0.9635438572450418,158,770
RELATIVE_B,10,200,0.75,2026,A3_THERMAL_ABNORMALITY,strong,pooled,95.0,0.533349703386805,0.963184317475496,0.6623376623376623,0.7849210987726476,0.02531645569620253,0.9366254867909173,0.9463340457011343,0.9922178988326849,0.794392523364486,0.9853964418175634,158,770
RELATIVE_B,10,200,0.75,2026,A3_THERMAL_ABNORMALITY,strong,pooled,97.5,0.591513007930827,0.9361896080218778,0.18571428571428572,0.3099441677984005,0.012658227848101266,0.9366254867909173,0.9463340457011343,0.9862068965517241,0.312568306010929,0.9853964418175634,158,770
RELATIVE_B,10,200,0.75,2026,A3_THERMAL_ABNORMALITY,strong,pooled,99.0,0.6125711693428074,1.0,0.08961038961038961,0.16448152562574492,0.0,0.9366254867909173,0.9463340457011343,1.0,0.16448152562574492,0.9853964418175634,158,770
RELATIVE_B,10,200,0.75,2026,A4_SENSOR_DRIFT,mild,pooled,95.0,0.533349703386805,0.5602377536380406,0.032252050708426544,0.060992835004273105,0.02531645569620253,0.5446268779591272,0.5694243857314115,0.9774011299435028,0.06244360223786319,0.9757548476763154,158,5364
RELATIVE_B,10,200,0.75,2026,A4_SENSOR_DRIFT,mild,pooled,97.5,0.591513007930827,0.2845138055222089,0.0050335570469798654,0.009892105098399313,0.012658227848101266,0.5446268779591272,0.5694243857314115,0.9310344827586207,0.010012979788614871,0.9757548476763154,158,5364
RELATIVE_B,10,200,0.75,2026,A4_SENSOR_DRIFT,mild,pooled,99.0,0.6125711693428074,1.0,0.0018642803877703207,0.0037216226274655747,0.0,0.5446268779591272,0.5694243857314115,1.0,0.0037216226274655747,0.9757548476763154,158,5364
RELATIVE_B,10,200,0.75,2026,A4_SENSOR_DRIFT,mild,mean_temp_c_-1,95.0,0.533349703386805,0.34649122807017546,0.013422818791946308,0.025844442626973094,0.02531645569620253,0.4817285101159331,0.47318740029639694,0.8181818181818182,0.02641232575201761,0.8862488056998121,158,1341
RELATIVE_B,10,200,0.75,2026,A4_SENSOR_DRIFT,mild,mean_temp_c_-1,97.5,0.591513007930827,0.055633802816901404,0.0007457121551081282,0.001471697761715366,0.012658227848101266,0.4817285101159331,0.47318740029639694,0.3333333333333333,0.0014880952380952382,0.8862488056998121,158,1341
RELATIVE_B,10,200,0.75,2026,A4_SENSOR_DRIFT,mild,mean_temp_c_-1,99.0,0.6125711693428074,0.0,0.0,0.0,0.0,0.4817285101159331,0.47318740029639694,0.0,0.0,0.8862488056998121,158,1341
RELATIVE_B,10,200,0.75,2026,A4_SENSOR_DRIFT,mild,mean_temp_c_1,95.0,0.533349703386805,0.5214986619090098,0.027591349739000747,0.05240981137488346,0.02531645569620253,0.52048923601087,0.5354567250965179,0.9024390243902439,0.053545586107091175,0.9015119700757788,158,1341
RELATIVE_B,10,200,0.75,2026,A4_SENSOR_DRIFT,mild,mean_temp_c_1,97.5,0.591513007930827,0.34649122807017546,0.006711409395973154,0.013167763980331695,0.012658227848101266,0.52048923601087,0.5354567250965179,0.8181818181818182,0.013313609467455622,0.9015119700757788,158,1341
RELATIVE_B,10,200,0.75,2026,A4_SENSOR_DRIFT,mild,mean_temp_c_1,99.0,0.6125711693428074,0.0,0.0,0.0,0.0,0.52048923601087,0.5354567250965179,0.0,0.0,0.9015119700757788,158,1341
RELATIVE_B,10,200,0.75,2026,A4_SENSOR_DRIFT,mild,mean_voltage_v_-1,95.0,0.533349703386805,0.5699855699855699,0.03355704697986577,0.06338254172015405,0.02531645569620253,0.5781716508927333,0.6179995091514929,0.9183673469387755,0.06474820143884892,0.9200227984043797,158,1341
RELATIVE_B,10,200,0.75,2026,A4_SENSOR_DRIFT,mild,mean_voltage_v_-1,97.5,0.591513007930827,0.32032437911809425,0.005965697240865026,0.011713247831566461,0.012658227848101266,0.5781716508927333,0.6179995091514929,0.8,0.011843079200592153,0.9200227984043797,158,1341
RELATIVE_B,10,200,0.75,2026,A4_SENSOR_DRIFT,mild,mean_voltage_v_-1,99.0,0.6125711693428074,1.0,0.002982848620432513,0.005947955390334572,0.0,0.5781716508927333,0.6179995091514929,1.0,0.005947955390334572,0.9200227984043797,158,1341
RELATIVE_B,10,200,0.75,2026,A4_SENSOR_DRIFT,mild,mean_voltage_v_1,95.0,0.533349703386805,0.6825659841401349,0.054436987322893364,0.10083225513165717,0.02531645569620253,0.5984160219296932,0.6510539083812383,0.948051948051948,0.10296191819464033,0.9261718352952998,158,1341
RELATIVE_B,10,200,0.75,2026,A4_SENSOR_DRIFT,mild,mean_voltage_v_1,97.5,0.591513007930827,0.34649122807017546,0.006711409395973154,0.013167763980331695,0.012658227848101266,0.5984160219296932,0.6510539083812383,0.8181818181818182,0.013313609467455622,0.9261718352952998,158,1341
RELATIVE_B,10,200,0.75,2026,A4_SENSOR_DRIFT,mild,mean_voltage_v_1,99.0,0.6125711693428074,1.0,0.0044742729306487695,0.008908685968819599,0.0,0.5984160219296932,0.6510539083812383,1.0,0.008908685968819599,0.9261718352952998,158,1341
RELATIVE_B,10,200,0.75,2026,A4_SENSOR_DRIFT,moderate,pooled,95.0,0.533349703386805,0.6106695699510072,0.03970917225950783,0.0745694210865678,0.02531645569620253,0.5820563720396619,0.6203841361538244,0.9815668202764977,0.07633040673714389,0.9789960185951643,158,5364
RELATIVE_B,10,200,0.75,2026,A4_SENSOR_DRIFT,moderate,pooled,97.5,0.591513007930827,0.31345193907589913,0.005779269202087994,0.011349285977445089,0.012658227848101266,0.5820563720396619,0.6203841361538244,0.9393939393939394,0.011487863627941448,0.9789960185951643,158,5364
RELATIVE_B,10,200,0.75,2026,A4_SENSOR_DRIFT,moderate,pooled,99.0,0.6125711693428074,1.0,0.0020507084265473526,0.004093023255813954,0.0,0.5820563720396619,0.6203841361538244,1.0,0.004093023255813954,0.9789960185951643,158,5364
RELATIVE_B,10,200,0.75,2026,A4_SENSOR_DRIFT,moderate,mean_temp_c_-1,95.0,0.533349703386805,0.33366459627329187,0.01267710663683818,0.024426175839365606,0.02531645569620253,0.4938194054751196,0.4988814317673378,0.8095238095238095,0.024963289280469897,0.8907580424394556,158,1341
RELATIVE_B,10,200,0.75,2026,A4_SENSOR_DRIFT,moderate,mean_temp_c_-1,97.5,0.591513007930827,0.055633802816901404,0.0007457121551081282,0.001471697761715366,0.012658227848101266,0.4938194054751196,0.4988814317673378,0.3333333333333333,0.0014880952380952382,0.8907580424394556,158,1341
RELATIVE_B,10,200,0.75,2026,A4_SENSOR_DRIFT,moderate,mean_temp_c_-1,99.0,0.6125711693428074,0.0,0.0,0.0,0.0,0.4938194054751196,0.4988814317673378,0.0,0.0,0.8907580424394556,158,1341
RELATIVE_B,10,200,0.75,2026,A4_SENSOR_DRIFT,moderate,mean_temp_c_1,95.0,0.533349703386805,0.5955971049457178,0.037285607755406416,0.07017793214948788,0.02531645569620253,0.548975293341081,0.5855492311613287,0.9259259259259259,0.07168458781362008,0.9112153312764089,158,1341
RELATIVE_B,10,200,0.75,2026,A4_SENSOR_DRIFT,moderate,mean_temp_c_1,97.5,0.591513007930827,0.3707179727827311,0.007457121551081283,0.014620153604145461,0.012658227848101266,0.548975293341081,0.5855492311613287,0.8333333333333334,0.014781966001478198,0.9112153312764089,158,1341
RELATIVE_B,10,200,0.75,2026,A4_SENSOR_DRIFT,moderate,mean_temp_c_1,99.0,0.6125711693428074,0.0,0.0,0.0,0.0,0.548975293341081,0.5855492311613287,0.0,0.0,0.9112153312764089,158,1341
RELATIVE_B,10,200,0.75,2026,A4_SENSOR_DRIFT,moderate,mean_voltage_v_-1,95.0,0.533349703386805,0.6702323865732203,0.05145413870246085,0.09557121817799286,0.02531645569620253,0.6364717015623804,0.6841248265511285,0.9452054794520548,0.09759547383309759,0.9357459936226686,158,1341
RELATIVE_B,10,200,0.75,2026,A4_SENSOR_DRIFT,moderate,mean_voltage_v_-1,97.5,0.591513007930827,0.3932126696832579,0.00820283370618941,0.0160704213631194,0.012658227848101266,0.6364717015623804,0.6841248265511285,0.8461538461538461,0.01624815361890694,0.9357459936226686,158,1341
RELATIVE_B,10,200,0.75,2026,A4_SENSOR_DRIFT,moderate,mean_voltage_v_-1,99.0,0.6125711693428074,1.0,0.0037285607755406414,0.007429420505200595,0.0,0.6364717015623804,0.6841248265511285,1.0,0.007429420505200595,0.9357459936226686,158,1341
RELATIVE_B,10,200,0.75,2026,A4_SENSOR_DRIFT,moderate,mean_voltage_v_1,95.0,0.533349703386805,0.6940102681118083,0.05741983594332588,0.1060643046449993,0.02531645569620253,0.645755413406172,0.7129810551355025,0.9506172839506173,0.10829817158931085,0.9386639702238244,158,1341
RELATIVE_B,10,200,0.75,2026,A4_SENSOR_DRIFT,moderate,mean_voltage_v_1,97.5,0.591513007930827,0.34649122807017546,0.006711409395973154,0.013167763980331695,0.012658227848101266,0.645755413406172,0.7129810551355025,0.8181818181818182,0.013313609467455622,0.9386639702238244,158,1341
RELATIVE_B,10,200,0.75,2026,A4_SENSOR_DRIFT,moderate,mean_voltage_v_1,99.0,0.6125711693428074,1.0,0.0044742729306487695,0.008908685968819599,0.0,0.645755413406172,0.7129810551355025,1.0,0.008908685968819599,0.9386639702238244,158,1341
RELATIVE_B,10,200,0.75,2026,A4_SENSOR_DRIFT,strong,pooled,95.0,0.533349703386805,0.6586266149048559,0.0488441461595824,0.09094384224332244,0.02531645569620253,0.6128707067570778,0.6604962525604358,0.9849624060150376,0.09307282415630551,0.9813820493270757,158,5364
RELATIVE_B,10,200,0.75,2026,A4_SENSOR_DRIFT,strong,pooled,97.5,0.591513007930827,0.31345193907589913,0.005779269202087994,0.011349285977445089,0.012658227848101266,0.6128707067570778,0.6604962525604358,0.9393939393939394,0.011487863627941448,0.9813820493270757,158,5364
RELATIVE_B,10,200,0.75,2026,A4_SENSOR_DRIFT,strong,pooled,99.0,0.6125711693428074,1.0,0.0022371364653243847,0.004464285714285714,0.0,0.6128707067570778,0.6604962525604358,1.0,0.004464285714285714,0.9813820493270757,158,5364
RELATIVE_B,10,200,0.75,2026,A4_SENSOR_DRIFT,strong,mean_temp_c_-1,95.0,0.533349703386805,0.38217000691085007,0.015659955257270694,0.030087051142546246,0.02531645569620253,0.5219991198517919,0.5446200171796978,0.84,0.03074670571010249,0.9010405982466648,158,1341
RELATIVE_B,10,200,0.75,2026,A4_SENSOR_DRIFT,strong,mean_temp_c_-1,97.5,0.591513007930827,0.055633802816901404,0.0007457121551081282,0.001471697761715366,0.012658227848101266,0.5219991198517919,0.5446200171796978,0.3333333333333333,0.0014880952380952382,0.9010405982466648,158,1341
RELATIVE_B,10,200,0.75,2026,A4_SENSOR_DRIFT,strong,mean_temp_c_-1,99.0,0.6125711693428074,0.0,0.0,0.0,0.0,0.5219991198517919,0.5446200171796978,0.0,0.0,0.9010405982466648,158,1341
RELATIVE_B,10,200,0.75,2026,A4_SENSOR_DRIFT,strong,mean_temp_c_1,95.0,0.533349703386805,0.6307819383259912,0.04325130499627144,0.08095191823538246,0.02531645569620253,0.5820911084318696,0.6343556197434372,0.9354838709677419,0.082679971489665,0.9214701752149902,158,1341
RELATIVE_B,10,200,0.75,2026,A4_SENSOR_DRIFT,strong,mean_temp_c_1,97.5,0.591513007930827,0.3707179727827311,0.007457121551081283,0.014620153604145461,0.012658227848101266,0.5820911084318696,0.6343556197434372,0.8333333333333334,0.014781966001478198,0.9214701752149902,158,1341
RELATIVE_B,10,200,0.75,2026,A4_SENSOR_DRIFT,strong,mean_temp_c_1,99.0,0.6125711693428074,0.0,0.0,0.0,0.0,0.5820911084318696,0.6343556197434372,0.0,0.0,0.9214701752149902,158,1341
RELATIVE_B,10,200,0.75,2026,A4_SENSOR_DRIFT,strong,mean_voltage_v_-1,95.0,0.533349703386805,0.7367232747619515,0.07084265473527218,0.12925615279954533,0.02531645569620253,0.6676061303643617,0.7166742181821614,0.9595959595959596,0.13194444444444442,0.9431511715730081,158,1341
RELATIVE_B,10,200,0.75,2026,A4_SENSOR_DRIFT,strong,mean_voltage_v_-1,97.5,0.591513007930827,0.43369932432432434,0.009694258016405667,0.018964609859011886,0.012658227848101266,0.6676061303643617,0.7166742181821614,0.8666666666666667,0.019174041297935103,0.9431511715730081,158,1341
RELATIVE_B,10,200,0.75,2026,A4_SENSOR_DRIFT,strong,mean_voltage_v_-1,99.0,0.6125711693428074,1.0,0.0044742729306487695,0.008908685968819599,0.0,0.6676061303643617,0.7166742181821614,1.0,0.008908685968819599,0.9431511715730081,158,1341
RELATIVE_B,10,200,0.75,2026,A4_SENSOR_DRIFT,strong,mean_voltage_v_1,95.0,0.533349703386805,0.7216109611791571,0.06562266964951528,0.12030491550794736,0.02531645569620253,0.6747200099681824,0.7463351551364465,0.9565217391304348,0.12281926029309143,0.9455860533145644,158,1341
RELATIVE_B,10,200,0.75,2026,A4_SENSOR_DRIFT,strong,mean_voltage_v_1,97.5,0.591513007930827,0.2919746568109821,0.005219985085756898,0.010256600484081868,0.012658227848101266,0.6747200099681824,0.7463351551364465,0.7777777777777778,0.010370370370370372,0.9455860533145644,158,1341
RELATIVE_B,10,200,0.75,2026,A4_SENSOR_DRIFT,strong,mean_voltage_v_1,99.0,0.6125711693428074,1.0,0.0044742729306487695,0.008908685968819599,0.0,0.6747200099681824,0.7463351551364465,1.0,0.008908685968819599,0.9455860533145644,158,1341
RELATIVE_B,10,200,1.0,42,A2_EARLY_VOLTAGE_COLLAPSE,mild,pooled,95.0,0.5523151484751458,0.9686341602509267,0.7818181818181819,0.8652572592969944,0.02531645569620253,0.951935625207227,0.9720121650501397,0.9933993399339934,0.875,0.9894891429162105,158,770
RELATIVE_B,10,200,1.0,42,A2_EARLY_VOLTAGE_COLLAPSE,mild,pooled,97.5,0.5906690302152824,0.9295817583221558,0.2506493506493506,0.39483633726952555,0.0189873417721519,0.951935625207227,0.9720121650501397,0.9846938775510204,0.3995859213250517,0.9894891429162105,158,770
RELATIVE_B,10,200,1.0,42,A2_EARLY_VOLTAGE_COLLAPSE,mild,pooled,99.0,0.6236014200644857,0.931237721021611,0.08571428571428572,0.1569796323894685,0.006329113924050633,0.951935625207227,0.9720121650501397,0.9850746268656716,0.15770609318996417,0.9894891429162105,158,770
RELATIVE_B,10,200,1.0,42,A2_EARLY_VOLTAGE_COLLAPSE,moderate,pooled,95.0,0.5523151484751458,0.973603469258326,0.9337662337662338,0.9532688321823263,0.02531645569620253,0.9643789569044532,0.9825004109814237,0.9944674965421854,0.9631614199598125,0.9924095833076607,158,770
RELATIVE_B,10,200,1.0,42,A2_EARLY_VOLTAGE_COLLAPSE,moderate,pooled,97.5,0.5906690302152824,0.9421255699754473,0.3090909090909091,0.46547092972879306,0.0189873417721519,0.9643789569044532,0.9825004109814237,0.9875518672199171,0.4708209693372898,0.9924095833076607,158,770
RELATIVE_B,10,200,1.0,42,A2_EARLY_VOLTAGE_COLLAPSE,moderate,pooled,99.0,0.6236014200644857,0.9425801640566741,0.1038961038961039,0.1871622121862738,0.006329113924050633,0.9643789569044532,0.9825004109814237,0.9876543209876543,0.18801410105757932,0.9924095833076607,158,770
RELATIVE_B,10,200,1.0,42,A2_EARLY_VOLTAGE_COLLAPSE,strong,pooled,95.0,0.5523151484751458,0.9742994943342067,0.9597402597402598,0.9669650768937731,0.02531645569620253,0.9658219697752238,0.9834949860266315,0.9946164199192463,0.976867151354924,0.9927285929326614,158,770
RELATIVE_B,10,200,1.0,42,A2_EARLY_VOLTAGE_COLLAPSE,strong,pooled,97.5,0.5906690302152824,0.9439020836368935,0.3194805194805195,0.47738242916272616,0.0189873417721519,0.9658219697752238,0.9834949860266315,0.9879518072289156,0.4828263002944063,0.9927285929326614,158,770
RELATIVE_B,10,200,1.0,42,A2_EARLY_VOLTAGE_COLLAPSE,strong,pooled,99.0,0.6236014200644857,0.9445404782483434,0.10779220779220779,0.1935017411320309,0.006329113924050633,0.9658219697752238,0.9834949860266315,0.9880952380952381,0.19437939110070257,0.9927285929326614,158,770
RELATIVE_B,10,200,1.0,42,A3_THERMAL_ABNORMALITY,mild,pooled,95.0,0.5523151484751458,0.7636949516648766,0.08181818181818182,0.14780168381665107,0.02531645569620253,0.661273078576893,0.6989396679270097,0.9402985074626866,0.15053763440860216,0.9029262549706701,158,770
RELATIVE_B,10,200,1.0,42,A3_THERMAL_ABNORMALITY,mild,pooled,97.5,0.5906690302152824,0.6113728129205922,0.02987012987012987,0.056957462148521994,0.0189873417721519,0.661273078576893,0.6989396679270097,0.8846153846153846,0.05778894472361809,0.9029262549706701,158,770
RELATIVE_B,10,200,1.0,42,A3_THERMAL_ABNORMALITY,mild,pooled,99.0,0.6236014200644857,0.3810289389067524,0.003896103896103896,0.007713337238820542,0.006329113924050633,0.661273078576893,0.6989396679270097,0.75,0.007751937984496125,0.9029262549706701,158,770
RELATIVE_B,10,200,1.0,42,A3_THERMAL_ABNORMALITY,moderate,pooled,95.0,0.5523151484751458,0.9135511395531604,0.2675324675324675,0.41386501195259645,0.02531645569620253,0.8297529002449076,0.859970409337498,0.9809523809523809,0.42040816326530606,0.9575151625593564,158,770
RELATIVE_B,10,200,1.0,42,A3_THERMAL_ABNORMALITY,moderate,pooled,97.5,0.5906690302152824,0.8628754600498635,0.11948051948051948,0.20989704417137162,0.0189873417721519,0.8297529002449076,0.859970409337498,0.968421052631579,0.21271676300578035,0.9575151625593564,158,770
RELATIVE_B,10,200,1.0,42,A3_THERMAL_ABNORMALITY,moderate,pooled,99.0,0.6236014200644857,0.7417840375586855,0.01818181818181818,0.03549365382455352,0.006329113924050633,0.8297529002449076,0.859970409337498,0.9333333333333333,0.03566878980891719,0.9575151625593564,158,770
RELATIVE_B,10,200,1.0,42,A3_THERMAL_ABNORMALITY,strong,pooled,95.0,0.5523151484751458,0.9577596138021833,0.574025974025974,0.7178274812926568,0.02531645569620253,0.9195500542205572,0.938361006082525,0.9910313901345291,0.7269736842105263,0.9814635042123618,158,770
RELATIVE_B,10,200,1.0,42,A3_THERMAL_ABNORMALITY,strong,pooled,97.5,0.5906690302152824,0.9436860068259386,0.3181818181818182,0.4759036144578313,0.0189873417721519,0.9195500542205572,0.938361006082525,0.9879032258064516,0.48133595284872294,0.9814635042123618,158,770
RELATIVE_B,10,200,1.0,42,A3_THERMAL_ABNORMALITY,strong,pooled,99.0,0.6236014200644857,0.9199417758369722,0.07272727272727272,0.13479790977924708,0.006329113924050633,0.9195500542205572,0.938361006082525,0.9824561403508771,0.1354292623941959,0.9814635042123618,158,770
RELATIVE_B,10,200,1.0,42,A4_SENSOR_DRIFT,mild,pooled,95.0,0.5523151484751458,0.5409106470386854,0.02982848620432513,0.05653912561168714,0.02531645569620253,0.5452381952335548,0.5739688641576757,0.975609756097561,0.05788712011577424,0.9757845946484915,158,5364
RELATIVE_B,10,200,1.0,42,A4_SENSOR_DRIFT,mild,pooled,97.5,0.5906690302152824,0.3968063572981483,0.012490678598061149,0.024218991294798615,0.0189873417721519,0.5452381952335548,0.5739688641576757,0.9571428571428572,0.02465955097534045,0.9757845946484915,158,5364
RELATIVE_B,10,200,1.0,42,A4_SENSOR_DRIFT,mild,pooled,99.0,0.6236014200644857,0.34649122807017546,0.003355704697986577,0.006647034076567101,0.006329113924050633,0.5452381952335548,0.5739688641576757,0.9473684210526315,0.006687720601894854,0.9757845946484915,158,5364
RELATIVE_B,10,200,1.0,42,A4_SENSOR_DRIFT,mild,mean_temp_c_-1,95.0,0.5523151484751458,0.42409276358170495,0.018642803877703208,0.035715577416904766,0.02531645569620253,0.4823560262389864,0.4698293357498183,0.8620689655172413,0.0364963503649635,0.8865629307187675,158,1341
RELATIVE_B,10,200,1.0,42,A4_SENSOR_DRIFT,mild,mean_temp_c_-1,97.5,0.5906690302152824,0.3379957215731446,0.009694258016405667,0.018847927324447705,0.0189873417721519,0.4823560262389864,0.4698293357498183,0.8125,0.01915991156963891,0.8865629307187675,158,1341
RELATIVE_B,10,200,1.0,42,A4_SENSOR_DRIFT,mild,mean_temp_c_-1,99.0,0.6236014200644857,0.0,0.0,0.0,0.006329113924050633,0.4823560262389864,0.4698293357498183,0.0,0.0,0.8865629307187675,158,1341
RELATIVE_B,10,200,1.0,42,A4_SENSOR_DRIFT,mild,mean_temp_c_1,95.0,0.5523151484751458,0.553,0.03131991051454139,0.059282287674537026,0.02531645569620253,0.5194160077999985,0.5368230774313519,0.9130434782608695,0.06056236481614997,0.9009839363658203,158,1341
RELATIVE_B,10,200,1.0,42,A4_SENSOR_DRIFT,mild,mean_temp_c_1,97.5,0.5906690302152824,0.4273309608540925,0.014168530947054437,0.027427673444402313,0.0189873417721519,0.5194160077999985,0.5368230774313519,0.8636363636363636,0.027879677182685254,0.9009839363658203,158,1341
RELATIVE_B,10,200,1.0,42,A4_SENSOR_DRIFT,mild,mean_temp_c_1,99.0,0.6236014200644857,0.5146579804560261,0.006711409395973154,0.01325003144785945,0.006329113924050633,0.5194160077999985,0.5368230774313519,0.9,0.013323464100666172,0.9009839363658203,158,1341
RELATIVE_B,10,200,1.0,42,A4_SENSOR_DRIFT,mild,mean_voltage_v_-1,95.0,0.5523151484751458,0.4429906542056075,0.020134228187919462,0.038517796196977074,0.02531645569620253,0.5650952462352791,0.616085671943288,0.8709677419354839,0.03935860058309038,0.9158094816896547,158,1341
RELATIVE_B,10,200,1.0,42,A4_SENSOR_DRIFT,mild,mean_voltage_v_-1,97.5,0.5906690302152824,0.28199179011243974,0.007457121551081283,0.014530004919970018,0.0189873417721519,0.5650952462352791,0.616085671943288,0.7692307692307693,0.014771048744460858,0.9158094816896547,158,1341
RELATIVE_B,10,200,1.0,42,A4_SENSOR_DRIFT,mild,mean_voltage_v_-1,99.0,0.6236014200644857,0.19070609535304767,0.0014914243102162564,0.0029597021565551315,0.006329113924050633,0.5650952462352791,0.616085671943288,0.6666666666666666,0.0029761904761904765,0.9158094816896547,158,1341
RELATIVE_B,10,200,1.0,42,A4_SENSOR_DRIFT,mild,mean_voltage_v_1,95.0,0.5523151484751458,0.6603343465045592,0.049217002237136466,0.09160627223613124,0.02531645569620253,0.6136321881434763,0.6731373715062442,0.9428571428571428,0.09355067328136074,0.9302799691833172,158,1341
RELATIVE_B,10,200,1.0,42,A4_SENSOR_DRIFT,mild,mean_voltage_v_1,97.5,0.5906690302152824,0.4954220494167817,0.018642803877703208,0.03593342763962866,0.0189873417721519,0.6136321881434763,0.6731373715062442,0.8928571428571429,0.03652300949598247,0.9302799691833172,158,1341
RELATIVE_B,10,200,1.0,42,A4_SENSOR_DRIFT,mild,mean_voltage_v_1,99.0,0.6236014200644857,0.45198201879852884,0.005219985085756898,0.010320774524670477,0.006329113924050633,0.6136321881434763,0.6731373715062442,0.875,0.010378057820607857,0.9302799691833172,158,1341
RELATIVE_B,10,200,1.0,42,A4_SENSOR_DRIFT,moderate,pooled,95.0,0.5523151484751458,0.5672448567970956,0.03318419090231171,0.06270036963878844,0.02531645569620253,0.5796998874913789,0.6241793626520923,0.978021978021978,0.06419040750090155,0.978770487864822,158,5364
RELATIVE_B,10,200,1.0,42,A4_SENSOR_DRIFT,moderate,pooled,97.5,0.5906690302152824,0.41750524867878086,0.013609246830723341,0.026359271337777584,0.0189873417721519,0.5796998874913789,0.6241793626520923,0.9605263157894737,0.02683823529411765,0.978770487864822,158,5364
RELATIVE_B,10,200,1.0,42,A4_SENSOR_DRIFT,moderate,pooled,99.0,0.6236014200644857,0.34649122807017546,0.003355704697986577,0.006647034076567101,0.006329113924050633,0.5796998874913789,0.6241793626520923,0.9473684210526315,0.006687720601894854,0.978770487864822,158,5364
RELATIVE_B,10,200,1.0,42,A4_SENSOR_DRIFT,moderate,mean_temp_c_-1,95.0,0.5523151484751458,0.34649122807017546,0.013422818791946308,0.025844442626973094,0.02531645569620253,0.49783545763252185,0.502435363747062,0.8181818181818182,0.02641232575201761,0.8921755350252287,158,1341
RELATIVE_B,10,200,1.0,42,A4_SENSOR_DRIFT,moderate,mean_temp_c_-1,97.5,0.5906690302152824,0.32032437911809425,0.008948545861297539,0.017410708136475706,0.0189873417721519,0.49783545763252185,0.502435363747062,0.8,0.017699115044247787,0.8921755350252287,158,1341
RELATIVE_B,10,200,1.0,42,A4_SENSOR_DRIFT,moderate,mean_temp_c_-1,99.0,0.6236014200644857,0.0,0.0,0.0,0.006329113924050633,0.49783545763252185,0.502435363747062,0.0,0.0,0.8921755350252287,158,1341
RELATIVE_B,10,200,1.0,42,A4_SENSOR_DRIFT,moderate,mean_temp_c_1,95.0,0.5523151484751458,0.6003576218149307,0.03803131991051454,0.07153129161118509,0.02531645569620253,0.5464820220010909,0.5865545266615695,0.9272727272727272,0.07306590257879655,0.9103353329923369,158,1341
RELATIVE_B,10,200,1.0,42,A4_SENSOR_DRIFT,moderate,mean_temp_c_1,97.5,0.5906690302152824,0.4519820187985288,0.015659955257270694,0.030271098764249448,0.0189873417721519,0.5464820220010909,0.5865545266615695,0.875,0.03076923076923077,0.9103353329923369,158,1341
RELATIVE_B,10,200,1.0,42,A4_SENSOR_DRIFT,moderate,mean_temp_c_1,99.0,0.6236014200644857,0.41415465268676277,0.0044742729306487695,0.00885290450909804,0.006329113924050633,0.5464820220010909,0.5865545266615695,0.8571428571428571,0.008902077151335312,0.9103353329923369,158,1341
RELATIVE_B,10,200,1.0,42,A4_SENSOR_DRIFT,moderate,mean_voltage_v_-1,95.0,0.5523151484751458,0.5076188727740041,0.02609992542878449,0.0496471728942596,0.02531645569620253,0.6063638781245833,0.6684389129593444,0.8974358974358975,0.050724637681159424,0.9278457245477246,158,1341
RELATIVE_B,10,200,1.0,42,A4_SENSOR_DRIFT,moderate,mean_voltage_v_-1,97.5,0.5906690302152824,0.3379957215731446,0.009694258016405667,0.018847927324447705,0.0189873417721519,0.6063638781245833,0.6684389129593444,0.8125,0.01915991156963891,0.9278457245477246,158,1341
RELATIVE_B,10,200,1.0,42,A4_SENSOR_DRIFT,moderate,mean_voltage_v_-1,99.0,0.6236014200644857,0.3707179727827311,0.0037285607755406414,0.007382867075683734,0.006329113924050633,0.6063638781245833,0.6684389129593444,0.8333333333333334,0.007423904974016333,0.9278457245477246,158,1341
RELATIVE_B,10,200,1.0,42,A4_SENSOR_DRIFT,moderate,mean_voltage_v_1,95.0,0.5523151484751458,0.6855065666041276,0.055182699478001494,0.10214297570478828,0.02531645569620253,0.6648361893857854,0.7392886472403931,0.9487179487179487,0.10429880197322057,0.9432457047379647,158,1341
RELATIVE_B,10,200,1.0,42,A4_SENSOR_DRIFT,moderate,mean_voltage_v_1,97.5,0.5906690302152824,0.514657980456026,0.020134228187919462,0.03875240158606876,0.0189873417721519,0.6648361893857854,0.7392886472403931,0.9,0.03938730853391685,0.9432457047379647,158,1341
RELATIVE_B,10,200,1.0,42,A4_SENSOR_DRIFT,moderate,mean_voltage_v_1,99.0,0.6236014200644857,0.45198201879852884,0.005219985085756898,0.010320774524670477,0.006329113924050633,0.6648361893857854,0.7392886472403931,0.875,0.010378057820607857,0.9432457047379647,158,1341
RELATIVE_B,10,200,1.0,42,A4_SENSOR_DRIFT,strong,pooled,95.0,0.5523151484751458,0.5882398096261611,0.03616703952274422,0.06814432760498877,0.02531645569620253,0.6074225186788,0.6617770603838058,0.9797979797979798,0.06975907946781734,0.9809692867609467,158,5364
RELATIVE_B,10,200,1.0,42,A4_SENSOR_DRIFT,strong,pooled,97.5,0.5906690302152824,0.4305329464222521,0.01435495898583147,0.02778355047558149,0.0189873417721519,0.6074225186788,0.6617770603838058,0.9625,0.028288023512123436,0.9809692867609467,158,5364
RELATIVE_B,10,200,1.0,42,A4_SENSOR_DRIFT,strong,pooled,99.0,0.6236014200644857,0.3588333731771456,0.0035421327367636092,0.007015018495626713,0.006329113924050633,0.6074225186788,0.6617770603838058,0.95,0.007057949479940565,0.9809692867609467,158,5364
RELATIVE_B,10,200,1.0,42,A4_SENSOR_DRIFT,strong,mean_temp_c_-1,95.0,0.5523151484751458,0.34649122807017546,0.013422818791946308,0.025844442626973094,0.02531645569620253,0.5284740286842006,0.5520818584279633,0.8181818181818182,0.02641232575201761,0.9026818867821301,158,1341
RELATIVE_B,10,200,1.0,42,A4_SENSOR_DRIFT,strong,mean_temp_c_-1,97.5,0.5906690302152824,0.32032437911809425,0.008948545861297539,0.017410708136475706,0.0189873417721519,0.5284740286842006,0.5520818584279633,0.8,0.017699115044247787,0.9026818867821301,158,1341
RELATIVE_B,10,200,1.0,42,A4_SENSOR_DRIFT,strong,mean_temp_c_-1,99.0,0.6236014200644857,0.0,0.0,0.0,0.006329113924050633,0.5284740286842006,0.5520818584279633,0.0,0.0,0.9026818867821301,158,1341
RELATIVE_B,10,200,1.0,42,A4_SENSOR_DRIFT,strong,mean_temp_c_1,95.0,0.5523151484751458,0.6347541876617186,0.04399701715137957,0.0822902138027224,0.02531645569620253,0.5789939590269901,0.6334895553101313,0.9365079365079365,0.08404558404558404,0.9206168704496684,158,1341
RELATIVE_B,10,200,1.0,42,A4_SENSOR_DRIFT,strong,mean_temp_c_1,97.5,0.5906690302152824,0.4852207293666027,0.017897091722595078,0.034520899619013806,0.0189873417721519,0.5789939590269901,0.6334895553101313,0.8888888888888888,0.03508771929824561,0.9206168704496684,158,1341
RELATIVE_B,10,200,1.0,42,A4_SENSOR_DRIFT,strong,mean_temp_c_1,99.0,0.6236014200644857,0.41415465268676277,0.0044742729306487695,0.00885290450909804,0.006329113924050633,0.5789939590269901,0.6334895553101313,0.8571428571428571,0.008902077151335312,0.9206168704496684,158,1341
RELATIVE_B,10,200,1.0,42,A4_SENSOR_DRIFT,strong,mean_voltage_v_-1,95.0,0.5523151484751458,0.5409106470386854,0.02982848620432513,0.05653912561168714,0.02531645569620253,0.6260374691008187,0.6920468382748562,0.9090909090909091,0.05776173285198557,0.9330694886501644,158,1341
RELATIVE_B,10,200,1.0,42,A4_SENSOR_DRIFT,strong,mean_voltage_v_-1,97.5,0.5906690302152824,0.35477145148356054,0.010439970171513796,0.020283064283192657,0.0189873417721519,0.6260374691008187,0.6920468382748562,0.8235294117647058,0.02061855670103093,0.9330694886501644,158,1341
RELATIVE_B,10,200,1.0,42,A4_SENSOR_DRIFT,strong,mean_voltage_v_-1,99.0,0.6236014200644857,0.41415465268676277,0.0044742729306487695,0.00885290450909804,0.006329113924050633,0.6260374691008187,0.6920468382748562,0.8571428571428571,0.008902077151335312,0.9330694886501644,158,1341
RELATIVE_B,10,200,1.0,42,A4_SENSOR_DRIFT,strong,mean_voltage_v_1,95.0,0.5523151484751458,0.6940102681118083,0.05741983594332588,0.1060643046449993,0.02531645569620253,0.692102195864333,0.7694899895222722,0.9506172839506173,0.10829817158931085,0.949507516189174,158,1341
RELATIVE_B,10,200,1.0,42,A4_SENSOR_DRIFT,strong,mean_voltage_v_1,97.5,0.5906690302152824,0.514657980456026,0.020134228187919462,0.03875240158606876,0.0189873417721519,0.692102195864333,0.7694899895222722,0.9,0.03938730853391685,0.949507516189174,158,1341
RELATIVE_B,10,200,1.0,42,A4_SENSOR_DRIFT,strong,mean_voltage_v_1,99.0,0.6236014200644857,0.45198201879852884,0.005219985085756898,0.010320774524670477,0.006329113924050633,0.692102195864333,0.7694899895222722,0.875,0.010378057820607857,0.949507516189174,158,1341
RELATIVE_B,10,200,1.0,123,A2_EARLY_VOLTAGE_COLLAPSE,mild,pooled,95.0,0.5445981460021525,0.9727549359564078,0.9038961038961039,0.9370622219949895,0.02531645569620253,0.9758397645688063,0.9808400460299195,0.9942857142857143,0.9469387755102041,0.9947027531554055,158,770
RELATIVE_B,10,200,1.0,123,A2_EARLY_VOLTAGE_COLLAPSE,mild,pooled,97.5,0.613211725489987,0.9790726748926456,0.2961038961038961,0.45469347570903856,0.006329113924050633,0.9758397645688063,0.9808400460299195,0.9956331877729258,0.4564564564564565,0.9947027531554055,158,770
RELATIVE_B,10,200,1.0,123,A2_EARLY_VOLTAGE_COLLAPSE,mild,pooled,99.0,0.6179334378124298,0.9762125424776028,0.2597402597402597,0.41030967993248063,0.006329113924050633,0.9758397645688063,0.9808400460299195,0.9950248756218906,0.411946446961895,0.9947027531554055,158,770
RELATIVE_B,10,200,1.0,123,A2_EARLY_VOLTAGE_COLLAPSE,moderate,pooled,95.0,0.5445981460021525,0.9749918804806755,0.987012987012987,0.9809656073850176,0.02531645569620253,0.9879424918349807,0.9915666611869143,0.9947643979057592,0.9908735332464146,0.9974847166553114,158,770
RELATIVE_B,10,200,1.0,123,A2_EARLY_VOLTAGE_COLLAPSE,moderate,pooled,97.5,0.613211725489987,0.9846203012024128,0.4051948051948052,0.5741238950421019,0.006329113924050633,0.9879424918349807,0.9915666611869143,0.9968051118210862,0.5761772853185596,0.9974847166553114,158,770
RELATIVE_B,10,200,1.0,123,A2_EARLY_VOLTAGE_COLLAPSE,moderate,pooled,99.0,0.6179334378124298,0.9828926905132194,0.36363636363636365,0.5308693826123478,0.006329113924050633,0.9879424918349807,0.9915666611869143,0.99644128113879,0.532825880114177,0.9974847166553114,158,770
RELATIVE_B,10,200,1.0,123,A2_EARLY_VOLTAGE_COLLAPSE,strong,pooled,95.0,0.5445981460021525,0.9753086419753088,1.0,0.9875,0.02531645569620253,0.9889408233865673,0.9923721847772481,0.9948320413436692,0.9974093264248705,0.997697258536252,158,770
RELATIVE_B,10,200,1.0,123,A2_EARLY_VOLTAGE_COLLAPSE,strong,pooled,97.5,0.613211725489987,0.9849990259107735,0.4155844155844156,0.5845424591016822,0.006329113924050633,0.9889408233865673,0.9923721847772481,0.9968847352024922,0.5866177818515124,0.997697258536252,158,770
RELATIVE_B,10,200,1.0,123,A2_EARLY_VOLTAGE_COLLAPSE,strong,pooled,99.0,0.6179334378124298,0.9833029751062539,0.37272727272727274,0.5405540720961282,0.006329113924050633,0.9889408233865673,0.9923721847772481,0.9965277777777778,0.5425330812854443,0.997697258536252,158,770
RELATIVE_B,10,200,1.0,123,A3_THERMAL_ABNORMALITY,mild,pooled,95.0,0.5445981460021525,0.78693967902601,0.09350649350649351,0.16715154720973288,0.02531645569620253,0.6583884582566997,0.69228998849252,0.9473684210526315,0.17021276595744683,0.9017393531662812,158,770
RELATIVE_B,10,200,1.0,123,A3_THERMAL_ABNORMALITY,mild,pooled,97.5,0.613211725489987,0.672340425531915,0.012987012987012988,0.025481815982582052,0.006329113924050633,0.6583884582566997,0.69228998849252,0.9090909090909091,0.02560819462227913,0.9017393531662812,158,770
RELATIVE_B,10,200,1.0,123,A3_THERMAL_ABNORMALITY,mild,pooled,99.0,0.6179334378124298,0.6487226277372263,0.011688311688311689,0.02296289119271389,0.006329113924050633,0.6583884582566997,0.69228998849252,0.9,0.02307692307692308,0.9017393531662812,158,770
RELATIVE_B,10,200,1.0,123,A3_THERMAL_ABNORMALITY,moderate,pooled,95.0,0.5445981460021525,0.9189431022685404,0.287012987012987,0.43740996379761743,0.02531645569620253,0.826211099531766,0.8547262863718559,0.9822222222222222,0.44422110552763816,0.9563894616212865,158,770
RELATIVE_B,10,200,1.0,123,A3_THERMAL_ABNORMALITY,moderate,pooled,97.5,0.613211725489987,0.8186528497409326,0.02857142857142857,0.05521579591123537,0.006329113924050633,0.826211099531766,0.8547262863718559,0.9565217391304348,0.055485498108448925,0.9563894616212865,158,770
RELATIVE_B,10,200,1.0,123,A3_THERMAL_ABNORMALITY,moderate,pooled,99.0,0.6179334378124298,0.795864262990456,0.024675324675324677,0.047866573123285926,0.006329113924050633,0.826211099531766,0.8547262863718559,0.95,0.04810126582278481,0.9563894616212865,158,770
RELATIVE_B,10,200,1.0,123,A3_THERMAL_ABNORMALITY,strong,pooled,95.0,0.5445981460021525,0.9594299112200005,0.5987012987012987,0.7373088096852889,0.02531645569620253,0.9178988710775176,0.9360019727108335,0.9913978494623656,0.7465587044534413,0.9810044766970534,158,770
RELATIVE_B,10,200,1.0,123,A3_THERMAL_ABNORMALITY,strong,pooled,97.5,0.613211725489987,0.9366046435040342,0.09350649350649351,0.1700372180619703,0.006329113924050633,0.9178988710775176,0.9360019727108335,0.9863013698630136,0.1708185053380783,0.9810044766970534,158,770
RELATIVE_B,10,200,1.0,123,A3_THERMAL_ABNORMALITY,strong,pooled,99.0,0.6179334378124298,0.9224884235957318,0.07532467532467532,0.13927686672644649,0.006329113924050633,0.9178988710775176,0.9360019727108335,0.9830508474576272,0.1399276236429433,0.9810044766970534,158,770
RELATIVE_B,10,200,1.0,123,A4_SENSOR_DRIFT,mild,pooled,95.0,0.5445981460021525,0.553,0.03131991051454139,0.059282287674537026,0.02531645569620253,0.5468094287215648,0.5788360518789115,0.9767441860465116,0.06069364161849711,0.9759684916656952,158,5364
RELATIVE_B,10,200,1.0,123,A4_SENSOR_DRIFT,mild,pooled,97.5,0.613211725489987,0.42409276358170495,0.004660700969425802,0.00922007502106612,0.006329113924050633,0.5468094287215648,0.5788360518789115,0.9615384615384616,0.00927643784786642,0.9759684916656952,158,5364
RELATIVE_B,10,200,1.0,123,A4_SENSOR_DRIFT,mild,pooled,99.0,0.6179334378124298,0.3932126696832579,0.004101416853094705,0.008118157019543364,0.006329113924050633,0.5468094287215648,0.5788360518789115,0.9565217391304348,0.008167811397809541,0.9759684916656952,158,5364
RELATIVE_B,10,200,1.0,123,A4_SENSOR_DRIFT,mild,mean_temp_c_-1,95.0,0.5445981460021525,0.43369932432432434,0.019388516032811335,0.03711768692116558,0.02531645569620253,0.4911833807581663,0.4924650034453789,0.8666666666666667,0.03792851932895697,0.8901244695316408,158,1341
RELATIVE_B,10,200,1.0,123,A4_SENSOR_DRIFT,mild,mean_temp_c_-1,97.5,0.613211725489987,0.19070609535304767,0.0014914243102162564,0.0029597021565551315,0.006329113924050633,0.4911833807581663,0.4924650034453789,0.6666666666666666,0.0029761904761904765,0.8901244695316408,158,1341
RELATIVE_B,10,200,1.0,123,A4_SENSOR_DRIFT,mild,mean_temp_c_-1,99.0,0.6179334378124298,0.10540360240160106,0.0007457121551081282,0.0014809468686878154,0.006329113924050633,0.4911833807581663,0.4924650034453789,0.5,0.0014892032762472078,0.8901244695316408,158,1341
RELATIVE_B,10,200,1.0,123,A4_SENSOR_DRIFT,mild,mean_temp_c_1,95.0,0.5445981460021525,0.528149190710767,0.028337061894108874,0.053788197772860424,0.02531645569620253,0.5144948460394876,0.5279571262707785,0.9047619047619048,0.0549530007230658,0.8992777565569479,158,1341
RELATIVE_B,10,200,1.0,123,A4_SENSOR_DRIFT,mild,mean_temp_c_1,97.5,0.613211725489987,0.5146579804560261,0.006711409395973154,0.01325003144785945,0.006329113924050633,0.5144948460394876,0.5279571262707785,0.9,0.013323464100666172,0.8992777565569479,158,1341
RELATIVE_B,10,200,1.0,123,A4_SENSOR_DRIFT,mild,mean_temp_c_1,99.0,0.6179334378124298,0.5146579804560261,0.006711409395973154,0.01325003144785945,0.006329113924050633,0.5144948460394876,0.5279571262707785,0.9,0.013323464100666172,0.8992777565569479,158,1341
RELATIVE_B,10,200,1.0,123,A4_SENSOR_DRIFT,mild,mean_voltage_v_-1,95.0,0.5445981460021525,0.5076188727740041,0.02609992542878449,0.0496471728942596,0.02531645569620253,0.5774787656646043,0.6268442216747374,0.8974358974358975,0.050724637681159424,0.9197823827247145,158,1341
RELATIVE_B,10,200,1.0,123,A4_SENSOR_DRIFT,mild,mean_voltage_v_-1,97.5,0.613211725489987,0.3707179727827311,0.0037285607755406414,0.007382867075683734,0.006329113924050633,0.5774787656646043,0.6268442216747374,0.8333333333333334,0.007423904974016333,0.9197823827247145,158,1341
RELATIVE_B,10,200,1.0,123,A4_SENSOR_DRIFT,mild,mean_voltage_v_-1,99.0,0.6179334378124298,0.3707179727827311,0.0037285607755406414,0.007382867075683734,0.006329113924050633,0.5774787656646043,0.6268442216747374,0.8333333333333334,0.007423904974016333,0.9197823827247145,158,1341
RELATIVE_B,10,200,1.0,123,A4_SENSOR_DRIFT,mild,mean_voltage_v_1,95.0,0.5445981460021525,0.6702323865732203,0.05145413870246085,0.09557121817799286,0.02531645569620253,0.6040921192786877,0.668077856124751,0.9452054794520548,0.09759547383309759,0.9278356155863734,158,1341
RELATIVE_B,10,200,1.0,123,A4_SENSOR_DRIFT,mild,mean_voltage_v_1,97.5,0.613211725489987,0.5146579804560261,0.006711409395973154,0.01325003144785945,0.006329113924050633,0.6040921192786877,0.668077856124751,0.9,0.013323464100666172,0.9278356155863734,158,1341
RELATIVE_B,10,200,1.0,123,A4_SENSOR_DRIFT,mild,mean_voltage_v_1,99.0,0.6179334378124298,0.45198201879852884,0.005219985085756898,0.010320774524670477,0.006329113924050633,0.6040921192786877,0.668077856124751,0.875,0.010378057820607857,0.9278356155863734,158,1341
RELATIVE_B,10,200,1.0,123,A4_SENSOR_DRIFT,moderate,pooled,95.0,0.5445981460021525,0.5943892018601837,0.037099179716629384,0.06983929543208095,0.02531645569620253,0.5819255823697163,0.6296742700988304,0.9802955665024631,0.07149272498652777,0.9790354845801365,158,5364
RELATIVE_B,10,200,1.0,123,A4_SENSOR_DRIFT,moderate,pooled,97.5,0.613211725489987,0.3707179727827311,0.0037285607755406414,0.007382867075683734,0.006329113924050633,0.5819255823697163,0.6296742700988304,0.9523809523809523,0.007428040854224698,0.9790354845801365,158,5364
RELATIVE_B,10,200,1.0,123,A4_SENSOR_DRIFT,moderate,pooled,99.0,0.6179334378124298,0.3707179727827311,0.0037285607755406414,0.007382867075683734,0.006329113924050633,0.5819255823697163,0.6296742700988304,0.9523809523809523,0.007428040854224698,0.9790354845801365,158,5364
RELATIVE_B,10,200,1.0,123,A4_SENSOR_DRIFT,moderate,mean_temp_c_-1,95.0,0.5445981460021525,0.42409276358170495,0.018642803877703208,0.035715577416904766,0.02531645569620253,0.5080131634811638,0.5315039787047263,0.8620689655172413,0.0364963503649635,0.8959324568936509,158,1341
RELATIVE_B,10,200,1.0,123,A4_SENSOR_DRIFT,moderate,mean_temp_c_-1,97.5,0.613211725489987,0.10540360240160106,0.0007457121551081282,0.0014809468686878154,0.006329113924050633,0.5080131634811638,0.5315039787047263,0.5,0.0014892032762472078,0.8959324568936509,158,1341
RELATIVE_B,10,200,1.0,123,A4_SENSOR_DRIFT,moderate,mean_temp_c_-1,99.0,0.6179334378124298,0.10540360240160106,0.0007457121551081282,0.0014809468686878154,0.006329113924050633,0.5080131634811638,0.5315039787047263,0.5,0.0014892032762472078,0.8959324568936509,158,1341
RELATIVE_B,10,200,1.0,123,A4_SENSOR_DRIFT,moderate,mean_temp_c_1,95.0,0.5445981460021525,0.5955971049457178,0.037285607755406416,0.07017793214948788,0.02531645569620253,0.538022745454157,0.5719989805454082,0.9259259259259259,0.07168458781362008,0.9076703497097918,158,1341
RELATIVE_B,10,200,1.0,123,A4_SENSOR_DRIFT,moderate,mean_temp_c_1,97.5,0.613211725489987,0.41415465268676277,0.0044742729306487695,0.00885290450909804,0.006329113924050633,0.538022745454157,0.5719989805454082,0.8571428571428571,0.008902077151335312,0.9076703497097918,158,1341
RELATIVE_B,10,200,1.0,123,A4_SENSOR_DRIFT,moderate,mean_temp_c_1,99.0,0.6179334378124298,0.41415465268676277,0.0044742729306487695,0.00885290450909804,0.006329113924050633,0.538022745454157,0.5719989805454082,0.8571428571428571,0.008902077151335312,0.9076703497097918,158,1341
RELATIVE_B,10,200,1.0,123,A4_SENSOR_DRIFT,moderate,mean_voltage_v_-1,95.0,0.5445981460021525,0.5857275254865617,0.035794183445190156,0.06746550665848255,0.02531645569620253,0.6281869452594087,0.6855761334352787,0.9230769230769231,0.06891600861450108,0.9337933610930769,158,1341
RELATIVE_B,10,200,1.0,123,A4_SENSOR_DRIFT,moderate,mean_voltage_v_-1,97.5,0.613211725489987,0.41415465268676277,0.0044742729306487695,0.00885290450909804,0.006329113924050633,0.6281869452594087,0.6855761334352787,0.8571428571428571,0.008902077151335312,0.9337933610930769,158,1341
RELATIVE_B,10,200,1.0,123,A4_SENSOR_DRIFT,moderate,mean_voltage_v_-1,99.0,0.6179334378124298,0.41415465268676277,0.0044742729306487695,0.00885290450909804,0.006329113924050633,0.6281869452594087,0.6855761334352787,0.8571428571428571,0.008902077151335312,0.9337933610930769,158,1341
RELATIVE_B,10,200,1.0,123,A4_SENSOR_DRIFT,moderate,mean_voltage_v_1,95.0,0.5445981460021525,0.6912272622611099,0.05667412378821775,0.10475899672846238,0.02531645569620253,0.650840004245625,0.7296179877099086,0.95,0.10696692470091484,0.940030775138093,158,1341
RELATIVE_B,10,200,1.0,123,A4_SENSOR_DRIFT,moderate,mean_voltage_v_1,97.5,0.613211725489987,0.45198201879852884,0.005219985085756898,0.010320774524670477,0.006329113924050633,0.650840004245625,0.7296179877099086,0.875,0.010378057820607857,0.940030775138093,158,1341
RELATIVE_B,10,200,1.0,123,A4_SENSOR_DRIFT,moderate,mean_voltage_v_1,99.0,0.6179334378124298,0.45198201879852884,0.005219985085756898,0.010320774524670477,0.006329113924050633,0.650840004245625,0.7296179877099086,0.875,0.010378057820607857,0.940030775138093,158,1341
RELATIVE_B,10,200,1.0,123,A4_SENSOR_DRIFT,strong,pooled,95.0,0.5445981460021525,0.6215205503616158,0.04157345264727815,0.07793391299731697,0.02531645569620253,0.6092446824858346,0.666221835207053,0.9823788546255506,0.07977106063316045,0.9811800501231397,158,5364
RELATIVE_B,10,200,1.0,123,A4_SENSOR_DRIFT,strong,pooled,97.5,0.613211725489987,0.43369932432432434,0.004847129008202834,0.009587110144413432,0.006329113924050633,0.6092446824858346,0.666221835207053,0.9629629629629629,0.009645705805972918,0.9811800501231397,158,5364
RELATIVE_B,10,200,1.0,123,A4_SENSOR_DRIFT,strong,pooled,99.0,0.6179334378124298,0.38217000691085007,0.0039149888143176735,0.007750579891940378,0.006329113924050633,0.6092446824858346,0.666221835207053,0.9545454545454546,0.0077979948013368,0.9811800501231397,158,5364
RELATIVE_B,10,200,1.0,123,A4_SENSOR_DRIFT,strong,mean_temp_c_-1,95.0,0.5445981460021525,0.4038675261169149,0.01715137956748695,0.032905340553070504,0.02531645569620253,0.5357255457621015,0.5779835565750102,0.8518518518518519,0.03362573099415205,0.9056103724825206,158,1341
RELATIVE_B,10,200,1.0,123,A4_SENSOR_DRIFT,strong,mean_temp_c_-1,97.5,0.613211725489987,0.10540360240160106,0.0007457121551081282,0.0014809468686878154,0.006329113924050633,0.5357255457621015,0.5779835565750102,0.5,0.0014892032762472078,0.9056103724825206,158,1341
RELATIVE_B,10,200,1.0,123,A4_SENSOR_DRIFT,strong,mean_temp_c_-1,99.0,0.6179334378124298,0.10540360240160106,0.0007457121551081282,0.0014809468686878154,0.006329113924050633,0.5357255457621015,0.5779835565750102,0.5,0.0014892032762472078,0.9056103724825206,158,1341
RELATIVE_B,10,200,1.0,123,A4_SENSOR_DRIFT,strong,mean_temp_c_1,95.0,0.5445981460021525,0.6307819383259912,0.04325130499627144,0.08095191823538246,0.02531645569620253,0.5671066296112272,0.6156207817706415,0.9354838709677419,0.082679971489665,0.9171246863202518,158,1341
RELATIVE_B,10,200,1.0,123,A4_SENSOR_DRIFT,strong,mean_temp_c_1,97.5,0.613211725489987,0.5644689834361806,0.00820283370618941,0.016170675995664244,0.006329113924050633,0.5671066296112272,0.6156207817706415,0.9166666666666666,0.016260162601626015,0.9171246863202518,158,1341
RELATIVE_B,10,200,1.0,123,A4_SENSOR_DRIFT,strong,mean_temp_c_1,99.0,0.6179334378124298,0.41415465268676277,0.0044742729306487695,0.00885290450909804,0.006329113924050633,0.5671066296112272,0.6156207817706415,0.8571428571428571,0.008902077151335312,0.9171246863202518,158,1341
RELATIVE_B,10,200,1.0,123,A4_SENSOR_DRIFT,strong,mean_voltage_v_-1,95.0,0.5445981460021525,0.6461741424802111,0.04623415361670395,0.08629392436508426,0.02531645569620253,0.6549922545782825,0.7129196990721075,0.9393939393939394,0.08813077469793888,0.9403270935576853,158,1341
RELATIVE_B,10,200,1.0,123,A4_SENSOR_DRIFT,strong,mean_voltage_v_-1,97.5,0.613211725489987,0.45198201879852884,0.005219985085756898,0.010320774524670477,0.006329113924050633,0.6549922545782825,0.7129196990721075,0.875,0.010378057820607857,0.9403270935576853,158,1341
RELATIVE_B,10,200,1.0,123,A4_SENSOR_DRIFT,strong,mean_voltage_v_-1,99.0,0.6179334378124298,0.45198201879852884,0.005219985085756898,0.010320774524670477,0.006329113924050633,0.6549922545782825,0.7129196990721075,0.875,0.010378057820607857,0.9403270935576853,158,1341
RELATIVE_B,10,200,1.0,123,A4_SENSOR_DRIFT,strong,mean_voltage_v_1,95.0,0.5445981460021525,0.7020662075094424,0.05965697240865026,0.1099694625938525,0.02531645569620253,0.6751802144256164,0.7583633034104531,0.9523809523809523,0.11228070175438598,0.9457377947503957,158,1341
RELATIVE_B,10,200,1.0,123,A4_SENSOR_DRIFT,strong,mean_voltage_v_1,97.5,0.613211725489987,0.45198201879852884,0.005219985085756898,0.010320774524670477,0.006329113924050633,0.6751802144256164,0.7583633034104531,0.875,0.010378057820607857,0.9457377947503957,158,1341
RELATIVE_B,10,200,1.0,123,A4_SENSOR_DRIFT,strong,mean_voltage_v_1,99.0,0.6179334378124298,0.45198201879852884,0.005219985085756898,0.010320774524670477,0.006329113924050633,0.6751802144256164,0.7583633034104531,0.875,0.010378057820607857,0.9457377947503957,158,1341
RELATIVE_B,10,200,1.0,2026,A2_EARLY_VOLTAGE_COLLAPSE,mild,pooled,95.0,0.5550022326350791,0.9698470816282576,0.8142857142857143,0.8852845768209967,0.02531645569620253,0.9588870695801851,0.9720697024494493,0.993660855784469,0.8950749464668094,0.9909793340174842,158,770
RELATIVE_B,10,200,1.0,2026,A2_EARLY_VOLTAGE_COLLAPSE,mild,pooled,97.5,0.5959664669390605,0.9526270456503014,0.2545454545454545,0.4017435524881947,0.012658227848101266,0.9588870695801851,0.9720697024494493,0.98989898989899,0.4049586776859504,0.9909793340174842,158,770
RELATIVE_B,10,200,1.0,2026,A2_EARLY_VOLTAGE_COLLAPSE,mild,pooled,99.0,0.6307195915603998,1.0,0.10649350649350649,0.19248826291079812,0.0,0.9588870695801851,0.9720697024494493,1.0,0.19248826291079812,0.9909793340174842,158,770
RELATIVE_B,10,200,1.0,2026,A2_EARLY_VOLTAGE_COLLAPSE,moderate,pooled,95.0,0.5550022326350791,0.9746997650692472,0.9753246753246754,0.975012120066722,0.02531645569620253,0.9725881615763264,0.9847525891829689,0.9947019867549669,0.9849180327868853,0.994212335669836,158,770
RELATIVE_B,10,200,1.0,2026,A2_EARLY_VOLTAGE_COLLAPSE,moderate,pooled,97.5,0.5959664669390605,0.961128779847544,0.312987012987013,0.4722032763303116,0.012658227848101266,0.9725881615763264,0.9847525891829689,0.9917695473251029,0.47581441263573543,0.994212335669836,158,770
RELATIVE_B,10,200,1.0,2026,A2_EARLY_VOLTAGE_COLLAPSE,moderate,pooled,99.0,0.6307195915603998,1.0,0.13506493506493505,0.23798627002288328,0.0,0.9725881615763264,0.9847525891829689,1.0,0.23798627002288328,0.994212335669836,158,770
RELATIVE_B,10,200,1.0,2026,A2_EARLY_VOLTAGE_COLLAPSE,strong,pooled,95.0,0.5550022326350791,0.9751195553832235,0.9922077922077922,0.9835894594462462,0.02531645569620253,0.9739140872447087,0.9858047016274865,0.9947916666666666,0.9934980494148244,0.9945050814888695,158,770
RELATIVE_B,10,200,1.0,2026,A2_EARLY_VOLTAGE_COLLAPSE,strong,pooled,97.5,0.5959664669390605,0.9620371739880688,0.3207792207792208,0.481131261326791,0.012658227848101266,0.9739140872447087,0.9858047016274865,0.9919678714859438,0.4847890088321884,0.9945050814888695,158,770
RELATIVE_B,10,200,1.0,2026,A2_EARLY_VOLTAGE_COLLAPSE,strong,pooled,99.0,0.6307195915603998,1.0,0.14025974025974025,0.24601366742596809,0.0,0.9739140872447087,0.9858047016274865,1.0,0.24601366742596809,0.9945050814888695,158,770
RELATIVE_B,10,200,1.0,2026,A3_THERMAL_ABNORMALITY,mild,pooled,95.0,0.5550022326350791,0.7153945666235446,0.06363636363636363,0.1168762548874564,0.02531645569620253,0.6595030112740087,0.6980683873088936,0.9245283018867925,0.11907654921020655,0.9024052790780432,158,770
RELATIVE_B,10,200,1.0,2026,A3_THERMAL_ABNORMALITY,mild,pooled,97.5,0.5959664669390605,0.6487226277372263,0.023376623376623377,0.04512709847354892,0.012658227848101266,0.6595030112740087,0.6980683873088936,0.9,0.04556962025316456,0.9024052790780432,158,770
RELATIVE_B,10,200,1.0,2026,A3_THERMAL_ABNORMALITY,mild,pooled,99.0,0.6307195915603998,1.0,0.003896103896103896,0.007761966364812419,0.0,0.6595030112740087,0.6980683873088936,1.0,0.007761966364812419,0.9024052790780432,158,770
RELATIVE_B,10,200,1.0,2026,A3_THERMAL_ABNORMALITY,moderate,pooled,95.0,0.5550022326350791,0.9012947058069478,0.23116883116883116,0.3679610634289303,0.02531645569620253,0.8262287145591478,0.8606279796153214,0.978021978021978,0.3739495798319327,0.956612656751224,158,770
RELATIVE_B,10,200,1.0,2026,A3_THERMAL_ABNORMALITY,moderate,pooled,97.5,0.5959664669390605,0.7914974275656648,0.048051948051948054,0.09060335074314586,0.012658227848101266,0.8262287145591478,0.8606279796153214,0.9487179487179487,0.09147095179233622,0.956612656751224,158,770
RELATIVE_B,10,200,1.0,2026,A3_THERMAL_ABNORMALITY,moderate,pooled,99.0,0.6307195915603998,1.0,0.00909090909090909,0.018018018018018018,0.0,0.8262287145591478,0.8606279796153214,1.0,0.018018018018018018,0.956612656751224,158,770
RELATIVE_B,10,200,1.0,2026,A3_THERMAL_ABNORMALITY,strong,pooled,95.0,0.5550022326350791,0.952969919071614,0.512987012987013,0.6669516430670585,0.02531645569620253,0.9125634831010091,0.9383034686832156,0.9899749373433584,0.6757912745936698,0.9799171306414843,158,770
RELATIVE_B,10,200,1.0,2026,A3_THERMAL_ABNORMALITY,strong,pooled,97.5,0.5959664669390605,0.9022842639593909,0.11688311688311688,0.2069567748508223,0.012658227848101266,0.9125634831010091,0.9383034686832156,0.9782608695652174,0.2088167053364269,0.9799171306414843,158,770
RELATIVE_B,10,200,1.0,2026,A3_THERMAL_ABNORMALITY,strong,pooled,99.0,0.6307195915603998,1.0,0.024675324675324677,0.04816223067173638,0.0,0.9125634831010091,0.9383034686832156,1.0,0.04816223067173638,0.9799171306414843,158,770
RELATIVE_B,10,200,1.0,2026,A4_SENSOR_DRIFT,mild,pooled,95.0,0.5550022326350791,0.5231788079470199,0.027777777777777776,0.05275459098497496,0.02531645569620253,0.5456661846510589,0.5736632637649969,0.9738562091503268,0.05401486315026282,0.9758876041240399,158,5364
RELATIVE_B,10,200,1.0,2026,A4_SENSOR_DRIFT,mild,pooled,97.5,0.5959664669390605,0.4038675261169149,0.008575689783743476,0.01679476099585446,0.012658227848101266,0.5456661846510589,0.5736632637649969,0.9583333333333334,0.01699926090169993,0.9758876041240399,158,5364
RELATIVE_B,10,200,1.0,2026,A4_SENSOR_DRIFT,mild,pooled,99.0,0.6307195915603998,1.0,0.003355704697986577,0.006688963210702341,0.0,0.5456661846510589,0.5736632637649969,1.0,0.006688963210702341,0.9758876041240399,158,5364
RELATIVE_B,10,200,1.0,2026,A4_SENSOR_DRIFT,mild,mean_temp_c_-1,95.0,0.5550022326350791,0.38217000691085007,0.015659955257270694,0.030087051142546246,0.02531645569620253,0.4841861830798913,0.48048169229462234,0.84,0.03074670571010249,0.8874732050183083,158,1341
RELATIVE_B,10,200,1.0,2026,A4_SENSOR_DRIFT,mild,mean_temp_c_-1,97.5,0.5959664669390605,0.15019011406844104,0.0022371364653243847,0.0044086051508133595,0.012658227848101266,0.4841861830798913,0.48048169229462234,0.6,0.004457652303120356,0.8874732050183083,158,1341
RELATIVE_B,10,200,1.0,2026,A4_SENSOR_DRIFT,mild,mean_temp_c_-1,99.0,0.6307195915603998,0.0,0.0,0.0,0.0,0.4841861830798913,0.48048169229462234,0.0,0.0,0.8874732050183083,158,1341
RELATIVE_B,10,200,1.0,2026,A4_SENSOR_DRIFT,mild,mean_temp_c_1,95.0,0.5550022326350791,0.5146579804560261,0.026845637583892617,0.05102947113443682,0.02531645569620253,0.5186759490176065,0.5330756378670745,0.9,0.05213613323678494,0.9008215583371447,158,1341
RELATIVE_B,10,200,1.0,2026,A4_SENSOR_DRIFT,mild,mean_temp_c_1,97.5,0.5959664669390605,0.34649122807017546,0.006711409395973154,0.013167763980331695,0.012658227848101266,0.5186759490176065,0.5330756378670745,0.8181818181818182,0.013313609467455622,0.9008215583371447,158,1341
RELATIVE_B,10,200,1.0,2026,A4_SENSOR_DRIFT,mild,mean_temp_c_1,99.0,0.6307195915603998,1.0,0.005219985085756898,0.010385756676557865,0.0,0.5186759490176065,0.5330756378670745,1.0,0.010385756676557865,0.9008215583371447,158,1341
RELATIVE_B,10,200,1.0,2026,A4_SENSOR_DRIFT,mild,mean_voltage_v_-1,95.0,0.5550022326350791,0.5076188727740041,0.02609992542878449,0.0496471728942596,0.02531645569620253,0.5772735196854129,0.6180490659719272,0.8974358974358975,0.050724637681159424,0.9198686864903172,158,1341
RELATIVE_B,10,200,1.0,2026,A4_SENSOR_DRIFT,mild,mean_voltage_v_-1,97.5,0.5959664669390605,0.48522072936660265,0.011931394481730051,0.02329009433962264,0.012658227848101266,0.5772735196854129,0.6180490659719272,0.8888888888888888,0.023546725533480497,0.9198686864903172,158,1341
RELATIVE_B,10,200,1.0,2026,A4_SENSOR_DRIFT,mild,mean_voltage_v_-1,99.0,0.6307195915603998,1.0,0.002982848620432513,0.005947955390334572,0.0,0.5772735196854129,0.6180490659719272,1.0,0.005947955390334572,0.9198686864903172,158,1341
RELATIVE_B,10,200,1.0,2026,A4_SENSOR_DRIFT,mild,mean_voltage_v_1,95.0,0.5550022326350791,0.626722338204593,0.042505592841163314,0.07961175347406386,0.02531645569620253,0.6026859984388016,0.6630466589263632,0.9344262295081968,0.08131241084165478,0.9274720597199608,158,1341
RELATIVE_B,10,200,1.0,2026,A4_SENSOR_DRIFT,mild,mean_voltage_v_1,97.5,0.5959664669390605,0.5146579804560261,0.013422818791946308,0.02616327206491141,0.012658227848101266,0.6026859984388016,0.6630466589263632,0.9,0.02645113886847906,0.9274720597199608,158,1341
RELATIVE_B,10,200,1.0,2026,A4_SENSOR_DRIFT,mild,mean_voltage_v_1,99.0,0.6307195915603998,1.0,0.005219985085756898,0.010385756676557865,0.0,0.6026859984388016,0.6630466589263632,1.0,0.010385756676557865,0.9274720597199608,158,1341
RELATIVE_B,10,200,1.0,2026,A4_SENSOR_DRIFT,moderate,pooled,95.0,0.5550022326350791,0.558809014640566,0.03206562266964952,0.060650966808905714,0.02531645569620253,0.5825645698881984,0.6250047196971842,0.9772727272727273,0.06209386281588448,0.9790999647272931,158,5364
RELATIVE_B,10,200,1.0,2026,A4_SENSOR_DRIFT,moderate,pooled,97.5,0.5959664669390605,0.46493765586034913,0.010999254287844892,0.021490106758940572,0.012658227848101266,0.5825645698881984,0.6250047196971842,0.9672131147540983,0.021751152073732717,0.9790999647272931,158,5364
RELATIVE_B,10,200,1.0,2026,A4_SENSOR_DRIFT,moderate,pooled,99.0,0.6307195915603998,1.0,0.003169276659209545,0.006318528154618101,0.0,0.5825645698881984,0.6250047196971842,1.0,0.006318528154618101,0.9790999647272931,158,5364
RELATIVE_B,10,200,1.0,2026,A4_SENSOR_DRIFT,moderate,mean_temp_c_-1,95.0,0.5550022326350791,0.2919746568109821,0.010439970171513796,0.020159122185059285,0.02531645569620253,0.49662218822103754,0.5103786141081188,0.7777777777777778,0.02060338484179544,0.8915634774561568,158,1341
RELATIVE_B,10,200,1.0,2026,A4_SENSOR_DRIFT,moderate,mean_temp_c_-1,97.5,0.5959664669390605,0.10540360240160106,0.0014914243102162564,0.00294123122172788,0.012658227848101266,0.49662218822103754,0.5103786141081188,0.5,0.002973977695167286,0.8915634774561568,158,1341
RELATIVE_B,10,200,1.0,2026,A4_SENSOR_DRIFT,moderate,mean_temp_c_-1,99.0,0.6307195915603998,0.0,0.0,0.0,0.0,0.49662218822103754,0.5103786141081188,0.0,0.0,0.8915634774561568,158,1341
RELATIVE_B,10,200,1.0,2026,A4_SENSOR_DRIFT,moderate,mean_temp_c_1,95.0,0.5550022326350791,0.558809014640566,0.03206562266964952,0.060650966808905714,0.02531645569620253,0.5461714042372366,0.5817616741709851,0.9148936170212766,0.06195965417867436,0.9103811621667125,158,1341
RELATIVE_B,10,200,1.0,2026,A4_SENSOR_DRIFT,moderate,mean_temp_c_1,97.5,0.5959664669390605,0.5146579804560261,0.013422818791946308,0.02616327206491141,0.012658227848101266,0.5461714042372366,0.5817616741709851,0.9,0.02645113886847906,0.9103811621667125,158,1341
RELATIVE_B,10,200,1.0,2026,A4_SENSOR_DRIFT,moderate,mean_temp_c_1,99.0,0.6307195915603998,1.0,0.0044742729306487695,0.008908685968819599,0.0,0.5461714042372366,0.5817616741709851,1.0,0.008908685968819599,0.9103811621667125,158,1341
RELATIVE_B,10,200,1.0,2026,A4_SENSOR_DRIFT,moderate,mean_voltage_v_-1,95.0,0.5550022326350791,0.6139896373056996,0.040268456375838924,0.0755800047835446,0.02531645569620253,0.635165356403272,0.683390913638981,0.9310344827586207,0.07719799857040743,0.9355395602650238,158,1341
RELATIVE_B,10,200,1.0,2026,A4_SENSOR_DRIFT,moderate,mean_voltage_v_-1,97.5,0.5959664669390605,0.5409106470386854,0.014914243102162566,0.02902810949843836,0.012658227848101266,0.635165356403272,0.683390913638981,0.9090909090909091,0.0293470286133529,0.9355395602650238,158,1341
RELATIVE_B,10,200,1.0,2026,A4_SENSOR_DRIFT,moderate,mean_voltage_v_-1,99.0,0.6307195915603998,1.0,0.0037285607755406414,0.007429420505200595,0.0,0.635165356403272,0.683390913638981,1.0,0.007429420505200595,0.9355395602650238,158,1341
RELATIVE_B,10,200,1.0,2026,A4_SENSOR_DRIFT,moderate,mean_voltage_v_1,95.0,0.5550022326350791,0.6424476736435142,0.04548844146159582,0.08496121297602256,0.02531645569620253,0.6490428319595647,0.7244876768706521,0.9384615384615385,0.08677098150782361,0.9395971868729538,158,1341
RELATIVE_B,10,200,1.0,2026,A4_SENSOR_DRIFT,moderate,mean_voltage_v_1,97.5,0.5959664669390605,0.528149190710767,0.014168530947054437,0.027596731046782067,0.012658227848101266,0.6490428319595647,0.7244876768706521,0.9047619047619048,0.027900146842878122,0.9395971868729538,158,1341
RELATIVE_B,10,200,1.0,2026,A4_SENSOR_DRIFT,moderate,mean_voltage_v_1,99.0,0.6307195915603998,1.0,0.0044742729306487695,0.008908685968819599,0.0,0.6490428319595647,0.7244876768706521,1.0,0.008908685968819599,0.9395971868729538,158,1341
RELATIVE_B,10,200,1.0,2026,A4_SENSOR_DRIFT,strong,pooled,95.0,0.5550022326350791,0.5931740614334472,0.03691275167785235,0.06950053984884233,0.02531645569620253,0.6123024054299988,0.6639026940031527,0.9801980198019802,0.07114624505928854,0.9814258464922203,158,5364
RELATIVE_B,10,200,1.0,2026,A4_SENSOR_DRIFT,strong,pooled,97.5,0.5959664669390605,0.48128807658833767,0.01174496644295302,0.02293035888292248,0.012658227848101266,0.6123024054299988,0.6639026940031527,0.9692307692307692,0.0232086940504697,0.9814258464922203,158,5364
RELATIVE_B,10,200,1.0,2026,A4_SENSOR_DRIFT,strong,pooled,99.0,0.6307195915603998,1.0,0.003169276659209545,0.006318528154618101,0.0,0.6123024054299988,0.6639026940031527,1.0,0.006318528154618101,0.9814258464922203,158,5364
RELATIVE_B,10,200,1.0,2026,A4_SENSOR_DRIFT,strong,mean_temp_c_-1,95.0,0.5550022326350791,0.2919746568109821,0.010439970171513796,0.020159122185059285,0.02531645569620253,0.524499202848876,0.556990343499561,0.7777777777777778,0.02060338484179544,0.9013404669035535,158,1341
RELATIVE_B,10,200,1.0,2026,A4_SENSOR_DRIFT,strong,mean_temp_c_-1,97.5,0.5959664669390605,0.055633802816901404,0.0007457121551081282,0.001471697761715366,0.012658227848101266,0.524499202848876,0.556990343499561,0.3333333333333333,0.0014880952380952382,0.9013404669035535,158,1341
RELATIVE_B,10,200,1.0,2026,A4_SENSOR_DRIFT,strong,mean_temp_c_-1,99.0,0.6307195915603998,0.0,0.0,0.0,0.0,0.524499202848876,0.556990343499561,0.0,0.0,0.9013404669035535,158,1341
RELATIVE_B,10,200,1.0,2026,A4_SENSOR_DRIFT,strong,mean_temp_c_1,95.0,0.5550022326350791,0.6050073637702503,0.03877703206562267,0.07288275421586282,0.02531645569620253,0.5786700115525801,0.6295273695239714,0.9285714285714286,0.07444523979957052,0.9206891487989504,158,1341
RELATIVE_B,10,200,1.0,2026,A4_SENSOR_DRIFT,strong,mean_temp_c_1,97.5,0.5959664669390605,0.5409106470386854,0.014914243102162566,0.02902810949843836,0.012658227848101266,0.5786700115525801,0.6295273695239714,0.9090909090909091,0.0293470286133529,0.9206891487989504,158,1341
RELATIVE_B,10,200,1.0,2026,A4_SENSOR_DRIFT,strong,mean_temp_c_1,99.0,0.6307195915603998,1.0,0.002982848620432513,0.005947955390334572,0.0,0.5786700115525801,0.6295273695239714,1.0,0.005947955390334572,0.9206891487989504,158,1341
RELATIVE_B,10,200,1.0,2026,A4_SENSOR_DRIFT,strong,mean_voltage_v_-1,95.0,0.5550022326350791,0.6636990595611285,0.049962714392244596,0.0929297540249662,0.02531645569620253,0.6649341578771928,0.7137008089560974,0.9436619718309859,0.09490084985835694,0.9425902345708405,158,1341
RELATIVE_B,10,200,1.0,2026,A4_SENSOR_DRIFT,strong,mean_voltage_v_-1,97.5,0.5959664669390605,0.553,0.015659955257270694,0.030457411946134993,0.012658227848101266,0.6649341578771928,0.7137008089560974,0.9130434782608695,0.03079178885630499,0.9425902345708405,158,1341
RELATIVE_B,10,200,1.0,2026,A4_SENSOR_DRIFT,strong,mean_voltage_v_-1,99.0,0.6307195915603998,1.0,0.005219985085756898,0.010385756676557865,0.0,0.6649341578771928,0.7137008089560974,1.0,0.010385756676557865,0.9425902345708405,158,1341
RELATIVE_B,10,200,1.0,2026,A4_SENSOR_DRIFT,strong,mean_voltage_v_1,95.0,0.5550022326350791,0.6569016246641934,0.048471290082028336,0.09028095221350962,0.02531645569620253,0.675855187506117,0.7553922540329813,0.9420289855072463,0.09219858156028368,0.9459765010148032,158,1341
RELATIVE_B,10,200,1.0,2026,A4_SENSOR_DRIFT,strong,mean_voltage_v_1,97.5,0.5959664669390605,0.553,0.015659955257270694,0.030457411946134993,0.012658227848101266,0.675855187506117,0.7553922540329813,0.9130434782608695,0.03079178885630499,0.9459765010148032,158,1341
RELATIVE_B,10,200,1.0,2026,A4_SENSOR_DRIFT,strong,mean_voltage_v_1,99.0,0.6307195915603998,1.0,0.0044742729306487695,0.008908685968819599,0.0,0.675855187506117,0.7553922540329813,1.0,0.008908685968819599,0.9459765010148032,158,1341
RELATIVE_A,20,100,0.75,42,A1_ACCELERATED_DEGRADATION,mild,pooled,95.0,0.5521169037514774,0.4351464435146444,0.03209876543209877,0.05978729519977005,0.041666666666666664,0.4724490844256377,0.45554483882030183,0.9629629629629629,0.06212664277180407,0.9676009294453425,144,4860
RELATIVE_A,20,100,0.75,42,A1_ACCELERATED_DEGRADATION,mild,pooled,97.5,0.559422478144164,0.4444444444444444,0.027777777777777776,0.05228758169934641,0.034722222222222224,0.4724490844256377,0.45554483882030183,0.9642857142857143,0.05399999999999999,0.9676009294453425,144,4860
RELATIVE_A,20,100,0.75,42,A1_ACCELERATED_DEGRADATION,mild,pooled,99.0,0.6061662899444286,0.35612082670906203,0.011522633744855968,0.02232298569933729,0.020833333333333332,0.4724490844256377,0.45554483882030183,0.9491525423728814,0.022768855458426513,0.9676009294453425,144,4860
RELATIVE_A,20,100,0.75,42,A1_ACCELERATED_DEGRADATION,moderate,pooled,95.0,0.5521169037514774,0.4335664335664336,0.03189300411522634,0.0594154288452324,0.041666666666666664,0.4724114696663511,0.45880272633744856,0.9627329192546584,0.06174068910575583,0.9675872642473708,144,4860
RELATIVE_A,20,100,0.75,42,A1_ACCELERATED_DEGRADATION,moderate,pooled,97.5,0.559422478144164,0.4351464435146443,0.026748971193415638,0.05039980615459171,0.034722222222222224,0.4724114696663511,0.45880272633744856,0.9629629629629629,0.05205205205205205,0.9675872642473708,144,4860
RELATIVE_A,20,100,0.75,42,A1_ACCELERATED_DEGRADATION,moderate,pooled,99.0,0.6061662899444286,0.01937046004842615,0.00041152263374485596,0.0008059235380043318,0.020833333333333332,0.4724114696663511,0.45880272633744856,0.4,0.0008221993833504625,0.9675872642473708,144,4860
RELATIVE_A,20,100,0.75,42,A1_ACCELERATED_DEGRADATION,strong,pooled,95.0,0.5521169037514774,0.4351464435146444,0.03209876543209877,0.05978729519977005,0.041666666666666664,0.478144804685918,0.4671224851394604,0.9629629629629629,0.06212664277180407,0.9683875514286663,144,4860
RELATIVE_A,20,100,0.75,42,A1_ACCELERATED_DEGRADATION,strong,pooled,97.5,0.559422478144164,0.4332493702770781,0.02654320987654321,0.05002181183655664,0.034722222222222224,0.478144804685918,0.4671224851394604,0.9626865671641791,0.05166199439327193,0.9683875514286663,144,4860
RELATIVE_A,20,100,0.75,42,A1_ACCELERATED_DEGRADATION,strong,pooled,99.0,0.6061662899444286,0.3261231281198003,0.010082304526748971,0.019559902200488997,0.020833333333333332,0.478144804685918,0.4671224851394604,0.9423076923076923,0.01995114006514658,0.9683875514286663,144,4860
RELATIVE_A,20,100,0.75,42,A2_EARLY_VOLTAGE_COLLAPSE,mild,pooled,95.0,0.5521169037514774,0.9521203830369358,0.8285714285714286,0.8860598345003183,0.041666666666666664,0.9165951697512226,0.9656349206349206,0.9897610921501706,0.9020217729393468,0.9811773296416549,144,700
RELATIVE_A,20,100,0.75,42,A2_EARLY_VOLTAGE_COLLAPSE,mild,pooled,97.5,0.559422478144164,0.9457835057934197,0.6057142857142858,0.7384794020174653,0.034722222222222224,0.9165951697512226,0.9656349206349206,0.9883449883449883,0.7511071744906997,0.9811773296416549,144,700
RELATIVE_A,20,100,0.75,42,A2_EARLY_VOLTAGE_COLLAPSE,mild,pooled,99.0,0.6061662899444286,0.7741935483870968,0.07142857142857142,0.1307901907356948,0.020833333333333332,0.9165951697512226,0.9656349206349206,0.9433962264150944,0.13280212483399734,0.9811773296416549,144,700
RELATIVE_A,20,100,0.75,42,A2_EARLY_VOLTAGE_COLLAPSE,moderate,pooled,95.0,0.5521169037514774,0.9525101763907734,0.8357142857142857,0.8902980342422322,0.041666666666666664,0.91737351548815,0.9658333333333333,0.9898477157360406,0.9062742060418282,0.9813727989238581,144,700
RELATIVE_A,20,100,0.75,42,A2_EARLY_VOLTAGE_COLLAPSE,moderate,pooled,97.5,0.559422478144164,0.9471969102649207,0.6228571428571429,0.7515261784491634,0.034722222222222224,0.91737351548815,0.9658333333333333,0.9886621315192744,0.7642418930762489,0.9813727989238581,144,700
RELATIVE_A,20,100,0.75,42,A2_EARLY_VOLTAGE_COLLAPSE,moderate,pooled,99.0,0.6061662899444286,0.7842170160295932,0.07571428571428572,0.13809575507545327,0.020833333333333332,0.91737351548815,0.9658333333333333,0.9464285714285714,0.14021164021164023,0.9813727989238581,144,700
RELATIVE_A,20,100,0.75,42,A2_EARLY_VOLTAGE_COLLAPSE,strong,pooled,95.0,0.5521169037514774,0.9525101763907734,0.8357142857142857,0.8902980342422322,0.041666666666666664,0.91737351548815,0.9658333333333333,0.9898477157360406,0.9062742060418282,0.9813727989238581,144,700
RELATIVE_A,20,100,0.75,42,A2_EARLY_VOLTAGE_COLLAPSE,strong,pooled,97.5,0.559422478144164,0.9471969102649207,0.6228571428571429,0.7515261784491634,0.034722222222222224,0.91737351548815,0.9658333333333333,0.9886621315192744,0.7642418930762489,0.9813727989238581,144,700
RELATIVE_A,20,100,0.75,42,A2_EARLY_VOLTAGE_COLLAPSE,strong,pooled,99.0,0.6061662899444286,0.7842170160295932,0.07571428571428572,0.13809575507545327,0.020833333333333332,0.91737351548815,0.9658333333333333,0.9464285714285714,0.14021164021164023,0.9813727989238581,144,700
RELATIVE_A,20,100,0.75,42,A3_THERMAL_ABNORMALITY,mild,pooled,95.0,0.5521169037514774,0.49856733524355307,0.041428571428571426,0.0765003297428006,0.041666666666666664,0.6229248090094452,0.6794742063492064,0.8285714285714286,0.07891156462585032,0.8874203094759092,144,700
RELATIVE_A,20,100,0.75,42,A3_THERMAL_ABNORMALITY,mild,pooled,97.5,0.559422478144164,0.5070422535211268,0.03571428571428571,0.06672845227062094,0.034722222222222224,0.6229248090094452,0.6794742063492064,0.8333333333333334,0.0684931506849315,0.8874203094759092,144,700
RELATIVE_A,20,100,0.75,42,A3_THERMAL_ABNORMALITY,mild,pooled,99.0,0.6061662899444286,0.4067796610169491,0.014285714285714285,0.027602070155261643,0.020833333333333332,0.6229248090094452,0.6794742063492064,0.7692307692307693,0.028050490883590466,0.8874203094759092,144,700
RELATIVE_A,20,100,0.75,42,A3_THERMAL_ABNORMALITY,moderate,pooled,95.0,0.5521169037514774,0.7303543913713405,0.11285714285714285,0.19550422767580944,0.041666666666666664,0.7521301751982656,0.8410416666666667,0.9294117647058824,0.20127388535031848,0.9346504660350534,144,700
RELATIVE_A,20,100,0.75,42,A3_THERMAL_ABNORMALITY,moderate,pooled,97.5,0.559422478144164,0.7278382581648524,0.09285714285714286,0.16470174203765617,0.034722222222222224,0.7521301751982656,0.8410416666666667,0.9285714285714286,0.16883116883116886,0.9346504660350534,144,700
RELATIVE_A,20,100,0.75,42,A3_THERMAL_ABNORMALITY,moderate,pooled,99.0,0.6061662899444286,0.4067796610169491,0.014285714285714285,0.027602070155261643,0.020833333333333332,0.7521301751982656,0.8410416666666667,0.7692307692307693,0.028050490883590466,0.9346504660350534,144,700
RELATIVE_A,20,100,0.75,42,A3_THERMAL_ABNORMALITY,strong,pooled,95.0,0.5521169037514774,0.794841735052755,0.16142857142857142,0.26835543241638626,0.041666666666666664,0.8065409049720991,0.8920138888888889,0.9495798319327731,0.2759462759462759,0.9516890196744415,144,700
RELATIVE_A,20,100,0.75,42,A3_THERMAL_ABNORMALITY,strong,pooled,97.5,0.559422478144164,0.7979681366889864,0.13714285714285715,0.2340591243100471,0.034722222222222224,0.8065409049720991,0.8920138888888889,0.9504950495049505,0.23970037453183518,0.9516890196744415,144,700
RELATIVE_A,20,100,0.75,42,A3_THERMAL_ABNORMALITY,strong,pooled,99.0,0.6061662899444286,0.4299674267100977,0.015714285714285715,0.03032043183645343,0.020833333333333332,0.8065409049720991,0.8920138888888889,0.7857142857142857,0.030812324929971994,0.9516890196744415,144,700
RELATIVE_A,20,100,0.75,42,A4_SENSOR_DRIFT,mild,pooled,95.0,0.5521169037514774,0.5583424209378408,0.05267489711934156,0.09626774466484911,0.041666666666666664,0.5798765282462159,0.6105159750800182,0.9770992366412213,0.09996095275283093,0.9786467404047849,144,4860
RELATIVE_A,20,100,0.75,42,A4_SENSOR_DRIFT,mild,pooled,97.5,0.559422478144164,0.5602605863192182,0.044238683127572016,0.08200238379022645,0.034722222222222224,0.5798765282462159,0.6105159750800182,0.9772727272727273,0.08464566929133857,0.9786467404047849,144,4860
RELATIVE_A,20,100,0.75,42,A4_SENSOR_DRIFT,mild,pooled,99.0,0.6061662899444286,0.4733420026007803,0.018724279835390947,0.03602355386214063,0.020833333333333332,0.5798765282462159,0.6105159750800182,0.9680851063829787,0.03673798950343157,0.9786467404047849,144,4860
RELATIVE_A,20,100,0.75,42,A4_SENSOR_DRIFT,mild,mean_temp_c_-1,95.0,0.5521169037514774,0.459279038718291,0.03539094650205761,0.06571783360397362,0.041666666666666664,0.4817235388519326,0.4753200731595793,0.8775510204081632,0.06803797468354429,0.8865007895070123,144,1215
RELATIVE_A,20,100,0.75,42,A4_SENSOR_DRIFT,mild,mean_temp_c_-1,97.5,0.559422478144164,0.4803695150115474,0.03209876543209877,0.060176479097352825,0.034722222222222224,0.4817235388519326,0.4753200731595793,0.8863636363636364,0.061953931691818905,0.8865007895070123,144,1215
RELATIVE_A,20,100,0.75,42,A4_SENSOR_DRIFT,mild,mean_temp_c_-1,99.0,0.6061662899444286,0.3872919818456883,0.01316872427983539,0.025471369583602802,0.020833333333333332,0.4817235388519326,0.4753200731595793,0.8421052631578947,0.02593192868719611,0.8865007895070123,144,1215
RELATIVE_A,20,100,0.75,42,A4_SENSOR_DRIFT,mild,mean_temp_c_1,95.0,0.5521169037514774,0.459279038718291,0.03539094650205761,0.06571783360397362,0.041666666666666664,0.506005061774385,0.5149862825788751,0.8775510204081632,0.06803797468354429,0.8958302225836164,144,1215
RELATIVE_A,20,100,0.75,42,A4_SENSOR_DRIFT,mild,mean_temp_c_1,97.5,0.559422478144164,0.5047688921496698,0.03539094650205761,0.06614430610969571,0.034722222222222224,0.506005061774385,0.5149862825788751,0.8958333333333334,0.06809184481393506,0.8958302225836164,144,1215
RELATIVE_A,20,100,0.75,42,A4_SENSOR_DRIFT,mild,mean_temp_c_1,99.0,0.6061662899444286,0.3872919818456883,0.01316872427983539,0.025471369583602802,0.020833333333333332,0.506005061774385,0.5149862825788751,0.8421052631578947,0.02593192868719611,0.8958302225836164,144,1215
RELATIVE_A,20,100,0.75,42,A4_SENSOR_DRIFT,mild,mean_voltage_v_-1,95.0,0.5521169037514774,0.6808510638297872,0.08888888888888889,0.15724815724815727,0.041666666666666664,0.7092319601433241,0.779103795153178,0.9473684210526315,0.16252821670428894,0.9523893582129788,144,1215
RELATIVE_A,20,100,0.75,42,A4_SENSOR_DRIFT,mild,mean_voltage_v_-1,97.5,0.559422478144164,0.6759481517042727,0.07242798353909465,0.13083677925939693,0.034722222222222224,0.7092319601433241,0.779103795153178,0.946236559139785,0.1345565749235474,0.9523893582129788,144,1215
RELATIVE_A,20,100,0.75,42,A4_SENSOR_DRIFT,mild,mean_voltage_v_-1,99.0,0.6061662899444286,0.5732349841938884,0.027983539094650206,0.05336210701849036,0.020833333333333332,0.7092319601433241,0.779103795153178,0.918918918918919,0.054313099041533544,0.9523893582129788,144,1215
RELATIVE_A,20,100,0.75,42,A4_SENSOR_DRIFT,mild,mean_voltage_v_1,95.0,0.5521169037514774,0.5504994450610432,0.05102880658436214,0.0933998681856699,0.041666666666666664,0.6124872301769428,0.6726537494284407,0.9117647058823529,0.09664848012470771,0.929106439693541,144,1215
RELATIVE_A,20,100,0.75,42,A4_SENSOR_DRIFT,mild,mean_voltage_v_1,97.5,0.559422478144164,0.5161290322580645,0.037037037037037035,0.06911447084233262,0.034722222222222224,0.6124872301769428,0.6726537494284407,0.9,0.07114624505928853,0.929106439693541,144,1215
RELATIVE_A,20,100,0.75,42,A4_SENSOR_DRIFT,mild,mean_voltage_v_1,99.0,0.6061662899444286,0.4968944099378882,0.0205761316872428,0.0395159298592245,0.020833333333333332,0.6124872301769428,0.6726537494284407,0.8928571428571429,0.04022526146419952,0.929106439693541,144,1215
RELATIVE_A,20,100,0.75,42,A4_SENSOR_DRIFT,moderate,pooled,95.0,0.5521169037514774,0.6025515210991168,0.06316872427983539,0.11434956699878945,0.041666666666666664,0.6121959384789587,0.654530321216278,0.9808306709265175,0.11869321476899283,0.9811956893736474,144,4860
RELATIVE_A,20,100,0.75,42,A4_SENSOR_DRIFT,moderate,pooled,97.5,0.559422478144164,0.5921450151057401,0.050411522633744855,0.09291301256221854,0.034722222222222224,0.6121959384789587,0.654530321216278,0.98,0.0958904109589041,0.9811956893736474,144,4860
RELATIVE_A,20,100,0.75,42,A4_SENSOR_DRIFT,moderate,pooled,99.0,0.6061662899444286,0.5018450184501845,0.020987654320987655,0.040290327358909785,0.020833333333333332,0.6121959384789587,0.654530321216278,0.9714285714285714,0.041087613293051356,0.9811956893736474,144,4860
RELATIVE_A,20,100,0.75,42,A4_SENSOR_DRIFT,moderate,mean_temp_c_-1,95.0,0.5521169037514774,0.491844416562108,0.040329218106995884,0.07454597318626985,0.041666666666666664,0.4950112772979736,0.4964620484682213,0.8909090909090909,0.07716535433070866,0.8916811059529022,144,1215
RELATIVE_A,20,100,0.75,42,A4_SENSOR_DRIFT,moderate,mean_temp_c_-1,97.5,0.559422478144164,0.4672454617205998,0.030452674897119343,0.05717873182981601,0.034722222222222224,0.4950112772979736,0.4964620484682213,0.8809523809523809,0.05887032617342881,0.8916811059529022,144,1215
RELATIVE_A,20,100,0.75,42,A4_SENSOR_DRIFT,moderate,mean_temp_c_-1,99.0,0.6061662899444286,0.3872919818456883,0.01316872427983539,0.025471369583602802,0.020833333333333332,0.4950112772979736,0.4964620484682213,0.8421052631578947,0.02593192868719611,0.8916811059529022,144,1215
RELATIVE_A,20,100,0.75,42,A4_SENSOR_DRIFT,moderate,mean_temp_c_1,95.0,0.5521169037514774,0.5066991473812424,0.04279835390946502,0.07892989279954464,0.041666666666666664,0.5398380385191723,0.5724794238683127,0.896551724137931,0.0816967792615868,0.9076698919411339,144,1215
RELATIVE_A,20,100,0.75,42,A4_SENSOR_DRIFT,moderate,mean_temp_c_1,97.5,0.559422478144164,0.5047688921496698,0.03539094650205761,0.06614430610969571,0.034722222222222224,0.5398380385191723,0.5724794238683127,0.8958333333333334,0.06809184481393506,0.9076698919411339,144,1215
RELATIVE_A,20,100,0.75,42,A4_SENSOR_DRIFT,moderate,mean_temp_c_1,99.0,0.6061662899444286,0.3872919818456883,0.01316872427983539,0.025471369583602802,0.020833333333333332,0.5398380385191723,0.5724794238683127,0.8421052631578947,0.02593192868719611,0.9076698919411339,144,1215
RELATIVE_A,20,100,0.75,42,A4_SENSOR_DRIFT,moderate,mean_voltage_v_-1,95.0,0.5521169037514774,0.7398843930635839,0.11851851851851852,0.20430965682362334,0.041666666666666664,0.761863421272498,0.8407235939643347,0.96,0.21098901098901102,0.9636064732872817,144,1215
RELATIVE_A,20,100,0.75,42,A4_SENSOR_DRIFT,moderate,mean_voltage_v_-1,97.5,0.559422478144164,0.7398843930635839,0.09876543209876543,0.17426820966643974,0.034722222222222224,0.761863421272498,0.8407235939643347,0.96,0.1791044776119403,0.9636064732872817,144,1215
RELATIVE_A,20,100,0.75,42,A4_SENSOR_DRIFT,moderate,mean_voltage_v_-1,99.0,0.6061662899444286,0.64,0.037037037037037035,0.07002188183807438,0.020833333333333332,0.761863421272498,0.8407235939643347,0.9375,0.07125890736342043,0.9636064732872817,144,1215
RELATIVE_A,20,100,0.75,42,A4_SENSOR_DRIFT,moderate,mean_voltage_v_1,95.0,0.5521169037514774,0.5504994450610432,0.05102880658436214,0.0933998681856699,0.041666666666666664,0.633481181997802,0.7084562185642432,0.9117647058823529,0.09664848012470771,0.9347778440226042,144,1215
RELATIVE_A,20,100,0.75,42,A4_SENSOR_DRIFT,moderate,mean_voltage_v_1,97.5,0.559422478144164,0.5161290322580645,0.037037037037037035,0.06911447084233262,0.034722222222222224,0.633481181997802,0.7084562185642432,0.9,0.07114624505928853,0.9347778440226042,144,1215
RELATIVE_A,20,100,0.75,42,A4_SENSOR_DRIFT,moderate,mean_voltage_v_1,99.0,0.6061662899444286,0.4968944099378882,0.0205761316872428,0.0395159298592245,0.020833333333333332,0.633481181997802,0.7084562185642432,0.8928571428571429,0.04022526146419952,0.9347778440226042,144,1215
RELATIVE_A,20,100,0.75,42,A4_SENSOR_DRIFT,strong,pooled,95.0,0.5521169037514774,0.6161137440758294,0.0668724279835391,0.12064965197215777,0.041666666666666664,0.6366441002816433,0.6916145118884316,0.9818731117824774,0.12521672124831437,0.9830013135801354,144,4860
RELATIVE_A,20,100,0.75,42,A4_SENSOR_DRIFT,strong,pooled,97.5,0.559422478144164,0.6118458884416331,0.05473251028806585,0.100476887482884,0.034722222222222224,0.6366441002816433,0.6916145118884316,0.981549815498155,0.10368349249658937,0.9830013135801354,144,4860
RELATIVE_A,20,100,0.75,42,A4_SENSOR_DRIFT,strong,pooled,99.0,0.6061662899444286,0.5138055222088835,0.022016460905349793,0.04222364721550831,0.020833333333333332,0.6366441002816433,0.6916145118884316,0.9727272727272728,0.04305835010060362,0.9830013135801354,144,4860
RELATIVE_A,20,100,0.75,42,A4_SENSOR_DRIFT,strong,mean_temp_c_-1,95.0,0.5521169037514774,0.4968944099378882,0.0411522633744856,0.07600950118764846,0.041666666666666664,0.5248081155748753,0.5427869227251942,0.8928571428571429,0.07867820613690008,0.9024892301543093,144,1215
RELATIVE_A,20,100,0.75,42,A4_SENSOR_DRIFT,strong,mean_temp_c_-1,97.5,0.559422478144164,0.5047688921496698,0.03539094650205761,0.06614430610969571,0.034722222222222224,0.5248081155748753,0.5427869227251942,0.8958333333333334,0.06809184481393506,0.9024892301543093,144,1215
RELATIVE_A,20,100,0.75,42,A4_SENSOR_DRIFT,strong,mean_temp_c_-1,99.0,0.6061662899444286,0.40177252584933537,0.013991769547325103,0.02704180543818661,0.020833333333333332,0.5248081155748753,0.5427869227251942,0.85,0.027530364372469637,0.9024892301543093,144,1215
RELATIVE_A,20,100,0.75,42,A4_SENSOR_DRIFT,strong,mean_temp_c_1,95.0,0.5521169037514774,0.5381984036488028,0.048559670781893,0.08908181560819099,0.041666666666666664,0.5872677861718465,0.6427583447645175,0.9076923076923077,0.09218749999999999,0.9223216210094616,144,1215
RELATIVE_A,20,100,0.75,42,A4_SENSOR_DRIFT,strong,mean_temp_c_1,97.5,0.559422478144164,0.5423728813559322,0.0411522633744856,0.07650011953143676,0.034722222222222224,0.5872677861718465,0.6427583447645175,0.9090909090909091,0.07874015748031495,0.9223216210094616,144,1215
RELATIVE_A,20,100,0.75,42,A4_SENSOR_DRIFT,strong,mean_temp_c_1,99.0,0.6061662899444286,0.3872919818456883,0.01316872427983539,0.025471369583602802,0.020833333333333332,0.5872677861718465,0.6427583447645175,0.8421052631578947,0.02593192868719611,0.9223216210094616,144,1215
RELATIVE_A,20,100,0.75,42,A4_SENSOR_DRIFT,strong,mean_voltage_v_-1,95.0,0.5521169037514774,0.7513812154696132,0.1259259259259259,0.2157018239492466,0.041666666666666664,0.776361748352104,0.8586248285322359,0.9622641509433962,0.222707423580786,0.9665269958796712,144,1215
RELATIVE_A,20,100,0.75,42,A4_SENSOR_DRIFT,strong,mean_voltage_v_-1,97.5,0.559422478144164,0.7521116415717959,0.10534979423868313,0.18481252538013804,0.034722222222222224,0.776361748352104,0.8586248285322359,0.9624060150375939,0.18991097922848663,0.9665269958796712,144,1215
RELATIVE_A,20,100,0.75,42,A4_SENSOR_DRIFT,strong,mean_voltage_v_-1,99.0,0.6061662899444286,0.6593776282590412,0.040329218106995884,0.07600950118764846,0.020833333333333332,0.776361748352104,0.8586248285322359,0.9423076923076923,0.07734806629834255,0.9665269958796712,144,1215
RELATIVE_A,20,100,0.75,42,A4_SENSOR_DRIFT,strong,mean_voltage_v_1,95.0,0.5521169037514774,0.5544554455445545,0.05185185185185185,0.09483488569009314,0.041666666666666664,0.6414024940729881,0.7222879515317787,0.9130434782608695,0.09813084112149532,0.9368456682468471,144,1215
RELATIVE_A,20,100,0.75,42,A4_SENSOR_DRIFT,strong,mean_voltage_v_1,97.5,0.559422478144164,0.5161290322580645,0.037037037037037035,0.06911447084233262,0.034722222222222224,0.6414024940729881,0.7222879515317787,0.9,0.07114624505928853,0.9368456682468471,144,1215
RELATIVE_A,20,100,0.75,42,A4_SENSOR_DRIFT,strong,mean_voltage_v_1,99.0,0.6061662899444286,0.4968944099378882,0.0205761316872428,0.0395159298592245,0.020833333333333332,0.6414024940729881,0.7222879515317787,0.8928571428571429,0.04022526146419952,0.9368456682468471,144,1215
RELATIVE_A,20,100,0.75,123,A1_ACCELERATED_DEGRADATION,mild,pooled,95.0,0.5624150361980046,0.4332493702770781,0.02654320987654321,0.05002181183655664,0.034722222222222224,0.46591133190356304,0.4463527377686328,0.9626865671641791,0.05166199439327193,0.9666129737544287,144,4860
RELATIVE_A,20,100,0.75,123,A1_ACCELERATED_DEGRADATION,mild,pooled,97.5,0.5726626677837221,0.4294167371090448,0.026131687242798355,0.04926538330989672,0.034722222222222224,0.46591133190356304,0.4463527377686328,0.9621212121212122,0.05088141025641026,0.9666129737544287,144,4860
RELATIVE_A,20,100,0.75,123,A1_ACCELERATED_DEGRADATION,mild,pooled,99.0,0.6058715955176854,0.20432220039292734,0.005349794238683128,0.010426587798887164,0.020833333333333332,0.46591133190356304,0.4463527377686328,0.896551724137931,0.010636121906320312,0.9666129737544287,144,4860
RELATIVE_A,20,100,0.75,123,A1_ACCELERATED_DEGRADATION,moderate,pooled,95.0,0.5624150361980046,0.43133951137320975,0.02633744855967078,0.049643670916759586,0.034722222222222224,0.46772700754926455,0.4501028806584362,0.9624060150375939,0.05127178049268977,0.9669901929234237,144,4860
RELATIVE_A,20,100,0.75,123,A1_ACCELERATED_DEGRADATION,moderate,pooled,97.5,0.5726626677837221,0.4294167371090448,0.026131687242798355,0.04926538330989672,0.034722222222222224,0.46772700754926455,0.4501028806584362,0.9621212121212122,0.05088141025641026,0.9669901929234237,144,4860
RELATIVE_A,20,100,0.75,123,A1_ACCELERATED_DEGRADATION,moderate,pooled,99.0,0.6058715955176854,0.19161676646706588,0.0049382716049382715,0.009628403791183992,0.020833333333333332,0.46772700754926455,0.4501028806584362,0.8888888888888888,0.009821976672805401,0.9669901929234237,144,4860
RELATIVE_A,20,100,0.75,123,A1_ACCELERATED_DEGRADATION,strong,pooled,95.0,0.5624150361980046,0.43703085904920763,0.026954732510288067,0.05077765395610253,0.034722222222222224,0.4770978807507266,0.46270576131687247,0.9632352941176471,0.05244195356285029,0.968212631415247,144,4860
RELATIVE_A,20,100,0.75,123,A1_ACCELERATED_DEGRADATION,strong,pooled,97.5,0.5726626677837221,0.42356959863364646,0.02551440329218107,0.04812963951288147,0.034722222222222224,0.4770978807507266,0.46270576131687247,0.9612403100775194,0.049709360593305274,0.968212631415247,144,4860
RELATIVE_A,20,100,0.75,123,A1_ACCELERATED_DEGRADATION,strong,pooled,99.0,0.6058715955176854,0.19161676646706588,0.0049382716049382715,0.009628403791183992,0.020833333333333332,0.4770978807507266,0.46270576131687247,0.8888888888888888,0.009821976672805401,0.968212631415247,144,4860
RELATIVE_A,20,100,0.75,123,A2_EARLY_VOLTAGE_COLLAPSE,mild,pooled,95.0,0.5624150361980046,0.9066268274463771,0.33714285714285713,0.4915102253333719,0.034722222222222224,0.8972651973552569,0.9517460317460318,0.979253112033195,0.5015940488841658,0.976555882859282,144,700
RELATIVE_A,20,100,0.75,123,A2_EARLY_VOLTAGE_COLLAPSE,mild,pooled,97.5,0.5726626677837221,0.8709249151792299,0.2342857142857143,0.36924231526939555,0.034722222222222224,0.8972651973552569,0.9517460317460318,0.9704142011834319,0.37744533947065595,0.976555882859282,144,700
RELATIVE_A,20,100,0.75,123,A2_EARLY_VOLTAGE_COLLAPSE,mild,pooled,99.0,0.6058715955176854,0.7809762202753442,0.07428571428571429,0.1356669203174258,0.020833333333333332,0.8972651973552569,0.9517460317460318,0.9454545454545454,0.13774834437086095,0.976555882859282,144,700
RELATIVE_A,20,100,0.75,123,A2_EARLY_VOLTAGE_COLLAPSE,moderate,pooled,95.0,0.5624150361980046,0.9090720149641485,0.34714285714285714,0.5024265571604974,0.034722222222222224,0.8984040550339695,0.9521329365079365,0.9798387096774194,0.5126582278481013,0.976854684260385,144,700
RELATIVE_A,20,100,0.75,123,A2_EARLY_VOLTAGE_COLLAPSE,moderate,pooled,97.5,0.5726626677837221,0.8729490344126615,0.23857142857142857,0.37473119955122014,0.034722222222222224,0.8984040550339695,0.9521329365079365,0.9709302325581395,0.3830275229357798,0.976854684260385,144,700
RELATIVE_A,20,100,0.75,123,A2_EARLY_VOLTAGE_COLLAPSE,moderate,pooled,99.0,0.6058715955176854,0.787363304981774,0.07714285714285714,0.14051826954353247,0.020833333333333332,0.8984040550339695,0.9521329365079365,0.9473684210526315,0.14266842800528404,0.976854684260385,144,700
RELATIVE_A,20,100,0.75,123,A2_EARLY_VOLTAGE_COLLAPSE,strong,pooled,95.0,0.5624150361980046,0.9090720149641485,0.34714285714285714,0.5024265571604974,0.034722222222222224,0.8984040550339695,0.9521329365079365,0.9798387096774194,0.5126582278481013,0.976854684260385,144,700
RELATIVE_A,20,100,0.75,123,A2_EARLY_VOLTAGE_COLLAPSE,strong,pooled,97.5,0.5726626677837221,0.8729490344126615,0.23857142857142857,0.37473119955122014,0.034722222222222224,0.8984040550339695,0.9521329365079365,0.9709302325581395,0.3830275229357798,0.976854684260385,144,700
RELATIVE_A,20,100,0.75,123,A2_EARLY_VOLTAGE_COLLAPSE,strong,pooled,99.0,0.6058715955176854,0.787363304981774,0.07714285714285714,0.14051826954353247,0.020833333333333332,0.8984040550339695,0.9521329365079365,0.9473684210526315,0.14266842800528404,0.976854684260385,144,700
RELATIVE_A,20,100,0.75,123,A3_THERMAL_ABNORMALITY,mild,pooled,95.0,0.5624150361980046,0.4751049790041992,0.03142857142857143,0.05895708489969108,0.034722222222222224,0.643757819179828,0.705327380952381,0.8148148148148148,0.06052269601100413,0.895577174991713,144,700
RELATIVE_A,20,100,0.75,123,A3_THERMAL_ABNORMALITY,mild,pooled,97.5,0.5726626677837221,0.4254760341431385,0.025714285714285714,0.04849754892788983,0.034722222222222224,0.643757819179828,0.705327380952381,0.782608695652174,0.04979253112033195,0.895577174991713,144,700
RELATIVE_A,20,100,0.75,123,A3_THERMAL_ABNORMALITY,mild,pooled,99.0,0.6058715955176854,0.32432432432432434,0.01,0.019401778496362168,0.020833333333333332,0.643757819179828,0.705327380952381,0.7,0.019718309859154928,0.895577174991713,144,700
RELATIVE_A,20,100,0.75,123,A3_THERMAL_ABNORMALITY,moderate,pooled,95.0,0.5624150361980046,0.724756212645486,0.09142857142857143,0.16237358610239966,0.034722222222222224,0.7748041316339007,0.8624404761904763,0.927536231884058,0.16644993498049415,0.9418641340162078,144,700
RELATIVE_A,20,100,0.75,123,A3_THERMAL_ABNORMALITY,moderate,pooled,97.5,0.5726626677837221,0.6896062433487052,0.07714285714285714,0.13876298226203646,0.034722222222222224,0.7748041316339007,0.8624404761904763,0.9152542372881356,0.14229249011857706,0.9418641340162078,144,700
RELATIVE_A,20,100,0.75,123,A3_THERMAL_ABNORMALITY,moderate,pooled,99.0,0.6058715955176854,0.4299674267100977,0.015714285714285715,0.03032043183645343,0.020833333333333332,0.7748041316339007,0.8624404761904763,0.7857142857142857,0.030812324929971994,0.9418641340162078,144,700
RELATIVE_A,20,100,0.75,123,A3_THERMAL_ABNORMALITY,strong,pooled,95.0,0.5624150361980046,0.8349990571374694,0.1757142857142857,0.29033209848211655,0.034722222222222224,0.8321827767293488,0.9108829365079365,0.9609375,0.2971014492753623,0.9587053300504212,144,700
RELATIVE_A,20,100,0.75,123,A3_THERMAL_ABNORMALITY,strong,pooled,97.5,0.5726626677837221,0.809077023783548,0.14714285714285713,0.24900110801463923,0.034722222222222224,0.8321827767293488,0.9108829365079365,0.9537037037037037,0.25495049504950495,0.9587053300504212,144,700
RELATIVE_A,20,100,0.75,123,A3_THERMAL_ABNORMALITY,strong,pooled,99.0,0.6058715955176854,0.5783132530120482,0.02857142857142857,0.054452637549631304,0.020833333333333332,0.8321827767293488,0.9108829365079365,0.8695652173913043,0.05532503457814661,0.9587053300504212,144,700
RELATIVE_A,20,100,0.75,123,A4_SENSOR_DRIFT,mild,pooled,95.0,0.5624150361980046,0.5175125089349535,0.037242798353909465,0.06948510005278564,0.034722222222222224,0.5708299455199792,0.6048232453132144,0.9731182795698925,0.07173999207292907,0.9779286062584245,144,4860
RELATIVE_A,20,100,0.75,123,A4_SENSOR_DRIFT,mild,pooled,97.5,0.5726626677837221,0.48196469685341514,0.03230452674897119,0.060550547172540124,0.034722222222222224,0.5708299455199792,0.6048232453132144,0.9691358024691358,0.06252489048187973,0.9779286062584245,144,4860
RELATIVE_A,20,100,0.75,123,A4_SENSOR_DRIFT,mild,pooled,99.0,0.6058715955176854,0.5161290322580645,0.022222222222222223,0.04260985352862849,0.020833333333333332,0.5708299455199792,0.6048232453132144,0.972972972972973,0.04345202172601086,0.9779286062584245,144,4860
RELATIVE_A,20,100,0.75,123,A4_SENSOR_DRIFT,mild,mean_temp_c_-1,95.0,0.5624150361980046,0.44626743232157506,0.027983539094650206,0.0526646981944915,0.034722222222222224,0.4747139339599143,0.46292295381801557,0.8717948717948718,0.05422647527910686,0.8833502220935496,144,1215
RELATIVE_A,20,100,0.75,123,A4_SENSOR_DRIFT,mild,mean_temp_c_-1,97.5,0.5726626677837221,0.44626743232157506,0.027983539094650206,0.0526646981944915,0.034722222222222224,0.4747139339599143,0.46292295381801557,0.8717948717948718,0.05422647527910686,0.8833502220935496,144,1215
RELATIVE_A,20,100,0.75,123,A4_SENSOR_DRIFT,mild,mean_temp_c_-1,99.0,0.6058715955176854,0.40177252584933537,0.013991769547325103,0.02704180543818661,0.020833333333333332,0.4747139339599143,0.46292295381801557,0.85,0.027530364372469637,0.8833502220935496,144,1215
RELATIVE_A,20,100,0.75,123,A4_SENSOR_DRIFT,mild,mean_temp_c_1,95.0,0.5624150361980046,0.460431654676259,0.02962962962962963,0.05567638103523271,0.034722222222222224,0.5066037286145093,0.521473479652492,0.8780487804878049,0.057324840764331204,0.8961761925961123,144,1215
RELATIVE_A,20,100,0.75,123,A4_SENSOR_DRIFT,mild,mean_temp_c_1,97.5,0.5726626677837221,0.44626743232157506,0.027983539094650206,0.0526646981944915,0.034722222222222224,0.5066037286145093,0.521473479652492,0.8717948717948718,0.05422647527910686,0.8961761925961123,144,1215
RELATIVE_A,20,100,0.75,123,A4_SENSOR_DRIFT,mild,mean_temp_c_1,99.0,0.6058715955176854,0.42877291960507763,0.015637860082304528,0.030175194798749316,0.020833333333333332,0.5066037286145093,0.521473479652492,0.8636363636363636,0.0307194826192401,0.8961761925961123,144,1215
RELATIVE_A,20,100,0.75,123,A4_SENSOR_DRIFT,mild,mean_voltage_v_-1,95.0,0.5624150361980046,0.6136233543216942,0.0551440329218107,0.10119412847500825,0.034722222222222224,0.6694421588470191,0.7323273891175126,0.9305555555555556,0.10411810411810411,0.9436792808290158,144,1215
RELATIVE_A,20,100,0.75,123,A4_SENSOR_DRIFT,mild,mean_voltage_v_-1,97.5,0.5726626677837221,0.5659163987138264,0.04526748971193416,0.08382948321028817,0.034722222222222224,0.6694421588470191,0.7323273891175126,0.9166666666666666,0.08627450980392158,0.9436792808290158,144,1215
RELATIVE_A,20,100,0.75,123,A4_SENSOR_DRIFT,mild,mean_voltage_v_-1,99.0,0.6058715955176854,0.6064139941690962,0.03209876543209877,0.06097024769163125,0.020833333333333332,0.6694421588470191,0.7323273891175126,0.9285714285714286,0.06205250596658712,0.9436792808290158,144,1215
RELATIVE_A,20,100,0.75,123,A4_SENSOR_DRIFT,mild,mean_voltage_v_1,95.0,0.5624150361980046,0.510514865844815,0.03621399176954732,0.06763052980450548,0.034722222222222224,0.6287470152605874,0.7025691586648377,0.8979591836734694,0.06962025316455696,0.9335188359387899,144,1215
RELATIVE_A,20,100,0.75,123,A4_SENSOR_DRIFT,mild,mean_voltage_v_1,97.5,0.5726626677837221,0.44626743232157506,0.027983539094650206,0.0526646981944915,0.034722222222222224,0.6287470152605874,0.7025691586648377,0.8717948717948718,0.05422647527910686,0.9335188359387899,144,1215
RELATIVE_A,20,100,0.75,123,A4_SENSOR_DRIFT,mild,mean_voltage_v_1,99.0,0.6058715955176854,0.5659163987138264,0.027160493827160494,0.05183330879104698,0.020833333333333332,0.6287470152605874,0.7025691586648377,0.9166666666666666,0.052757793764988015,0.9335188359387899,144,1215
RELATIVE_A,20,100,0.75,123,A4_SENSOR_DRIFT,moderate,pooled,95.0,0.5624150361980046,0.5411284840244731,0.04094650205761317,0.0761321792358089,0.034722222222222224,0.6017402791235001,0.6456825845907636,0.9754901960784313,0.07859399684044234,0.9804447662749392,144,4860
RELATIVE_A,20,100,0.75,123,A4_SENSOR_DRIFT,moderate,pooled,97.5,0.5726626677837221,0.5062179956108266,0.03559670781893004,0.06651607632046906,0.034722222222222224,0.6017402791235001,0.6456825845907636,0.9719101123595506,0.06867804684398571,0.9804447662749392,144,4860
RELATIVE_A,20,100,0.75,123,A4_SENSOR_DRIFT,moderate,pooled,99.0,0.6058715955176854,0.5339470655926353,0.023868312757201648,0.045694027278546455,0.020833333333333332,0.6017402791235001,0.6456825845907636,0.9747899159663865,0.04659570194818237,0.9804447662749392,144,4860
RELATIVE_A,20,100,0.75,123,A4_SENSOR_DRIFT,moderate,mean_temp_c_-1,95.0,0.5624150361980046,0.44626743232157506,0.027983539094650206,0.0526646981944915,0.034722222222222224,0.4852301635670925,0.4786579789666209,0.8717948717948718,0.05422647527910686,0.8876260776494976,144,1215
RELATIVE_A,20,100,0.75,123,A4_SENSOR_DRIFT,moderate,mean_temp_c_-1,97.5,0.5726626677837221,0.44626743232157506,0.027983539094650206,0.0526646981944915,0.034722222222222224,0.4852301635670925,0.4786579789666209,0.8717948717948718,0.05422647527910686,0.8876260776494976,144,1215
RELATIVE_A,20,100,0.75,123,A4_SENSOR_DRIFT,moderate,mean_temp_c_-1,99.0,0.6058715955176854,0.35612082670906203,0.011522633744855968,0.02232298569933729,0.020833333333333332,0.4852301635670925,0.4786579789666209,0.8235294117647058,0.02272727272727273,0.8876260776494976,144,1215
RELATIVE_A,20,100,0.75,123,A4_SENSOR_DRIFT,moderate,mean_temp_c_1,95.0,0.5624150361980046,0.4866920152091255,0.03292181069958848,0.06167188629245965,0.034722222222222224,0.5350058761668259,0.5688100137174211,0.8888888888888888,0.0634920634920635,0.9062723260425625,144,1215
RELATIVE_A,20,100,0.75,123,A4_SENSOR_DRIFT,moderate,mean_temp_c_1,97.5,0.5726626677837221,0.460431654676259,0.02962962962962963,0.05567638103523271,0.034722222222222224,0.5350058761668259,0.5688100137174211,0.8780487804878049,0.057324840764331204,0.9062723260425625,144,1215
RELATIVE_A,20,100,0.75,123,A4_SENSOR_DRIFT,moderate,mean_temp_c_1,99.0,0.6058715955176854,0.42877291960507763,0.015637860082304528,0.030175194798749316,0.020833333333333332,0.5350058761668259,0.5688100137174211,0.8636363636363636,0.0307194826192401,0.9062723260425625,144,1215
RELATIVE_A,20,100,0.75,123,A4_SENSOR_DRIFT,moderate,mean_voltage_v_-1,95.0,0.5624150361980046,0.6547314578005116,0.06584362139917696,0.11965412479551298,0.034722222222222224,0.722807016390584,0.7954732510288065,0.9411764705882353,0.1230769230769231,0.9557833968876965,144,1215
RELATIVE_A,20,100,0.75,123,A4_SENSOR_DRIFT,moderate,mean_voltage_v_-1,97.5,0.5726626677837221,0.6205733558178752,0.056790123456790124,0.10405768415099674,0.034722222222222224,0.722807016390584,0.7954732510288065,0.9324324324324325,0.10705973622963538,0.9557833968876965,144,1215
RELATIVE_A,20,100,0.75,123,A4_SENSOR_DRIFT,moderate,mean_voltage_v_-1,99.0,0.6058715955176854,0.6593776282590412,0.040329218106995884,0.07600950118764846,0.020833333333333332,0.722807016390584,0.7954732510288065,0.9423076923076923,0.07734806629834255,0.9557833968876965,144,1215
RELATIVE_A,20,100,0.75,123,A4_SENSOR_DRIFT,moderate,mean_voltage_v_1,95.0,0.5624150361980046,0.5161290322580645,0.037037037037037035,0.06911447084233262,0.034722222222222224,0.6514273181691561,0.7397890946502058,0.9,0.07114624505928853,0.9394166876131421,144,1215
RELATIVE_A,20,100,0.75,123,A4_SENSOR_DRIFT,moderate,mean_voltage_v_1,97.5,0.5726626677837221,0.44626743232157506,0.027983539094650206,0.0526646981944915,0.034722222222222224,0.6514273181691561,0.7397890946502058,0.8717948717948718,0.05422647527910686,0.9394166876131421,144,1215
RELATIVE_A,20,100,0.75,123,A4_SENSOR_DRIFT,moderate,mean_voltage_v_1,99.0,0.6058715955176854,0.5732349841938884,0.027983539094650206,0.05336210701849036,0.020833333333333332,0.6514273181691561,0.7397890946502058,0.918918918918919,0.054313099041533544,0.9394166876131421,144,1215
RELATIVE_A,20,100,0.75,123,A4_SENSOR_DRIFT,strong,pooled,95.0,0.5624150361980046,0.5614035087719299,0.044444444444444446,0.08236808236808238,0.034722222222222224,0.6235765203275202,0.678632258802012,0.9773755656108597,0.08502263333989372,0.982106200068969,144,4860
RELATIVE_A,20,100,0.75,123,A4_SENSOR_DRIFT,strong,pooled,97.5,0.5726626677837221,0.521615875265769,0.03786008230452675,0.07059613447796267,0.034722222222222224,0.6235765203275202,0.678632258802012,0.9735449735449735,0.07288571994454347,0.982106200068969,144,4860
RELATIVE_A,20,100,0.75,123,A4_SENSOR_DRIFT,strong,pooled,99.0,0.6058715955176854,0.5444319460067493,0.024897119341563786,0.04761670519946874,0.020833333333333332,0.6235765203275202,0.678632258802012,0.9758064516129032,0.04855537720706261,0.982106200068969,144,4860
RELATIVE_A,20,100,0.75,123,A4_SENSOR_DRIFT,strong,mean_temp_c_-1,95.0,0.5624150361980046,0.4803695150115474,0.03209876543209877,0.060176479097352825,0.034722222222222224,0.5108044635998326,0.5211534064929126,0.8863636363636364,0.061953931691818905,0.8973769599990972,144,1215
RELATIVE_A,20,100,0.75,123,A4_SENSOR_DRIFT,strong,mean_temp_c_-1,97.5,0.5726626677837221,0.44626743232157506,0.027983539094650206,0.0526646981944915,0.034722222222222224,0.5108044635998326,0.5211534064929126,0.8717948717948718,0.05422647527910686,0.8973769599990972,144,1215
RELATIVE_A,20,100,0.75,123,A4_SENSOR_DRIFT,strong,mean_temp_c_-1,99.0,0.6058715955176854,0.35612082670906203,0.011522633744855968,0.02232298569933729,0.020833333333333332,0.5108044635998326,0.5211534064929126,0.8235294117647058,0.02272727272727273,0.8973769599990972,144,1215
RELATIVE_A,20,100,0.75,123,A4_SENSOR_DRIFT,strong,mean_temp_c_1,95.0,0.5624150361980046,0.521615875265769,0.03786008230452675,0.07059613447796267,0.034722222222222224,0.5738567401122889,0.6263403063557385,0.9019607843137255,0.07266982622432859,0.918515458569853,144,1215
RELATIVE_A,20,100,0.75,123,A4_SENSOR_DRIFT,strong,mean_temp_c_1,97.5,0.5726626677837221,0.4866920152091255,0.03292181069958848,0.06167188629245965,0.034722222222222224,0.5738567401122889,0.6263403063557385,0.8888888888888888,0.0634920634920635,0.918515458569853,144,1215
RELATIVE_A,20,100,0.75,123,A4_SENSOR_DRIFT,strong,mean_temp_c_1,99.0,0.6058715955176854,0.4534412955465587,0.01728395061728395,0.03329864724245577,0.020833333333333332,0.5738567401122889,0.6263403063557385,0.875,0.033898305084745756,0.918515458569853,144,1215
RELATIVE_A,20,100,0.75,123,A4_SENSOR_DRIFT,strong,mean_voltage_v_-1,95.0,0.5624150361980046,0.6708922476840565,0.07078189300411522,0.12805360383416314,0.034722222222222224,0.7382149747740319,0.8142489711934157,0.945054945054945,0.13169984686064318,0.959086906777245,144,1215
RELATIVE_A,20,100,0.75,123,A4_SENSOR_DRIFT,strong,mean_voltage_v_-1,97.5,0.5726626677837221,0.6430460074034903,0.06255144032921811,0.11401247011391873,0.034722222222222224,0.7382149747740319,0.8142489711934157,0.9382716049382716,0.11728395061728394,0.959086906777245,144,1215
RELATIVE_A,20,100,0.75,123,A4_SENSOR_DRIFT,strong,mean_voltage_v_-1,99.0,0.6058715955176854,0.6725949878738884,0.04279835390946502,0.0804758910867147,0.020833333333333332,0.7382149747740319,0.8142489711934157,0.9454545454545454,0.08188976377952756,0.959086906777245,144,1215
RELATIVE_A,20,100,0.75,123,A4_SENSOR_DRIFT,strong,mean_voltage_v_1,95.0,0.5624150361980046,0.5161290322580645,0.037037037037037035,0.06911447084233262,0.034722222222222224,0.6591205929511714,0.7527863511659808,0.9,0.07114624505928853,0.9413409240780598,144,1215
RELATIVE_A,20,100,0.75,123,A4_SENSOR_DRIFT,strong,mean_voltage_v_1,97.5,0.5726626677837221,0.44626743232157506,0.027983539094650206,0.0526646981944915,0.034722222222222224,0.6591205929511714,0.7527863511659808,0.8717948717948718,0.05422647527910686,0.9413409240780598,144,1215
RELATIVE_A,20,100,0.75,123,A4_SENSOR_DRIFT,strong,mean_voltage_v_1,99.0,0.6058715955176854,0.5732349841938884,0.027983539094650206,0.05336210701849036,0.020833333333333332,0.6591205929511714,0.7527863511659808,0.918918918918919,0.054313099041533544,0.9413409240780598,144,1215
RELATIVE_A,20,100,0.75,2026,A1_ACCELERATED_DEGRADATION,mild,pooled,95.0,0.5660369392341118,0.4389027431421446,0.027160493827160494,0.05115535532626071,0.034722222222222224,0.47092009697228326,0.45855124028349337,0.9635036496350365,0.05283169901941165,0.9672645634923793,144,4860
RELATIVE_A,20,100,0.75,2026,A1_ACCELERATED_DEGRADATION,mild,pooled,97.5,0.567536521947559,0.4389027431421446,0.027160493827160494,0.05115535532626071,0.034722222222222224,0.47092009697228326,0.45855124028349337,0.9635036496350365,0.05283169901941165,0.9672645634923793,144,4860
RELATIVE_A,20,100,0.75,2026,A1_ACCELERATED_DEGRADATION,mild,pooled,99.0,0.6078051006318559,0.36619718309859156,0.016049382716049384,0.030751034890597283,0.027777777777777776,0.47092009697228326,0.45855124028349337,0.9512195121951219,0.03156616754350466,0.9672645634923793,144,4860
RELATIVE_A,20,100,0.75,2026,A1_ACCELERATED_DEGRADATION,moderate,pooled,95.0,0.5660369392341118,0.43703085904920763,0.026954732510288067,0.05077765395610253,0.034722222222222224,0.4750119060459036,0.4611254000914495,0.9632352941176471,0.05244195356285029,0.9674470559896009,144,4860
RELATIVE_A,20,100,0.75,2026,A1_ACCELERATED_DEGRADATION,moderate,pooled,97.5,0.567536521947559,0.4332493702770781,0.02654320987654321,0.05002181183655664,0.034722222222222224,0.4750119060459036,0.4611254000914495,0.9626865671641791,0.05166199439327193,0.9674470559896009,144,4860
RELATIVE_A,20,100,0.75,2026,A1_ACCELERATED_DEGRADATION,moderate,pooled,99.0,0.6078051006318559,0.3691588785046729,0.01625514403292181,0.031139140717382732,0.027777777777777776,0.4750119060459036,0.4611254000914495,0.9518072289156626,0.03196439409265628,0.9674470559896009,144,4860
RELATIVE_A,20,100,0.75,2026,A1_ACCELERATED_DEGRADATION,strong,pooled,95.0,0.5660369392341118,0.4444444444444444,0.027777777777777776,0.05228758169934641,0.034722222222222224,0.4837641236493766,0.47188643118427065,0.9642857142857143,0.05399999999999999,0.9686690279557042,144,4860
RELATIVE_A,20,100,0.75,2026,A1_ACCELERATED_DEGRADATION,strong,pooled,97.5,0.567536521947559,0.43703085904920763,0.026954732510288067,0.05077765395610253,0.034722222222222224,0.4837641236493766,0.47188643118427065,0.9632352941176471,0.05244195356285029,0.9686690279557042,144,4860
RELATIVE_A,20,100,0.75,2026,A1_ACCELERATED_DEGRADATION,strong,pooled,99.0,0.6078051006318559,0.35714285714285715,0.015432098765432098,0.029585798816568042,0.027777777777777776,0.4837641236493766,0.47188643118427065,0.9493670886075949,0.030370520348248633,0.9686690279557042,144,4860
RELATIVE_A,20,100,0.75,2026,A2_EARLY_VOLTAGE_COLLAPSE,mild,pooled,95.0,0.5660369392341118,0.8786576064346139,0.25142857142857145,0.39097837154052634,0.034722222222222224,0.8841479625444371,0.955109126984127,0.9723756906077348,0.3995459704880817,0.9716999674275276,144,700
RELATIVE_A,20,100,0.75,2026,A2_EARLY_VOLTAGE_COLLAPSE,mild,pooled,97.5,0.567536521947559,0.8722814187709824,0.23714285714285716,0.3729056815699978,0.034722222222222224,0.8841479625444371,0.955109126984127,0.9707602339181286,0.3811710677382319,0.9716999674275276,144,700
RELATIVE_A,20,100,0.75,2026,A2_EARLY_VOLTAGE_COLLAPSE,mild,pooled,99.0,0.6078051006318559,0.655511811023622,0.05285714285714286,0.09782608695652176,0.027777777777777776,0.8841479625444371,0.955109126984127,0.9024390243902439,0.0998650472334683,0.9716999674275276,144,700
RELATIVE_A,20,100,0.75,2026,A2_EARLY_VOLTAGE_COLLAPSE,moderate,pooled,95.0,0.5660369392341118,0.8792603836070099,0.25285714285714284,0.3927635836903257,0.034722222222222224,0.8847169387437823,0.9554365079365079,0.9725274725274725,0.401360544217687,0.971858468342025,144,700
RELATIVE_A,20,100,0.75,2026,A2_EARLY_VOLTAGE_COLLAPSE,moderate,pooled,97.5,0.567536521947559,0.8729490344126615,0.23857142857142857,0.37473119955122014,0.034722222222222224,0.8847169387437823,0.9554365079365079,0.9709302325581395,0.3830275229357798,0.971858468342025,144,700
RELATIVE_A,20,100,0.75,2026,A2_EARLY_VOLTAGE_COLLAPSE,moderate,pooled,99.0,0.6078051006318559,0.6615087040618955,0.054285714285714284,0.10033739181458119,0.027777777777777776,0.8847169387437823,0.9554365079365079,0.9047619047619048,0.10242587601078167,0.971858468342025,144,700
RELATIVE_A,20,100,0.75,2026,A2_EARLY_VOLTAGE_COLLAPSE,strong,pooled,95.0,0.5660369392341118,0.8792603836070099,0.25285714285714284,0.3927635836903257,0.034722222222222224,0.8847169387437823,0.9554365079365079,0.9725274725274725,0.401360544217687,0.971858468342025,144,700
RELATIVE_A,20,100,0.75,2026,A2_EARLY_VOLTAGE_COLLAPSE,strong,pooled,97.5,0.567536521947559,0.8729490344126615,0.23857142857142857,0.37473119955122014,0.034722222222222224,0.8847169387437823,0.9554365079365079,0.9709302325581395,0.3830275229357798,0.971858468342025,144,700
RELATIVE_A,20,100,0.75,2026,A2_EARLY_VOLTAGE_COLLAPSE,strong,pooled,99.0,0.6078051006318559,0.6615087040618955,0.054285714285714284,0.10033739181458119,0.027777777777777776,0.8847169387437823,0.9554365079365079,0.9047619047619048,0.10242587601078167,0.971858468342025,144,700
RELATIVE_A,20,100,0.75,2026,A3_THERMAL_ABNORMALITY,mild,pooled,95.0,0.5660369392341118,0.463519313304721,0.03,0.05635272632402818,0.034722222222222224,0.6248219747368458,0.6874900793650793,0.8076923076923077,0.05785123966942148,0.8876232469673389,144,700
RELATIVE_A,20,100,0.75,2026,A3_THERMAL_ABNORMALITY,mild,pooled,97.5,0.567536521947559,0.45141065830721006,0.02857142857142857,0.053741369658518376,0.034722222222222224,0.6248219747368458,0.6874900793650793,0.8,0.05517241379310345,0.8876232469673389,144,700
RELATIVE_A,20,100,0.75,2026,A3_THERMAL_ABNORMALITY,mild,pooled,99.0,0.6078051006318559,0.3613138686131387,0.015714285714285715,0.03011864922421661,0.027777777777777776,0.6248219747368458,0.6874900793650793,0.7333333333333333,0.03076923076923077,0.8876232469673389,144,700
RELATIVE_A,20,100,0.75,2026,A3_THERMAL_ABNORMALITY,moderate,pooled,95.0,0.5660369392341118,0.5901639344262295,0.05,0.09218950064020487,0.034722222222222224,0.7419486834045875,0.8416269841269842,0.875,0.0945945945945946,0.9310863128166685,144,700
RELATIVE_A,20,100,0.75,2026,A3_THERMAL_ABNORMALITY,moderate,pooled,97.5,0.567536521947559,0.5901639344262295,0.05,0.09218950064020487,0.034722222222222224,0.7419486834045875,0.8416269841269842,0.875,0.0945945945945946,0.9310863128166685,144,700
RELATIVE_A,20,100,0.75,2026,A3_THERMAL_ABNORMALITY,moderate,pooled,99.0,0.6078051006318559,0.339622641509434,0.014285714285714285,0.02741812642802742,0.027777777777777776,0.7419486834045875,0.8416269841269842,0.7142857142857143,0.028011204481792715,0.9310863128166685,144,700
RELATIVE_A,20,100,0.75,2026,A3_THERMAL_ABNORMALITY,strong,pooled,95.0,0.5660369392341118,0.6638494045332309,0.06857142857142857,0.12430313275545804,0.034722222222222224,0.7839284111881129,0.8801785714285715,0.9056603773584906,0.12749003984063745,0.9445810868697302,144,700
RELATIVE_A,20,100,0.75,2026,A3_THERMAL_ABNORMALITY,strong,pooled,97.5,0.567536521947559,0.6638494045332309,0.06857142857142857,0.12430313275545804,0.034722222222222224,0.7839284111881129,0.8801785714285715,0.9056603773584906,0.12749003984063745,0.9445810868697302,144,700
RELATIVE_A,20,100,0.75,2026,A3_THERMAL_ABNORMALITY,strong,pooled,99.0,0.6078051006318559,0.3613138686131387,0.015714285714285715,0.03011864922421661,0.027777777777777776,0.7839284111881129,0.8801785714285715,0.7333333333333333,0.03076923076923077,0.9445810868697302,144,700
RELATIVE_A,20,100,0.75,2026,A4_SENSOR_DRIFT,mild,pooled,95.0,0.5660369392341118,0.510514865844815,0.03621399176954732,0.06763052980450548,0.034722222222222224,0.5954409896543825,0.6311328303612254,0.9723756906077348,0.06982741519539773,0.9797255332815537,144,4860
RELATIVE_A,20,100,0.75,2026,A4_SENSOR_DRIFT,mild,pooled,97.5,0.567536521947559,0.5076586433260394,0.03580246913580247,0.06688770361827881,0.034722222222222224,0.5954409896543825,0.6311328303612254,0.9720670391061452,0.06906132169081167,0.9797255332815537,144,4860
RELATIVE_A,20,100,0.75,2026,A4_SENSOR_DRIFT,mild,pooled,99.0,0.6078051006318559,0.4155844155844156,0.019753086419753086,0.037713612256923976,0.027777777777777776,0.5954409896543825,0.6311328303612254,0.96,0.03870967741935484,0.9797255332815537,144,4860
RELATIVE_A,20,100,0.75,2026,A4_SENSOR_DRIFT,mild,mean_temp_c_-1,95.0,0.5660369392341118,0.44626743232157506,0.027983539094650206,0.0526646981944915,0.034722222222222224,0.4752037720633202,0.45899348422496566,0.8717948717948718,0.05422647527910686,0.8836712788102669,144,1215
RELATIVE_A,20,100,0.75,2026,A4_SENSOR_DRIFT,mild,mean_temp_c_-1,97.5,0.567536521947559,0.44626743232157506,0.027983539094650206,0.0526646981944915,0.034722222222222224,0.4752037720633202,0.45899348422496566,0.8717948717948718,0.05422647527910686,0.8836712788102669,144,1215
RELATIVE_A,20,100,0.75,2026,A4_SENSOR_DRIFT,mild,mean_temp_c_-1,99.0,0.6078051006318559,0.3478260869565218,0.014814814814814815,0.028419182948490232,0.027777777777777776,0.4752037720633202,0.45899348422496566,0.8181818181818182,0.029102667744543252,0.8836712788102669,144,1215
RELATIVE_A,20,100,0.75,2026,A4_SENSOR_DRIFT,mild,mean_temp_c_1,95.0,0.5660369392341118,0.460431654676259,0.02962962962962963,0.05567638103523271,0.034722222222222224,0.5156729546115881,0.5364483310470964,0.8780487804878049,0.057324840764331204,0.899147350745881,144,1215
RELATIVE_A,20,100,0.75,2026,A4_SENSOR_DRIFT,mild,mean_temp_c_1,97.5,0.567536521947559,0.460431654676259,0.02962962962962963,0.05567638103523271,0.034722222222222224,0.5156729546115881,0.5364483310470964,0.8780487804878049,0.057324840764331204,0.899147350745881,144,1215
RELATIVE_A,20,100,0.75,2026,A4_SENSOR_DRIFT,mild,mean_temp_c_1,99.0,0.6078051006318559,0.425531914893617,0.0205761316872428,0.03925417075564279,0.027777777777777776,0.5156729546115881,0.5364483310470964,0.8620689655172413,0.04019292604501608,0.899147350745881,144,1215
RELATIVE_A,20,100,0.75,2026,A4_SENSOR_DRIFT,mild,mean_voltage_v_-1,95.0,0.5660369392341118,0.5659163987138264,0.04526748971193416,0.08382948321028817,0.034722222222222224,0.6767199078869853,0.7558413351623229,0.9166666666666666,0.08627450980392158,0.9449303283325716,144,1215
RELATIVE_A,20,100,0.75,2026,A4_SENSOR_DRIFT,mild,mean_voltage_v_-1,97.5,0.567536521947559,0.556795797767564,0.043621399176954734,0.08090445069885036,0.034722222222222224,0.6767199078869853,0.7558413351623229,0.9137931034482759,0.08326787117046348,0.9449303283325716,144,1215
RELATIVE_A,20,100,0.75,2026,A4_SENSOR_DRIFT,mild,mean_voltage_v_-1,99.0,0.6078051006318559,0.45344129554655876,0.023045267489711935,0.04386136675151753,0.027777777777777776,0.6767199078869853,0.7558413351623229,0.875,0.04490777866880513,0.9449303283325716,144,1215
RELATIVE_A,20,100,0.75,2026,A4_SENSOR_DRIFT,mild,mean_voltage_v_1,95.0,0.5660369392341118,0.5472837022132797,0.04197530864197531,0.07797047441593809,0.034722222222222224,0.6995815568347363,0.7732481710105167,0.9107142857142857,0.08025177025963809,0.949346958838516,144,1215
RELATIVE_A,20,100,0.75,2026,A4_SENSOR_DRIFT,mild,mean_voltage_v_1,97.5,0.567536521947559,0.5472837022132797,0.04197530864197531,0.07797047441593809,0.034722222222222224,0.6995815568347363,0.7732481710105167,0.9107142857142857,0.08025177025963809,0.949346958838516,144,1215
RELATIVE_A,20,100,0.75,2026,A4_SENSOR_DRIFT,mild,mean_voltage_v_1,99.0,0.6078051006318559,0.425531914893617,0.0205761316872428,0.03925417075564279,0.027777777777777776,0.6995815568347363,0.7732481710105167,0.8620689655172413,0.04019292604501608,0.949346958838516,144,1215
RELATIVE_A,20,100,0.75,2026,A4_SENSOR_DRIFT,moderate,pooled,95.0,0.5660369392341118,0.5296167247386759,0.03909465020576132,0.07281437125748504,0.034722222222222224,0.6265828436913644,0.6760716735253771,0.9743589743589743,0.0751730959446093,0.9820582396649715,144,4860
RELATIVE_A,20,100,0.75,2026,A4_SENSOR_DRIFT,moderate,pooled,97.5,0.567536521947559,0.5283018867924528,0.03888888888888889,0.07244501940491592,0.034722222222222224,0.6265828436913644,0.6760716735253771,0.9742268041237113,0.07479224376731301,0.9820582396649715,144,4860
RELATIVE_A,20,100,0.75,2026,A4_SENSOR_DRIFT,moderate,pooled,99.0,0.6078051006318559,0.42307692307692313,0.020370370370370372,0.03886925795053004,0.027777777777777776,0.6265828436913644,0.6760716735253771,0.9611650485436893,0.039895224662502525,0.9820582396649715,144,4860
RELATIVE_A,20,100,0.75,2026,A4_SENSOR_DRIFT,moderate,mean_temp_c_-1,95.0,0.5660369392341118,0.44626743232157506,0.027983539094650206,0.0526646981944915,0.034722222222222224,0.4884105067356643,0.47652606310013723,0.8717948717948718,0.05422647527910686,0.889012936961998,144,1215
RELATIVE_A,20,100,0.75,2026,A4_SENSOR_DRIFT,moderate,mean_temp_c_-1,97.5,0.567536521947559,0.44626743232157506,0.027983539094650206,0.0526646981944915,0.034722222222222224,0.4884105067356643,0.47652606310013723,0.8717948717948718,0.05422647527910686,0.889012936961998,144,1215
RELATIVE_A,20,100,0.75,2026,A4_SENSOR_DRIFT,moderate,mean_temp_c_-1,99.0,0.6078051006318559,0.3478260869565218,0.014814814814814815,0.028419182948490232,0.027777777777777776,0.4884105067356643,0.47652606310013723,0.8181818181818182,0.029102667744543252,0.889012936961998,144,1215
RELATIVE_A,20,100,0.75,2026,A4_SENSOR_DRIFT,moderate,mean_temp_c_1,95.0,0.5660369392341118,0.4803695150115474,0.03209876543209877,0.060176479097352825,0.034722222222222224,0.5518398880071356,0.5952360539551897,0.8863636363636364,0.061953931691818905,0.9114914858557943,144,1215
RELATIVE_A,20,100,0.75,2026,A4_SENSOR_DRIFT,moderate,mean_temp_c_1,97.5,0.567536521947559,0.47388932190179267,0.031275720164609055,0.058678762727404334,0.034722222222222224,0.5518398880071356,0.5952360539551897,0.8837209302325582,0.06041335453100159,0.9114914858557943,144,1215
RELATIVE_A,20,100,0.75,2026,A4_SENSOR_DRIFT,moderate,mean_temp_c_1,99.0,0.6078051006318559,0.425531914893617,0.0205761316872428,0.03925417075564279,0.027777777777777776,0.5518398880071356,0.5952360539551897,0.8620689655172413,0.04019292604501608,0.9114914858557943,144,1215
RELATIVE_A,20,100,0.75,2026,A4_SENSOR_DRIFT,moderate,mean_voltage_v_-1,95.0,0.5660369392341118,0.6027074749852854,0.05267489711934156,0.09688253938218458,0.034722222222222224,0.7145409292266449,0.8060813900320073,0.927536231884058,0.09968847352024922,0.9536860556573227,144,1215
RELATIVE_A,20,100,0.75,2026,A4_SENSOR_DRIFT,moderate,mean_voltage_v_-1,97.5,0.567536521947559,0.6027074749852854,0.05267489711934156,0.09688253938218458,0.034722222222222224,0.7145409292266449,0.8060813900320073,0.927536231884058,0.09968847352024922,0.9536860556573227,144,1215
RELATIVE_A,20,100,0.75,2026,A4_SENSOR_DRIFT,moderate,mean_voltage_v_-1,99.0,0.6078051006318559,0.47876447876447875,0.02551440329218107,0.0484469622973237,0.027777777777777776,0.7145409292266449,0.8060813900320073,0.8857142857142857,0.0496,0.9536860556573227,144,1215
RELATIVE_A,20,100,0.75,2026,A4_SENSOR_DRIFT,moderate,mean_voltage_v_1,95.0,0.5660369392341118,0.556795797767564,0.043621399176954734,0.08090445069885036,0.034722222222222224,0.7328185327847003,0.8264431870141746,0.9137931034482759,0.08326787117046348,0.9567592710218569,144,1215
RELATIVE_A,20,100,0.75,2026,A4_SENSOR_DRIFT,moderate,mean_voltage_v_1,97.5,0.567536521947559,0.556795797767564,0.043621399176954734,0.08090445069885036,0.034722222222222224,0.7328185327847003,0.8264431870141746,0.9137931034482759,0.08326787117046348,0.9567592710218569,144,1215
RELATIVE_A,20,100,0.75,2026,A4_SENSOR_DRIFT,moderate,mean_voltage_v_1,99.0,0.6078051006318559,0.425531914893617,0.0205761316872428,0.03925417075564279,0.027777777777777776,0.7328185327847003,0.8264431870141746,0.8620689655172413,0.04019292604501608,0.9567592710218569,144,1215
RELATIVE_A,20,100,0.75,2026,A4_SENSOR_DRIFT,strong,pooled,95.0,0.5660369392341118,0.5411284840244731,0.04094650205761317,0.0761321792358089,0.034722222222222224,0.6477209019220524,0.7088970336076817,0.9754901960784313,0.07859399684044234,0.9835600176015593,144,4860
RELATIVE_A,20,100,0.75,2026,A4_SENSOR_DRIFT,strong,pooled,97.5,0.567536521947559,0.5386192754613808,0.040534979423868314,0.07539587619002057,0.034722222222222224,0.6477209019220524,0.7088970336076817,0.9752475247524752,0.07783484788621098,0.9835600176015593,144,4860
RELATIVE_A,20,100,0.75,2026,A4_SENSOR_DRIFT,strong,pooled,99.0,0.6078051006318559,0.42307692307692313,0.020370370370370372,0.03886925795053004,0.027777777777777776,0.6477209019220524,0.7088970336076817,0.9611650485436893,0.039895224662502525,0.9835600176015593,144,4860
RELATIVE_A,20,100,0.75,2026,A4_SENSOR_DRIFT,strong,mean_temp_c_-1,95.0,0.5660369392341118,0.4672454617205998,0.030452674897119343,0.05717873182981601,0.034722222222222224,0.5148607331153361,0.5202389117512575,0.8809523809523809,0.05887032617342881,0.8986255118154604,144,1215
RELATIVE_A,20,100,0.75,2026,A4_SENSOR_DRIFT,strong,mean_temp_c_-1,97.5,0.567536521947559,0.4672454617205998,0.030452674897119343,0.05717873182981601,0.034722222222222224,0.5148607331153361,0.5202389117512575,0.8809523809523809,0.05887032617342881,0.8986255118154604,144,1215
RELATIVE_A,20,100,0.75,2026,A4_SENSOR_DRIFT,strong,mean_temp_c_-1,99.0,0.6078051006318559,0.3349753694581281,0.013991769547325103,0.026861544538810983,0.027777777777777776,0.5148607331153361,0.5202389117512575,0.8095238095238095,0.02750809061488673,0.8986255118154604,144,1215
RELATIVE_A,20,100,0.75,2026,A4_SENSOR_DRIFT,strong,mean_temp_c_1,95.0,0.5660369392341118,0.4866920152091255,0.03292181069958848,0.06167188629245965,0.034722222222222224,0.5890987241795312,0.6486282578875172,0.8888888888888888,0.0634920634920635,0.9227875323660268,144,1215
RELATIVE_A,20,100,0.75,2026,A4_SENSOR_DRIFT,strong,mean_temp_c_1,97.5,0.567536521947559,0.47388932190179267,0.031275720164609055,0.058678762727404334,0.034722222222222224,0.5890987241795312,0.6486282578875172,0.8837209302325582,0.06041335453100159,0.9227875323660268,144,1215
RELATIVE_A,20,100,0.75,2026,A4_SENSOR_DRIFT,strong,mean_temp_c_1,99.0,0.6078051006318559,0.4155844155844156,0.019753086419753086,0.037713612256923976,0.027777777777777776,0.5890987241795312,0.6486282578875172,0.8571428571428571,0.038616251005631534,0.9227875323660268,144,1215
RELATIVE_A,20,100,0.75,2026,A4_SENSOR_DRIFT,strong,mean_voltage_v_-1,95.0,0.5660369392341118,0.6171298922291548,0.05596707818930041,0.10262698674715841,0.034722222222222224,0.7260003558281027,0.8212791495198902,0.9315068493150684,0.10559006211180123,0.956229398532378,144,1215
RELATIVE_A,20,100,0.75,2026,A4_SENSOR_DRIFT,strong,mean_voltage_v_-1,97.5,0.567536521947559,0.6171298922291548,0.05596707818930041,0.10262698674715841,0.034722222222222224,0.7260003558281027,0.8212791495198902,0.9315068493150684,0.10559006211180123,0.956229398532378,144,1215
RELATIVE_A,20,100,0.75,2026,A4_SENSOR_DRIFT,strong,mean_voltage_v_-1,99.0,0.6078051006318559,0.4943820224719101,0.027160493827160494,0.05149210064365126,0.027777777777777776,0.7260003558281027,0.8212791495198902,0.8918918918918919,0.05271565495207668,0.956229398532378,144,1215
RELATIVE_A,20,100,0.75,2026,A4_SENSOR_DRIFT,strong,mean_voltage_v_1,95.0,0.5660369392341118,0.5614035087719299,0.044444444444444446,0.08236808236808238,0.034722222222222224,0.74483281927336,0.8454418152720623,0.9152542372881356,0.08477237048665621,0.9593166099330932,144,1215
RELATIVE_A,20,100,0.75,2026,A4_SENSOR_DRIFT,strong,mean_voltage_v_1,97.5,0.567536521947559,0.5614035087719299,0.044444444444444446,0.08236808236808238,0.034722222222222224,0.74483281927336,0.8454418152720623,0.9152542372881356,0.08477237048665621,0.9593166099330932,144,1215
RELATIVE_A,20,100,0.75,2026,A4_SENSOR_DRIFT,strong,mean_voltage_v_1,99.0,0.6078051006318559,0.425531914893617,0.0205761316872428,0.03925417075564279,0.027777777777777776,0.74483281927336,0.8454418152720623,0.8620689655172413,0.04019292604501608,0.9593166099330932,144,1215
RELATIVE_A,20,100,1.0,42,A1_ACCELERATED_DEGRADATION,mild,pooled,95.0,0.5567242315042021,0.4389027431421446,0.027160493827160494,0.05115535532626071,0.034722222222222224,0.47533292044217224,0.45968221307727486,0.9635036496350365,0.05283169901941165,0.9677734636424289,144,4860
RELATIVE_A,20,100,1.0,42,A1_ACCELERATED_DEGRADATION,mild,pooled,97.5,0.5675776045938508,0.4389027431421446,0.027160493827160494,0.05115535532626071,0.034722222222222224,0.47533292044217224,0.45968221307727486,0.9635036496350365,0.05283169901941165,0.9677734636424289,144,4860
RELATIVE_A,20,100,1.0,42,A1_ACCELERATED_DEGRADATION,mild,pooled,99.0,0.61487842119113,0.055944055944055944,0.0012345679012345679,0.0024158236448739243,0.020833333333333332,0.47533292044217224,0.45968221307727486,0.6666666666666666,0.0024645717806531116,0.9677734636424289,144,4860
RELATIVE_A,20,100,1.0,42,A1_ACCELERATED_DEGRADATION,moderate,pooled,95.0,0.5567242315042021,0.4351464435146443,0.026748971193415638,0.05039980615459171,0.034722222222222224,0.4803950190649791,0.4659379286694102,0.9629629629629629,0.05205205205205205,0.9681375876159211,144,4860
RELATIVE_A,20,100,1.0,42,A1_ACCELERATED_DEGRADATION,moderate,pooled,97.5,0.5675776045938508,0.4351464435146443,0.026748971193415638,0.05039980615459171,0.034722222222222224,0.4803950190649791,0.4659379286694102,0.9629629629629629,0.05205205205205205,0.9681375876159211,144,4860
RELATIVE_A,20,100,1.0,42,A1_ACCELERATED_DEGRADATION,moderate,pooled,99.0,0.61487842119113,0.01937046004842615,0.00041152263374485596,0.0008059235380043318,0.020833333333333332,0.4803950190649791,0.4659379286694102,0.4,0.0008221993833504625,0.9681375876159211,144,4860
RELATIVE_A,20,100,1.0,42,A1_ACCELERATED_DEGRADATION,strong,pooled,95.0,0.5567242315042021,0.4332493702770781,0.02654320987654321,0.05002181183655664,0.034722222222222224,0.4867839194653824,0.4726065957933242,0.9626865671641791,0.05166199439327193,0.9687946714273005,144,4860
RELATIVE_A,20,100,1.0,42,A1_ACCELERATED_DEGRADATION,strong,pooled,97.5,0.5675776045938508,0.42748091603053434,0.025925925925925925,0.048886948930597994,0.034722222222222224,0.4867839194653824,0.4726065957933242,0.9618320610687023,0.05049088359046283,0.9687946714273005,144,4860
RELATIVE_A,20,100,1.0,42,A1_ACCELERATED_DEGRADATION,strong,pooled,99.0,0.61487842119113,0.0097799511002445,0.00020576131687242798,0.00040304297445715147,0.020833333333333332,0.4867839194653824,0.4726065957933242,0.25,0.00041118421052631577,0.9687946714273005,144,4860
RELATIVE_A,20,100,1.0,42,A2_EARLY_VOLTAGE_COLLAPSE,mild,pooled,95.0,0.5567242315042021,0.9234001575768187,0.4185714285714286,0.576031455642629,0.034722222222222224,0.901338865242808,0.9557539682539683,0.9832214765100671,0.5871743486973948,0.9773299226510522,144,700
RELATIVE_A,20,100,1.0,42,A2_EARLY_VOLTAGE_COLLAPSE,mild,pooled,97.5,0.5675776045938508,0.8911556163701954,0.2842857142857143,0.43105989951562923,0.034722222222222224,0.901338865242808,0.9557539682539683,0.9754901960784313,0.4402654867256637,0.9773299226510522,144,700
RELATIVE_A,20,100,1.0,42,A2_EARLY_VOLTAGE_COLLAPSE,mild,pooled,99.0,0.61487842119113,0.7376311844077961,0.05857142857142857,0.10852542185949046,0.020833333333333332,0.901338865242808,0.9557539682539683,0.9318181818181818,0.11021505376344086,0.9773299226510522,144,700
RELATIVE_A,20,100,1.0,42,A2_EARLY_VOLTAGE_COLLAPSE,moderate,pooled,95.0,0.5567242315042021,0.9252839210998207,0.43,0.587142044377015,0.034722222222222224,0.9024710347528986,0.9559722222222222,0.9836601307189542,0.5984095427435387,0.9776671904934026,144,700
RELATIVE_A,20,100,1.0,42,A2_EARLY_VOLTAGE_COLLAPSE,moderate,pooled,97.5,0.5675776045938508,0.8953724739925865,0.29714285714285715,0.4462056431189107,0.034722222222222224,0.9024710347528986,0.9559722222222222,0.9765258215962441,0.4556407447973713,0.9776671904934026,144,700
RELATIVE_A,20,100,1.0,42,A2_EARLY_VOLTAGE_COLLAPSE,moderate,pooled,99.0,0.61487842119113,0.7467438494934877,0.06142857142857143,0.1135188648113519,0.020833333333333332,0.9024710347528986,0.9559722222222222,0.9347826086956522,0.11528150134048258,0.9776671904934026,144,700
RELATIVE_A,20,100,1.0,42,A2_EARLY_VOLTAGE_COLLAPSE,strong,pooled,95.0,0.5567242315042021,0.9252839210998207,0.43,0.587142044377015,0.034722222222222224,0.9024710347528986,0.9559722222222222,0.9836601307189542,0.5984095427435387,0.9776671904934026,144,700
RELATIVE_A,20,100,1.0,42,A2_EARLY_VOLTAGE_COLLAPSE,strong,pooled,97.5,0.5675776045938508,0.8953724739925865,0.29714285714285715,0.4462056431189107,0.034722222222222224,0.9024710347528986,0.9559722222222222,0.9765258215962441,0.4556407447973713,0.9776671904934026,144,700
RELATIVE_A,20,100,1.0,42,A2_EARLY_VOLTAGE_COLLAPSE,strong,pooled,99.0,0.61487842119113,0.7467438494934877,0.06142857142857143,0.1135188648113519,0.020833333333333332,0.9024710347528986,0.9559722222222222,0.9347826086956522,0.11528150134048258,0.9776671904934026,144,700
RELATIVE_A,20,100,1.0,42,A3_THERMAL_ABNORMALITY,mild,pooled,95.0,0.5567242315042021,0.38162544169611307,0.02142857142857143,0.04057862107833928,0.034722222222222224,0.587262846075451,0.6398511904761905,0.75,0.04166666666666666,0.8718934338350914,144,700
RELATIVE_A,20,100,1.0,42,A3_THERMAL_ABNORMALITY,mild,pooled,97.5,0.5675776045938508,0.31156569630212433,0.015714285714285715,0.029919534585017567,0.034722222222222224,0.587262846075451,0.6398511904761905,0.6875,0.03072625698324023,0.8718934338350914,144,700
RELATIVE_A,20,100,1.0,42,A3_THERMAL_ABNORMALITY,mild,pooled,99.0,0.61487842119113,0.4067796610169491,0.014285714285714285,0.027602070155261643,0.020833333333333332,0.587262846075451,0.6398511904761905,0.7692307692307693,0.028050490883590466,0.8718934338350914,144,700
RELATIVE_A,20,100,1.0,42,A3_THERMAL_ABNORMALITY,moderate,pooled,95.0,0.5567242315042021,0.6334310850439883,0.06,0.10961684851560517,0.034722222222222224,0.7315389835780837,0.8183134920634921,0.8936170212765957,0.11244979919678713,0.9280271516955125,144,700
RELATIVE_A,20,100,1.0,42,A3_THERMAL_ABNORMALITY,moderate,pooled,97.5,0.5675776045938508,0.4968372627947096,0.03428571428571429,0.0641449200044545,0.034722222222222224,0.7315389835780837,0.8183134920634921,0.8275862068965517,0.06584362139917696,0.9280271516955125,144,700
RELATIVE_A,20,100,1.0,42,A3_THERMAL_ABNORMALITY,moderate,pooled,99.0,0.61487842119113,0.4067796610169491,0.014285714285714285,0.027602070155261643,0.020833333333333332,0.7315389835780837,0.8183134920634921,0.7692307692307693,0.028050490883590466,0.9280271516955125,144,700
RELATIVE_A,20,100,1.0,42,A3_THERMAL_ABNORMALITY,strong,pooled,95.0,0.5567242315042021,0.730852045524454,0.09428571428571429,0.1670240061860743,0.034722222222222224,0.8059192582619286,0.891140873015873,0.9295774647887324,0.17120622568093388,0.9511280620930096,144,700
RELATIVE_A,20,100,1.0,42,A3_THERMAL_ABNORMALITY,strong,pooled,97.5,0.5675776045938508,0.6388774246801485,0.06142857142857143,0.11208051261629803,0.034722222222222224,0.8059192582619286,0.891140873015873,0.8958333333333334,0.11497326203208556,0.9511280620930096,144,700
RELATIVE_A,20,100,1.0,42,A3_THERMAL_ABNORMALITY,strong,pooled,99.0,0.61487842119113,0.4299674267100977,0.015714285714285715,0.03032043183645343,0.020833333333333332,0.8059192582619286,0.891140873015873,0.7857142857142857,0.030812324929971994,0.9511280620930096,144,700
RELATIVE_A,20,100,1.0,42,A4_SENSOR_DRIFT,mild,pooled,95.0,0.5567242315042021,0.5229681978798586,0.03806584362139918,0.07096619515703669,0.034722222222222224,0.5746115767016529,0.6072159350708735,0.9736842105263158,0.07326732673267328,0.9781940607949003,144,4860
RELATIVE_A,20,100,1.0,42,A4_SENSOR_DRIFT,mild,pooled,97.5,0.5675776045938508,0.49589245705750556,0.034156378600823045,0.06391067905096491,0.034722222222222224,0.5746115767016529,0.6072159350708735,0.9707602339181286,0.0659908566885311,0.9781940607949003,144,4860
RELATIVE_A,20,100,1.0,42,A4_SENSOR_DRIFT,mild,pooled,99.0,0.61487842119113,0.4255319148936171,0.015432098765432098,0.029784065524944153,0.020833333333333332,0.5746115767016529,0.6072159350708735,0.9615384615384616,0.030376670716889428,0.9781940607949003,144,4860
RELATIVE_A,20,100,1.0,42,A4_SENSOR_DRIFT,mild,mean_temp_c_-1,95.0,0.5567242315042021,0.44626743232157506,0.027983539094650206,0.0526646981944915,0.034722222222222224,0.48699456929405616,0.48235882487425696,0.8717948717948718,0.05422647527910686,0.8883756541490708,144,1215
RELATIVE_A,20,100,1.0,42,A4_SENSOR_DRIFT,mild,mean_temp_c_-1,97.5,0.5675776045938508,0.44626743232157506,0.027983539094650206,0.0526646981944915,0.034722222222222224,0.48699456929405616,0.48235882487425696,0.8717948717948718,0.05422647527910686,0.8883756541490708,144,1215
RELATIVE_A,20,100,1.0,42,A4_SENSOR_DRIFT,mild,mean_temp_c_-1,99.0,0.61487842119113,0.372093023255814,0.012345679012345678,0.023898431665421955,0.020833333333333332,0.48699456929405616,0.48235882487425696,0.8333333333333334,0.024330900243309004,0.8883756541490708,144,1215
RELATIVE_A,20,100,1.0,42,A4_SENSOR_DRIFT,mild,mean_temp_c_1,95.0,0.5567242315042021,0.44626743232157506,0.027983539094650206,0.0526646981944915,0.034722222222222224,0.5050719324243182,0.5134287837219935,0.8717948717948718,0.05422647527910686,0.8951726959439493,144,1215
RELATIVE_A,20,100,1.0,42,A4_SENSOR_DRIFT,mild,mean_temp_c_1,97.5,0.5675776045938508,0.44626743232157506,0.027983539094650206,0.0526646981944915,0.034722222222222224,0.5050719324243182,0.5134287837219935,0.8717948717948718,0.05422647527910686,0.8951726959439493,144,1215
RELATIVE_A,20,100,1.0,42,A4_SENSOR_DRIFT,mild,mean_temp_c_1,99.0,0.61487842119113,0.3872919818456883,0.01316872427983539,0.025471369583602802,0.020833333333333332,0.5050719324243182,0.5134287837219935,0.8421052631578947,0.02593192868719611,0.8951726959439493,144,1215
RELATIVE_A,20,100,1.0,42,A4_SENSOR_DRIFT,mild,mean_voltage_v_-1,95.0,0.5567242315042021,0.6064139941690962,0.053497942386831275,0.0983219097140156,0.034722222222222224,0.6599103779565058,0.7268775720164609,0.9285714285714286,0.10116731517509728,0.9412762430014634,144,1215
RELATIVE_A,20,100,1.0,42,A4_SENSOR_DRIFT,mild,mean_voltage_v_-1,97.5,0.5675776045938508,0.5659163987138264,0.04526748971193416,0.08382948321028817,0.034722222222222224,0.6599103779565058,0.7268775720164609,0.9166666666666666,0.08627450980392158,0.9412762430014634,144,1215
RELATIVE_A,20,100,1.0,42,A4_SENSOR_DRIFT,mild,mean_voltage_v_-1,99.0,0.61487842119113,0.5252051582649473,0.023045267489711935,0.044153156260779584,0.020833333333333332,0.6599103779565058,0.7268775720164609,0.9032258064516129,0.04494382022471911,0.9412762430014634,144,1215
RELATIVE_A,20,100,1.0,42,A4_SENSOR_DRIFT,mild,mean_voltage_v_1,95.0,0.5567242315042021,0.5520902455209024,0.04279835390946502,0.07943858309065738,0.034722222222222224,0.6419517237790233,0.7061985596707819,0.9122807017543859,0.08176100628930817,0.9366427362261885,144,1215
RELATIVE_A,20,100,1.0,42,A4_SENSOR_DRIFT,mild,mean_voltage_v_1,97.5,0.5675776045938508,0.5047688921496698,0.03539094650205761,0.06614430610969571,0.034722222222222224,0.6419517237790233,0.7061985596707819,0.8958333333333334,0.06809184481393506,0.9366427362261885,144,1215
RELATIVE_A,20,100,1.0,42,A4_SENSOR_DRIFT,mild,mean_voltage_v_1,99.0,0.61487842119113,0.3872919818456883,0.01316872427983539,0.025471369583602802,0.020833333333333332,0.6419517237790233,0.7061985596707819,0.8421052631578947,0.02593192868719611,0.9366427362261885,144,1215
RELATIVE_A,20,100,1.0,42,A4_SENSOR_DRIFT,moderate,pooled,95.0,0.5567242315042021,0.5411284840244731,0.04094650205761317,0.0761321792358089,0.034722222222222224,0.6033990544358199,0.6491690957933243,0.9754901960784313,0.07859399684044234,0.9805136736069157,144,4860
RELATIVE_A,20,100,1.0,42,A4_SENSOR_DRIFT,moderate,pooled,97.5,0.5675776045938508,0.5018450184501846,0.03497942386831276,0.06540033661937966,0.034722222222222224,0.6033990544358199,0.6491690957933243,0.9714285714285714,0.06752730883813308,0.9805136736069157,144,4860
RELATIVE_A,20,100,1.0,42,A4_SENSOR_DRIFT,moderate,pooled,99.0,0.61487842119113,0.4382801664355062,0.01625514403292181,0.031347651406180246,0.020833333333333332,0.6033990544358199,0.6491690957933243,0.9634146341463414,0.03197086199919061,0.9805136736069157,144,4860
RELATIVE_A,20,100,1.0,42,A4_SENSOR_DRIFT,moderate,mean_temp_c_-1,95.0,0.5567242315042021,0.45344129554655876,0.02880658436213992,0.054171704957678354,0.034722222222222224,0.5043718711033858,0.5118227023319616,0.875,0.055776892430278883,0.8949559294902023,144,1215
RELATIVE_A,20,100,1.0,42,A4_SENSOR_DRIFT,moderate,mean_temp_c_-1,97.5,0.5675776045938508,0.44626743232157506,0.027983539094650206,0.0526646981944915,0.034722222222222224,0.5043718711033858,0.5118227023319616,0.8717948717948718,0.05422647527910686,0.8949559294902023,144,1215
RELATIVE_A,20,100,1.0,42,A4_SENSOR_DRIFT,moderate,mean_temp_c_-1,99.0,0.61487842119113,0.3872919818456883,0.01316872427983539,0.025471369583602802,0.020833333333333332,0.5043718711033858,0.5118227023319616,0.8421052631578947,0.02593192868719611,0.8949559294902023,144,1215
RELATIVE_A,20,100,1.0,42,A4_SENSOR_DRIFT,moderate,mean_temp_c_1,95.0,0.5567242315042021,0.460431654676259,0.02962962962962963,0.05567638103523271,0.034722222222222224,0.5347351548064254,0.5604080932784636,0.8780487804878049,0.057324840764331204,0.9057412940089465,144,1215
RELATIVE_A,20,100,1.0,42,A4_SENSOR_DRIFT,moderate,mean_temp_c_1,97.5,0.5675776045938508,0.44626743232157506,0.027983539094650206,0.0526646981944915,0.034722222222222224,0.5347351548064254,0.5604080932784636,0.8717948717948718,0.05422647527910686,0.9057412940089465,144,1215
RELATIVE_A,20,100,1.0,42,A4_SENSOR_DRIFT,moderate,mean_temp_c_1,99.0,0.61487842119113,0.3872919818456883,0.01316872427983539,0.025471369583602802,0.020833333333333332,0.5347351548064254,0.5604080932784636,0.8421052631578947,0.02593192868719611,0.9057412940089465,144,1215
RELATIVE_A,20,100,1.0,42,A4_SENSOR_DRIFT,moderate,mean_voltage_v_-1,95.0,0.5567242315042021,0.64,0.06172839506172839,0.11259676284306827,0.034722222222222224,0.7020616577413918,0.7813700274348423,0.9375,0.1158301158301158,0.9513998591113952,144,1215
RELATIVE_A,20,100,1.0,42,A4_SENSOR_DRIFT,moderate,mean_voltage_v_-1,97.5,0.5675776045938508,0.58307597282273,0.048559670781893,0.08965288000379884,0.034722222222222224,0.7020616577413918,0.7813700274348423,0.921875,0.09225957779515245,0.9513998591113952,144,1215
RELATIVE_A,20,100,1.0,42,A4_SENSOR_DRIFT,moderate,mean_voltage_v_-1,99.0,0.61487842119113,0.5504994450610432,0.02551440329218107,0.0487684971240352,0.020833333333333332,0.7020616577413918,0.7813700274348423,0.9117647058823529,0.049639711769415534,0.9513998591113952,144,1215
RELATIVE_A,20,100,1.0,42,A4_SENSOR_DRIFT,moderate,mean_voltage_v_1,95.0,0.5567242315042021,0.556795797767564,0.043621399176954734,0.08090445069885036,0.034722222222222224,0.6654022855721115,0.7430755601280292,0.9137931034482759,0.08326787117046348,0.9425201883105687,144,1215
RELATIVE_A,20,100,1.0,42,A4_SENSOR_DRIFT,moderate,mean_voltage_v_1,97.5,0.5675776045938508,0.5047688921496698,0.03539094650205761,0.06614430610969571,0.034722222222222224,0.6654022855721115,0.7430755601280292,0.8958333333333334,0.06809184481393506,0.9425201883105687,144,1215
RELATIVE_A,20,100,1.0,42,A4_SENSOR_DRIFT,moderate,mean_voltage_v_1,99.0,0.61487842119113,0.3872919818456883,0.01316872427983539,0.025471369583602802,0.020833333333333332,0.6654022855721115,0.7430755601280292,0.8421052631578947,0.02593192868719611,0.9425201883105687,144,1215
RELATIVE_A,20,100,1.0,42,A4_SENSOR_DRIFT,strong,pooled,95.0,0.5567242315042021,0.5659163987138264,0.04526748971193416,0.08382948321028817,0.034722222222222224,0.6280289584216614,0.6862439986282579,0.9777777777777777,0.08652900688298919,0.982370856910306,144,4860
RELATIVE_A,20,100,1.0,42,A4_SENSOR_DRIFT,strong,pooled,97.5,0.5675776045938508,0.5133381398702235,0.03662551440329218,0.06837278532673932,0.034722222222222224,0.6280289584216614,0.6862439986282579,0.9726775956284153,0.07059290105096173,0.982370856910306,144,4860
RELATIVE_A,20,100,1.0,42,A4_SENSOR_DRIFT,strong,pooled,99.0,0.61487842119113,0.4444444444444445,0.016666666666666666,0.0321285140562249,0.020833333333333332,0.6280289584216614,0.6862439986282579,0.9642857142857143,0.03276699029126213,0.982370856910306,144,4860
RELATIVE_A,20,100,1.0,42,A4_SENSOR_DRIFT,strong,mean_temp_c_-1,95.0,0.5567242315042021,0.5047688921496698,0.03539094650205761,0.06614430610969571,0.034722222222222224,0.5360808162777146,0.5626171696387745,0.8958333333333334,0.06809184481393506,0.9060341988159839,144,1215
RELATIVE_A,20,100,1.0,42,A4_SENSOR_DRIFT,strong,mean_temp_c_-1,97.5,0.5675776045938508,0.47388932190179267,0.031275720164609055,0.058678762727404334,0.034722222222222224,0.5360808162777146,0.5626171696387745,0.8837209302325582,0.06041335453100159,0.9060341988159839,144,1215
RELATIVE_A,20,100,1.0,42,A4_SENSOR_DRIFT,strong,mean_temp_c_-1,99.0,0.61487842119113,0.3872919818456883,0.01316872427983539,0.025471369583602802,0.020833333333333332,0.5360808162777146,0.5626171696387745,0.8421052631578947,0.02593192868719611,0.9060341988159839,144,1215
RELATIVE_A,20,100,1.0,42,A4_SENSOR_DRIFT,strong,mean_temp_c_1,95.0,0.5567242315042021,0.5047688921496698,0.03539094650205761,0.06614430610969571,0.034722222222222224,0.5824228457721343,0.6280264060356653,0.8958333333333334,0.06809184481393506,0.920647456762773,144,1215
RELATIVE_A,20,100,1.0,42,A4_SENSOR_DRIFT,strong,mean_temp_c_1,97.5,0.5675776045938508,0.45344129554655876,0.02880658436213992,0.054171704957678354,0.034722222222222224,0.5824228457721343,0.6280264060356653,0.875,0.055776892430278883,0.920647456762773,144,1215
RELATIVE_A,20,100,1.0,42,A4_SENSOR_DRIFT,strong,mean_temp_c_1,99.0,0.61487842119113,0.3872919818456883,0.01316872427983539,0.025471369583602802,0.020833333333333332,0.5824228457721343,0.6280264060356653,0.8421052631578947,0.02593192868719611,0.920647456762773,144,1215
RELATIVE_A,20,100,1.0,42,A4_SENSOR_DRIFT,strong,mean_voltage_v_-1,95.0,0.5567242315042021,0.6547314578005116,0.06584362139917696,0.11965412479551298,0.034722222222222224,0.7154413400567279,0.7972650891632374,0.9411764705882353,0.1230769230769231,0.9544078479197222,144,1215
RELATIVE_A,20,100,1.0,42,A4_SENSOR_DRIFT,strong,mean_voltage_v_-1,97.5,0.5675776045938508,0.5950809838032394,0.05102880658436214,0.09399725209646088,0.034722222222222224,0.7154413400567279,0.7972650891632374,0.9253731343283582,0.0967238689547582,0.9544078479197222,144,1215
RELATIVE_A,20,100,1.0,42,A4_SENSOR_DRIFT,strong,mean_voltage_v_-1,99.0,0.61487842119113,0.5659163987138264,0.027160493827160494,0.05183330879104698,0.020833333333333332,0.7154413400567279,0.7972650891632374,0.9166666666666666,0.052757793764988015,0.9544078479197222,144,1215
RELATIVE_A,20,100,1.0,42,A4_SENSOR_DRIFT,strong,mean_voltage_v_1,95.0,0.5567242315042021,0.5614035087719299,0.044444444444444446,0.08236808236808238,0.034722222222222224,0.6738194098492793,0.7570673296753544,0.9152542372881356,0.08477237048665621,0.9445855152314047,144,1215
RELATIVE_A,20,100,1.0,42,A4_SENSOR_DRIFT,strong,mean_voltage_v_1,97.5,0.5675776045938508,0.5047688921496698,0.03539094650205761,0.06614430610969571,0.034722222222222224,0.6738194098492793,0.7570673296753544,0.8958333333333334,0.06809184481393506,0.9445855152314047,144,1215
RELATIVE_A,20,100,1.0,42,A4_SENSOR_DRIFT,strong,mean_voltage_v_1,99.0,0.61487842119113,0.3872919818456883,0.01316872427983539,0.025471369583602802,0.020833333333333332,0.6738194098492793,0.7570673296753544,0.8421052631578947,0.02593192868719611,0.9445855152314047,144,1215
RELATIVE_A,20,100,1.0,123,A1_ACCELERATED_DEGRADATION,mild,pooled,95.0,0.5559422075623806,0.4389027431421446,0.027160493827160494,0.05115535532626071,0.034722222222222224,0.4722033662353485,0.4477609167809785,0.9635036496350365,0.05283169901941165,0.9676985903604693,144,4860
RELATIVE_A,20,100,1.0,123,A1_ACCELERATED_DEGRADATION,mild,pooled,97.5,0.5756653535688341,0.3778801843317973,0.016872427983539096,0.03230254087059287,0.027777777777777776,0.4722033662353485,0.4477609167809785,0.9534883720930233,0.033158107561666,0.9676985903604693,144,4860
RELATIVE_A,20,100,1.0,123,A1_ACCELERATED_DEGRADATION,mild,pooled,99.0,0.6195381754245095,0.6153846153846154,0.011111111111111112,0.0218281036834925,0.006944444444444444,0.4722033662353485,0.4477609167809785,0.9818181818181818,0.0219735503560529,0.9676985903604693,144,4860
RELATIVE_A,20,100,1.0,123,A1_ACCELERATED_DEGRADATION,moderate,pooled,95.0,0.5559422075623806,0.43703085904920763,0.026954732510288067,0.05077765395610253,0.034722222222222224,0.4719046714442694,0.44897047896662096,0.9632352941176471,0.05244195356285029,0.9675450825606182,144,4860
RELATIVE_A,20,100,1.0,123,A1_ACCELERATED_DEGRADATION,moderate,pooled,97.5,0.5756653535688341,0.372093023255814,0.01646090534979424,0.03152709359605912,0.027777777777777776,0.4719046714442694,0.44897047896662096,0.9523809523809523,0.03236245954692557,0.9675450825606182,144,4860
RELATIVE_A,20,100,1.0,123,A1_ACCELERATED_DEGRADATION,moderate,pooled,99.0,0.6195381754245095,0.0,0.0,0.0,0.006944444444444444,0.4719046714442694,0.44897047896662096,0.0,0.0,0.9675450825606182,144,4860
RELATIVE_A,20,100,1.0,123,A1_ACCELERATED_DEGRADATION,strong,pooled,95.0,0.5559422075623806,0.43703085904920763,0.026954732510288067,0.05077765395610253,0.034722222222222224,0.4803897542957162,0.4590642146776406,0.9632352941176471,0.05244195356285029,0.9682820815623585,144,4860
RELATIVE_A,20,100,1.0,123,A1_ACCELERATED_DEGRADATION,strong,pooled,97.5,0.5756653535688341,0.36619718309859156,0.016049382716049384,0.030751034890597283,0.027777777777777776,0.4803897542957162,0.4590642146776406,0.9512195121951219,0.03156616754350466,0.9682820815623585,144,4860
RELATIVE_A,20,100,1.0,123,A1_ACCELERATED_DEGRADATION,strong,pooled,99.0,0.6195381754245095,0.0,0.0,0.0,0.006944444444444444,0.4803897542957162,0.4590642146776406,0.0,0.0,0.9682820815623585,144,4860
RELATIVE_A,20,100,1.0,123,A2_EARLY_VOLTAGE_COLLAPSE,mild,pooled,95.0,0.5559422075623806,0.9544247096202927,0.7271428571428571,0.8254239960359467,0.034722222222222224,0.9205115672145316,0.9709821428571428,0.9902723735408561,0.8385502471169687,0.9812856990235774,144,700
RELATIVE_A,20,100,1.0,123,A2_EARLY_VOLTAGE_COLLAPSE,mild,pooled,97.5,0.5756653535688341,0.922975352112676,0.33285714285714285,0.48926738217452176,0.027777777777777776,0.9205115672145316,0.9709821428571428,0.9831223628691983,0.4973319103521878,0.9812856990235774,144,700
RELATIVE_A,20,100,1.0,123,A2_EARLY_VOLTAGE_COLLAPSE,mild,pooled,99.0,0.6195381754245095,0.8716067498165812,0.047142857142857146,0.08944772804276627,0.006944444444444444,0.9205115672145316,0.9709821428571428,0.9705882352941176,0.08991825613079021,0.9812856990235774,144,700
RELATIVE_A,20,100,1.0,123,A2_EARLY_VOLTAGE_COLLAPSE,moderate,pooled,95.0,0.5559422075623806,0.9550151663153565,0.7371428571428571,0.8320530335266847,0.034722222222222224,0.9208667036365586,0.9711408730158729,0.9904030710172744,0.8452088452088452,0.9813722833010313,144,700
RELATIVE_A,20,100,1.0,123,A2_EARLY_VOLTAGE_COLLAPSE,moderate,pooled,97.5,0.5756653535688341,0.9232792634809294,0.3342857142857143,0.49085188206502745,0.027777777777777776,0.9208667036365586,0.9711408730158729,0.9831932773109243,0.49893390191897663,0.9813722833010313,144,700
RELATIVE_A,20,100,1.0,123,A2_EARLY_VOLTAGE_COLLAPSE,moderate,pooled,99.0,0.6195381754245095,0.8716067498165812,0.047142857142857146,0.08944772804276627,0.006944444444444444,0.9208667036365586,0.9711408730158729,0.9705882352941176,0.08991825613079021,0.9813722833010313,144,700
RELATIVE_A,20,100,1.0,123,A2_EARLY_VOLTAGE_COLLAPSE,strong,pooled,95.0,0.5559422075623806,0.9550151663153565,0.7371428571428571,0.8320530335266847,0.034722222222222224,0.9208667036365586,0.9711408730158729,0.9904030710172744,0.8452088452088452,0.9813722833010313,144,700
RELATIVE_A,20,100,1.0,123,A2_EARLY_VOLTAGE_COLLAPSE,strong,pooled,97.5,0.5756653535688341,0.9232792634809294,0.3342857142857143,0.49085188206502745,0.027777777777777776,0.9208667036365586,0.9711408730158729,0.9831932773109243,0.49893390191897663,0.9813722833010313,144,700
RELATIVE_A,20,100,1.0,123,A2_EARLY_VOLTAGE_COLLAPSE,strong,pooled,99.0,0.6195381754245095,0.8716067498165812,0.047142857142857146,0.08944772804276627,0.006944444444444444,0.9208667036365586,0.9711408730158729,0.9705882352941176,0.08991825613079021,0.9813722833010313,144,700
RELATIVE_A,20,100,1.0,123,A3_THERMAL_ABNORMALITY,mild,pooled,95.0,0.5559422075623806,0.5168415240198785,0.037142857142857144,0.06930509792306838,0.034722222222222224,0.6023153284516584,0.6400297619047619,0.8387096774193549,0.07113543091655267,0.8790880466052451,144,700
RELATIVE_A,20,100,1.0,123,A3_THERMAL_ABNORMALITY,mild,pooled,97.5,0.5756653535688341,0.46646341463414637,0.024285714285714285,0.04616777308388654,0.027777777777777776,0.6023153284516584,0.6400297619047619,0.8095238095238095,0.047156726768377254,0.8790880466052451,144,700
RELATIVE_A,20,100,1.0,123,A3_THERMAL_ABNORMALITY,mild,pooled,99.0,0.6195381754245095,0.6728971962616822,0.014285714285714285,0.027977462599572567,0.006944444444444444,0.6023153284516584,0.6400297619047619,0.9090909090909091,0.028129395218002815,0.8790880466052451,144,700
RELATIVE_A,20,100,1.0,123,A3_THERMAL_ABNORMALITY,moderate,pooled,95.0,0.5559422075623806,0.7183778564531702,0.08857142857142856,0.15769950895538207,0.034722222222222224,0.7490789646921658,0.8228670634920634,0.9253731343283582,0.16166883963494133,0.9344666317655148,144,700
RELATIVE_A,20,100,1.0,123,A3_THERMAL_ABNORMALITY,moderate,pooled,97.5,0.5756653535688341,0.6292372881355933,0.047142857142857146,0.08771411695215595,0.027777777777777776,0.7490789646921658,0.8228670634920634,0.8918918918918919,0.08955223880597016,0.9344666317655148,144,700
RELATIVE_A,20,100,1.0,123,A3_THERMAL_ABNORMALITY,moderate,pooled,99.0,0.6195381754245095,0.6935201401050788,0.015714285714285715,0.030732218385006407,0.006944444444444444,0.7490789646921658,0.8228670634920634,0.9166666666666666,0.030898876404494385,0.9344666317655148,144,700
RELATIVE_A,20,100,1.0,123,A3_THERMAL_ABNORMALITY,strong,pooled,95.0,0.5559422075623806,0.809077023783548,0.14714285714285713,0.24900110801463923,0.034722222222222224,0.8273645253965752,0.8966666666666666,0.9537037037037037,0.25495049504950495,0.9578888634002558,144,700
RELATIVE_A,20,100,1.0,123,A3_THERMAL_ABNORMALITY,strong,pooled,97.5,0.5756653535688341,0.72,0.07142857142857142,0.1299638989169675,0.027777777777777776,0.8273645253965752,0.8966666666666666,0.9259259259259259,0.1326259946949602,0.9578888634002558,144,700
RELATIVE_A,20,100,1.0,123,A3_THERMAL_ABNORMALITY,strong,pooled,99.0,0.6195381754245095,0.6935201401050788,0.015714285714285715,0.030732218385006407,0.006944444444444444,0.8273645253965752,0.8966666666666666,0.9166666666666666,0.030898876404494385,0.9578888634002558,144,700
RELATIVE_A,20,100,1.0,123,A4_SENSOR_DRIFT,mild,pooled,95.0,0.5559422075623806,0.49589245705750556,0.034156378600823045,0.06391067905096491,0.034722222222222224,0.580881284422256,0.612141346593507,0.9707602339181286,0.0659908566885311,0.9786895084906118,144,4860
RELATIVE_A,20,100,1.0,123,A4_SENSOR_DRIFT,mild,pooled,97.5,0.5756653535688341,0.4444444444444444,0.022222222222222223,0.04232804232804233,0.027777777777777776,0.580881284422256,0.612141346593507,0.9642857142857143,0.04344328238133548,0.9786895084906118,144,4860
RELATIVE_A,20,100,1.0,123,A4_SENSOR_DRIFT,mild,pooled,99.0,0.6195381754245095,0.6017699115044248,0.010493827160493827,0.02062793872288791,0.006944444444444444,0.580881284422256,0.612141346593507,0.9807692307692307,0.020765472312703585,0.9786895084906118,144,4860
RELATIVE_A,20,100,1.0,123,A4_SENSOR_DRIFT,mild,mean_temp_c_-1,95.0,0.5559422075623806,0.44626743232157506,0.027983539094650206,0.0526646981944915,0.034722222222222224,0.47917455402474524,0.46802126200274347,0.8717948717948718,0.05422647527910686,0.8854246380150699,144,1215
RELATIVE_A,20,100,1.0,123,A4_SENSOR_DRIFT,mild,mean_temp_c_-1,97.5,0.5756653535688341,0.32160804020100503,0.01316872427983539,0.025301442972919547,0.027777777777777776,0.47917455402474524,0.46802126200274347,0.8,0.025910931174089068,0.8854246380150699,144,1215
RELATIVE_A,20,100,1.0,123,A4_SENSOR_DRIFT,mild,mean_temp_c_-1,99.0,0.6195381754245095,0.5161290322580645,0.007407407407407408,0.01460520310360566,0.006944444444444444,0.47917455402474524,0.46802126200274347,0.9,0.01469387755102041,0.8854246380150699,144,1215
RELATIVE_A,20,100,1.0,123,A4_SENSOR_DRIFT,mild,mean_temp_c_1,95.0,0.5559422075623806,0.460431654676259,0.02962962962962963,0.05567638103523271,0.034722222222222224,0.5143887867088232,0.5271519204389574,0.8780487804878049,0.057324840764331204,0.8986586650678574,144,1215
RELATIVE_A,20,100,1.0,123,A4_SENSOR_DRIFT,mild,mean_temp_c_1,97.5,0.5756653535688341,0.4351464435146444,0.02139917695473251,0.04079231221808198,0.027777777777777776,0.5143887867088232,0.5271519204389574,0.8666666666666667,0.04176706827309237,0.8986586650678574,144,1215
RELATIVE_A,20,100,1.0,123,A4_SENSOR_DRIFT,mild,mean_temp_c_1,99.0,0.6195381754245095,0.5871559633027522,0.009876543209876543,0.01942631658825315,0.006944444444444444,0.5143887867088232,0.5271519204389574,0.9230769230769231,0.01954397394136808,0.8986586650678574,144,1215
RELATIVE_A,20,100,1.0,123,A4_SENSOR_DRIFT,mild,mean_voltage_v_-1,95.0,0.5559422075623806,0.5614035087719299,0.044444444444444446,0.08236808236808238,0.034722222222222224,0.6790622902602325,0.7444501600365798,0.9152542372881356,0.08477237048665621,0.9452211955089842,144,1215
RELATIVE_A,20,100,1.0,123,A4_SENSOR_DRIFT,mild,mean_voltage_v_-1,97.5,0.5756653535688341,0.4866920152091255,0.02633744855967078,0.049970720281085304,0.027777777777777776,0.6790622902602325,0.7444501600365798,0.8888888888888888,0.051159072741806554,0.9452211955089842,144,1215
RELATIVE_A,20,100,1.0,123,A4_SENSOR_DRIFT,mild,mean_voltage_v_-1,99.0,0.6195381754245095,0.64,0.012345679012345678,0.02422407267221802,0.006944444444444444,0.6790622902602325,0.7444501600365798,0.9375,0.024370430544272945,0.9452211955089842,144,1215
RELATIVE_A,20,100,1.0,123,A4_SENSOR_DRIFT,mild,mean_voltage_v_1,95.0,0.5559422075623806,0.49888641425389757,0.0345679012345679,0.06465579448693895,0.034722222222222224,0.6432188480390127,0.7089420438957477,0.8936170212765957,0.06656101426307448,0.9370807476732624,144,1215
RELATIVE_A,20,100,1.0,123,A4_SENSOR_DRIFT,mild,mean_voltage_v_1,97.5,0.5756653535688341,0.5018450184501845,0.027983539094650206,0.053011108945624635,0.027777777777777776,0.6432188480390127,0.7089420438957477,0.8947368421052632,0.054269752593774936,0.9370807476732624,144,1215
RELATIVE_A,20,100,1.0,123,A4_SENSOR_DRIFT,mild,mean_voltage_v_1,99.0,0.6195381754245095,0.64,0.012345679012345678,0.02422407267221802,0.006944444444444444,0.6432188480390127,0.7089420438957477,0.9375,0.024370430544272945,0.9370807476732624,144,1215
RELATIVE_A,20,100,1.0,123,A4_SENSOR_DRIFT,moderate,pooled,95.0,0.5559422075623806,0.5202558635394456,0.037654320987654324,0.07022593178874659,0.034722222222222224,0.611625560677538,0.6532921810699589,0.973404255319149,0.0725039619651347,0.9811061113463929,144,4860
RELATIVE_A,20,100,1.0,123,A4_SENSOR_DRIFT,moderate,pooled,97.5,0.5756653535688341,0.47674418604651164,0.025308641975308643,0.04806565064478312,0.027777777777777776,0.611625560677538,0.6532921810699589,0.968503937007874,0.04932825345899338,0.9811061113463929,144,4860
RELATIVE_A,20,100,1.0,123,A4_SENSOR_DRIFT,moderate,pooled,99.0,0.6195381754245095,0.619718309859155,0.01131687242798354,0.022227835311947462,0.006944444444444444,0.611625560677538,0.6532921810699589,0.9821428571428571,0.022375915378356388,0.9811061113463929,144,4860
RELATIVE_A,20,100,1.0,123,A4_SENSOR_DRIFT,moderate,mean_temp_c_-1,95.0,0.5559422075623806,0.42356959863364646,0.02551440329218107,0.04812963951288147,0.034722222222222224,0.493128717512773,0.4863425925925926,0.8611111111111112,0.0495603517186251,0.8907666164355228,144,1215
RELATIVE_A,20,100,1.0,123,A4_SENSOR_DRIFT,moderate,mean_temp_c_-1,97.5,0.5756653535688341,0.32160804020100503,0.01316872427983539,0.025301442972919547,0.027777777777777776,0.493128717512773,0.4863425925925926,0.8,0.025910931174089068,0.8907666164355228,144,1215
RELATIVE_A,20,100,1.0,123,A4_SENSOR_DRIFT,moderate,mean_temp_c_-1,99.0,0.6195381754245095,0.5423728813559322,0.00823045267489712,0.01621484671902711,0.006944444444444444,0.493128717512773,0.4863425925925926,0.9090909090909091,0.016313213703099513,0.8907666164355228,144,1215
RELATIVE_A,20,100,1.0,123,A4_SENSOR_DRIFT,moderate,mean_temp_c_1,95.0,0.5559422075623806,0.4866920152091255,0.03292181069958848,0.06167188629245965,0.034722222222222224,0.5473605723265764,0.5769947416552356,0.8888888888888888,0.0634920634920635,0.9101400416287678,144,1215
RELATIVE_A,20,100,1.0,123,A4_SENSOR_DRIFT,moderate,mean_temp_c_1,97.5,0.5756653535688341,0.5018450184501845,0.027983539094650206,0.053011108945624635,0.027777777777777776,0.5473605723265764,0.5769947416552356,0.8947368421052632,0.054269752593774936,0.9101400416287678,144,1215
RELATIVE_A,20,100,1.0,123,A4_SENSOR_DRIFT,moderate,mean_temp_c_1,99.0,0.6195381754245095,0.6239554317548747,0.011522633744855968,0.02262740542451639,0.006944444444444444,0.5473605723265764,0.5769947416552356,0.9333333333333333,0.02276422764227642,0.9101400416287678,144,1215
RELATIVE_A,20,100,1.0,123,A4_SENSOR_DRIFT,moderate,mean_voltage_v_-1,95.0,0.5559422075623806,0.6205733558178752,0.056790123456790124,0.10405768415099674,0.034722222222222224,0.7281999088505681,0.8042638317329676,0.9324324324324325,0.10705973622963538,0.956647543458237,144,1215
RELATIVE_A,20,100,1.0,123,A4_SENSOR_DRIFT,moderate,mean_voltage_v_-1,97.5,0.5756653535688341,0.5360824742268041,0.03209876543209877,0.060570762958648806,0.027777777777777776,0.7281999088505681,0.8042638317329676,0.9069767441860465,0.06200317965023848,0.956647543458237,144,1215
RELATIVE_A,20,100,1.0,123,A4_SENSOR_DRIFT,moderate,mean_voltage_v_-1,99.0,0.6195381754245095,0.6547314578005116,0.01316872427983539,0.02581816348141798,0.006944444444444444,0.7281999088505681,0.8042638317329676,0.9411764705882353,0.025974025974025972,0.956647543458237,144,1215
RELATIVE_A,20,100,1.0,123,A4_SENSOR_DRIFT,moderate,mean_voltage_v_1,95.0,0.5559422075623806,0.5047688921496698,0.03539094650205761,0.06614430610969571,0.034722222222222224,0.6662536638923515,0.7455675582990398,0.8958333333333334,0.06809184481393506,0.9428852499530701,144,1215
RELATIVE_A,20,100,1.0,123,A4_SENSOR_DRIFT,moderate,mean_voltage_v_1,97.5,0.5756653535688341,0.5018450184501845,0.027983539094650206,0.053011108945624635,0.027777777777777776,0.6662536638923515,0.7455675582990398,0.8947368421052632,0.054269752593774936,0.9428852499530701,144,1215
RELATIVE_A,20,100,1.0,123,A4_SENSOR_DRIFT,moderate,mean_voltage_v_1,99.0,0.6195381754245095,0.64,0.012345679012345678,0.02422407267221802,0.006944444444444444,0.6662536638923515,0.7455675582990398,0.9375,0.024370430544272945,0.9428852499530701,144,1215
RELATIVE_A,20,100,1.0,123,A4_SENSOR_DRIFT,strong,pooled,95.0,0.5559422075623806,0.5335176226675882,0.0397119341563786,0.07392157801503327,0.034722222222222224,0.6354595768568047,0.6878800868770004,0.9747474747474747,0.0763147489126137,0.9828558077628049,144,4860
RELATIVE_A,20,100,1.0,123,A4_SENSOR_DRIFT,strong,pooled,97.5,0.5756653535688341,0.48473282442748095,0.026131687242798355,0.04959000390472471,0.027777777777777776,0.6354595768568047,0.6878800868770004,0.9694656488549618,0.050891604888799846,0.9828558077628049,144,4860
RELATIVE_A,20,100,1.0,123,A4_SENSOR_DRIFT,strong,pooled,99.0,0.6195381754245095,0.6361185983827493,0.01213991769547325,0.023825147645247586,0.006944444444444444,0.6354595768568047,0.6878800868770004,0.9833333333333333,0.02398373983739837,0.9828558077628049,144,4860
RELATIVE_A,20,100,1.0,123,A4_SENSOR_DRIFT,strong,mean_temp_c_-1,95.0,0.5559422075623806,0.4389027431421446,0.027160493827160494,0.05115535532626071,0.034722222222222224,0.5227052714436191,0.5315072016460906,0.868421052631579,0.052673583399840386,0.9016031967608954,144,1215
RELATIVE_A,20,100,1.0,123,A4_SENSOR_DRIFT,strong,mean_temp_c_-1,97.5,0.5756653535688341,0.3478260869565218,0.014814814814814815,0.028419182948490232,0.027777777777777776,0.5227052714436191,0.5315072016460906,0.8181818181818182,0.029102667744543252,0.9016031967608954,144,1215
RELATIVE_A,20,100,1.0,123,A4_SENSOR_DRIFT,strong,mean_temp_c_-1,99.0,0.6195381754245095,0.5871559633027522,0.009876543209876543,0.01942631658825315,0.006944444444444444,0.5227052714436191,0.5315072016460906,0.9230769230769231,0.01954397394136808,0.9016031967608954,144,1215
RELATIVE_A,20,100,1.0,123,A4_SENSOR_DRIFT,strong,mean_temp_c_1,95.0,0.5559422075623806,0.492862509391435,0.03374485596707819,0.0631649896490299,0.034722222222222224,0.5936461521476034,0.6394261545496114,0.8913043478260869,0.06502775574940524,0.9242170670123497,144,1215
RELATIVE_A,20,100,1.0,123,A4_SENSOR_DRIFT,strong,mean_temp_c_1,97.5,0.5756653535688341,0.5018450184501845,0.027983539094650206,0.053011108945624635,0.027777777777777776,0.5936461521476034,0.6394261545496114,0.8947368421052632,0.054269752593774936,0.9242170670123497,144,1215
RELATIVE_A,20,100,1.0,123,A4_SENSOR_DRIFT,strong,mean_temp_c_1,99.0,0.6195381754245095,0.6547314578005116,0.01316872427983539,0.02581816348141798,0.006944444444444444,0.5936461521476034,0.6394261545496114,0.9411764705882353,0.025974025974025972,0.9242170670123497,144,1215
RELATIVE_A,20,100,1.0,123,A4_SENSOR_DRIFT,strong,mean_voltage_v_-1,95.0,0.5559422075623806,0.6430460074034903,0.06255144032921811,0.11401247011391873,0.034722222222222224,0.7420368489167548,0.8219593049839963,0.9382716049382716,0.11728395061728394,0.95962332159253,144,1215
RELATIVE_A,20,100,1.0,123,A4_SENSOR_DRIFT,strong,mean_voltage_v_-1,97.5,0.5756653535688341,0.548494983277592,0.03374485596707819,0.06357821283194418,0.027777777777777776,0.7420368489167548,0.8219593049839963,0.9111111111111111,0.06507936507936508,0.95962332159253,144,1215
RELATIVE_A,20,100,1.0,123,A4_SENSOR_DRIFT,strong,mean_voltage_v_-1,99.0,0.6195381754245095,0.6547314578005116,0.01316872427983539,0.02581816348141798,0.006944444444444444,0.7420368489167548,0.8219593049839963,0.9411764705882353,0.025974025974025972,0.95962332159253,144,1215
RELATIVE_A,20,100,1.0,123,A4_SENSOR_DRIFT,strong,mean_voltage_v_1,95.0,0.5559422075623806,0.5047688921496698,0.03539094650205761,0.06614430610969571,0.034722222222222224,0.6744215871271348,0.7586276863283035,0.8958333333333334,0.06809184481393506,0.9448764066268522,144,1215
RELATIVE_A,20,100,1.0,123,A4_SENSOR_DRIFT,strong,mean_voltage_v_1,97.5,0.5756653535688341,0.5018450184501845,0.027983539094650206,0.053011108945624635,0.027777777777777776,0.6744215871271348,0.7586276863283035,0.8947368421052632,0.054269752593774936,0.9448764066268522,144,1215
RELATIVE_A,20,100,1.0,123,A4_SENSOR_DRIFT,strong,mean_voltage_v_1,99.0,0.6195381754245095,0.64,0.012345679012345678,0.02422407267221802,0.006944444444444444,0.6744215871271348,0.7586276863283035,0.9375,0.024370430544272945,0.9448764066268522,144,1215
RELATIVE_A,20,100,1.0,2026,A1_ACCELERATED_DEGRADATION,mild,pooled,95.0,0.5690441653638676,0.39024390243902435,0.022222222222222223,0.04204993429697767,0.034722222222222224,0.4700992601798385,0.45313285893918614,0.9557522123893806,0.04343454655137744,0.9673071649811741,144,4860
RELATIVE_A,20,100,1.0,2026,A1_ACCELERATED_DEGRADATION,mild,pooled,97.5,0.5750055721443234,0.4327731092436975,0.02119341563786008,0.04040800313848568,0.027777777777777776,0.4700992601798385,0.45313285893918614,0.9626168224299065,0.0414737265955305,0.9673071649811741,144,4860
RELATIVE_A,20,100,1.0,2026,A1_ACCELERATED_DEGRADATION,mild,pooled,99.0,0.6198095578012053,0.35612082670906203,0.011522633744855968,0.02232298569933729,0.020833333333333332,0.4700992601798385,0.45313285893918614,0.9491525423728814,0.022768855458426513,0.9673071649811741,144,4860
RELATIVE_A,20,100,1.0,2026,A1_ACCELERATED_DEGRADATION,moderate,pooled,95.0,0.5690441653638676,0.3880326382592928,0.022016460905349793,0.04166869493258044,0.034722222222222224,0.47404427684533423,0.45921925011431186,0.9553571428571429,0.04304102976669348,0.9678528437122502,144,4860
RELATIVE_A,20,100,1.0,2026,A1_ACCELERATED_DEGRADATION,moderate,pooled,97.5,0.5750055721443234,0.43037974683544306,0.020987654320987655,0.04002354326074162,0.027777777777777776,0.47404427684533423,0.45921925011431186,0.9622641509433962,0.04107933950865888,0.9678528437122502,144,4860
RELATIVE_A,20,100,1.0,2026,A1_ACCELERATED_DEGRADATION,moderate,pooled,99.0,0.6198095578012053,0.35612082670906203,0.011522633744855968,0.02232298569933729,0.020833333333333332,0.47404427684533423,0.45921925011431186,0.9491525423728814,0.022768855458426513,0.9678528437122502,144,4860
RELATIVE_A,20,100,1.0,2026,A1_ACCELERATED_DEGRADATION,strong,pooled,95.0,0.5690441653638676,0.3880326382592928,0.022016460905349793,0.04166869493258044,0.034722222222222224,0.48179951709502594,0.4697259373571102,0.9553571428571429,0.04304102976669348,0.9688362514120721,144,4860
RELATIVE_A,20,100,1.0,2026,A1_ACCELERATED_DEGRADATION,strong,pooled,97.5,0.5750055721443234,0.425531914893617,0.0205761316872428,0.03925417075564279,0.027777777777777776,0.48179951709502594,0.4697259373571102,0.9615384615384616,0.040290088638195,0.9688362514120721,144,4860
RELATIVE_A,20,100,1.0,2026,A1_ACCELERATED_DEGRADATION,strong,pooled,99.0,0.6198095578012053,0.3261231281198003,0.010082304526748971,0.019559902200488997,0.020833333333333332,0.48179951709502594,0.4697259373571102,0.9423076923076923,0.01995114006514658,0.9688362514120721,144,4860
RELATIVE_A,20,100,1.0,2026,A2_EARLY_VOLTAGE_COLLAPSE,mild,pooled,95.0,0.5690441653638676,0.8709249151792299,0.2342857142857143,0.36924231526939555,0.034722222222222224,0.8842705181633159,0.9550992063492063,0.9704142011834319,0.37744533947065595,0.9715807891353246,144,700
RELATIVE_A,20,100,1.0,2026,A2_EARLY_VOLTAGE_COLLAPSE,mild,pooled,97.5,0.5750055721443234,0.8542880932556203,0.16285714285714287,0.27356352486335156,0.027777777777777776,0.8842705181633159,0.9550992063492063,0.9661016949152542,0.2787286063569682,0.9715807891353246,144,700
RELATIVE_A,20,100,1.0,2026,A2_EARLY_VOLTAGE_COLLAPSE,mild,pooled,99.0,0.6198095578012053,0.4299674267100977,0.015714285714285715,0.03032043183645343,0.020833333333333332,0.8842705181633159,0.9550992063492063,0.7857142857142857,0.030812324929971994,0.9715807891353246,144,700
RELATIVE_A,20,100,1.0,2026,A2_EARLY_VOLTAGE_COLLAPSE,moderate,pooled,95.0,0.5690441653638676,0.8729490344126615,0.23857142857142857,0.37473119955122014,0.034722222222222224,0.8848752836086724,0.9553174603174603,0.9709302325581395,0.3830275229357798,0.9717529849227602,144,700
RELATIVE_A,20,100,1.0,2026,A2_EARLY_VOLTAGE_COLLAPSE,moderate,pooled,97.5,0.5750055721443234,0.8542880932556203,0.16285714285714287,0.27356352486335156,0.027777777777777776,0.8848752836086724,0.9553174603174603,0.9661016949152542,0.2787286063569682,0.9717529849227602,144,700
RELATIVE_A,20,100,1.0,2026,A2_EARLY_VOLTAGE_COLLAPSE,moderate,pooled,99.0,0.6198095578012053,0.4299674267100977,0.015714285714285715,0.03032043183645343,0.020833333333333332,0.8848752836086724,0.9553174603174603,0.7857142857142857,0.030812324929971994,0.9717529849227602,144,700
RELATIVE_A,20,100,1.0,2026,A2_EARLY_VOLTAGE_COLLAPSE,strong,pooled,95.0,0.5690441653638676,0.8729490344126615,0.23857142857142857,0.37473119955122014,0.034722222222222224,0.8848752836086724,0.9553174603174603,0.9709302325581395,0.3830275229357798,0.9717529849227602,144,700
RELATIVE_A,20,100,1.0,2026,A2_EARLY_VOLTAGE_COLLAPSE,strong,pooled,97.5,0.5750055721443234,0.8542880932556203,0.16285714285714287,0.27356352486335156,0.027777777777777776,0.8848752836086724,0.9553174603174603,0.9661016949152542,0.2787286063569682,0.9717529849227602,144,700
RELATIVE_A,20,100,1.0,2026,A2_EARLY_VOLTAGE_COLLAPSE,strong,pooled,99.0,0.6198095578012053,0.4299674267100977,0.015714285714285715,0.03032043183645343,0.020833333333333332,0.8848752836086724,0.9553174603174603,0.7857142857142857,0.030812324929971994,0.9717529849227602,144,700
RELATIVE_A,20,100,1.0,2026,A3_THERMAL_ABNORMALITY,mild,pooled,95.0,0.5690441653638676,0.38162544169611307,0.02142857142857143,0.04057862107833928,0.034722222222222224,0.5786099950581871,0.6295734126984127,0.75,0.04166666666666666,0.8683860878657579,144,700
RELATIVE_A,20,100,1.0,2026,A3_THERMAL_ABNORMALITY,mild,pooled,97.5,0.5750055721443234,0.43548387096774194,0.02142857142857143,0.04084720121028745,0.027777777777777776,0.5786099950581871,0.6295734126984127,0.7894736842105263,0.041724617524339355,0.8683860878657579,144,700
RELATIVE_A,20,100,1.0,2026,A3_THERMAL_ABNORMALITY,mild,pooled,99.0,0.6198095578012053,0.4299674267100977,0.015714285714285715,0.03032043183645343,0.020833333333333332,0.5786099950581871,0.6295734126984127,0.7857142857142857,0.030812324929971994,0.8683860878657579,144,700
RELATIVE_A,20,100,1.0,2026,A3_THERMAL_ABNORMALITY,moderate,pooled,95.0,0.5690441653638676,0.5262587980508933,0.03857142857142857,0.07187488446038377,0.034722222222222224,0.7120360007395403,0.7999900793650793,0.84375,0.07377049180327869,0.9217965008670735,144,700
RELATIVE_A,20,100,1.0,2026,A3_THERMAL_ABNORMALITY,moderate,pooled,97.5,0.5750055721443234,0.49421965317919075,0.027142857142857142,0.051459524526030684,0.027777777777777776,0.7120360007395403,0.7999900793650793,0.8260869565217391,0.05255878284923928,0.9217965008670735,144,700
RELATIVE_A,20,100,1.0,2026,A3_THERMAL_ABNORMALITY,moderate,pooled,99.0,0.6198095578012053,0.4067796610169491,0.014285714285714285,0.027602070155261643,0.020833333333333332,0.7120360007395403,0.7999900793650793,0.7692307692307693,0.028050490883590466,0.9217965008670735,144,700
RELATIVE_A,20,100,1.0,2026,A3_THERMAL_ABNORMALITY,strong,pooled,95.0,0.5690441653638676,0.6388774246801485,0.06142857142857143,0.11208051261629803,0.034722222222222224,0.7932367818431671,0.878611111111111,0.8958333333333334,0.11497326203208556,0.9477764409712295,144,700
RELATIVE_A,20,100,1.0,2026,A3_THERMAL_ABNORMALITY,strong,pooled,97.5,0.5750055721443234,0.6292372881355933,0.047142857142857146,0.08771411695215595,0.027777777777777776,0.7932367818431671,0.878611111111111,0.8918918918918919,0.08955223880597016,0.9477764409712295,144,700
RELATIVE_A,20,100,1.0,2026,A3_THERMAL_ABNORMALITY,strong,pooled,99.0,0.6198095578012053,0.4299674267100977,0.015714285714285715,0.03032043183645343,0.020833333333333332,0.7932367818431671,0.878611111111111,0.7857142857142857,0.030812324929971994,0.9477764409712295,144,700
RELATIVE_A,20,100,1.0,2026,A4_SENSOR_DRIFT,mild,pooled,95.0,0.5690441653638676,0.48355011476664117,0.03251028806584362,0.06092447100785656,0.034722222222222224,0.5847217620486103,0.6210833904892548,0.9693251533742331,0.06291061118853275,0.9789198257776762,144,4860
RELATIVE_A,20,100,1.0,2026,A4_SENSOR_DRIFT,mild,pooled,97.5,0.5750055721443234,0.5054945054945055,0.028395061728395062,0.053769725306838115,0.027777777777777776,0.5847217620486103,0.6210833904892548,0.971830985915493,0.05517792882846862,0.9789198257776762,144,4860
RELATIVE_A,20,100,1.0,2026,A4_SENSOR_DRIFT,mild,pooled,99.0,0.6198095578012053,0.3946188340807175,0.013580246913580247,0.026256899895569147,0.020833333333333332,0.5847217620486103,0.6210833904892548,0.9565217391304348,0.02678027997565429,0.9789198257776762,144,4860
RELATIVE_A,20,100,1.0,2026,A4_SENSOR_DRIFT,mild,mean_temp_c_-1,95.0,0.5690441653638676,0.40737489025460927,0.023868312757201648,0.04509451382477283,0.034722222222222224,0.48444528462568637,0.47636602652034754,0.8529411764705882,0.046437149719775826,0.8875057131197517,144,1215
RELATIVE_A,20,100,1.0,2026,A4_SENSOR_DRIFT,mild,mean_temp_c_-1,97.5,0.5750055721443234,0.425531914893617,0.0205761316872428,0.03925417075564279,0.027777777777777776,0.48444528462568637,0.47636602652034754,0.8620689655172413,0.04019292604501608,0.8875057131197517,144,1215
RELATIVE_A,20,100,1.0,2026,A4_SENSOR_DRIFT,mild,mean_temp_c_-1,99.0,0.6198095578012053,0.3872919818456883,0.01316872427983539,0.025471369583602802,0.020833333333333332,0.48444528462568637,0.47636602652034754,0.8421052631578947,0.02593192868719611,0.8875057131197517,144,1215
RELATIVE_A,20,100,1.0,2026,A4_SENSOR_DRIFT,mild,mean_temp_c_1,95.0,0.5690441653638676,0.44626743232157506,0.027983539094650206,0.0526646981944915,0.034722222222222224,0.5001154039621847,0.5116769547325103,0.8717948717948718,0.05422647527910686,0.8935728811407888,144,1215
RELATIVE_A,20,100,1.0,2026,A4_SENSOR_DRIFT,mild,mean_temp_c_1,97.5,0.5750055721443234,0.47058823529411764,0.024691358024691357,0.0469208211143695,0.027777777777777776,0.5001154039621847,0.5116769547325103,0.8823529411764706,0.04803843074459567,0.8935728811407888,144,1215
RELATIVE_A,20,100,1.0,2026,A4_SENSOR_DRIFT,mild,mean_temp_c_1,99.0,0.6198095578012053,0.42877291960507763,0.015637860082304528,0.030175194798749316,0.020833333333333332,0.5001154039621847,0.5116769547325103,0.8636363636363636,0.0307194826192401,0.8935728811407888,144,1215
RELATIVE_A,20,100,1.0,2026,A4_SENSOR_DRIFT,mild,mean_voltage_v_-1,95.0,0.5690441653638676,0.5047688921496698,0.03539094650205761,0.06614430610969571,0.034722222222222224,0.6859809276903844,0.768567101051669,0.8958333333333334,0.06809184481393506,0.9463910223378491,144,1215
RELATIVE_A,20,100,1.0,2026,A4_SENSOR_DRIFT,mild,mean_voltage_v_-1,97.5,0.5750055721443234,0.548494983277592,0.03374485596707819,0.06357821283194418,0.027777777777777776,0.6859809276903844,0.768567101051669,0.9111111111111111,0.06507936507936508,0.9463910223378491,144,1215
RELATIVE_A,20,100,1.0,2026,A4_SENSOR_DRIFT,mild,mean_voltage_v_-1,99.0,0.6198095578012053,0.372093023255814,0.012345679012345678,0.023898431665421955,0.020833333333333332,0.6859809276903844,0.768567101051669,0.8333333333333334,0.024330900243309004,0.9463910223378491,144,1215
RELATIVE_A,20,100,1.0,2026,A4_SENSOR_DRIFT,mild,mean_voltage_v_1,95.0,0.5690441653638676,0.5520902455209024,0.04279835390946502,0.07943858309065738,0.034722222222222224,0.6592415727421774,0.727723479652492,0.9122807017543859,0.08176100628930817,0.9410101079056677,144,1215
RELATIVE_A,20,100,1.0,2026,A4_SENSOR_DRIFT,mild,mean_voltage_v_1,97.5,0.5750055721443234,0.5544554455445544,0.0345679012345679,0.06507844276583381,0.027777777777777776,0.6592415727421774,0.727723479652492,0.9130434782608695,0.06661379857256144,0.9410101079056677,144,1215
RELATIVE_A,20,100,1.0,2026,A4_SENSOR_DRIFT,mild,mean_voltage_v_1,99.0,0.6198095578012053,0.3872919818456883,0.01316872427983539,0.025471369583602802,0.020833333333333332,0.6592415727421774,0.727723479652492,0.8421052631578947,0.02593192868719611,0.9410101079056677,144,1215
RELATIVE_A,20,100,1.0,2026,A4_SENSOR_DRIFT,moderate,pooled,95.0,0.5690441653638676,0.49888641425389757,0.0345679012345679,0.06465579448693895,0.034722222222222224,0.618703657031141,0.6669410150891631,0.9710982658959537,0.06675938803894296,0.9815591438879769,144,4860
RELATIVE_A,20,100,1.0,2026,A4_SENSOR_DRIFT,moderate,pooled,97.5,0.5750055721443234,0.527972027972028,0.031069958847736626,0.05868635833657209,0.027777777777777776,0.618703657031141,0.6669410150891631,0.9741935483870968,0.06021934197407776,0.9815591438879769,144,4860
RELATIVE_A,20,100,1.0,2026,A4_SENSOR_DRIFT,moderate,pooled,99.0,0.6198095578012053,0.40875912408759124,0.01440329218106996,0.02782608695652174,0.020833333333333332,0.618703657031141,0.6669410150891631,0.958904109589041,0.028380295965943648,0.9815591438879769,144,4860
RELATIVE_A,20,100,1.0,2026,A4_SENSOR_DRIFT,moderate,mean_temp_c_-1,95.0,0.5690441653638676,0.39024390243902435,0.022222222222222223,0.04204993429697767,0.034722222222222224,0.508994776799752,0.5109224965706447,0.84375,0.04330392943063352,0.8964140274651462,144,1215
RELATIVE_A,20,100,1.0,2026,A4_SENSOR_DRIFT,moderate,mean_temp_c_-1,97.5,0.5750055721443234,0.3946188340807175,0.01810699588477366,0.03462522132598859,0.027777777777777776,0.508994776799752,0.5109224965706447,0.8461538461538461,0.0354552780016116,0.8964140274651462,144,1215
RELATIVE_A,20,100,1.0,2026,A4_SENSOR_DRIFT,moderate,mean_temp_c_-1,99.0,0.6198095578012053,0.3872919818456883,0.01316872427983539,0.025471369583602802,0.020833333333333332,0.508994776799752,0.5109224965706447,0.8421052631578947,0.02593192868719611,0.8964140274651462,144,1215
RELATIVE_A,20,100,1.0,2026,A4_SENSOR_DRIFT,moderate,mean_temp_c_1,95.0,0.5690441653638676,0.44626743232157506,0.027983539094650206,0.0526646981944915,0.034722222222222224,0.5347501063312599,0.5628886602652035,0.8717948717948718,0.05422647527910686,0.9059561151236162,144,1215
RELATIVE_A,20,100,1.0,2026,A4_SENSOR_DRIFT,moderate,mean_temp_c_1,97.5,0.5750055721443234,0.47876447876447875,0.02551440329218107,0.0484469622973237,0.027777777777777776,0.5347501063312599,0.5628886602652035,0.8857142857142857,0.0496,0.9059561151236162,144,1215
RELATIVE_A,20,100,1.0,2026,A4_SENSOR_DRIFT,moderate,mean_temp_c_1,99.0,0.6198095578012053,0.46499339498018494,0.01810699588477366,0.0348566618804773,0.020833333333333332,0.5347501063312599,0.5628886602652035,0.88,0.03548387096774193,0.9059561151236162,144,1215
RELATIVE_A,20,100,1.0,2026,A4_SENSOR_DRIFT,moderate,mean_voltage_v_-1,95.0,0.5690441653638676,0.5659163987138264,0.04526748971193416,0.08382948321028817,0.034722222222222224,0.7328111993004236,0.824014060356653,0.9166666666666666,0.08627450980392158,0.9574900557127892,144,1215
RELATIVE_A,20,100,1.0,2026,A4_SENSOR_DRIFT,moderate,mean_voltage_v_-1,97.5,0.5750055721443234,0.619718309859155,0.04526748971193416,0.08437200383509108,0.027777777777777776,0.7328111993004236,0.824014060356653,0.9322033898305084,0.08634222919937205,0.9574900557127892,144,1215
RELATIVE_A,20,100,1.0,2026,A4_SENSOR_DRIFT,moderate,mean_voltage_v_-1,99.0,0.6198095578012053,0.3872919818456883,0.01316872427983539,0.025471369583602802,0.020833333333333332,0.7328111993004236,0.824014060356653,0.8421052631578947,0.02593192868719611,0.9574900557127892,144,1215
RELATIVE_A,20,100,1.0,2026,A4_SENSOR_DRIFT,moderate,mean_voltage_v_1,95.0,0.5690441653638676,0.5520902455209024,0.04279835390946502,0.07943858309065738,0.034722222222222224,0.6854390193770892,0.7699388431641518,0.9122807017543859,0.08176100628930817,0.9474035415934585,144,1215
RELATIVE_A,20,100,1.0,2026,A4_SENSOR_DRIFT,moderate,mean_voltage_v_1,97.5,0.5750055721443234,0.5602605863192183,0.03539094650205761,0.06657634991290884,0.027777777777777776,0.6854390193770892,0.7699388431641518,0.9148936170212766,0.0681458003169572,0.9474035415934585,144,1215
RELATIVE_A,20,100,1.0,2026,A4_SENSOR_DRIFT,moderate,mean_voltage_v_1,99.0,0.6198095578012053,0.3872919818456883,0.01316872427983539,0.025471369583602802,0.020833333333333332,0.6854390193770892,0.7699388431641518,0.8421052631578947,0.02593192868719611,0.9474035415934585,144,1215
RELATIVE_A,20,100,1.0,2026,A4_SENSOR_DRIFT,strong,pooled,95.0,0.5690441653638676,0.5119305856832972,0.03641975308641975,0.06800172885751332,0.034722222222222224,0.6462673736031562,0.7087084190672154,0.9725274725274725,0.07021023403411344,0.9835514960747999,144,4860
RELATIVE_A,20,100,1.0,2026,A4_SENSOR_DRIFT,strong,pooled,97.5,0.5750055721443234,0.543918918918919,0.0331275720164609,0.06245151280062064,0.027777777777777776,0.6462673736031562,0.7087084190672154,0.9757575757575757,0.06407960199004975,0.9835514960747999,144,4860
RELATIVE_A,20,100,1.0,2026,A4_SENSOR_DRIFT,strong,pooled,99.0,0.6198095578012053,0.40177252584933537,0.013991769547325103,0.02704180543818661,0.020833333333333332,0.6462673736031562,0.7087084190672154,0.9577464788732394,0.02758061245183533,0.9835514960747999,144,4860
RELATIVE_A,20,100,1.0,2026,A4_SENSOR_DRIFT,strong,mean_temp_c_-1,95.0,0.5690441653638676,0.39893143365983974,0.023045267489711935,0.043573408549336196,0.034722222222222224,0.5516871798460176,0.5772748056698673,0.8484848484848485,0.04487179487179487,0.9107772923450066,144,1215
RELATIVE_A,20,100,1.0,2026,A4_SENSOR_DRIFT,strong,mean_temp_c_-1,97.5,0.5750055721443234,0.4155844155844156,0.019753086419753086,0.037713612256923976,0.027777777777777776,0.5516871798460176,0.5772748056698673,0.8571428571428571,0.038616251005631534,0.9107772923450066,144,1215
RELATIVE_A,20,100,1.0,2026,A4_SENSOR_DRIFT,strong,mean_temp_c_-1,99.0,0.6198095578012053,0.3872919818456883,0.01316872427983539,0.025471369583602802,0.020833333333333332,0.5516871798460176,0.5772748056698673,0.8421052631578947,0.02593192868719611,0.9107772923450066,144,1215
RELATIVE_A,20,100,1.0,2026,A4_SENSOR_DRIFT,strong,mean_temp_c_1,95.0,0.5690441653638676,0.4803695150115474,0.03209876543209877,0.060176479097352825,0.034722222222222224,0.5826424063774827,0.6314100365797898,0.8863636363636364,0.061953931691818905,0.9208763783953731,144,1215
RELATIVE_A,20,100,1.0,2026,A4_SENSOR_DRIFT,strong,mean_temp_c_1,97.5,0.5750055721443234,0.5161290322580645,0.02962962962962963,0.056042031523642725,0.027777777777777776,0.5826424063774827,0.6314100365797898,0.9,0.05737051792828685,0.9208763783953731,144,1215
RELATIVE_A,20,100,1.0,2026,A4_SENSOR_DRIFT,strong,mean_temp_c_1,99.0,0.6198095578012053,0.4413793103448276,0.01646090534979424,0.03173816017852715,0.020833333333333332,0.5826424063774827,0.6314100365797898,0.8695652173913043,0.03231017770597738,0.9208763783953731,144,1215
RELATIVE_A,20,100,1.0,2026,A4_SENSOR_DRIFT,strong,mean_voltage_v_-1,95.0,0.5690441653638676,0.578914535246413,0.047736625514403296,0.08820035166088486,0.034722222222222224,0.7467565303690333,0.840492112482853,0.9206349206349206,0.09076682316118936,0.9605220532574114,144,1215
RELATIVE_A,20,100,1.0,2026,A4_SENSOR_DRIFT,strong,mean_voltage_v_-1,97.5,0.5750055721443234,0.6321525885558584,0.047736625514403296,0.08876984886167974,0.027777777777777776,0.7467565303690333,0.840492112482853,0.9354838709677419,0.09083790133124511,0.9605220532574114,144,1215
RELATIVE_A,20,100,1.0,2026,A4_SENSOR_DRIFT,strong,mean_voltage_v_-1,99.0,0.6198095578012053,0.3872919818456883,0.01316872427983539,0.025471369583602802,0.020833333333333332,0.7467565303690333,0.840492112482853,0.8421052631578947,0.02593192868719611,0.9605220532574114,144,1215
RELATIVE_A,20,100,1.0,2026,A4_SENSOR_DRIFT,strong,mean_voltage_v_1,95.0,0.5690441653638676,0.5520902455209024,0.04279835390946502,0.07943858309065738,0.034722222222222224,0.6952819491981311,0.785656721536351,0.9122807017543859,0.08176100628930817,0.9496985739425604,144,1215
RELATIVE_A,20,100,1.0,2026,A4_SENSOR_DRIFT,strong,mean_voltage_v_1,97.5,0.5750055721443234,0.5602605863192183,0.03539094650205761,0.06657634991290884,0.027777777777777776,0.6952819491981311,0.785656721536351,0.9148936170212766,0.0681458003169572,0.9496985739425604,144,1215
RELATIVE_A,20,100,1.0,2026,A4_SENSOR_DRIFT,strong,mean_voltage_v_1,99.0,0.6198095578012053,0.3872919818456883,0.01316872427983539,0.025471369583602802,0.020833333333333332,0.6952819491981311,0.785656721536351,0.8421052631578947,0.02593192868719611,0.9496985739425604,144,1215
RELATIVE_A,20,200,0.75,42,A1_ACCELERATED_DEGRADATION,mild,pooled,95.0,0.5558502796141367,0.4351464435146444,0.03209876543209877,0.05978729519977005,0.041666666666666664,0.47150597818010476,0.4535765317786923,0.9629629629629629,0.06212664277180407,0.9672392944944719,144,4860
RELATIVE_A,20,200,0.75,42,A1_ACCELERATED_DEGRADATION,mild,pooled,97.5,0.5613784981841858,0.44260941370767964,0.02757201646090535,0.05191031911287589,0.034722222222222224,0.47150597818010476,0.4535765317786923,0.9640287769784173,0.053610722144428885,0.9672392944944719,144,4860
RELATIVE_A,20,200,0.75,42,A1_ACCELERATED_DEGRADATION,mild,pooled,99.0,0.6079876029838152,0.35612082670906203,0.011522633744855968,0.02232298569933729,0.020833333333333332,0.47150597818010476,0.4535765317786923,0.9491525423728814,0.022768855458426513,0.9672392944944719,144,4860
RELATIVE_A,20,200,0.75,42,A1_ACCELERATED_DEGRADATION,moderate,pooled,95.0,0.5558502796141367,0.4319775596072931,0.03168724279835391,0.05904341991756925,0.041666666666666664,0.4742131444396919,0.4588734567901235,0.9625,0.06135458167330677,0.9678827897502911,144,4860
RELATIVE_A,20,200,0.75,42,A1_ACCELERATED_DEGRADATION,moderate,pooled,97.5,0.5613784981841858,0.46215139442231074,0.029835390946502057,0.05605218651848272,0.034722222222222224,0.4742131444396919,0.4588734567901235,0.9666666666666667,0.05788423153692615,0.9678827897502911,144,4860
RELATIVE_A,20,200,0.75,42,A1_ACCELERATED_DEGRADATION,moderate,pooled,99.0,0.6079876029838152,0.01937046004842615,0.00041152263374485596,0.0008059235380043318,0.020833333333333332,0.4742131444396919,0.4588734567901235,0.4,0.0008221993833504625,0.9678827897502911,144,4860
RELATIVE_A,20,200,0.75,42,A1_ACCELERATED_DEGRADATION,strong,pooled,95.0,0.5558502796141367,0.430379746835443,0.03148148148148148,0.05867126833477135,0.041666666666666664,0.4804721015013045,0.4686056812985825,0.9622641509433962,0.06096832038254632,0.968350769027142,144,4860
RELATIVE_A,20,200,0.75,42,A1_ACCELERATED_DEGRADATION,strong,pooled,97.5,0.5613784981841858,0.4689221085759245,0.03065843621399177,0.05755395683453237,0.034722222222222224,0.4804721015013045,0.4686056812985825,0.9675324675324676,0.059433585959313924,0.968350769027142,144,4860
RELATIVE_A,20,200,0.75,42,A1_ACCELERATED_DEGRADATION,strong,pooled,99.0,0.6079876029838152,0.36018957345971564,0.011728395061728396,0.02271708264833358,0.020833333333333332,0.4804721015013045,0.4686056812985825,0.95,0.023170731707317073,0.968350769027142,144,4860
RELATIVE_A,20,200,0.75,42,A2_EARLY_VOLTAGE_COLLAPSE,mild,pooled,95.0,0.5558502796141367,0.9288906948394962,0.5442857142857143,0.6863834259120252,0.041666666666666664,0.9027826443580126,0.9614186507936507,0.9844961240310077,0.7010119595216191,0.9774727868327536,144,700
RELATIVE_A,20,200,0.75,42,A2_EARLY_VOLTAGE_COLLAPSE,mild,pooled,97.5,0.5613784981841858,0.9272953884503532,0.44285714285714284,0.5994360145024842,0.034722222222222224,0.9027826443580126,0.9614186507936507,0.9841269841269841,0.6108374384236454,0.9774727868327536,144,700
RELATIVE_A,20,200,0.75,42,A2_EARLY_VOLTAGE_COLLAPSE,mild,pooled,99.0,0.6079876029838152,0.7467438494934877,0.06142857142857143,0.1135188648113519,0.020833333333333332,0.9027826443580126,0.9614186507936507,0.9347826086956522,0.11528150134048258,0.9774727868327536,144,700
RELATIVE_A,20,200,0.75,42,A2_EARLY_VOLTAGE_COLLAPSE,moderate,pooled,95.0,0.5558502796141367,0.9305831019436732,0.5585714285714286,0.6981104002380599,0.041666666666666664,0.9037289616146111,0.9616765873015872,0.9848866498740554,0.7128532360984503,0.9777444389039747,144,700
RELATIVE_A,20,200,0.75,42,A2_EARLY_VOLTAGE_COLLAPSE,moderate,pooled,97.5,0.5613784981841858,0.9296114552328856,0.4585714285714286,0.6141744838032474,0.034722222222222224,0.9037289616146111,0.9616765873015872,0.9846625766871165,0.6257309941520468,0.9777444389039747,144,700
RELATIVE_A,20,200,0.75,42,A2_EARLY_VOLTAGE_COLLAPSE,moderate,pooled,99.0,0.6079876029838152,0.7467438494934877,0.06142857142857143,0.1135188648113519,0.020833333333333332,0.9037289616146111,0.9616765873015872,0.9347826086956522,0.11528150134048258,0.9777444389039747,144,700
RELATIVE_A,20,200,0.75,42,A2_EARLY_VOLTAGE_COLLAPSE,strong,pooled,95.0,0.5558502796141367,0.9305831019436732,0.5585714285714286,0.6981104002380599,0.041666666666666664,0.9037289616146111,0.9616765873015872,0.9848866498740554,0.7128532360984503,0.9777444389039747,144,700
RELATIVE_A,20,200,0.75,42,A2_EARLY_VOLTAGE_COLLAPSE,strong,pooled,97.5,0.5613784981841858,0.9296114552328856,0.4585714285714286,0.6141744838032474,0.034722222222222224,0.9037289616146111,0.9616765873015872,0.9846625766871165,0.6257309941520468,0.9777444389039747,144,700
RELATIVE_A,20,200,0.75,42,A2_EARLY_VOLTAGE_COLLAPSE,strong,pooled,99.0,0.6079876029838152,0.7467438494934877,0.06142857142857143,0.1135188648113519,0.020833333333333332,0.9037289616146111,0.9616765873015872,0.9347826086956522,0.11528150134048258,0.9777444389039747,144,700
RELATIVE_A,20,200,0.75,42,A3_THERMAL_ABNORMALITY,mild,pooled,95.0,0.5558502796141367,0.49856733524355307,0.041428571428571426,0.0765003297428006,0.041666666666666664,0.6216018167890457,0.6782242063492064,0.8285714285714286,0.07891156462585032,0.8867854250058977,144,700
RELATIVE_A,20,200,0.75,42,A3_THERMAL_ABNORMALITY,mild,pooled,97.5,0.5613784981841858,0.4387427838357922,0.027142857142857142,0.05112298665869427,0.034722222222222224,0.6216018167890457,0.6782242063492064,0.7916666666666666,0.052486187845303865,0.8867854250058977,144,700
RELATIVE_A,20,200,0.75,42,A3_THERMAL_ABNORMALITY,mild,pooled,99.0,0.6079876029838152,0.4299674267100977,0.015714285714285715,0.03032043183645343,0.020833333333333332,0.6216018167890457,0.6782242063492064,0.7857142857142857,0.030812324929971994,0.8867854250058977,144,700
RELATIVE_A,20,200,0.75,42,A3_THERMAL_ABNORMALITY,moderate,pooled,95.0,0.5558502796141367,0.6615087040618957,0.08142857142857143,0.14500741997032013,0.041666666666666664,0.7546683403794522,0.8442559523809524,0.9047619047619048,0.14941022280471825,0.935419495040186,144,700
RELATIVE_A,20,200,0.75,42,A3_THERMAL_ABNORMALITY,moderate,pooled,97.5,0.5613784981841858,0.6772408705274806,0.07285714285714286,0.1315610332843682,0.034722222222222224,0.7546683403794522,0.8442559523809524,0.9107142857142857,0.13492063492063494,0.935419495040186,144,700
RELATIVE_A,20,200,0.75,42,A3_THERMAL_ABNORMALITY,moderate,pooled,99.0,0.6079876029838152,0.4067796610169491,0.014285714285714285,0.027602070155261643,0.020833333333333332,0.7546683403794522,0.8442559523809524,0.7692307692307693,0.028050490883590466,0.935419495040186,144,700
RELATIVE_A,20,200,0.75,42,A3_THERMAL_ABNORMALITY,strong,pooled,95.0,0.5558502796141367,0.766977363515313,0.13714285714285715,0.23268026661280553,0.041666666666666664,0.8100877558106635,0.8961607142857142,0.9411764705882353,0.2394014962593516,0.9523535702482404,144,700
RELATIVE_A,20,200,0.75,42,A3_THERMAL_ABNORMALITY,strong,pooled,97.5,0.5613784981841858,0.7755834829443448,0.12,0.2078421938898244,0.034722222222222224,0.8100877558106635,0.8961607142857142,0.9438202247191011,0.21292775665399238,0.9523535702482404,144,700
RELATIVE_A,20,200,0.75,42,A3_THERMAL_ABNORMALITY,strong,pooled,99.0,0.6079876029838152,0.4299674267100977,0.015714285714285715,0.03032043183645343,0.020833333333333332,0.8100877558106635,0.8961607142857142,0.7857142857142857,0.030812324929971994,0.9523535702482404,144,700
RELATIVE_A,20,200,0.75,42,A4_SENSOR_DRIFT,mild,pooled,95.0,0.5558502796141367,0.5371428571428573,0.04835390946502058,0.08872109485606418,0.041666666666666664,0.5895995391730813,0.620923353909465,0.975103734439834,0.09213879631444814,0.979374072236596,144,4860
RELATIVE_A,20,200,0.75,42,A4_SENSOR_DRIFT,mild,pooled,97.5,0.5613784981841858,0.521615875265769,0.03786008230452675,0.07059613447796267,0.034722222222222224,0.5895995391730813,0.620923353909465,0.9735449735449735,0.07288571994454347,0.979374072236596,144,4860
RELATIVE_A,20,200,0.75,42,A4_SENSOR_DRIFT,mild,pooled,99.0,0.6079876029838152,0.46499339498018494,0.01810699588477366,0.0348566618804773,0.020833333333333332,0.5895995391730813,0.620923353909465,0.967032967032967,0.03554837406584528,0.979374072236596,144,4860
RELATIVE_A,20,200,0.75,42,A4_SENSOR_DRIFT,mild,mean_temp_c_-1,95.0,0.5558502796141367,0.459279038718291,0.03539094650205761,0.06571783360397362,0.041666666666666664,0.48143371996682804,0.4756658664837677,0.8775510204081632,0.06803797468354429,0.8862588684070742,144,1215
RELATIVE_A,20,200,0.75,42,A4_SENSOR_DRIFT,mild,mean_temp_c_-1,97.5,0.5613784981841858,0.44626743232157506,0.027983539094650206,0.0526646981944915,0.034722222222222224,0.48143371996682804,0.4756658664837677,0.8717948717948718,0.05422647527910686,0.8862588684070742,144,1215
RELATIVE_A,20,200,0.75,42,A4_SENSOR_DRIFT,mild,mean_temp_c_-1,99.0,0.6079876029838152,0.3872919818456883,0.01316872427983539,0.025471369583602802,0.020833333333333332,0.48143371996682804,0.4756658664837677,0.8421052631578947,0.02593192868719611,0.8862588684070742,144,1215
RELATIVE_A,20,200,0.75,42,A4_SENSOR_DRIFT,mild,mean_temp_c_1,95.0,0.5558502796141367,0.491844416562108,0.040329218106995884,0.07454597318626985,0.041666666666666664,0.5032168631149714,0.5113054412437129,0.8909090909090909,0.07716535433070866,0.8947791633447875,144,1215
RELATIVE_A,20,200,0.75,42,A4_SENSOR_DRIFT,mild,mean_temp_c_1,97.5,0.5613784981841858,0.492862509391435,0.03374485596707819,0.0631649896490299,0.034722222222222224,0.5032168631149714,0.5113054412437129,0.8913043478260869,0.06502775574940524,0.8947791633447875,144,1215
RELATIVE_A,20,200,0.75,42,A4_SENSOR_DRIFT,mild,mean_temp_c_1,99.0,0.6079876029838152,0.42877291960507763,0.015637860082304528,0.030175194798749316,0.020833333333333332,0.5032168631149714,0.5113054412437129,0.8636363636363636,0.0307194826192401,0.8947791633447875,144,1215
RELATIVE_A,20,200,0.75,42,A4_SENSOR_DRIFT,mild,mean_voltage_v_-1,95.0,0.5558502796141367,0.6182846371347785,0.06748971193415639,0.12169557554957797,0.041666666666666664,0.7191833962847485,0.7917352537722908,0.9318181818181818,0.12586339217191098,0.9537889895882947,144,1215
RELATIVE_A,20,200,0.75,42,A4_SENSOR_DRIFT,mild,mean_voltage_v_-1,97.5,0.5613784981841858,0.6027074749852854,0.05267489711934156,0.09688253938218458,0.034722222222222224,0.7191833962847485,0.7917352537722908,0.927536231884058,0.09968847352024922,0.9537889895882947,144,1215
RELATIVE_A,20,200,0.75,42,A4_SENSOR_DRIFT,mild,mean_voltage_v_-1,99.0,0.6079876029838152,0.5252051582649473,0.023045267489711935,0.044153156260779584,0.020833333333333332,0.7191833962847485,0.7917352537722908,0.9032258064516129,0.04494382022471911,0.9537889895882947,144,1215
RELATIVE_A,20,200,0.75,42,A4_SENSOR_DRIFT,mild,mean_voltage_v_1,95.0,0.5558502796141367,0.5464725643896976,0.050205761316872426,0.09196268727032884,0.041666666666666664,0.6391617084403893,0.7049868541380887,0.9104477611940298,0.0951638065522621,0.9360690207929115,144,1215
RELATIVE_A,20,200,0.75,42,A4_SENSOR_DRIFT,mild,mean_voltage_v_1,97.5,0.5613784981841858,0.5161290322580645,0.037037037037037035,0.06911447084233262,0.034722222222222224,0.6391617084403893,0.7049868541380887,0.9,0.07114624505928853,0.9360690207929115,144,1215
RELATIVE_A,20,200,0.75,42,A4_SENSOR_DRIFT,mild,mean_voltage_v_1,99.0,0.6079876029838152,0.4968944099378882,0.0205761316872428,0.0395159298592245,0.020833333333333332,0.6391617084403893,0.7049868541380887,0.8928571428571429,0.04022526146419952,0.9360690207929115,144,1215
RELATIVE_A,20,200,0.75,42,A4_SENSOR_DRIFT,moderate,pooled,95.0,0.5558502796141367,0.5750262329485835,0.056378600823045265,0.1026890283893938,0.041666666666666664,0.6220648232648038,0.6649455589849108,0.9785714285714285,0.1066147859922179,0.9818613627805834,144,4860
RELATIVE_A,20,200,0.75,42,A4_SENSOR_DRIFT,moderate,pooled,97.5,0.5613784981841858,0.5508982035928144,0.04259259259259259,0.0790717662226042,0.034722222222222224,0.6220648232648038,0.6649455589849108,0.9764150943396226,0.08162460567823344,0.9818613627805834,144,4860
RELATIVE_A,20,200,0.75,42,A4_SENSOR_DRIFT,moderate,pooled,99.0,0.6079876029838152,0.4968944099378882,0.0205761316872428,0.0395159298592245,0.020833333333333332,0.6220648232648038,0.6649455589849108,0.970873786407767,0.04029820672980052,0.9818613627805834,144,4860
RELATIVE_A,20,200,0.75,42,A4_SENSOR_DRIFT,moderate,mean_temp_c_-1,95.0,0.5558502796141367,0.46499339498018494,0.03621399176954732,0.06719480767395246,0.041666666666666664,0.49448204664820755,0.49631915866483767,0.88,0.06956521739130435,0.8912333224687903,144,1215
RELATIVE_A,20,200,0.75,42,A4_SENSOR_DRIFT,moderate,mean_temp_c_-1,97.5,0.5613784981841858,0.44626743232157506,0.027983539094650206,0.0526646981944915,0.034722222222222224,0.49448204664820755,0.49631915866483767,0.8717948717948718,0.05422647527910686,0.8912333224687903,144,1215
RELATIVE_A,20,200,0.75,42,A4_SENSOR_DRIFT,moderate,mean_temp_c_-1,99.0,0.6079876029838152,0.3872919818456883,0.01316872427983539,0.025471369583602802,0.020833333333333332,0.49448204664820755,0.49631915866483767,0.8421052631578947,0.02593192868719611,0.8912333224687903,144,1215
RELATIVE_A,20,200,0.75,42,A4_SENSOR_DRIFT,moderate,mean_temp_c_1,95.0,0.5558502796141367,0.5018450184501845,0.04197530864197531,0.07747080603816577,0.041666666666666664,0.5339302671504915,0.5631630086877001,0.8947368421052632,0.08018867924528301,0.9056714733728792,144,1215
RELATIVE_A,20,200,0.75,42,A4_SENSOR_DRIFT,moderate,mean_temp_c_1,97.5,0.5613784981841858,0.492862509391435,0.03374485596707819,0.0631649896490299,0.034722222222222224,0.5339302671504915,0.5631630086877001,0.8913043478260869,0.06502775574940524,0.9056714733728792,144,1215
RELATIVE_A,20,200,0.75,42,A4_SENSOR_DRIFT,moderate,mean_temp_c_1,99.0,0.6079876029838152,0.46499339498018494,0.01810699588477366,0.0348566618804773,0.020833333333333332,0.5339302671504915,0.5631630086877001,0.88,0.03548387096774193,0.9056714733728792,144,1215
RELATIVE_A,20,200,0.75,42,A4_SENSOR_DRIFT,moderate,mean_voltage_v_-1,95.0,0.5558502796141367,0.697986577181208,0.0962962962962963,0.1692432872253865,0.041666666666666664,0.771384114011038,0.8524862825788752,0.9512195121951219,0.1748878923766816,0.9652663386248368,144,1215
RELATIVE_A,20,200,0.75,42,A4_SENSOR_DRIFT,moderate,mean_voltage_v_-1,97.5,0.5613784981841858,0.6734397677793904,0.07160493827160494,0.12944622680987586,0.034722222222222224,0.771384114011038,0.8524862825788752,0.9456521739130435,0.1331293037490436,0.9652663386248368,144,1215
RELATIVE_A,20,200,0.75,42,A4_SENSOR_DRIFT,moderate,mean_voltage_v_-1,99.0,0.6079876029838152,0.5937813440320963,0.030452674897119343,0.057934139061506094,0.020833333333333332,0.771384114011038,0.8524862825788752,0.925,0.05896414342629482,0.9652663386248368,144,1215
RELATIVE_A,20,200,0.75,42,A4_SENSOR_DRIFT,moderate,mean_voltage_v_1,95.0,0.5558502796141367,0.5504994450610432,0.05102880658436214,0.0933998681856699,0.041666666666666664,0.6648878386517825,0.7478137860082306,0.9117647058823529,0.09664848012470771,0.9425862105207673,144,1215
RELATIVE_A,20,200,0.75,42,A4_SENSOR_DRIFT,moderate,mean_voltage_v_1,97.5,0.5613784981841858,0.5161290322580645,0.037037037037037035,0.06911447084233262,0.034722222222222224,0.6648878386517825,0.7478137860082306,0.9,0.07114624505928853,0.9425862105207673,144,1215
RELATIVE_A,20,200,0.75,42,A4_SENSOR_DRIFT,moderate,mean_voltage_v_1,99.0,0.6079876029838152,0.4968944099378882,0.0205761316872428,0.0395159298592245,0.020833333333333332,0.6648878386517825,0.7478137860082306,0.8928571428571429,0.04022526146419952,0.9425862105207673,144,1215
RELATIVE_A,20,200,0.75,42,A4_SENSOR_DRIFT,strong,pooled,95.0,0.5558502796141367,0.5904954499494439,0.060082304526748974,0.10906713978896254,0.041666666666666664,0.6457497680472548,0.7005958504801097,0.9798657718120806,0.11322217913920124,0.9835685930372051,144,4860
RELATIVE_A,20,200,0.75,42,A4_SENSOR_DRIFT,strong,pooled,97.5,0.5613784981841858,0.5714285714285714,0.046296296296296294,0.08565310492505354,0.034722222222222224,0.6457497680472548,0.7005958504801097,0.9782608695652174,0.08840864440078584,0.9835685930372051,144,4860
RELATIVE_A,20,200,0.75,42,A4_SENSOR_DRIFT,strong,pooled,99.0,0.6079876029838152,0.49938195302843014,0.020781893004115225,0.039903205096547975,0.020833333333333332,0.6457497680472548,0.7005958504801097,0.9711538461538461,0.04069298952457695,0.9835685930372051,144,4860
RELATIVE_A,20,200,0.75,42,A4_SENSOR_DRIFT,strong,mean_temp_c_-1,95.0,0.5558502796141367,0.4760672703751617,0.03786008230452675,0.07014199942819022,0.041666666666666664,0.5215166515167912,0.5382458847736626,0.8846153846153846,0.07261247040252565,0.9012122560149662,144,1215
RELATIVE_A,20,200,0.75,42,A4_SENSOR_DRIFT,strong,mean_temp_c_-1,97.5,0.5613784981841858,0.4672454617205998,0.030452674897119343,0.05717873182981601,0.034722222222222224,0.5215166515167912,0.5382458847736626,0.8809523809523809,0.05887032617342881,0.9012122560149662,144,1215
RELATIVE_A,20,200,0.75,42,A4_SENSOR_DRIFT,strong,mean_temp_c_-1,99.0,0.6079876029838152,0.3872919818456883,0.01316872427983539,0.025471369583602802,0.020833333333333332,0.5215166515167912,0.5382458847736626,0.8421052631578947,0.02593192868719611,0.9012122560149662,144,1215
RELATIVE_A,20,200,0.75,42,A4_SENSOR_DRIFT,strong,mean_temp_c_1,95.0,0.5558502796141367,0.529616724738676,0.04691358024691358,0.0861922313580947,0.041666666666666664,0.5788805191566853,0.6291838134430727,0.9047619047619048,0.08920187793427231,0.919808460878193,144,1215
RELATIVE_A,20,200,0.75,42,A4_SENSOR_DRIFT,strong,mean_temp_c_1,97.5,0.5613784981841858,0.5423728813559322,0.0411522633744856,0.07650011953143676,0.034722222222222224,0.5788805191566853,0.6291838134430727,0.9090909090909091,0.07874015748031495,0.919808460878193,144,1215
RELATIVE_A,20,200,0.75,42,A4_SENSOR_DRIFT,strong,mean_temp_c_1,99.0,0.6079876029838152,0.4413793103448276,0.01646090534979424,0.03173816017852715,0.020833333333333332,0.5788805191566853,0.6291838134430727,0.8695652173913043,0.03231017770597738,0.919808460878193,144,1215
RELATIVE_A,20,200,0.75,42,A4_SENSOR_DRIFT,strong,mean_voltage_v_-1,95.0,0.5558502796141367,0.7133757961783439,0.1037037037037037,0.18108326596604687,0.041666666666666664,0.7865351351437374,0.8706618655692729,0.9545454545454546,0.1870824053452116,0.9682851970861273,144,1215
RELATIVE_A,20,200,0.75,42,A4_SENSOR_DRIFT,strong,mean_voltage_v_-1,97.5,0.5613784981841858,0.6879334257975035,0.07654320987654321,0.13775864463268991,0.034722222222222224,0.7865351351437374,0.8706618655692729,0.9489795918367347,0.14166031987814165,0.9682851970861273,144,1215
RELATIVE_A,20,200,0.75,42,A4_SENSOR_DRIFT,strong,mean_voltage_v_-1,99.0,0.6079876029838152,0.6124401913875599,0.03292181069958848,0.06248474493531853,0.020833333333333332,0.7865351351437374,0.8706618655692729,0.9302325581395349,0.06359300476947537,0.9682851970861273,144,1215
RELATIVE_A,20,200,0.75,42,A4_SENSOR_DRIFT,strong,mean_voltage_v_1,95.0,0.5558502796141367,0.5544554455445545,0.05185185185185185,0.09483488569009314,0.041666666666666664,0.674736022289091,0.7642918381344307,0.9130434782608695,0.09813084112149532,0.9449974788975738,144,1215
RELATIVE_A,20,200,0.75,42,A4_SENSOR_DRIFT,strong,mean_voltage_v_1,97.5,0.5613784981841858,0.5161290322580645,0.037037037037037035,0.06911447084233262,0.034722222222222224,0.674736022289091,0.7642918381344307,0.9,0.07114624505928853,0.9449974788975738,144,1215
RELATIVE_A,20,200,0.75,42,A4_SENSOR_DRIFT,strong,mean_voltage_v_1,99.0,0.6079876029838152,0.4968944099378882,0.0205761316872428,0.0395159298592245,0.020833333333333332,0.674736022289091,0.7642918381344307,0.8928571428571429,0.04022526146419952,0.9449974788975738,144,1215
RELATIVE_A,20,200,0.75,123,A1_ACCELERATED_DEGRADATION,mild,pooled,95.0,0.5572239962592571,0.43703085904920763,0.026954732510288067,0.05077765395610253,0.034722222222222224,0.470840395379558,0.45545696159122084,0.9632352941176471,0.05244195356285029,0.9671184862233317,144,4860
RELATIVE_A,20,200,0.75,123,A1_ACCELERATED_DEGRADATION,mild,pooled,97.5,0.5681295361791984,0.4332493702770781,0.02654320987654321,0.05002181183655664,0.034722222222222224,0.470840395379558,0.45545696159122084,0.9626865671641791,0.05166199439327193,0.9671184862233317,144,4860
RELATIVE_A,20,200,0.75,123,A1_ACCELERATED_DEGRADATION,mild,pooled,99.0,0.6067710151282367,0.17849898580121704,0.004526748971193415,0.008829579089951337,0.020833333333333332,0.470840395379558,0.45545696159122084,0.88,0.009007164790174,0.9671184862233317,144,4860
RELATIVE_A,20,200,0.75,123,A1_ACCELERATED_DEGRADATION,moderate,pooled,95.0,0.5572239962592571,0.43703085904920763,0.026954732510288067,0.05077765395610253,0.034722222222222224,0.4743343635975006,0.4607724622770919,0.9632352941176471,0.05244195356285029,0.9675476669440609,144,4860
RELATIVE_A,20,200,0.75,123,A1_ACCELERATED_DEGRADATION,moderate,pooled,97.5,0.5681295361791984,0.4294167371090448,0.026131687242798355,0.04926538330989672,0.034722222222222224,0.4743343635975006,0.4607724622770919,0.9621212121212122,0.05088141025641026,0.9675476669440609,144,4860
RELATIVE_A,20,200,0.75,123,A1_ACCELERATED_DEGRADATION,moderate,pooled,99.0,0.6067710151282367,0.158004158004158,0.003909465020576132,0.007630139049244517,0.020833333333333332,0.4743343635975006,0.4607724622770919,0.8636363636363636,0.007783695206882426,0.9675476669440609,144,4860
RELATIVE_A,20,200,0.75,123,A1_ACCELERATED_DEGRADATION,strong,pooled,95.0,0.5572239962592571,0.45695897023330656,0.029218106995884775,0.05492433399410143,0.034722222222222224,0.48327614518134854,0.47247299382716046,0.9659863945578231,0.056720591172358704,0.9686735373888575,144,4860
RELATIVE_A,20,200,0.75,123,A1_ACCELERATED_DEGRADATION,strong,pooled,97.5,0.5681295361791984,0.4294167371090448,0.026131687242798355,0.04926538330989672,0.034722222222222224,0.48327614518134854,0.47247299382716046,0.9621212121212122,0.05088141025641026,0.9686735373888575,144,4860
RELATIVE_A,20,200,0.75,123,A1_ACCELERATED_DEGRADATION,strong,pooled,99.0,0.6067710151282367,0.17849898580121704,0.004526748971193415,0.008829579089951337,0.020833333333333332,0.48327614518134854,0.47247299382716046,0.88,0.009007164790174,0.9686735373888575,144,4860
RELATIVE_A,20,200,0.75,123,A2_EARLY_VOLTAGE_COLLAPSE,mild,pooled,95.0,0.5572239962592571,0.9455405489512666,0.6028571428571429,0.7362783822424699,0.034722222222222224,0.9223214181799105,0.9664880952380952,0.9882903981264637,0.7488908606921029,0.9825860457072443,144,700
RELATIVE_A,20,200,0.75,123,A2_EARLY_VOLTAGE_COLLAPSE,mild,pooled,97.5,0.5681295361791984,0.9252839210998207,0.43,0.587142044377015,0.034722222222222224,0.9223214181799105,0.9664880952380952,0.9836601307189542,0.5984095427435387,0.9825860457072443,144,700
RELATIVE_A,20,200,0.75,123,A2_EARLY_VOLTAGE_COLLAPSE,mild,pooled,99.0,0.6067710151282367,0.8095756256800871,0.08857142857142856,0.159673784740852,0.020833333333333332,0.9223214181799105,0.9664880952380952,0.9538461538461539,0.16209150326797384,0.9825860457072443,144,700
RELATIVE_A,20,200,0.75,123,A2_EARLY_VOLTAGE_COLLAPSE,moderate,pooled,95.0,0.5572239962592571,0.9460243044846093,0.6085714285714285,0.7406727681050929,0.034722222222222224,0.9235254664012575,0.9667460317460317,0.988399071925754,0.753315649867374,0.9828906353349077,144,700
RELATIVE_A,20,200,0.75,123,A2_EARLY_VOLTAGE_COLLAPSE,moderate,pooled,97.5,0.5681295361791984,0.927512219368735,0.4442857142857143,0.600788817042741,0.034722222222222224,0.9235254664012575,0.9667460317460317,0.9841772151898734,0.6122047244094488,0.9828906353349077,144,700
RELATIVE_A,20,200,0.75,123,A2_EARLY_VOLTAGE_COLLAPSE,moderate,pooled,99.0,0.6067710151282367,0.8144220572640509,0.09142857142857143,0.16440115594562774,0.020833333333333332,0.9235254664012575,0.9667460317460317,0.9552238805970149,0.16688396349413298,0.9828906353349077,144,700
RELATIVE_A,20,200,0.75,123,A2_EARLY_VOLTAGE_COLLAPSE,strong,pooled,95.0,0.5572239962592571,0.9460243044846093,0.6085714285714285,0.7406727681050929,0.034722222222222224,0.9235254664012575,0.9667460317460317,0.988399071925754,0.753315649867374,0.9828906353349077,144,700
RELATIVE_A,20,200,0.75,123,A2_EARLY_VOLTAGE_COLLAPSE,strong,pooled,97.5,0.5681295361791984,0.927512219368735,0.4442857142857143,0.600788817042741,0.034722222222222224,0.9235254664012575,0.9667460317460317,0.9841772151898734,0.6122047244094488,0.9828906353349077,144,700
RELATIVE_A,20,200,0.75,123,A2_EARLY_VOLTAGE_COLLAPSE,strong,pooled,99.0,0.6067710151282367,0.8144220572640509,0.09142857142857143,0.16440115594562774,0.020833333333333332,0.9235254664012575,0.9667460317460317,0.9552238805970149,0.16688396349413298,0.9828906353349077,144,700
RELATIVE_A,20,200,0.75,123,A3_THERMAL_ABNORMALITY,mild,pooled,95.0,0.5572239962592571,0.463519313304721,0.03,0.05635272632402818,0.034722222222222224,0.6248456054561824,0.684375,0.8076923076923077,0.05785123966942148,0.8880485470620684,144,700
RELATIVE_A,20,200,0.75,123,A3_THERMAL_ABNORMALITY,mild,pooled,97.5,0.5681295361791984,0.31156569630212433,0.015714285714285715,0.029919534585017567,0.034722222222222224,0.6248456054561824,0.684375,0.6875,0.03072625698324023,0.8880485470620684,144,700
RELATIVE_A,20,200,0.75,123,A3_THERMAL_ABNORMALITY,mild,pooled,99.0,0.6067710151282367,0.4299674267100977,0.015714285714285715,0.03032043183645343,0.020833333333333332,0.6248456054561824,0.684375,0.7857142857142857,0.030812324929971994,0.8880485470620684,144,700
RELATIVE_A,20,200,0.75,123,A3_THERMAL_ABNORMALITY,moderate,pooled,95.0,0.5572239962592571,0.6896062433487052,0.07714285714285714,0.13876298226203646,0.034722222222222224,0.7667191954014341,0.8548511904761906,0.9152542372881356,0.14229249011857706,0.9392076539620945,144,700
RELATIVE_A,20,200,0.75,123,A3_THERMAL_ABNORMALITY,moderate,pooled,97.5,0.5681295361791984,0.6035342093339374,0.05285714285714286,0.09720144488634291,0.034722222222222224,0.7667191954014341,0.8548511904761906,0.8809523809523809,0.09973045822102426,0.9392076539620945,144,700
RELATIVE_A,20,200,0.75,123,A3_THERMAL_ABNORMALITY,moderate,pooled,99.0,0.6067710151282367,0.4067796610169491,0.014285714285714285,0.027602070155261643,0.020833333333333332,0.7667191954014341,0.8548511904761906,0.7692307692307693,0.028050490883590466,0.9392076539620945,144,700
RELATIVE_A,20,200,0.75,123,A3_THERMAL_ABNORMALITY,strong,pooled,95.0,0.5572239962592571,0.8203654280435229,0.15857142857142856,0.26577100861294933,0.034722222222222224,0.8280002324298237,0.9061507936507937,0.9568965517241379,0.27205882352941174,0.9573831542178397,144,700
RELATIVE_A,20,200,0.75,123,A3_THERMAL_ABNORMALITY,strong,pooled,97.5,0.5681295361791984,0.7422680412371133,0.1,0.1762545899632803,0.034722222222222224,0.8280002324298237,0.9061507936507937,0.9333333333333333,0.18064516129032257,0.9573831542178397,144,700
RELATIVE_A,20,200,0.75,123,A3_THERMAL_ABNORMALITY,strong,pooled,99.0,0.6067710151282367,0.4299674267100977,0.015714285714285715,0.03032043183645343,0.020833333333333332,0.8280002324298237,0.9061507936507937,0.7857142857142857,0.030812324929971994,0.9573831542178397,144,700
RELATIVE_A,20,200,0.75,123,A4_SENSOR_DRIFT,mild,pooled,95.0,0.5572239962592571,0.5076586433260394,0.03580246913580247,0.06688770361827881,0.034722222222222224,0.5808345994992974,0.6154228109282123,0.9720670391061452,0.06906132169081167,0.9786883261603271,144,4860
RELATIVE_A,20,200,0.75,123,A4_SENSOR_DRIFT,mild,pooled,97.5,0.5681295361791984,0.4851258581235698,0.03271604938271605,0.06129825068671389,0.034722222222222224,0.5808345994992974,0.6154228109282123,0.9695121951219512,0.06329617834394904,0.9786883261603271,144,4860
RELATIVE_A,20,200,0.75,123,A4_SENSOR_DRIFT,mild,pooled,99.0,0.6067710151282367,0.4504748982360923,0.017078189300411523,0.03290875749615899,0.020833333333333332,0.5808345994992974,0.6154228109282123,0.9651162790697675,0.03356247472705216,0.9786883261603271,144,4860
RELATIVE_A,20,200,0.75,123,A4_SENSOR_DRIFT,mild,mean_temp_c_-1,95.0,0.5572239962592571,0.44626743232157506,0.027983539094650206,0.0526646981944915,0.034722222222222224,0.47465940832278997,0.463634545038866,0.8717948717948718,0.05422647527910686,0.8828820294478597,144,1215
RELATIVE_A,20,200,0.75,123,A4_SENSOR_DRIFT,mild,mean_temp_c_-1,97.5,0.5681295361791984,0.44626743232157506,0.027983539094650206,0.0526646981944915,0.034722222222222224,0.47465940832278997,0.463634545038866,0.8717948717948718,0.05422647527910686,0.8828820294478597,144,1215
RELATIVE_A,20,200,0.75,123,A4_SENSOR_DRIFT,mild,mean_temp_c_-1,99.0,0.6067710151282367,0.28318584070796465,0.00823045267489712,0.015996000999750064,0.020833333333333332,0.47465940832278997,0.463634545038866,0.7692307692307693,0.016286644951140065,0.8828820294478597,144,1215
RELATIVE_A,20,200,0.75,123,A4_SENSOR_DRIFT,mild,mean_temp_c_1,95.0,0.5572239962592571,0.4803695150115474,0.03209876543209877,0.060176479097352825,0.034722222222222224,0.5107970061951397,0.5267118198445359,0.8863636363636364,0.061953931691818905,0.897711403071269,144,1215
RELATIVE_A,20,200,0.75,123,A4_SENSOR_DRIFT,mild,mean_temp_c_1,97.5,0.5681295361791984,0.460431654676259,0.02962962962962963,0.05567638103523271,0.034722222222222224,0.5107970061951397,0.5267118198445359,0.8780487804878049,0.057324840764331204,0.897711403071269,144,1215
RELATIVE_A,20,200,0.75,123,A4_SENSOR_DRIFT,mild,mean_temp_c_1,99.0,0.6067710151282367,0.4413793103448276,0.01646090534979424,0.03173816017852715,0.020833333333333332,0.5107970061951397,0.5267118198445359,0.8695652173913043,0.03231017770597738,0.897711403071269,144,1215
RELATIVE_A,20,200,0.75,123,A4_SENSOR_DRIFT,mild,mean_voltage_v_-1,95.0,0.5572239962592571,0.5746691871455577,0.04691358024691358,0.08674561278356399,0.034722222222222224,0.696730491502025,0.7622828074988569,0.9193548387096774,0.08927173061863744,0.9495753029947012,144,1215
RELATIVE_A,20,200,0.75,123,A4_SENSOR_DRIFT,mild,mean_voltage_v_-1,97.5,0.5681295361791984,0.5659163987138264,0.04526748971193416,0.08382948321028817,0.034722222222222224,0.696730491502025,0.7622828074988569,0.9166666666666666,0.08627450980392158,0.9495753029947012,144,1215
RELATIVE_A,20,200,0.75,123,A4_SENSOR_DRIFT,mild,mean_voltage_v_-1,99.0,0.6067710151282367,0.5252051582649473,0.023045267489711935,0.044153156260779584,0.020833333333333332,0.696730491502025,0.7622828074988569,0.9032258064516129,0.04494382022471911,0.9495753029947012,144,1215
RELATIVE_A,20,200,0.75,123,A4_SENSOR_DRIFT,mild,mean_voltage_v_1,95.0,0.5572239962592571,0.510514865844815,0.03621399176954732,0.06763052980450548,0.034722222222222224,0.6321612498684427,0.7090620713305898,0.8979591836734694,0.06962025316455696,0.9341754974530903,144,1215
RELATIVE_A,20,200,0.75,123,A4_SENSOR_DRIFT,mild,mean_voltage_v_1,97.5,0.5681295361791984,0.44626743232157506,0.027983539094650206,0.0526646981944915,0.034722222222222224,0.6321612498684427,0.7090620713305898,0.8717948717948718,0.05422647527910686,0.9341754974530903,144,1215
RELATIVE_A,20,200,0.75,123,A4_SENSOR_DRIFT,mild,mean_voltage_v_1,99.0,0.6067710151282367,0.4968944099378882,0.0205761316872428,0.0395159298592245,0.020833333333333332,0.6321612498684427,0.7090620713305898,0.8928571428571429,0.04022526146419952,0.9341754974530903,144,1215
RELATIVE_A,20,200,0.75,123,A4_SENSOR_DRIFT,moderate,pooled,95.0,0.5572239962592571,0.5386192754613808,0.040534979423868314,0.07539587619002057,0.034722222222222224,0.6137402706054144,0.6592806927297669,0.9752475247524752,0.07783484788621098,0.9812678893336433,144,4860
RELATIVE_A,20,200,0.75,123,A4_SENSOR_DRIFT,moderate,pooled,97.5,0.5681295361791984,0.5076586433260394,0.03580246913580247,0.06688770361827881,0.034722222222222224,0.6137402706054144,0.6592806927297669,0.9720670391061452,0.06906132169081167,0.9812678893336433,144,4860
RELATIVE_A,20,200,0.75,123,A4_SENSOR_DRIFT,moderate,pooled,99.0,0.6067710151282367,0.4814340588988476,0.01934156378600823,0.037189060877305766,0.020833333333333332,0.6137402706054144,0.6592806927297669,0.9690721649484536,0.03792616501916481,0.9812678893336433,144,4860
RELATIVE_A,20,200,0.75,123,A4_SENSOR_DRIFT,moderate,mean_temp_c_-1,95.0,0.5572239962592571,0.44626743232157506,0.027983539094650206,0.0526646981944915,0.034722222222222224,0.4872991279074544,0.48275605852766346,0.8717948717948718,0.05422647527910686,0.8881619255560793,144,1215
RELATIVE_A,20,200,0.75,123,A4_SENSOR_DRIFT,moderate,mean_temp_c_-1,97.5,0.5681295361791984,0.44626743232157506,0.027983539094650206,0.0526646981944915,0.034722222222222224,0.4872991279074544,0.48275605852766346,0.8717948717948718,0.05422647527910686,0.8881619255560793,144,1215
RELATIVE_A,20,200,0.75,123,A4_SENSOR_DRIFT,moderate,mean_temp_c_-1,99.0,0.6067710151282367,0.28318584070796465,0.00823045267489712,0.015996000999750064,0.020833333333333332,0.4872991279074544,0.48275605852766346,0.7692307692307693,0.016286644951140065,0.8881619255560793,144,1215
RELATIVE_A,20,200,0.75,123,A4_SENSOR_DRIFT,moderate,mean_temp_c_1,95.0,0.5572239962592571,0.4866920152091255,0.03292181069958848,0.06167188629245965,0.034722222222222224,0.546419712873643,0.5806727251943301,0.8888888888888888,0.0634920634920635,0.9098396095500785,144,1215
RELATIVE_A,20,200,0.75,123,A4_SENSOR_DRIFT,moderate,mean_temp_c_1,97.5,0.5681295361791984,0.460431654676259,0.02962962962962963,0.05567638103523271,0.034722222222222224,0.546419712873643,0.5806727251943301,0.8780487804878049,0.057324840764331204,0.9098396095500785,144,1215
RELATIVE_A,20,200,0.75,123,A4_SENSOR_DRIFT,moderate,mean_temp_c_1,99.0,0.6067710151282367,0.46499339498018494,0.01810699588477366,0.0348566618804773,0.020833333333333332,0.546419712873643,0.5806727251943301,0.88,0.03548387096774193,0.9098396095500785,144,1215
RELATIVE_A,20,200,0.75,123,A4_SENSOR_DRIFT,moderate,mean_voltage_v_-1,95.0,0.5572239962592571,0.6489859594383776,0.06419753086419754,0.11683752281982868,0.034722222222222224,0.7479879628315873,0.8252114769090079,0.9397590361445783,0.1201848998459168,0.9607265531031126,144,1215
RELATIVE_A,20,200,0.75,123,A4_SENSOR_DRIFT,moderate,mean_voltage_v_-1,97.5,0.5681295361791984,0.6239554317548747,0.05761316872427984,0.1054862255709913,0.034722222222222224,0.7479879628315873,0.8252114769090079,0.9333333333333333,0.10852713178294575,0.9607265531031126,144,1215
RELATIVE_A,20,200,0.75,123,A4_SENSOR_DRIFT,moderate,mean_voltage_v_-1,99.0,0.6067710151282367,0.5937813440320963,0.030452674897119343,0.057934139061506094,0.020833333333333332,0.7479879628315873,0.8252114769090079,0.925,0.05896414342629482,0.9607265531031126,144,1215
RELATIVE_A,20,200,0.75,123,A4_SENSOR_DRIFT,moderate,mean_voltage_v_1,95.0,0.5572239962592571,0.5161290322580645,0.037037037037037035,0.06911447084233262,0.034722222222222224,0.655372979426432,0.7484825102880659,0.9,0.07114624505928853,0.9401294918670375,144,1215
RELATIVE_A,20,200,0.75,123,A4_SENSOR_DRIFT,moderate,mean_voltage_v_1,97.5,0.5681295361791984,0.44626743232157506,0.027983539094650206,0.0526646981944915,0.034722222222222224,0.655372979426432,0.7484825102880659,0.8717948717948718,0.05422647527910686,0.9401294918670375,144,1215
RELATIVE_A,20,200,0.75,123,A4_SENSOR_DRIFT,moderate,mean_voltage_v_1,99.0,0.6067710151282367,0.4968944099378882,0.0205761316872428,0.0395159298592245,0.020833333333333332,0.655372979426432,0.7484825102880659,0.8928571428571429,0.04022526146419952,0.9401294918670375,144,1215
RELATIVE_A,20,200,0.75,123,A4_SENSOR_DRIFT,strong,pooled,95.0,0.5572239962592571,0.5602605863192182,0.044238683127572016,0.08200238379022645,0.034722222222222224,0.6380624539035404,0.6946473479652491,0.9772727272727273,0.08464566929133857,0.9830475026424884,144,4860
RELATIVE_A,20,200,0.75,123,A4_SENSOR_DRIFT,strong,pooled,97.5,0.5681295361791984,0.5175125089349535,0.037242798353909465,0.06948510005278564,0.034722222222222224,0.6380624539035404,0.6946473479652491,0.9731182795698925,0.07173999207292907,0.9830475026424884,144,4860
RELATIVE_A,20,200,0.75,123,A4_SENSOR_DRIFT,strong,pooled,99.0,0.6067710151282367,0.4943820224719102,0.020370370370370372,0.039128501556247225,0.020833333333333332,0.6380624539035404,0.6946473479652491,0.9705882352941176,0.03990326481257558,0.9830475026424884,144,4860
RELATIVE_A,20,200,0.75,123,A4_SENSOR_DRIFT,strong,mean_temp_c_-1,95.0,0.5572239962592571,0.47388932190179267,0.031275720164609055,0.058678762727404334,0.034722222222222224,0.517982093575513,0.5284293552812072,0.8837209302325582,0.06041335453100159,0.8997943401413481,144,1215
RELATIVE_A,20,200,0.75,123,A4_SENSOR_DRIFT,strong,mean_temp_c_-1,97.5,0.5681295361791984,0.44626743232157506,0.027983539094650206,0.0526646981944915,0.034722222222222224,0.517982093575513,0.5284293552812072,0.8717948717948718,0.05422647527910686,0.8997943401413481,144,1215
RELATIVE_A,20,200,0.75,123,A4_SENSOR_DRIFT,strong,mean_temp_c_-1,99.0,0.6067710151282367,0.32160804020100503,0.009876543209876543,0.019164545590657285,0.020833333333333332,0.517982093575513,0.5284293552812072,0.8,0.01951219512195122,0.8997943401413481,144,1215
RELATIVE_A,20,200,0.75,123,A4_SENSOR_DRIFT,strong,mean_temp_c_1,95.0,0.5572239962592571,0.52697967764541,0.03868312757201646,0.0720755259500647,0.034722222222222224,0.5909825548733184,0.643950045724737,0.9038461538461539,0.07419100236779795,0.9234393072717668,144,1215
RELATIVE_A,20,200,0.75,123,A4_SENSOR_DRIFT,strong,mean_temp_c_1,97.5,0.5681295361791984,0.4672454617205998,0.030452674897119343,0.05717873182981601,0.034722222222222224,0.5909825548733184,0.643950045724737,0.8809523809523809,0.05887032617342881,0.9234393072717668,144,1215
RELATIVE_A,20,200,0.75,123,A4_SENSOR_DRIFT,strong,mean_temp_c_1,99.0,0.6067710151282367,0.46499339498018494,0.01810699588477366,0.0348566618804773,0.020833333333333332,0.5909825548733184,0.643950045724737,0.88,0.03548387096774193,0.9234393072717668,144,1215
RELATIVE_A,20,200,0.75,123,A4_SENSOR_DRIFT,strong,mean_voltage_v_-1,95.0,0.5572239962592571,0.6683046683046683,0.06995884773662552,0.12665890570430735,0.034722222222222224,0.7634650070900824,0.8439814814814816,0.9444444444444444,0.1302681992337165,0.9639122158602083,144,1215
RELATIVE_A,20,200,0.75,123,A4_SENSOR_DRIFT,strong,mean_voltage_v_-1,97.5,0.5681295361791984,0.6430460074034903,0.06255144032921811,0.11401247011391873,0.034722222222222224,0.7634650070900824,0.8439814814814816,0.9382716049382716,0.11728395061728394,0.9639122158602083,144,1215
RELATIVE_A,20,200,0.75,123,A4_SENSOR_DRIFT,strong,mean_voltage_v_-1,99.0,0.6067710151282367,0.6124401913875599,0.03292181069958848,0.06248474493531853,0.020833333333333332,0.7634650070900824,0.8439814814814816,0.9302325581395349,0.06359300476947537,0.9639122158602083,144,1215
RELATIVE_A,20,200,0.75,123,A4_SENSOR_DRIFT,strong,mean_voltage_v_1,95.0,0.5572239962592571,0.5161290322580645,0.037037037037037035,0.06911447084233262,0.034722222222222224,0.6636050291353719,0.7622285093735712,0.9,0.07114624505928853,0.9421538110951388,144,1215
RELATIVE_A,20,200,0.75,123,A4_SENSOR_DRIFT,strong,mean_voltage_v_1,97.5,0.5681295361791984,0.44626743232157506,0.027983539094650206,0.0526646981944915,0.034722222222222224,0.6636050291353719,0.7622285093735712,0.8717948717948718,0.05422647527910686,0.9421538110951388,144,1215
RELATIVE_A,20,200,0.75,123,A4_SENSOR_DRIFT,strong,mean_voltage_v_1,99.0,0.6067710151282367,0.4968944099378882,0.0205761316872428,0.0395159298592245,0.020833333333333332,0.6636050291353719,0.7622285093735712,0.8928571428571429,0.04022526146419952,0.9421538110951388,144,1215
RELATIVE_A,20,200,0.75,2026,A1_ACCELERATED_DEGRADATION,mild,pooled,95.0,0.5665712868602808,0.45344129554655876,0.02880658436213992,0.054171704957678354,0.034722222222222224,0.46848330953301875,0.4549547039323274,0.9655172413793104,0.05594405594405595,0.9668160852876967,144,4860
RELATIVE_A,20,200,0.75,2026,A1_ACCELERATED_DEGRADATION,mild,pooled,97.5,0.5713545630705855,0.4389027431421446,0.027160493827160494,0.05115535532626071,0.034722222222222224,0.46848330953301875,0.4549547039323274,0.9635036496350365,0.05283169901941165,0.9668160852876967,144,4860
RELATIVE_A,20,200,0.75,2026,A1_ACCELERATED_DEGRADATION,mild,pooled,99.0,0.6110963644153683,0.35612082670906203,0.011522633744855968,0.02232298569933729,0.020833333333333332,0.46848330953301875,0.4549547039323274,0.9491525423728814,0.022768855458426513,0.9668160852876967,144,4860
RELATIVE_A,20,200,0.75,2026,A1_ACCELERATED_DEGRADATION,moderate,pooled,95.0,0.5665712868602808,0.45344129554655876,0.02880658436213992,0.054171704957678354,0.034722222222222224,0.4749587312636854,0.46247856652949243,0.9655172413793104,0.05594405594405595,0.9679577071735884,144,4860
RELATIVE_A,20,200,0.75,2026,A1_ACCELERATED_DEGRADATION,moderate,pooled,97.5,0.5713545630705855,0.43703085904920763,0.026954732510288067,0.05077765395610253,0.034722222222222224,0.4749587312636854,0.46247856652949243,0.9632352941176471,0.05244195356285029,0.9679577071735884,144,4860
RELATIVE_A,20,200,0.75,2026,A1_ACCELERATED_DEGRADATION,moderate,pooled,99.0,0.6110963644153683,0.35612082670906203,0.011522633744855968,0.02232298569933729,0.020833333333333332,0.4749587312636854,0.46247856652949243,0.9491525423728814,0.022768855458426513,0.9679577071735884,144,4860
RELATIVE_A,20,200,0.75,2026,A1_ACCELERATED_DEGRADATION,strong,pooled,95.0,0.5665712868602808,0.472243940578577,0.031069958847736626,0.058303972199430475,0.034722222222222224,0.483782519903526,0.47282021604938274,0.967948717948718,0.060207336523125994,0.9691198724845,144,4860
RELATIVE_A,20,200,0.75,2026,A1_ACCELERATED_DEGRADATION,strong,pooled,97.5,0.5713545630705855,0.44260941370767964,0.02757201646090535,0.05191031911287589,0.034722222222222224,0.483782519903526,0.47282021604938274,0.9640287769784173,0.053610722144428885,0.9691198724845,144,4860
RELATIVE_A,20,200,0.75,2026,A1_ACCELERATED_DEGRADATION,strong,pooled,99.0,0.6110963644153683,0.36018957345971564,0.011728395061728396,0.02271708264833358,0.020833333333333332,0.483782519903526,0.47282021604938274,0.95,0.023170731707317073,0.9691198724845,144,4860
RELATIVE_A,20,200,0.75,2026,A2_EARLY_VOLTAGE_COLLAPSE,mild,pooled,95.0,0.5665712868602808,0.8454882571075403,0.19,0.3102744386482196,0.034722222222222224,0.8663197565730151,0.9442559523809524,0.9637681159420289,0.31742243436754175,0.9668379638366749,144,700
RELATIVE_A,20,200,0.75,2026,A2_EARLY_VOLTAGE_COLLAPSE,mild,pooled,97.5,0.5713545630705855,0.8075654277545634,0.1457142857142857,0.24688203852489327,0.034722222222222224,0.8663197565730151,0.9442559523809524,0.9532710280373832,0.2527881040892193,0.9668379638366749,144,700
RELATIVE_A,20,200,0.75,2026,A2_EARLY_VOLTAGE_COLLAPSE,mild,pooled,99.0,0.6110963644153683,0.6653919694072659,0.041428571428571426,0.07800067241958983,0.020833333333333332,0.8663197565730151,0.9442559523809524,0.90625,0.07923497267759562,0.9668379638366749,144,700
RELATIVE_A,20,200,0.75,2026,A2_EARLY_VOLTAGE_COLLAPSE,moderate,pooled,95.0,0.5665712868602808,0.8464642919810492,0.19142857142857142,0.3122431146639049,0.034722222222222224,0.8669969191316809,0.9445634920634921,0.9640287769784173,0.31942789034564956,0.9670320854813899,144,700
RELATIVE_A,20,200,0.75,2026,A2_EARLY_VOLTAGE_COLLAPSE,moderate,pooled,97.5,0.5713545630705855,0.8105650573717256,0.14857142857142858,0.25111506086723234,0.034722222222222224,0.8669969191316809,0.9445634920634921,0.9541284403669725,0.25710754017305315,0.9670320854813899,144,700
RELATIVE_A,20,200,0.75,2026,A2_EARLY_VOLTAGE_COLLAPSE,moderate,pooled,99.0,0.6110963644153683,0.680073126142596,0.04428571428571428,0.08315636526209902,0.020833333333333332,0.8669969191316809,0.9445634920634921,0.9117647058823529,0.08446866485013622,0.9670320854813899,144,700
RELATIVE_A,20,200,0.75,2026,A2_EARLY_VOLTAGE_COLLAPSE,strong,pooled,95.0,0.5665712868602808,0.8464642919810492,0.19142857142857142,0.3122431146639049,0.034722222222222224,0.8669969191316809,0.9445634920634921,0.9640287769784173,0.31942789034564956,0.9670320854813899,144,700
RELATIVE_A,20,200,0.75,2026,A2_EARLY_VOLTAGE_COLLAPSE,strong,pooled,97.5,0.5713545630705855,0.8105650573717256,0.14857142857142858,0.25111506086723234,0.034722222222222224,0.8669969191316809,0.9445634920634921,0.9541284403669725,0.25710754017305315,0.9670320854813899,144,700
RELATIVE_A,20,200,0.75,2026,A2_EARLY_VOLTAGE_COLLAPSE,strong,pooled,99.0,0.6110963644153683,0.680073126142596,0.04428571428571428,0.08315636526209902,0.020833333333333332,0.8669969191316809,0.9445634920634921,0.9117647058823529,0.08446866485013622,0.9670320854813899,144,700
RELATIVE_A,20,200,0.75,2026,A3_THERMAL_ABNORMALITY,mild,pooled,95.0,0.5665712868602808,0.38162544169611307,0.02142857142857143,0.04057862107833928,0.034722222222222224,0.6234118987481743,0.6852083333333333,0.75,0.04166666666666666,0.8869955742008058,144,700
RELATIVE_A,20,200,0.75,2026,A3_THERMAL_ABNORMALITY,mild,pooled,97.5,0.5713545630705855,0.38162544169611307,0.02142857142857143,0.04057862107833928,0.034722222222222224,0.6234118987481743,0.6852083333333333,0.75,0.04166666666666666,0.8869955742008058,144,700
RELATIVE_A,20,200,0.75,2026,A3_THERMAL_ABNORMALITY,mild,pooled,99.0,0.6110963644153683,0.4299674267100977,0.015714285714285715,0.03032043183645343,0.020833333333333332,0.6234118987481743,0.6852083333333333,0.7857142857142857,0.030812324929971994,0.8869955742008058,144,700
RELATIVE_A,20,200,0.75,2026,A3_THERMAL_ABNORMALITY,moderate,pooled,95.0,0.5665712868602808,0.6035342093339374,0.05285714285714286,0.09720144488634291,0.034722222222222224,0.7563513239711694,0.8503571428571429,0.8809523809523809,0.09973045822102426,0.9358466669764396,144,700
RELATIVE_A,20,200,0.75,2026,A3_THERMAL_ABNORMALITY,moderate,pooled,97.5,0.5713545630705855,0.5969599263012437,0.05142857142857143,0.09469876876986592,0.034722222222222224,0.7563513239711694,0.8503571428571429,0.8780487804878049,0.09716599190283401,0.9358466669764396,144,700
RELATIVE_A,20,200,0.75,2026,A3_THERMAL_ABNORMALITY,moderate,pooled,99.0,0.6110963644153683,0.4067796610169491,0.014285714285714285,0.027602070155261643,0.020833333333333332,0.7563513239711694,0.8503571428571429,0.7692307692307693,0.028050490883590466,0.9358466669764396,144,700
RELATIVE_A,20,200,0.75,2026,A3_THERMAL_ABNORMALITY,strong,pooled,95.0,0.5665712868602808,0.654286843145002,0.06571428571428571,0.11943312538314521,0.034722222222222224,0.8069623323265132,0.8970634920634921,0.9019607843137255,0.12250332889480692,0.9513277238805309,144,700
RELATIVE_A,20,200,0.75,2026,A3_THERMAL_ABNORMALITY,strong,pooled,97.5,0.5713545630705855,0.6334310850439883,0.06,0.10961684851560517,0.034722222222222224,0.8069623323265132,0.8970634920634921,0.8936170212765957,0.11244979919678713,0.9513277238805309,144,700
RELATIVE_A,20,200,0.75,2026,A3_THERMAL_ABNORMALITY,strong,pooled,99.0,0.6110963644153683,0.4299674267100977,0.015714285714285715,0.03032043183645343,0.020833333333333332,0.8069623323265132,0.8970634920634921,0.7857142857142857,0.030812324929971994,0.9513277238805309,144,700
RELATIVE_A,20,200,0.75,2026,A4_SENSOR_DRIFT,mild,pooled,95.0,0.5665712868602808,0.5047688921496698,0.03539094650205761,0.06614430610969571,0.034722222222222224,0.5871963465987649,0.6218821444901692,0.9717514124293786,0.06829461981338099,0.9791107265762173,144,4860
RELATIVE_A,20,200,0.75,2026,A4_SENSOR_DRIFT,mild,pooled,97.5,0.5713545630705855,0.48979591836734687,0.03333333333333333,0.0624187256176853,0.034722222222222224,0.5871963465987649,0.6218821444901692,0.9700598802395209,0.06445195941913666,0.9791107265762173,144,4860
RELATIVE_A,20,200,0.75,2026,A4_SENSOR_DRIFT,mild,pooled,99.0,0.6110963644153683,0.4189383070301292,0.015020576131687243,0.029001340815414414,0.020833333333333332,0.5871963465987649,0.6218821444901692,0.9605263157894737,0.02957860615883306,0.9791107265762173,144,4860
RELATIVE_A,20,200,0.75,2026,A4_SENSOR_DRIFT,mild,mean_temp_c_-1,95.0,0.5665712868602808,0.44626743232157506,0.027983539094650206,0.0526646981944915,0.034722222222222224,0.4793598673844035,0.4678412208504801,0.8717948717948718,0.05422647527910686,0.8853163598225957,144,1215
RELATIVE_A,20,200,0.75,2026,A4_SENSOR_DRIFT,mild,mean_temp_c_-1,97.5,0.5713545630705855,0.44626743232157506,0.027983539094650206,0.0526646981944915,0.034722222222222224,0.4793598673844035,0.4678412208504801,0.8717948717948718,0.05422647527910686,0.8853163598225957,144,1215
RELATIVE_A,20,200,0.75,2026,A4_SENSOR_DRIFT,mild,mean_temp_c_-1,99.0,0.6110963644153683,0.3872919818456883,0.01316872427983539,0.025471369583602802,0.020833333333333332,0.4793598673844035,0.4678412208504801,0.8421052631578947,0.02593192868719611,0.8853163598225957,144,1215
RELATIVE_A,20,200,0.75,2026,A4_SENSOR_DRIFT,mild,mean_temp_c_1,95.0,0.5665712868602808,0.4866920152091255,0.03292181069958848,0.06167188629245965,0.034722222222222224,0.5072864254488932,0.5237197073616827,0.8888888888888888,0.0634920634920635,0.895938410197412,144,1215
RELATIVE_A,20,200,0.75,2026,A4_SENSOR_DRIFT,mild,mean_temp_c_1,97.5,0.5713545630705855,0.47388932190179267,0.031275720164609055,0.058678762727404334,0.034722222222222224,0.5072864254488932,0.5237197073616827,0.8837209302325582,0.06041335453100159,0.895938410197412,144,1215
RELATIVE_A,20,200,0.75,2026,A4_SENSOR_DRIFT,mild,mean_temp_c_1,99.0,0.6110963644153683,0.4534412955465587,0.01728395061728395,0.03329864724245577,0.020833333333333332,0.5072864254488932,0.5237197073616827,0.875,0.033898305084745756,0.895938410197412,144,1215
RELATIVE_A,20,200,0.75,2026,A4_SENSOR_DRIFT,mild,mean_voltage_v_-1,95.0,0.5665712868602808,0.556795797767564,0.043621399176954734,0.08090445069885036,0.034722222222222224,0.6622024040602268,0.7377057613168725,0.9137931034482759,0.08326787117046348,0.94124611018116,144,1215
RELATIVE_A,20,200,0.75,2026,A4_SENSOR_DRIFT,mild,mean_voltage_v_-1,97.5,0.5713545630705855,0.5161290322580645,0.037037037037037035,0.06911447084233262,0.034722222222222224,0.6622024040602268,0.7377057613168725,0.9,0.07114624505928853,0.94124611018116,144,1215
RELATIVE_A,20,200,0.75,2026,A4_SENSOR_DRIFT,mild,mean_voltage_v_-1,99.0,0.6110963644153683,0.4413793103448276,0.01646090534979424,0.03173816017852715,0.020833333333333332,0.6622024040602268,0.7377057613168725,0.8695652173913043,0.03231017770597738,0.94124611018116,144,1215
RELATIVE_A,20,200,0.75,2026,A4_SENSOR_DRIFT,mild,mean_voltage_v_1,95.0,0.5665712868602808,0.5161290322580645,0.037037037037037035,0.06911447084233262,0.034722222222222224,0.6876211908102022,0.7582618884316416,0.9,0.07114624505928853,0.9470427202506825,144,1215
RELATIVE_A,20,200,0.75,2026,A4_SENSOR_DRIFT,mild,mean_voltage_v_1,97.5,0.5713545630705855,0.5161290322580645,0.037037037037037035,0.06911447084233262,0.034722222222222224,0.6876211908102022,0.7582618884316416,0.9,0.07114624505928853,0.9470427202506825,144,1215
RELATIVE_A,20,200,0.75,2026,A4_SENSOR_DRIFT,mild,mean_voltage_v_1,99.0,0.6110963644153683,0.3872919818456883,0.01316872427983539,0.025471369583602802,0.020833333333333332,0.6876211908102022,0.7582618884316416,0.8421052631578947,0.02593192868719611,0.9470427202506825,144,1215
RELATIVE_A,20,200,0.75,2026,A4_SENSOR_DRIFT,moderate,pooled,95.0,0.5665712868602808,0.5398773006134969,0.040740740740740744,0.07576409814894533,0.034722222222222224,0.6194074417556208,0.6677833504801097,0.9753694581280788,0.07821449733359669,0.9815694024518911,144,4860
RELATIVE_A,20,200,0.75,2026,A4_SENSOR_DRIFT,moderate,pooled,97.5,0.5713545630705855,0.510514865844815,0.03621399176954732,0.06763052980450548,0.034722222222222224,0.6194074417556208,0.6677833504801097,0.9723756906077348,0.06982741519539773,0.9815694024518911,144,4860
RELATIVE_A,20,200,0.75,2026,A4_SENSOR_DRIFT,moderate,pooled,99.0,0.6110963644153683,0.4351464435146444,0.016049382716049384,0.030956987646971277,0.020833333333333332,0.6194074417556208,0.6677833504801097,0.9629629629629629,0.031572556162720096,0.9815694024518911,144,4860
RELATIVE_A,20,200,0.75,2026,A4_SENSOR_DRIFT,moderate,mean_temp_c_-1,95.0,0.5665712868602808,0.4803695150115474,0.03209876543209877,0.060176479097352825,0.034722222222222224,0.4999339385518504,0.496796410608139,0.8863636363636364,0.061953931691818905,0.8932691149139926,144,1215
RELATIVE_A,20,200,0.75,2026,A4_SENSOR_DRIFT,moderate,mean_temp_c_-1,97.5,0.5713545630705855,0.45344129554655876,0.02880658436213992,0.054171704957678354,0.034722222222222224,0.4999339385518504,0.496796410608139,0.875,0.055776892430278883,0.8932691149139926,144,1215
RELATIVE_A,20,200,0.75,2026,A4_SENSOR_DRIFT,moderate,mean_temp_c_-1,99.0,0.6110963644153683,0.3872919818456883,0.01316872427983539,0.025471369583602802,0.020833333333333332,0.4999339385518504,0.496796410608139,0.8421052631578947,0.02593192868719611,0.8932691149139926,144,1215
RELATIVE_A,20,200,0.75,2026,A4_SENSOR_DRIFT,moderate,mean_temp_c_1,95.0,0.5665712868602808,0.521615875265769,0.03786008230452675,0.07059613447796267,0.034722222222222224,0.5409045056730465,0.5781750114311843,0.9019607843137255,0.07266982622432859,0.9077631002473977,144,1215
RELATIVE_A,20,200,0.75,2026,A4_SENSOR_DRIFT,moderate,mean_temp_c_1,97.5,0.5713545630705855,0.4866920152091255,0.03292181069958848,0.06167188629245965,0.034722222222222224,0.5409045056730465,0.5781750114311843,0.8888888888888888,0.0634920634920635,0.9077631002473977,144,1215
RELATIVE_A,20,200,0.75,2026,A4_SENSOR_DRIFT,moderate,mean_temp_c_1,99.0,0.6110963644153683,0.4760672703751617,0.018930041152263374,0.036412209963884626,0.020833333333333332,0.5409045056730465,0.5781750114311843,0.8846153846153846,0.0370668815471394,0.9077631002473977,144,1215
RELATIVE_A,20,200,0.75,2026,A4_SENSOR_DRIFT,moderate,mean_voltage_v_-1,95.0,0.5665712868602808,0.6171298922291548,0.05596707818930041,0.10262698674715841,0.034722222222222224,0.7044913501111889,0.7894661636945587,0.9315068493150684,0.10559006211180123,0.9514833449957341,144,1215
RELATIVE_A,20,200,0.75,2026,A4_SENSOR_DRIFT,moderate,mean_voltage_v_-1,97.5,0.5713545630705855,0.570337364735837,0.04609053497942387,0.08528865832183143,0.034722222222222224,0.7044913501111889,0.7894661636945587,0.9180327868852459,0.08777429467084641,0.9514833449957341,144,1215
RELATIVE_A,20,200,0.75,2026,A4_SENSOR_DRIFT,moderate,mean_voltage_v_-1,99.0,0.6110963644153683,0.4760672703751617,0.018930041152263374,0.036412209963884626,0.020833333333333332,0.7044913501111889,0.7894661636945587,0.8846153846153846,0.0370668815471394,0.9514833449957341,144,1215
RELATIVE_A,20,200,0.75,2026,A4_SENSOR_DRIFT,moderate,mean_voltage_v_1,95.0,0.5665712868602808,0.5161290322580645,0.037037037037037035,0.06911447084233262,0.034722222222222224,0.7178618597244517,0.806695816186557,0.9,0.07114624505928853,0.9539761243764928,144,1215
RELATIVE_A,20,200,0.75,2026,A4_SENSOR_DRIFT,moderate,mean_voltage_v_1,97.5,0.5713545630705855,0.5161290322580645,0.037037037037037035,0.06911447084233262,0.034722222222222224,0.7178618597244517,0.806695816186557,0.9,0.07114624505928853,0.9539761243764928,144,1215
RELATIVE_A,20,200,0.75,2026,A4_SENSOR_DRIFT,moderate,mean_voltage_v_1,99.0,0.6110963644153683,0.3872919818456883,0.01316872427983539,0.025471369583602802,0.020833333333333332,0.7178618597244517,0.806695816186557,0.8421052631578947,0.02593192868719611,0.9539761243764928,144,1215
RELATIVE_A,20,200,0.75,2026,A4_SENSOR_DRIFT,strong,pooled,95.0,0.5665712868602808,0.5532759761747188,0.04300411522633745,0.07980525989212926,0.034722222222222224,0.642630716668789,0.7033772005029721,0.9766355140186916,0.08238076468269609,0.9832527880961979,144,4860
RELATIVE_A,20,200,0.75,2026,A4_SENSOR_DRIFT,strong,pooled,97.5,0.5713545630705855,0.521615875265769,0.03786008230452675,0.07059613447796267,0.034722222222222224,0.642630716668789,0.7033772005029721,0.9735449735449735,0.07288571994454347,0.9832527880961979,144,4860
RELATIVE_A,20,200,0.75,2026,A4_SENSOR_DRIFT,strong,pooled,99.0,0.6110963644153683,0.4351464435146444,0.016049382716049384,0.030956987646971277,0.020833333333333332,0.642630716668789,0.7033772005029721,0.9629629629629629,0.031572556162720096,0.9832527880961979,144,4860
RELATIVE_A,20,200,0.75,2026,A4_SENSOR_DRIFT,strong,mean_temp_c_-1,95.0,0.5665712868602808,0.492862509391435,0.03374485596707819,0.0631649896490299,0.034722222222222224,0.5326970548518968,0.5495513260173753,0.8913043478260869,0.06502775574940524,0.9047060876453661,144,1215
RELATIVE_A,20,200,0.75,2026,A4_SENSOR_DRIFT,strong,mean_temp_c_-1,97.5,0.5713545630705855,0.4803695150115474,0.03209876543209877,0.060176479097352825,0.034722222222222224,0.5326970548518968,0.5495513260173753,0.8863636363636364,0.061953931691818905,0.9047060876453661,144,1215
RELATIVE_A,20,200,0.75,2026,A4_SENSOR_DRIFT,strong,mean_temp_c_-1,99.0,0.6110963644153683,0.3872919818456883,0.01316872427983539,0.025471369583602802,0.020833333333333332,0.5326970548518968,0.5495513260173753,0.8421052631578947,0.02593192868719611,0.9047060876453661,144,1215
RELATIVE_A,20,200,0.75,2026,A4_SENSOR_DRIFT,strong,mean_temp_c_1,95.0,0.5665712868602808,0.5373543522960932,0.040329218106995884,0.07502751327814729,0.034722222222222224,0.5810734434404997,0.6350680155464106,0.9074074074074074,0.07722616233254531,0.9203192055697325,144,1215
RELATIVE_A,20,200,0.75,2026,A4_SENSOR_DRIFT,strong,mean_temp_c_1,97.5,0.5713545630705855,0.492862509391435,0.03374485596707819,0.0631649896490299,0.034722222222222224,0.5810734434404997,0.6350680155464106,0.8913043478260869,0.06502775574940524,0.9203192055697325,144,1215
RELATIVE_A,20,200,0.75,2026,A4_SENSOR_DRIFT,strong,mean_temp_c_1,99.0,0.6110963644153683,0.46499339498018494,0.01810699588477366,0.0348566618804773,0.020833333333333332,0.5810734434404997,0.6350680155464106,0.88,0.03548387096774193,0.9203192055697325,144,1215
RELATIVE_A,20,200,0.75,2026,A4_SENSOR_DRIFT,strong,mean_voltage_v_-1,95.0,0.5665712868602808,0.6369015599784831,0.060905349794238686,0.11117892858819664,0.034722222222222224,0.7169763362798981,0.8049497027892091,0.9367088607594937,0.1143740340030912,0.9543424254346684,144,1215
RELATIVE_A,20,200,0.75,2026,A4_SENSOR_DRIFT,strong,mean_voltage_v_-1,97.5,0.5713545630705855,0.58307597282273,0.048559670781893,0.08965288000379884,0.034722222222222224,0.7169763362798981,0.8049497027892091,0.921875,0.09225957779515245,0.9543424254346684,144,1215
RELATIVE_A,20,200,0.75,2026,A4_SENSOR_DRIFT,strong,mean_voltage_v_-1,99.0,0.6110963644153683,0.4866920152091255,0.019753086419753086,0.03796529734539523,0.020833333333333332,0.7169763362798981,0.8049497027892091,0.8888888888888888,0.03864734299516908,0.9543424254346684,144,1215
RELATIVE_A,20,200,0.75,2026,A4_SENSOR_DRIFT,strong,mean_voltage_v_1,95.0,0.5665712868602808,0.5161290322580645,0.037037037037037035,0.06911447084233262,0.034722222222222224,0.728778947289231,0.8239397576588935,0.9,0.07114624505928853,0.9563826810372271,144,1215
RELATIVE_A,20,200,0.75,2026,A4_SENSOR_DRIFT,strong,mean_voltage_v_1,97.5,0.5713545630705855,0.5161290322580645,0.037037037037037035,0.06911447084233262,0.034722222222222224,0.728778947289231,0.8239397576588935,0.9,0.07114624505928853,0.9563826810372271,144,1215
RELATIVE_A,20,200,0.75,2026,A4_SENSOR_DRIFT,strong,mean_voltage_v_1,99.0,0.6110963644153683,0.3872919818456883,0.01316872427983539,0.025471369583602802,0.020833333333333332,0.728778947289231,0.8239397576588935,0.8421052631578947,0.02593192868719611,0.9563826810372271,144,1215
RELATIVE_A,20,200,1.0,42,A1_ACCELERATED_DEGRADATION,mild,pooled,95.0,0.5597221174567997,0.4444444444444444,0.027777777777777776,0.05228758169934641,0.034722222222222224,0.473879744301525,0.456991598079561,0.9642857142857143,0.05399999999999999,0.9675578788243353,144,4860
RELATIVE_A,20,200,1.0,42,A1_ACCELERATED_DEGRADATION,mild,pooled,97.5,0.5673784489750437,0.3835616438356164,0.01728395061728395,0.03307737743650325,0.027777777777777776,0.473879744301525,0.456991598079561,0.9545454545454546,0.03395311236863379,0.9675578788243353,144,4860
RELATIVE_A,20,200,1.0,42,A1_ACCELERATED_DEGRADATION,mild,pooled,99.0,0.6169947618963119,0.01937046004842615,0.00041152263374485596,0.0008059235380043318,0.020833333333333332,0.473879744301525,0.456991598079561,0.4,0.0008221993833504625,0.9675578788243353,144,4860
RELATIVE_A,20,200,1.0,42,A1_ACCELERATED_DEGRADATION,moderate,pooled,95.0,0.5597221174567997,0.4407622203811102,0.027366255144032924,0.05153291035017194,0.034722222222222224,0.4779019866701235,0.4633787722908093,0.9637681159420289,0.05322128851540617,0.9678377756942739,144,4860
RELATIVE_A,20,200,1.0,42,A1_ACCELERATED_DEGRADATION,moderate,pooled,97.5,0.5673784489750437,0.4924812030075188,0.026954732510288067,0.05111197815060476,0.027777777777777776,0.4779019866701235,0.4633787722908093,0.9703703703703703,0.05245245245245246,0.9678377756942739,144,4860
RELATIVE_A,20,200,1.0,42,A1_ACCELERATED_DEGRADATION,moderate,pooled,99.0,0.6169947618963119,0.01937046004842615,0.00041152263374485596,0.0008059235380043318,0.020833333333333332,0.4779019866701235,0.4633787722908093,0.4,0.0008221993833504625,0.9678377756942739,144,4860
RELATIVE_A,20,200,1.0,42,A1_ACCELERATED_DEGRADATION,strong,pooled,95.0,0.5597221174567997,0.4444444444444444,0.027777777777777776,0.05228758169934641,0.034722222222222224,0.4843203936021146,0.470897633744856,0.9642857142857143,0.05399999999999999,0.9685181684262775,144,4860
RELATIVE_A,20,200,1.0,42,A1_ACCELERATED_DEGRADATION,strong,pooled,97.5,0.5673784489750437,0.4866920152091255,0.02633744855967078,0.049970720281085304,0.027777777777777776,0.4843203936021146,0.470897633744856,0.9696969696969697,0.05128205128205128,0.9685181684262775,144,4860
RELATIVE_A,20,200,1.0,42,A1_ACCELERATED_DEGRADATION,strong,pooled,99.0,0.6169947618963119,0.0097799511002445,0.00020576131687242798,0.00040304297445715147,0.020833333333333332,0.4843203936021146,0.470897633744856,0.25,0.00041118421052631577,0.9685181684262775,144,4860
RELATIVE_A,20,200,1.0,42,A2_EARLY_VOLTAGE_COLLAPSE,mild,pooled,95.0,0.5597221174567997,0.9062667380824853,0.3357142857142857,0.48993774431735915,0.034722222222222224,0.8992077449594773,0.956031746031746,0.9791666666666666,0.4999999999999999,0.9767309878876762,144,700
RELATIVE_A,20,200,1.0,42,A2_EARLY_VOLTAGE_COLLAPSE,mild,pooled,97.5,0.5673784489750437,0.9058127018299246,0.2671428571428571,0.41260112772738405,0.027777777777777776,0.8992077449594773,0.956031746031746,0.9790575916230366,0.4197530864197531,0.9767309878876762,144,700
RELATIVE_A,20,200,1.0,42,A2_EARLY_VOLTAGE_COLLAPSE,mild,pooled,99.0,0.6169947618963119,0.722662440570523,0.054285714285714284,0.1009854944081497,0.020833333333333332,0.8992077449594773,0.956031746031746,0.926829268292683,0.10256410256410256,0.9767309878876762,144,700
RELATIVE_A,20,200,1.0,42,A2_EARLY_VOLTAGE_COLLAPSE,moderate,pooled,95.0,0.5597221174567997,0.9100811838454425,0.3514285714285714,0.5070567690590021,0.034722222222222224,0.9008538228533338,0.9563392857142857,0.9800796812749004,0.5173501577287066,0.9772517395244809,144,700
RELATIVE_A,20,200,1.0,42,A2_EARLY_VOLTAGE_COLLAPSE,moderate,pooled,97.5,0.5673784489750437,0.9084728033472803,0.2757142857142857,0.42303945445689234,0.027777777777777776,0.9008538228533338,0.9563392857142857,0.9796954314720813,0.43032329988851725,0.9772517395244809,144,700
RELATIVE_A,20,200,1.0,42,A2_EARLY_VOLTAGE_COLLAPSE,moderate,pooled,99.0,0.6169947618963119,0.722662440570523,0.054285714285714284,0.1009854944081497,0.020833333333333332,0.9008538228533338,0.9563392857142857,0.926829268292683,0.10256410256410256,0.9772517395244809,144,700
RELATIVE_A,20,200,1.0,42,A2_EARLY_VOLTAGE_COLLAPSE,strong,pooled,95.0,0.5597221174567997,0.9100811838454425,0.3514285714285714,0.5070567690590021,0.034722222222222224,0.9008538228533338,0.9563392857142857,0.9800796812749004,0.5173501577287066,0.9772517395244809,144,700
RELATIVE_A,20,200,1.0,42,A2_EARLY_VOLTAGE_COLLAPSE,strong,pooled,97.5,0.5673784489750437,0.9084728033472803,0.2757142857142857,0.42303945445689234,0.027777777777777776,0.9008538228533338,0.9563392857142857,0.9796954314720813,0.43032329988851725,0.9772517395244809,144,700
RELATIVE_A,20,200,1.0,42,A2_EARLY_VOLTAGE_COLLAPSE,strong,pooled,99.0,0.6169947618963119,0.722662440570523,0.054285714285714284,0.1009854944081497,0.020833333333333332,0.9008538228533338,0.9563392857142857,0.926829268292683,0.10256410256410256,0.9772517395244809,144,700
RELATIVE_A,20,200,1.0,42,A3_THERMAL_ABNORMALITY,mild,pooled,95.0,0.5597221174567997,0.45141065830721006,0.02857142857142857,0.053741369658518376,0.034722222222222224,0.5976051402108264,0.6534325396825397,0.8,0.05517241379310345,0.8763951984357821,144,700
RELATIVE_A,20,200,1.0,42,A3_THERMAL_ABNORMALITY,mild,pooled,97.5,0.5673784489750437,0.43548387096774194,0.02142857142857143,0.04084720121028745,0.027777777777777776,0.5976051402108264,0.6534325396825397,0.7894736842105263,0.041724617524339355,0.8763951984357821,144,700
RELATIVE_A,20,200,1.0,42,A3_THERMAL_ABNORMALITY,mild,pooled,99.0,0.6169947618963119,0.4067796610169491,0.014285714285714285,0.027602070155261643,0.020833333333333332,0.5976051402108264,0.6534325396825397,0.7692307692307693,0.028050490883590466,0.8763951984357821,144,700
RELATIVE_A,20,200,1.0,42,A3_THERMAL_ABNORMALITY,moderate,pooled,95.0,0.5597221174567997,0.5831348261076703,0.04857142857142857,0.08967361441811054,0.034722222222222224,0.742161265409385,0.8294246031746032,0.8717948717948718,0.09201623815967523,0.9313975224438551,144,700
RELATIVE_A,20,200,1.0,42,A3_THERMAL_ABNORMALITY,moderate,pooled,97.5,0.5673784489750437,0.5721271393643031,0.037142857142857144,0.06975704277835744,0.027777777777777776,0.742161265409385,0.8294246031746032,0.8666666666666667,0.07123287671232877,0.9313975224438551,144,700
RELATIVE_A,20,200,1.0,42,A3_THERMAL_ABNORMALITY,moderate,pooled,99.0,0.6169947618963119,0.4067796610169491,0.014285714285714285,0.027602070155261643,0.020833333333333332,0.742161265409385,0.8294246031746032,0.7692307692307693,0.028050490883590466,0.9313975224438551,144,700
RELATIVE_A,20,200,1.0,42,A3_THERMAL_ABNORMALITY,strong,pooled,95.0,0.5597221174567997,0.6855910887531441,0.07571428571428572,0.13636850945216739,0.034722222222222224,0.8108761859584925,0.8963392857142857,0.9137931034482759,0.13984168865435356,0.9524083089465187,144,700
RELATIVE_A,20,200,1.0,42,A3_THERMAL_ABNORMALITY,strong,pooled,97.5,0.5673784489750437,0.6673003802281369,0.055714285714285716,0.10284207442133021,0.027777777777777776,0.8108761859584925,0.8963392857142857,0.9069767441860465,0.10497981157469717,0.9524083089465187,144,700
RELATIVE_A,20,200,1.0,42,A3_THERMAL_ABNORMALITY,strong,pooled,99.0,0.6169947618963119,0.4299674267100977,0.015714285714285715,0.03032043183645343,0.020833333333333332,0.8108761859584925,0.8963392857142857,0.7857142857142857,0.030812324929971994,0.9524083089465187,144,700
RELATIVE_A,20,200,1.0,42,A4_SENSOR_DRIFT,mild,pooled,95.0,0.5597221174567997,0.5161290322580645,0.037037037037037035,0.06911447084233262,0.034722222222222224,0.5892467415399599,0.6230481252857797,0.972972972972973,0.07135777998017839,0.9793079614152855,144,4860
RELATIVE_A,20,200,1.0,42,A4_SENSOR_DRIFT,mild,pooled,97.5,0.5673784489750437,0.5392491467576792,0.03251028806584362,0.061323500873277696,0.027777777777777776,0.5892467415399599,0.6230481252857797,0.9753086419753086,0.0629231381919554,0.9793079614152855,144,4860
RELATIVE_A,20,200,1.0,42,A4_SENSOR_DRIFT,mild,pooled,99.0,0.6169947618963119,0.41219158200290273,0.014609053497942387,0.02821799393909285,0.020833333333333332,0.5892467415399599,0.6230481252857797,0.9594594594594594,0.028779894608836645,0.9793079614152855,144,4860
RELATIVE_A,20,200,1.0,42,A4_SENSOR_DRIFT,mild,mean_temp_c_-1,95.0,0.5597221174567997,0.44626743232157506,0.027983539094650206,0.0526646981944915,0.034722222222222224,0.4936424149215764,0.4880172610882487,0.8717948717948718,0.05422647527910686,0.8909966841819752,144,1215
RELATIVE_A,20,200,1.0,42,A4_SENSOR_DRIFT,mild,mean_temp_c_-1,97.5,0.5673784489750437,0.4444444444444444,0.022222222222222223,0.04232804232804233,0.027777777777777776,0.4936424149215764,0.4880172610882487,0.8709677419354839,0.04333868378812199,0.8909966841819752,144,1215
RELATIVE_A,20,200,1.0,42,A4_SENSOR_DRIFT,mild,mean_temp_c_-1,99.0,0.6169947618963119,0.3872919818456883,0.01316872427983539,0.025471369583602802,0.020833333333333332,0.4936424149215764,0.4880172610882487,0.8421052631578947,0.02593192868719611,0.8909966841819752,144,1215
RELATIVE_A,20,200,1.0,42,A4_SENSOR_DRIFT,mild,mean_temp_c_1,95.0,0.5597221174567997,0.47388932190179267,0.031275720164609055,0.058678762727404334,0.034722222222222224,0.5035164364728555,0.5140374942844079,0.8837209302325582,0.06041335453100159,0.8944994731147817,144,1215
RELATIVE_A,20,200,1.0,42,A4_SENSOR_DRIFT,mild,mean_temp_c_1,97.5,0.5673784489750437,0.4866920152091255,0.02633744855967078,0.049970720281085304,0.027777777777777776,0.5035164364728555,0.5140374942844079,0.8888888888888888,0.051159072741806554,0.8944994731147817,144,1215
RELATIVE_A,20,200,1.0,42,A4_SENSOR_DRIFT,mild,mean_temp_c_1,99.0,0.6169947618963119,0.3872919818456883,0.01316872427983539,0.025471369583602802,0.020833333333333332,0.5035164364728555,0.5140374942844079,0.8421052631578947,0.02593192868719611,0.8944994731147817,144,1215
RELATIVE_A,20,200,1.0,42,A4_SENSOR_DRIFT,mild,mean_voltage_v_-1,95.0,0.5597221174567997,0.578914535246413,0.047736625514403296,0.08820035166088486,0.034722222222222224,0.684390896423593,0.7567443987197073,0.9206349206349206,0.09076682316118936,0.9465664213851865,144,1215
RELATIVE_A,20,200,1.0,42,A4_SENSOR_DRIFT,mild,mean_voltage_v_-1,97.5,0.5673784489750437,0.628099173553719,0.04691358024691358,0.08730614589316485,0.027777777777777776,0.684390896423593,0.7567443987197073,0.9344262295081968,0.08934169278996866,0.9465664213851865,144,1215
RELATIVE_A,20,200,1.0,42,A4_SENSOR_DRIFT,mild,mean_voltage_v_-1,99.0,0.6169947618963119,0.4760672703751617,0.018930041152263374,0.036412209963884626,0.020833333333333332,0.684390896423593,0.7567443987197073,0.8846153846153846,0.0370668815471394,0.9465664213851865,144,1215
RELATIVE_A,20,200,1.0,42,A4_SENSOR_DRIFT,mild,mean_voltage_v_1,95.0,0.5597221174567997,0.5423728813559322,0.0411522633744856,0.07650011953143676,0.034722222222222224,0.665840993574139,0.7333933470507545,0.9090909090909091,0.07874015748031495,0.9423961942594108,144,1215
RELATIVE_A,20,200,1.0,42,A4_SENSOR_DRIFT,mild,mean_voltage_v_1,97.5,0.5673784489750437,0.5544554455445544,0.0345679012345679,0.06507844276583381,0.027777777777777776,0.665840993574139,0.7333933470507545,0.9130434782608695,0.06661379857256144,0.9423961942594108,144,1215
RELATIVE_A,20,200,1.0,42,A4_SENSOR_DRIFT,mild,mean_voltage_v_1,99.0,0.6169947618963119,0.3872919818456883,0.01316872427983539,0.025471369583602802,0.020833333333333332,0.665840993574139,0.7333933470507545,0.8421052631578947,0.02593192868719611,0.9423961942594108,144,1215
RELATIVE_A,20,200,1.0,42,A4_SENSOR_DRIFT,moderate,pooled,95.0,0.5597221174567997,0.5373543522960932,0.040329218106995884,0.07502751327814729,0.034722222222222224,0.6226562314022885,0.6708769147233653,0.9751243781094527,0.07745504840940526,0.9818745787116533,144,4860
RELATIVE_A,20,200,1.0,42,A4_SENSOR_DRIFT,moderate,pooled,97.5,0.5673784489750437,0.5686900958466453,0.03662551440329218,0.06881886719505123,0.027777777777777776,0.6226562314022885,0.6708769147233653,0.978021978021978,0.07060690202300675,0.9818745787116533,144,4860
RELATIVE_A,20,200,1.0,42,A4_SENSOR_DRIFT,moderate,pooled,99.0,0.6169947618963119,0.41558441558441556,0.014814814814814815,0.02860974519445686,0.020833333333333332,0.6226562314022885,0.6708769147233653,0.96,0.029179331306990883,0.9818745787116533,144,4860
RELATIVE_A,20,200,1.0,42,A4_SENSOR_DRIFT,moderate,mean_temp_c_-1,95.0,0.5597221174567997,0.44626743232157506,0.027983539094650206,0.0526646981944915,0.034722222222222224,0.5207445878537658,0.5285065157750343,0.8717948717948718,0.05422647527910686,0.9008206265639886,144,1215
RELATIVE_A,20,200,1.0,42,A4_SENSOR_DRIFT,moderate,mean_temp_c_-1,97.5,0.5673784489750437,0.47876447876447875,0.02551440329218107,0.0484469622973237,0.027777777777777776,0.5207445878537658,0.5285065157750343,0.8857142857142857,0.0496,0.9008206265639886,144,1215
RELATIVE_A,20,200,1.0,42,A4_SENSOR_DRIFT,moderate,mean_temp_c_-1,99.0,0.6169947618963119,0.3872919818456883,0.01316872427983539,0.025471369583602802,0.020833333333333332,0.5207445878537658,0.5285065157750343,0.8421052631578947,0.02593192868719611,0.9008206265639886,144,1215
RELATIVE_A,20,200,1.0,42,A4_SENSOR_DRIFT,moderate,mean_temp_c_1,95.0,0.5597221174567997,0.4866920152091255,0.03292181069958848,0.06167188629245965,0.034722222222222224,0.534096847381107,0.5653263603109282,0.8888888888888888,0.0634920634920635,0.9055038112835857,144,1215
RELATIVE_A,20,200,1.0,42,A4_SENSOR_DRIFT,moderate,mean_temp_c_1,97.5,0.5673784489750437,0.5229681978798587,0.030452674897119343,0.057553956834532384,0.027777777777777776,0.534096847381107,0.5653263603109282,0.9024390243902439,0.05891719745222931,0.9055038112835857,144,1215
RELATIVE_A,20,200,1.0,42,A4_SENSOR_DRIFT,moderate,mean_temp_c_1,99.0,0.6169947618963119,0.3872919818456883,0.01316872427983539,0.025471369583602802,0.020833333333333332,0.534096847381107,0.5653263603109282,0.8421052631578947,0.02593192868719611,0.9055038112835857,144,1215
RELATIVE_A,20,200,1.0,42,A4_SENSOR_DRIFT,moderate,mean_voltage_v_-1,95.0,0.5597221174567997,0.6272777471010491,0.05843621399176955,0.10691261587689992,0.034722222222222224,0.7285238802008552,0.8113111568358482,0.9342105263157895,0.10999225406661503,0.9566797724597149,144,1215
RELATIVE_A,20,200,1.0,42,A4_SENSOR_DRIFT,moderate,mean_voltage_v_-1,97.5,0.5673784489750437,0.6650124069478908,0.0551440329218107,0.10184305529165875,0.027777777777777776,0.7285238802008552,0.8113111568358482,0.9436619718309859,0.104199066874028,0.9566797724597149,144,1215
RELATIVE_A,20,200,1.0,42,A4_SENSOR_DRIFT,moderate,mean_voltage_v_-1,99.0,0.6169947618963119,0.4866920152091255,0.019753086419753086,0.03796529734539523,0.020833333333333332,0.7285238802008552,0.8113111568358482,0.8888888888888888,0.03864734299516908,0.9566797724597149,144,1215
RELATIVE_A,20,200,1.0,42,A4_SENSOR_DRIFT,moderate,mean_voltage_v_1,95.0,0.5597221174567997,0.5472837022132797,0.04197530864197531,0.07797047441593809,0.034722222222222224,0.6942597591471034,0.7783636259716508,0.9107142857142857,0.08025177025963809,0.9491639070901376,144,1215
RELATIVE_A,20,200,1.0,42,A4_SENSOR_DRIFT,moderate,mean_voltage_v_1,97.5,0.5673784489750437,0.5602605863192183,0.03539094650205761,0.06657634991290884,0.027777777777777776,0.6942597591471034,0.7783636259716508,0.9148936170212766,0.0681458003169572,0.9491639070901376,144,1215
RELATIVE_A,20,200,1.0,42,A4_SENSOR_DRIFT,moderate,mean_voltage_v_1,99.0,0.6169947618963119,0.3872919818456883,0.01316872427983539,0.025471369583602802,0.020833333333333332,0.6942597591471034,0.7783636259716508,0.8421052631578947,0.02593192868719611,0.9491639070901376,144,1215
RELATIVE_A,20,200,1.0,42,A4_SENSOR_DRIFT,strong,pooled,95.0,0.5597221174567997,0.5591116917047682,0.044032921810699586,0.08163654570597491,0.034722222222222224,0.6502149409061,0.7128365054869685,0.9771689497716894,0.08426855680252018,0.9838519163733962,144,4860
RELATIVE_A,20,200,1.0,42,A4_SENSOR_DRIFT,strong,pooled,97.5,0.5673784489750437,0.5820433436532508,0.03868312757201646,0.07254485819023732,0.027777777777777776,0.6502149409061,0.7128365054869685,0.9791666666666666,0.07442596991290577,0.9838519163733962,144,4860
RELATIVE_A,20,200,1.0,42,A4_SENSOR_DRIFT,strong,pooled,99.0,0.6169947618963119,0.4189383070301292,0.015020576131687243,0.029001340815414414,0.020833333333333332,0.6502149409061,0.7128365054869685,0.9605263157894737,0.02957860615883306,0.9838519163733962,144,4860
RELATIVE_A,20,200,1.0,42,A4_SENSOR_DRIFT,strong,mean_temp_c_-1,95.0,0.5597221174567997,0.4866920152091255,0.03292181069958848,0.06167188629245965,0.034722222222222224,0.563750618435338,0.5939700502972107,0.8888888888888888,0.0634920634920635,0.9147553467630536,144,1215
RELATIVE_A,20,200,1.0,42,A4_SENSOR_DRIFT,strong,mean_temp_c_-1,97.5,0.5673784489750437,0.5229681978798587,0.030452674897119343,0.057553956834532384,0.027777777777777776,0.563750618435338,0.5939700502972107,0.9024390243902439,0.05891719745222931,0.9147553467630536,144,1215
RELATIVE_A,20,200,1.0,42,A4_SENSOR_DRIFT,strong,mean_temp_c_-1,99.0,0.6169947618963119,0.3872919818456883,0.01316872427983539,0.025471369583602802,0.020833333333333332,0.563750618435338,0.5939700502972107,0.8421052631578947,0.02593192868719611,0.9147553467630536,144,1215
RELATIVE_A,20,200,1.0,42,A4_SENSOR_DRIFT,strong,mean_temp_c_1,95.0,0.5597221174567997,0.5161290322580645,0.037037037037037035,0.06911447084233262,0.034722222222222224,0.5822959073910654,0.634470736168267,0.9,0.07114624505928853,0.9207330847143967,144,1215
RELATIVE_A,20,200,1.0,42,A4_SENSOR_DRIFT,strong,mean_temp_c_1,97.5,0.5673784489750437,0.5296167247386759,0.031275720164609055,0.059063532154653195,0.027777777777777776,0.5822959073910654,0.634470736168267,0.9047619047619048,0.06046141607000796,0.9207330847143967,144,1215
RELATIVE_A,20,200,1.0,42,A4_SENSOR_DRIFT,strong,mean_temp_c_1,99.0,0.6169947618963119,0.3872919818456883,0.01316872427983539,0.025471369583602802,0.020833333333333332,0.5822959073910654,0.634470736168267,0.8421052631578947,0.02593192868719611,0.9207330847143967,144,1215
RELATIVE_A,20,200,1.0,42,A4_SENSOR_DRIFT,strong,mean_voltage_v_-1,95.0,0.5597221174567997,0.6460409019402202,0.06337448559670782,0.11542605518339814,0.034722222222222224,0.7413173085166695,0.8272405121170554,0.9390243902439024,0.11873554356206631,0.9594719004992461,144,1215
RELATIVE_A,20,200,1.0,42,A4_SENSOR_DRIFT,strong,mean_voltage_v_-1,97.5,0.5673784489750437,0.674698795180723,0.05761316872427984,0.10616113744075831,0.027777777777777776,0.7413173085166695,0.8272405121170554,0.9459459459459459,0.10861132660977502,0.9594719004992461,144,1215
RELATIVE_A,20,200,1.0,42,A4_SENSOR_DRIFT,strong,mean_voltage_v_-1,99.0,0.6169947618963119,0.4968944099378882,0.0205761316872428,0.0395159298592245,0.020833333333333332,0.7413173085166695,0.8272405121170554,0.8928571428571429,0.04022526146419952,0.9594719004992461,144,1215
RELATIVE_A,20,200,1.0,42,A4_SENSOR_DRIFT,strong,mean_voltage_v_1,95.0,0.5597221174567997,0.5520902455209024,0.04279835390946502,0.07943858309065738,0.034722222222222224,0.7049174104980824,0.7956647233653407,0.9122807017543859,0.08176100628930817,0.9516295088086089,144,1215
RELATIVE_A,20,200,1.0,42,A4_SENSOR_DRIFT,strong,mean_voltage_v_1,97.5,0.5673784489750437,0.5602605863192183,0.03539094650205761,0.06657634991290884,0.027777777777777776,0.7049174104980824,0.7956647233653407,0.9148936170212766,0.0681458003169572,0.9516295088086089,144,1215
RELATIVE_A,20,200,1.0,42,A4_SENSOR_DRIFT,strong,mean_voltage_v_1,99.0,0.6169947618963119,0.3872919818456883,0.01316872427983539,0.025471369583602802,0.020833333333333332,0.7049174104980824,0.7956647233653407,0.8421052631578947,0.02593192868719611,0.9516295088086089,144,1215
RELATIVE_A,20,200,1.0,123,A1_ACCELERATED_DEGRADATION,mild,pooled,95.0,0.5500405046890973,0.4389027431421446,0.027160493827160494,0.05115535532626071,0.034722222222222224,0.4721000594530871,0.4560921067672611,0.9635036496350365,0.05283169901941165,0.9673773373433455,144,4860
RELATIVE_A,20,200,1.0,123,A1_ACCELERATED_DEGRADATION,mild,pooled,97.5,0.5592583111234746,0.4943820224719101,0.027160493827160494,0.05149210064365126,0.027777777777777776,0.4721000594530871,0.4560921067672611,0.9705882352941176,0.05284227381905524,0.9673773373433455,144,4860
RELATIVE_A,20,200,1.0,123,A1_ACCELERATED_DEGRADATION,mild,pooled,99.0,0.6107936201425578,0.0,0.0,0.0,0.020833333333333332,0.4721000594530871,0.4560921067672611,0.0,0.0,0.9673773373433455,144,4860
RELATIVE_A,20,200,1.0,123,A1_ACCELERATED_DEGRADATION,moderate,pooled,95.0,0.5500405046890973,0.4389027431421446,0.027160493827160494,0.05115535532626071,0.034722222222222224,0.47807249623824916,0.4618527091906722,0.9635036496350365,0.05283169901941165,0.967769853462341,144,4860
RELATIVE_A,20,200,1.0,123,A1_ACCELERATED_DEGRADATION,moderate,pooled,97.5,0.5592583111234746,0.49056603773584906,0.026748971193415638,0.05073170731707317,0.027777777777777776,0.47807249623824916,0.4618527091906722,0.9701492537313433,0.052062474969963954,0.967769853462341,144,4860
RELATIVE_A,20,200,1.0,123,A1_ACCELERATED_DEGRADATION,moderate,pooled,99.0,0.6107936201425578,0.0097799511002445,0.00020576131687242798,0.00040304297445715147,0.020833333333333332,0.47807249623824916,0.4618527091906722,0.25,0.00041118421052631577,0.967769853462341,144,4860
RELATIVE_A,20,200,1.0,123,A1_ACCELERATED_DEGRADATION,strong,pooled,95.0,0.5500405046890973,0.4444444444444444,0.027777777777777776,0.05228758169934641,0.034722222222222224,0.4892702628381317,0.47310742455418386,0.9642857142857143,0.05399999999999999,0.9690210891355847,144,4860
RELATIVE_A,20,200,1.0,123,A1_ACCELERATED_DEGRADATION,strong,pooled,97.5,0.5592583111234746,0.48863636363636365,0.02654320987654321,0.05035128805620609,0.027777777777777776,0.4892702628381317,0.47310742455418386,0.9699248120300752,0.0516723412777889,0.9690210891355847,144,4860
RELATIVE_A,20,200,1.0,123,A1_ACCELERATED_DEGRADATION,strong,pooled,99.0,0.6107936201425578,0.0097799511002445,0.00020576131687242798,0.00040304297445715147,0.020833333333333332,0.4892702628381317,0.47310742455418386,0.25,0.00041118421052631577,0.9690210891355847,144,4860
RELATIVE_A,20,200,1.0,123,A2_EARLY_VOLTAGE_COLLAPSE,mild,pooled,95.0,0.5500405046890973,0.9528327313891435,0.7014285714285714,0.8080272450915408,0.034722222222222224,0.9256934984206722,0.9694444444444444,0.9899193548387096,0.8210702341137123,0.9832885576152837,144,700
RELATIVE_A,20,200,1.0,123,A2_EARLY_VOLTAGE_COLLAPSE,mild,pooled,97.5,0.5592583111234746,0.9432186891628812,0.4614285714285714,0.6196972926881262,0.027777777777777776,0.9256934984206722,0.9694444444444444,0.9877675840978594,0.629016553067186,0.9832885576152837,144,700
RELATIVE_A,20,200,1.0,123,A2_EARLY_VOLTAGE_COLLAPSE,mild,pooled,99.0,0.6107936201425578,0.7631935047361299,0.06714285714285714,0.12342707079549185,0.020833333333333332,0.9256934984206722,0.9694444444444444,0.94,0.12533333333333332,0.9832885576152837,144,700
RELATIVE_A,20,200,1.0,123,A2_EARLY_VOLTAGE_COLLAPSE,moderate,pooled,95.0,0.5500405046890973,0.9532859964764294,0.7085714285714285,0.8129111561312057,0.034722222222222224,0.9263250271557263,0.9696130952380952,0.9900199600798403,0.825978351373855,0.9834432304828369,144,700
RELATIVE_A,20,200,1.0,123,A2_EARLY_VOLTAGE_COLLAPSE,moderate,pooled,97.5,0.5592583111234746,0.9452954048140043,0.48,0.636698599852616,0.027777777777777776,0.9263250271557263,0.9696130952380952,0.9882352941176471,0.6461538461538462,0.9834432304828369,144,700
RELATIVE_A,20,200,1.0,123,A2_EARLY_VOLTAGE_COLLAPSE,moderate,pooled,99.0,0.6107936201425578,0.766977363515313,0.06857142857142857,0.12588788110589005,0.020833333333333332,0.9263250271557263,0.9696130952380952,0.9411764705882353,0.1278295605858855,0.9834432304828369,144,700
RELATIVE_A,20,200,1.0,123,A2_EARLY_VOLTAGE_COLLAPSE,strong,pooled,95.0,0.5500405046890973,0.9532859964764294,0.7085714285714285,0.8129111561312057,0.034722222222222224,0.9263250271557263,0.9696130952380952,0.9900199600798403,0.825978351373855,0.9834432304828369,144,700
RELATIVE_A,20,200,1.0,123,A2_EARLY_VOLTAGE_COLLAPSE,strong,pooled,97.5,0.5592583111234746,0.9452954048140043,0.48,0.636698599852616,0.027777777777777776,0.9263250271557263,0.9696130952380952,0.9882352941176471,0.6461538461538462,0.9834432304828369,144,700
RELATIVE_A,20,200,1.0,123,A2_EARLY_VOLTAGE_COLLAPSE,strong,pooled,99.0,0.6107936201425578,0.766977363515313,0.06857142857142857,0.12588788110589005,0.020833333333333332,0.9263250271557263,0.9696130952380952,0.9411764705882353,0.1278295605858855,0.9834432304828369,144,700
RELATIVE_A,20,200,1.0,123,A3_THERMAL_ABNORMALITY,mild,pooled,95.0,0.5500405046890973,0.5070422535211268,0.03571428571428571,0.06672845227062094,0.034722222222222224,0.6054236875451492,0.6524900793650794,0.8333333333333334,0.0684931506849315,0.880395665000029,144,700
RELATIVE_A,20,200,1.0,123,A3_THERMAL_ABNORMALITY,mild,pooled,97.5,0.5592583111234746,0.49421965317919075,0.027142857142857142,0.051459524526030684,0.027777777777777776,0.6054236875451492,0.6524900793650794,0.8260869565217391,0.05255878284923928,0.880395665000029,144,700
RELATIVE_A,20,200,1.0,123,A3_THERMAL_ABNORMALITY,mild,pooled,99.0,0.6107936201425578,0.4067796610169491,0.014285714285714285,0.027602070155261643,0.020833333333333332,0.6054236875451492,0.6524900793650794,0.7692307692307693,0.028050490883590466,0.880395665000029,144,700
RELATIVE_A,20,200,1.0,123,A3_THERMAL_ABNORMALITY,moderate,pooled,95.0,0.5500405046890973,0.7046911913601079,0.08285714285714285,0.14827965770692042,0.034722222222222224,0.748644653649561,0.8248412698412699,0.9206349206349206,0.15203145478374835,0.933922059062909,144,700
RELATIVE_A,20,200,1.0,123,A3_THERMAL_ABNORMALITY,moderate,pooled,97.5,0.5592583111234746,0.6220302375809935,0.045714285714285714,0.08516930356350731,0.027777777777777776,0.748644653649561,0.8248412698412699,0.8888888888888888,0.08695652173913045,0.933922059062909,144,700
RELATIVE_A,20,200,1.0,123,A3_THERMAL_ABNORMALITY,moderate,pooled,99.0,0.6107936201425578,0.4067796610169491,0.014285714285714285,0.027602070155261643,0.020833333333333332,0.748644653649561,0.8248412698412699,0.7692307692307693,0.028050490883590466,0.933922059062909,144,700
RELATIVE_A,20,200,1.0,123,A3_THERMAL_ABNORMALITY,strong,pooled,95.0,0.5500405046890973,0.8075654277545634,0.1457142857142857,0.24688203852489327,0.034722222222222224,0.8239345622446953,0.8959623015873016,0.9532710280373832,0.2527881040892193,0.9566434986334336,144,700
RELATIVE_A,20,200,1.0,123,A3_THERMAL_ABNORMALITY,strong,pooled,97.5,0.5592583111234746,0.735249621785174,0.07714285714285714,0.13963510989800315,0.027777777777777776,0.8239345622446953,0.8959623015873016,0.9310344827586207,0.1424802110817942,0.9566434986334336,144,700
RELATIVE_A,20,200,1.0,123,A3_THERMAL_ABNORMALITY,strong,pooled,99.0,0.6107936201425578,0.4299674267100977,0.015714285714285715,0.03032043183645343,0.020833333333333332,0.8239345622446953,0.8959623015873016,0.7857142857142857,0.030812324929971994,0.9566434986334336,144,700
RELATIVE_A,20,200,1.0,123,A4_SENSOR_DRIFT,mild,pooled,95.0,0.5500405046890973,0.5119305856832972,0.03641975308641975,0.06800172885751332,0.034722222222222224,0.5908918175077368,0.6234846536351166,0.9725274725274725,0.07021023403411344,0.9794650537276834,144,4860
RELATIVE_A,20,200,1.0,123,A4_SENSOR_DRIFT,mild,pooled,97.5,0.5592583111234746,0.5195729537366548,0.030041152263374487,0.05679828827076445,0.027777777777777776,0.5908918175077368,0.6234846536351166,0.9733333333333334,0.058283433133732535,0.9794650537276834,144,4860
RELATIVE_A,20,200,1.0,123,A4_SENSOR_DRIFT,mild,pooled,99.0,0.6107936201425578,0.40875912408759124,0.01440329218106996,0.02782608695652174,0.020833333333333332,0.5908918175077368,0.6234846536351166,0.958904109589041,0.028380295965943648,0.9794650537276834,144,4860
RELATIVE_A,20,200,1.0,123,A4_SENSOR_DRIFT,mild,mean_temp_c_-1,95.0,0.5500405046890973,0.44626743232157506,0.027983539094650206,0.0526646981944915,0.034722222222222224,0.48207672858033185,0.47579446730681296,0.8717948717948718,0.05422647527910686,0.8865602072159258,144,1215
RELATIVE_A,20,200,1.0,123,A4_SENSOR_DRIFT,mild,mean_temp_c_-1,97.5,0.5592583111234746,0.425531914893617,0.0205761316872428,0.03925417075564279,0.027777777777777776,0.48207672858033185,0.47579446730681296,0.8620689655172413,0.04019292604501608,0.8865602072159258,144,1215
RELATIVE_A,20,200,1.0,123,A4_SENSOR_DRIFT,mild,mean_temp_c_-1,99.0,0.6107936201425578,0.372093023255814,0.012345679012345678,0.023898431665421955,0.020833333333333332,0.48207672858033185,0.47579446730681296,0.8333333333333334,0.024330900243309004,0.8865602072159258,144,1215
RELATIVE_A,20,200,1.0,123,A4_SENSOR_DRIFT,mild,mean_temp_c_1,95.0,0.5500405046890973,0.47388932190179267,0.031275720164609055,0.058678762727404334,0.034722222222222224,0.5090834897409453,0.5198788294467307,0.8837209302325582,0.06041335453100159,0.8966898516684467,144,1215
RELATIVE_A,20,200,1.0,123,A4_SENSOR_DRIFT,mild,mean_temp_c_1,97.5,0.5592583111234746,0.5161290322580645,0.02962962962962963,0.056042031523642725,0.027777777777777776,0.5090834897409453,0.5198788294467307,0.9,0.05737051792828685,0.8966898516684467,144,1215
RELATIVE_A,20,200,1.0,123,A4_SENSOR_DRIFT,mild,mean_temp_c_1,99.0,0.6107936201425578,0.3872919818456883,0.01316872427983539,0.025471369583602802,0.020833333333333332,0.5090834897409453,0.5198788294467307,0.8421052631578947,0.02593192868719611,0.8966898516684467,144,1215
RELATIVE_A,20,200,1.0,123,A4_SENSOR_DRIFT,mild,mean_voltage_v_-1,95.0,0.5500405046890973,0.5989304812834224,0.05185185185185185,0.09544098849595228,0.034722222222222224,0.6967521418184635,0.7612711476909008,0.9264705882352942,0.09820732657833205,0.9494756458096298,144,1215
RELATIVE_A,20,200,1.0,123,A4_SENSOR_DRIFT,mild,mean_voltage_v_-1,97.5,0.5592583111234746,0.6017699115044248,0.04197530864197531,0.07847663012117716,0.027777777777777776,0.6967521418184635,0.7612711476909008,0.9272727272727272,0.08031496062992126,0.9494756458096298,144,1215
RELATIVE_A,20,200,1.0,123,A4_SENSOR_DRIFT,mild,mean_voltage_v_-1,99.0,0.6107936201425578,0.4760672703751617,0.018930041152263374,0.036412209963884626,0.020833333333333332,0.6967521418184635,0.7612711476909008,0.8846153846153846,0.0370668815471394,0.9494756458096298,144,1215
RELATIVE_A,20,200,1.0,123,A4_SENSOR_DRIFT,mild,mean_voltage_v_1,95.0,0.5500405046890973,0.49888641425389757,0.0345679012345679,0.06465579448693895,0.034722222222222224,0.6636611470861153,0.7369941700960219,0.8936170212765957,0.06656101426307448,0.9418722060282547,144,1215
RELATIVE_A,20,200,1.0,123,A4_SENSOR_DRIFT,mild,mean_voltage_v_1,97.5,0.5592583111234746,0.5018450184501845,0.027983539094650206,0.053011108945624635,0.027777777777777776,0.6636611470861153,0.7369941700960219,0.8947368421052632,0.054269752593774936,0.9418722060282547,144,1215
RELATIVE_A,20,200,1.0,123,A4_SENSOR_DRIFT,mild,mean_voltage_v_1,99.0,0.6107936201425578,0.3872919818456883,0.01316872427983539,0.025471369583602802,0.020833333333333332,0.6636611470861153,0.7369941700960219,0.8421052631578947,0.02593192868719611,0.9418722060282547,144,1215
RELATIVE_A,20,200,1.0,123,A4_SENSOR_DRIFT,moderate,pooled,95.0,0.5500405046890973,0.5532759761747188,0.04300411522633745,0.07980525989212926,0.034722222222222224,0.6241318616870959,0.6687092764060357,0.9766355140186916,0.08238076468269609,0.9820032532529689,144,4860
RELATIVE_A,20,200,1.0,123,A4_SENSOR_DRIFT,moderate,pooled,97.5,0.5592583111234746,0.55,0.033950617283950615,0.06395348837209301,0.027777777777777776,0.6241318616870959,0.6687092764060357,0.9763313609467456,0.06561940743686616,0.9820032532529689,144,4860
RELATIVE_A,20,200,1.0,123,A4_SENSOR_DRIFT,moderate,pooled,99.0,0.6107936201425578,0.41219158200290273,0.014609053497942387,0.02821799393909285,0.020833333333333332,0.6241318616870959,0.6687092764060357,0.9594594594594594,0.028779894608836645,0.9820032532529689,144,4860
RELATIVE_A,20,200,1.0,123,A4_SENSOR_DRIFT,moderate,mean_temp_c_-1,95.0,0.5500405046890973,0.44626743232157506,0.027983539094650206,0.0526646981944915,0.034722222222222224,0.49978699499442336,0.5010059442158207,0.8717948717948718,0.05422647527910686,0.8933425546165517,144,1215
RELATIVE_A,20,200,1.0,123,A4_SENSOR_DRIFT,moderate,mean_temp_c_-1,97.5,0.5592583111234746,0.4351464435146444,0.02139917695473251,0.04079231221808198,0.027777777777777776,0.49978699499442336,0.5010059442158207,0.8666666666666667,0.04176706827309237,0.8933425546165517,144,1215
RELATIVE_A,20,200,1.0,123,A4_SENSOR_DRIFT,moderate,mean_temp_c_-1,99.0,0.6107936201425578,0.372093023255814,0.012345679012345678,0.023898431665421955,0.020833333333333332,0.49978699499442336,0.5010059442158207,0.8333333333333334,0.024330900243309004,0.8933425546165517,144,1215
RELATIVE_A,20,200,1.0,123,A4_SENSOR_DRIFT,moderate,mean_temp_c_1,95.0,0.5500405046890973,0.4866920152091255,0.03292181069958848,0.06167188629245965,0.034722222222222224,0.5423187039109576,0.5720564700502972,0.8888888888888888,0.0634920634920635,0.9084236496249899,144,1215
RELATIVE_A,20,200,1.0,123,A4_SENSOR_DRIFT,moderate,mean_temp_c_1,97.5,0.5592583111234746,0.5360824742268041,0.03209876543209877,0.060570762958648806,0.027777777777777776,0.5423187039109576,0.5720564700502972,0.9069767441860465,0.06200317965023848,0.9084236496249899,144,1215
RELATIVE_A,20,200,1.0,123,A4_SENSOR_DRIFT,moderate,mean_temp_c_1,99.0,0.6107936201425578,0.3872919818456883,0.01316872427983539,0.025471369583602802,0.020833333333333332,0.5423187039109576,0.5720564700502972,0.8421052631578947,0.02593192868719611,0.9084236496249899,144,1215
RELATIVE_A,20,200,1.0,123,A4_SENSOR_DRIFT,moderate,mean_voltage_v_-1,95.0,0.5500405046890973,0.6856078248719143,0.0757201646090535,0.13637837587436882,0.034722222222222224,0.7475589693588143,0.8240912208504801,0.9484536082474226,0.14024390243902438,0.9606694184771889,144,1215
RELATIVE_A,20,200,1.0,123,A4_SENSOR_DRIFT,moderate,mean_voltage_v_-1,97.5,0.5592583111234746,0.6616541353383458,0.05432098765432099,0.10039931545921278,0.027777777777777776,0.7475589693588143,0.8240912208504801,0.9428571428571428,0.10272373540856031,0.9606694184771889,144,1215
RELATIVE_A,20,200,1.0,123,A4_SENSOR_DRIFT,moderate,mean_voltage_v_-1,99.0,0.6107936201425578,0.4866920152091255,0.019753086419753086,0.03796529734539523,0.020833333333333332,0.7475589693588143,0.8240912208504801,0.8888888888888888,0.03864734299516908,0.9606694184771889,144,1215
RELATIVE_A,20,200,1.0,123,A4_SENSOR_DRIFT,moderate,mean_voltage_v_1,95.0,0.5500405046890973,0.5047688921496698,0.03539094650205761,0.06614430610969571,0.034722222222222224,0.6892115623381564,0.7776834705075445,0.8958333333333334,0.06809184481393506,0.9480219283782562,144,1215
RELATIVE_A,20,200,1.0,123,A4_SENSOR_DRIFT,moderate,mean_voltage_v_1,97.5,0.5592583111234746,0.5018450184501845,0.027983539094650206,0.053011108945624635,0.027777777777777776,0.6892115623381564,0.7776834705075445,0.8947368421052632,0.054269752593774936,0.9480219283782562,144,1215
RELATIVE_A,20,200,1.0,123,A4_SENSOR_DRIFT,moderate,mean_voltage_v_1,99.0,0.6107936201425578,0.3872919818456883,0.01316872427983539,0.025471369583602802,0.020833333333333332,0.6892115623381564,0.7776834705075445,0.8421052631578947,0.02593192868719611,0.9480219283782562,144,1215
RELATIVE_A,20,200,1.0,123,A4_SENSOR_DRIFT,strong,pooled,95.0,0.5500405046890973,0.5681381957773511,0.04567901234567901,0.0845593486644765,0.034722222222222224,0.6485613601895986,0.7046846422039325,0.9779735682819384,0.087281305287989,0.9837500773062735,144,4860
RELATIVE_A,20,200,1.0,123,A4_SENSOR_DRIFT,strong,pooled,97.5,0.5592583111234746,0.5659163987138263,0.03621399176954732,0.06807193966350802,0.027777777777777776,0.6485613601895986,0.7046846422039325,0.9777777777777777,0.06984126984126983,0.9837500773062735,144,4860
RELATIVE_A,20,200,1.0,123,A4_SENSOR_DRIFT,strong,pooled,99.0,0.6107936201425578,0.4189383070301292,0.015020576131687243,0.029001340815414414,0.020833333333333332,0.6485613601895986,0.7046846422039325,0.9605263157894737,0.02957860615883306,0.9837500773062735,144,4860
RELATIVE_A,20,200,1.0,123,A4_SENSOR_DRIFT,strong,mean_temp_c_-1,95.0,0.5500405046890973,0.44626743232157506,0.027983539094650206,0.0526646981944915,0.034722222222222224,0.5293532106694749,0.5472822359396433,0.8717948717948718,0.05422647527910686,0.903857778436623,144,1215
RELATIVE_A,20,200,1.0,123,A4_SENSOR_DRIFT,strong,mean_temp_c_-1,97.5,0.5592583111234746,0.4444444444444444,0.022222222222222223,0.04232804232804233,0.027777777777777776,0.5293532106694749,0.5472822359396433,0.8709677419354839,0.04333868378812199,0.903857778436623,144,1215
RELATIVE_A,20,200,1.0,123,A4_SENSOR_DRIFT,strong,mean_temp_c_-1,99.0,0.6107936201425578,0.3872919818456883,0.01316872427983539,0.025471369583602802,0.020833333333333332,0.5293532106694749,0.5472822359396433,0.8421052631578947,0.02593192868719611,0.903857778436623,144,1215
RELATIVE_A,20,200,1.0,123,A4_SENSOR_DRIFT,strong,mean_temp_c_1,95.0,0.5500405046890973,0.510514865844815,0.03621399176954732,0.06763052980450548,0.034722222222222224,0.5897048886338981,0.6370056012802927,0.8979591836734694,0.06962025316455696,0.9230198959582319,144,1215
RELATIVE_A,20,200,1.0,123,A4_SENSOR_DRIFT,strong,mean_temp_c_1,97.5,0.5592583111234746,0.5360824742268041,0.03209876543209877,0.060570762958648806,0.027777777777777776,0.5897048886338981,0.6370056012802927,0.9069767441860465,0.06200317965023848,0.9230198959582319,144,1215
RELATIVE_A,20,200,1.0,123,A4_SENSOR_DRIFT,strong,mean_temp_c_1,99.0,0.6107936201425578,0.3872919818456883,0.01316872427983539,0.025471369583602802,0.020833333333333332,0.5897048886338981,0.6370056012802927,0.8421052631578947,0.02593192868719611,0.9230198959582319,144,1215
RELATIVE_A,20,200,1.0,123,A4_SENSOR_DRIFT,strong,mean_voltage_v_-1,95.0,0.5500405046890973,0.7053688345700567,0.0831275720164609,0.14872762413142512,0.034722222222222224,0.7626168291300346,0.8427640603566529,0.9528301886792453,0.1529144587433762,0.9638060632197312,144,1215
RELATIVE_A,20,200,1.0,123,A4_SENSOR_DRIFT,strong,mean_voltage_v_-1,97.5,0.5592583111234746,0.6924829157175398,0.06255144032921811,0.11473862993017551,0.027777777777777776,0.7626168291300346,0.8427640603566529,0.95,0.11737451737451736,0.9638060632197312,144,1215
RELATIVE_A,20,200,1.0,123,A4_SENSOR_DRIFT,strong,mean_voltage_v_-1,99.0,0.6107936201425578,0.4968944099378882,0.0205761316872428,0.0395159298592245,0.020833333333333332,0.7626168291300346,0.8427640603566529,0.8928571428571429,0.04022526146419952,0.9638060632197312,144,1215
RELATIVE_A,20,200,1.0,123,A4_SENSOR_DRIFT,strong,mean_voltage_v_1,95.0,0.5500405046890973,0.5047688921496698,0.03539094650205761,0.06614430610969571,0.034722222222222224,0.6981491625319916,0.7916866712391404,0.8958333333333334,0.06809184481393506,0.9500932596286797,144,1215
RELATIVE_A,20,200,1.0,123,A4_SENSOR_DRIFT,strong,mean_voltage_v_1,97.5,0.5592583111234746,0.5018450184501845,0.027983539094650206,0.053011108945624635,0.027777777777777776,0.6981491625319916,0.7916866712391404,0.8947368421052632,0.054269752593774936,0.9500932596286797,144,1215
RELATIVE_A,20,200,1.0,123,A4_SENSOR_DRIFT,strong,mean_voltage_v_1,99.0,0.6107936201425578,0.3872919818456883,0.01316872427983539,0.025471369583602802,0.020833333333333332,0.6981491625319916,0.7916866712391404,0.8421052631578947,0.02593192868719611,0.9500932596286797,144,1215
RELATIVE_A,20,200,1.0,2026,A1_ACCELERATED_DEGRADATION,mild,pooled,95.0,0.5743841757741424,0.5090909090909091,0.02880658436213992,0.054527750730282376,0.027777777777777776,0.47103094169641996,0.45497613740283493,0.9722222222222222,0.055955235811350916,0.9673144570244788,144,4860
RELATIVE_A,20,200,1.0,2026,A1_ACCELERATED_DEGRADATION,mild,pooled,97.5,0.5868496170406153,0.372093023255814,0.01646090534979424,0.03152709359605912,0.027777777777777776,0.47103094169641996,0.45497613740283493,0.9523809523809523,0.03236245954692557,0.9673144570244788,144,4860
RELATIVE_A,20,200,1.0,2026,A1_ACCELERATED_DEGRADATION,mild,pooled,99.0,0.6237491385429648,0.014598540145985403,0.00020576131687242798,0.0004058029826519225,0.013888888888888888,0.47103094169641996,0.45497613740283493,0.3333333333333333,0.0004112687641373637,0.9673144570244788,144,4860
RELATIVE_A,20,200,1.0,2026,A1_ACCELERATED_DEGRADATION,moderate,pooled,95.0,0.5743841757741424,0.5178571428571428,0.029835390946502057,0.05642023346303503,0.027777777777777776,0.47485118499877593,0.4590977937814357,0.9731543624161074,0.05789578758235177,0.9675657556615356,144,4860
RELATIVE_A,20,200,1.0,2026,A1_ACCELERATED_DEGRADATION,moderate,pooled,97.5,0.5868496170406153,0.3691588785046729,0.01625514403292181,0.031139140717382732,0.027777777777777776,0.47485118499877593,0.4590977937814357,0.9518072289156626,0.03196439409265628,0.9675657556615356,144,4860
RELATIVE_A,20,200,1.0,2026,A1_ACCELERATED_DEGRADATION,moderate,pooled,99.0,0.6237491385429648,0.014598540145985403,0.00020576131687242798,0.0004058029826519225,0.013888888888888888,0.47485118499877593,0.4590977937814357,0.3333333333333333,0.0004112687641373637,0.9675657556615356,144,4860
RELATIVE_A,20,200,1.0,2026,A1_ACCELERATED_DEGRADATION,strong,pooled,95.0,0.5743841757741424,0.5178571428571428,0.029835390946502057,0.05642023346303503,0.027777777777777776,0.48327626341841523,0.47121627800640153,0.9731543624161074,0.05789578758235177,0.9685022748927736,144,4860
RELATIVE_A,20,200,1.0,2026,A1_ACCELERATED_DEGRADATION,strong,pooled,97.5,0.5868496170406153,0.35714285714285715,0.015432098765432098,0.029585798816568042,0.027777777777777776,0.48327626341841523,0.47121627800640153,0.9493670886075949,0.030370520348248633,0.9685022748927736,144,4860
RELATIVE_A,20,200,1.0,2026,A1_ACCELERATED_DEGRADATION,strong,pooled,99.0,0.6237491385429648,0.014598540145985403,0.00020576131687242798,0.0004058029826519225,0.013888888888888888,0.48327626341841523,0.47121627800640153,0.3333333333333333,0.0004112687641373637,0.9685022748927736,144,4860
RELATIVE_A,20,200,1.0,2026,A2_EARLY_VOLTAGE_COLLAPSE,mild,pooled,95.0,0.5743841757741424,0.8681235870384326,0.18285714285714286,0.30208469909531926,0.027777777777777776,0.8822410958056118,0.9538392857142858,0.9696969696969697,0.3076923076923077,0.9714610027032675,144,700
RELATIVE_A,20,200,1.0,2026,A2_EARLY_VOLTAGE_COLLAPSE,mild,pooled,97.5,0.5868496170406153,0.7641509433962265,0.09,0.1610337972166998,0.027777777777777776,0.8822410958056118,0.9538392857142858,0.9402985074626866,0.16427640156453713,0.9714610027032675,144,700
RELATIVE_A,20,200,1.0,2026,A2_EARLY_VOLTAGE_COLLAPSE,mild,pooled,99.0,0.6237491385429648,0.5308310991957105,0.015714285714285715,0.030524936406382493,0.013888888888888888,0.8822410958056118,0.9538392857142858,0.8461538461538461,0.03085553997194951,0.9714610027032675,144,700
RELATIVE_A,20,200,1.0,2026,A2_EARLY_VOLTAGE_COLLAPSE,moderate,pooled,95.0,0.5743841757741424,0.8690119760479041,0.18428571428571427,0.30408590885280246,0.027777777777777776,0.8830281033934886,0.9541170634920635,0.9699248120300752,0.3097238895558223,0.9716828498715344,144,700
RELATIVE_A,20,200,1.0,2026,A2_EARLY_VOLTAGE_COLLAPSE,moderate,pooled,97.5,0.5868496170406153,0.7669773635153129,0.09142857142857143,0.16338108069777338,0.027777777777777776,0.8830281033934886,0.9541170634920635,0.9411764705882353,0.16666666666666669,0.9716828498715344,144,700
RELATIVE_A,20,200,1.0,2026,A2_EARLY_VOLTAGE_COLLAPSE,moderate,pooled,99.0,0.6237491385429648,0.5308310991957105,0.015714285714285715,0.030524936406382493,0.013888888888888888,0.8830281033934886,0.9541170634920635,0.8461538461538461,0.03085553997194951,0.9716828498715344,144,700
RELATIVE_A,20,200,1.0,2026,A2_EARLY_VOLTAGE_COLLAPSE,strong,pooled,95.0,0.5743841757741424,0.8690119760479041,0.18428571428571427,0.30408590885280246,0.027777777777777776,0.8830281033934886,0.9541170634920635,0.9699248120300752,0.3097238895558223,0.9716828498715344,144,700
RELATIVE_A,20,200,1.0,2026,A2_EARLY_VOLTAGE_COLLAPSE,strong,pooled,97.5,0.5868496170406153,0.7669773635153129,0.09142857142857143,0.16338108069777338,0.027777777777777776,0.8830281033934886,0.9541170634920635,0.9411764705882353,0.16666666666666669,0.9716828498715344,144,700
RELATIVE_A,20,200,1.0,2026,A2_EARLY_VOLTAGE_COLLAPSE,strong,pooled,99.0,0.6237491385429648,0.5308310991957105,0.015714285714285715,0.030524936406382493,0.013888888888888888,0.8830281033934886,0.9541170634920635,0.8461538461538461,0.03085553997194951,0.9716828498715344,144,700
RELATIVE_A,20,200,1.0,2026,A3_THERMAL_ABNORMALITY,mild,pooled,95.0,0.5743841757741424,0.43548387096774194,0.02142857142857143,0.04084720121028745,0.027777777777777776,0.6015562162483012,0.6571527777777777,0.7894736842105263,0.041724617524339355,0.8783566860919374,144,700
RELATIVE_A,20,200,1.0,2026,A3_THERMAL_ABNORMALITY,mild,pooled,97.5,0.5868496170406153,0.43548387096774194,0.02142857142857143,0.04084720121028745,0.027777777777777776,0.6015562162483012,0.6571527777777777,0.7894736842105263,0.041724617524339355,0.8783566860919374,144,700
RELATIVE_A,20,200,1.0,2026,A3_THERMAL_ABNORMALITY,mild,pooled,99.0,0.6237491385429648,0.5308310991957105,0.015714285714285715,0.030524936406382493,0.013888888888888888,0.6015562162483012,0.6571527777777777,0.8461538461538461,0.03085553997194951,0.8783566860919374,144,700
RELATIVE_A,20,200,1.0,2026,A3_THERMAL_ABNORMALITY,moderate,pooled,95.0,0.5743841757741424,0.5986238532110092,0.041428571428571426,0.07749406175771971,0.027777777777777776,0.7389345923363431,0.828045634920635,0.8787878787878788,0.07912687585266029,0.9306819910633967,144,700
RELATIVE_A,20,200,1.0,2026,A3_THERMAL_ABNORMALITY,moderate,pooled,97.5,0.5868496170406153,0.41860465116279066,0.02,0.03817603393425238,0.027777777777777776,0.7389345923363431,0.828045634920635,0.7777777777777778,0.03899721448467967,0.9306819910633967,144,700
RELATIVE_A,20,200,1.0,2026,A3_THERMAL_ABNORMALITY,moderate,pooled,99.0,0.6237491385429648,0.5070422535211268,0.014285714285714285,0.027788498649170205,0.013888888888888888,0.7389345923363431,0.828045634920635,0.8333333333333334,0.028089887640449437,0.9306819910633967,144,700
RELATIVE_A,20,200,1.0,2026,A3_THERMAL_ABNORMALITY,strong,pooled,95.0,0.5743841757741424,0.6886120996441282,0.06142857142857143,0.11279510346837658,0.027777777777777776,0.8107357889740683,0.8944444444444445,0.9148936170212766,0.11512717536813923,0.9527313469447032,144,700
RELATIVE_A,20,200,1.0,2026,A3_THERMAL_ABNORMALITY,strong,pooled,97.5,0.5868496170406153,0.6220302375809935,0.045714285714285714,0.08516930356350731,0.027777777777777776,0.8107357889740683,0.8944444444444445,0.8888888888888888,0.08695652173913045,0.9527313469447032,144,700
RELATIVE_A,20,200,1.0,2026,A3_THERMAL_ABNORMALITY,strong,pooled,99.0,0.6237491385429648,0.5308310991957105,0.015714285714285715,0.030524936406382493,0.013888888888888888,0.8107357889740683,0.8944444444444445,0.8461538461538461,0.03085553997194951,0.9527313469447032,144,700
RELATIVE_A,20,200,1.0,2026,A4_SENSOR_DRIFT,mild,pooled,95.0,0.5743841757741424,0.5178571428571428,0.029835390946502057,0.05642023346303503,0.027777777777777776,0.5903880706936184,0.6287594307270233,0.9731543624161074,0.05789578758235177,0.9793222250127526,144,4860
RELATIVE_A,20,200,1.0,2026,A4_SENSOR_DRIFT,mild,pooled,97.5,0.5868496170406153,0.49056603773584906,0.026748971193415638,0.05073170731707317,0.027777777777777776,0.5903880706936184,0.6287594307270233,0.9701492537313433,0.052062474969963954,0.9793222250127526,144,4860
RELATIVE_A,20,200,1.0,2026,A4_SENSOR_DRIFT,mild,pooled,99.0,0.6237491385429648,0.4351464435146444,0.010699588477366255,0.020885631087458584,0.013888888888888888,0.5903880706936184,0.6287594307270233,0.9629629629629629,0.021164021164021163,0.9793222250127526,144,4860
RELATIVE_A,20,200,1.0,2026,A4_SENSOR_DRIFT,mild,mean_temp_c_-1,95.0,0.5743841757741424,0.425531914893617,0.0205761316872428,0.03925417075564279,0.027777777777777776,0.47681229885298276,0.4676897576588934,0.8620689655172413,0.04019292604501608,0.8842069617587621,144,1215
RELATIVE_A,20,200,1.0,2026,A4_SENSOR_DRIFT,mild,mean_temp_c_-1,97.5,0.5868496170406153,0.425531914893617,0.0205761316872428,0.03925417075564279,0.027777777777777776,0.47681229885298276,0.4676897576588934,0.8620689655172413,0.04019292604501608,0.8842069617587621,144,1215
RELATIVE_A,20,200,1.0,2026,A4_SENSOR_DRIFT,mild,mean_temp_c_-1,99.0,0.6237491385429648,0.372093023255814,0.00823045267489712,0.01610468042274786,0.013888888888888888,0.47681229885298276,0.4676897576588934,0.8333333333333334,0.0162999185004075,0.8842069617587621,144,1215
RELATIVE_A,20,200,1.0,2026,A4_SENSOR_DRIFT,mild,mean_temp_c_1,95.0,0.5743841757741424,0.5161290322580645,0.02962962962962963,0.056042031523642725,0.027777777777777776,0.5120506889178177,0.5261059670781894,0.9,0.05737051792828685,0.8977715665298378,144,1215
RELATIVE_A,20,200,1.0,2026,A4_SENSOR_DRIFT,mild,mean_temp_c_1,97.5,0.5868496170406153,0.4444444444444444,0.022222222222222223,0.04232804232804233,0.027777777777777776,0.5120506889178177,0.5261059670781894,0.8709677419354839,0.04333868378812199,0.8977715665298378,144,1215
RELATIVE_A,20,200,1.0,2026,A4_SENSOR_DRIFT,mild,mean_temp_c_1,99.0,0.6237491385429648,0.4351464435146444,0.010699588477366255,0.020885631087458584,0.013888888888888888,0.5120506889178177,0.5261059670781894,0.8666666666666667,0.02113821138211382,0.8977715665298378,144,1215
RELATIVE_A,20,200,1.0,2026,A4_SENSOR_DRIFT,mild,mean_voltage_v_-1,95.0,0.5743841757741424,0.5544554455445544,0.0345679012345679,0.06507844276583381,0.027777777777777776,0.6889398325927886,0.776457475994513,0.9130434782608695,0.06661379857256144,0.9464688229409939,144,1215
RELATIVE_A,20,200,1.0,2026,A4_SENSOR_DRIFT,mild,mean_voltage_v_-1,97.5,0.5868496170406153,0.5161290322580645,0.02962962962962963,0.056042031523642725,0.027777777777777776,0.6889398325927886,0.776457475994513,0.9,0.05737051792828685,0.9464688229409939,144,1215
RELATIVE_A,20,200,1.0,2026,A4_SENSOR_DRIFT,mild,mean_voltage_v_-1,99.0,0.6237491385429648,0.45344129554655876,0.011522633744855968,0.02247416474365406,0.013888888888888888,0.6889398325927886,0.776457475994513,0.875,0.022745735174654752,0.9464688229409939,144,1215
RELATIVE_A,20,200,1.0,2026,A4_SENSOR_DRIFT,mild,mean_voltage_v_1,95.0,0.5743841757741424,0.5544554455445544,0.0345679012345679,0.06507844276583381,0.027777777777777776,0.6711643759526909,0.7447845221764975,0.9130434782608695,0.06661379857256144,0.9434816746930388,144,1215
RELATIVE_A,20,200,1.0,2026,A4_SENSOR_DRIFT,mild,mean_voltage_v_1,97.5,0.5868496170406153,0.5544554455445544,0.0345679012345679,0.06507844276583381,0.027777777777777776,0.6711643759526909,0.7447845221764975,0.9130434782608695,0.06661379857256144,0.9434816746930388,144,1215
RELATIVE_A,20,200,1.0,2026,A4_SENSOR_DRIFT,mild,mean_voltage_v_1,99.0,0.6237491385429648,0.47058823529411764,0.012345679012345678,0.02406015037593985,0.013888888888888888,0.6711643759526909,0.7447845221764975,0.8823529411764706,0.02435064935064935,0.9434816746930388,144,1215
RELATIVE_A,20,200,1.0,2026,A4_SENSOR_DRIFT,moderate,pooled,95.0,0.5743841757741424,0.5454545454545454,0.03333333333333333,0.06282722513089005,0.027777777777777776,0.6249348958963603,0.6767782636031093,0.9759036144578314,0.06446478312773576,0.981942551655483,144,4860
RELATIVE_A,20,200,1.0,2026,A4_SENSOR_DRIFT,moderate,pooled,97.5,0.5868496170406153,0.5090909090909091,0.02880658436213992,0.054527750730282376,0.027777777777777776,0.6249348958963603,0.6767782636031093,0.9722222222222222,0.055955235811350916,0.981942551655483,144,4860
RELATIVE_A,20,200,1.0,2026,A4_SENSOR_DRIFT,moderate,pooled,99.0,0.6237491385429648,0.47058823529411764,0.012345679012345678,0.02406015037593985,0.013888888888888888,0.6249348958963603,0.6767782636031093,0.967741935483871,0.024380333197887034,0.981942551655483,144,4860
RELATIVE_A,20,200,1.0,2026,A4_SENSOR_DRIFT,moderate,mean_temp_c_-1,95.0,0.5743841757741424,0.425531914893617,0.0205761316872428,0.03925417075564279,0.027777777777777776,0.4945133798616906,0.4920639003200732,0.8620689655172413,0.04019292604501608,0.8910318493215013,144,1215
RELATIVE_A,20,200,1.0,2026,A4_SENSOR_DRIFT,moderate,mean_temp_c_-1,97.5,0.5868496170406153,0.3946188340807175,0.01810699588477366,0.03462522132598859,0.027777777777777776,0.4945133798616906,0.4920639003200732,0.8461538461538461,0.0354552780016116,0.8910318493215013,144,1215
RELATIVE_A,20,200,1.0,2026,A4_SENSOR_DRIFT,moderate,mean_temp_c_-1,99.0,0.6237491385429648,0.4155844155844156,0.009876543209876543,0.01929454326198372,0.013888888888888888,0.4945133798616906,0.4920639003200732,0.8571428571428571,0.01952807160292921,0.8910318493215013,144,1215
RELATIVE_A,20,200,1.0,2026,A4_SENSOR_DRIFT,moderate,mean_temp_c_1,95.0,0.5743841757741424,0.5423728813559322,0.03292181069958848,0.062075654704170716,0.027777777777777776,0.5523261105849182,0.5897033607681756,0.9090909090909091,0.0635424940428912,0.9116271134926048,144,1215
RELATIVE_A,20,200,1.0,2026,A4_SENSOR_DRIFT,moderate,mean_temp_c_1,97.5,0.5868496170406153,0.46215139442231074,0.023868312757201648,0.045392291136763845,0.027777777777777776,0.5523261105849182,0.5897033607681756,0.8787878787878788,0.046474358974358976,0.9116271134926048,144,1215
RELATIVE_A,20,200,1.0,2026,A4_SENSOR_DRIFT,moderate,mean_temp_c_1,99.0,0.6237491385429648,0.4866920152091255,0.01316872427983539,0.025643594109986977,0.013888888888888888,0.5523261105849182,0.5897033607681756,0.8888888888888888,0.025952960259529603,0.9116271134926048,144,1215
RELATIVE_A,20,200,1.0,2026,A4_SENSOR_DRIFT,moderate,mean_voltage_v_-1,95.0,0.5743841757741424,0.6153846153846154,0.044444444444444446,0.0829015544041451,0.027777777777777776,0.7361299015512844,0.8332475994513031,0.9310344827586207,0.08483896307934015,0.9577983176652077,144,1215
RELATIVE_A,20,200,1.0,2026,A4_SENSOR_DRIFT,moderate,mean_voltage_v_-1,97.5,0.5868496170406153,0.5768025078369906,0.03786008230452675,0.07105618845336938,0.027777777777777776,0.7361299015512844,0.8332475994513031,0.92,0.07272727272727272,0.9577983176652077,144,1215
RELATIVE_A,20,200,1.0,2026,A4_SENSOR_DRIFT,moderate,mean_voltage_v_-1,99.0,0.6237491385429648,0.4866920152091255,0.01316872427983539,0.025643594109986977,0.013888888888888888,0.7361299015512844,0.8332475994513031,0.8888888888888888,0.025952960259529603,0.9577983176652077,144,1215
RELATIVE_A,20,200,1.0,2026,A4_SENSOR_DRIFT,moderate,mean_voltage_v_1,95.0,0.5743841757741424,0.5602605863192183,0.03539094650205761,0.06657634991290884,0.027777777777777776,0.7005082616749383,0.7920981938728852,0.9148936170212766,0.0681458003169572,0.9504644787317226,144,1215
RELATIVE_A,20,200,1.0,2026,A4_SENSOR_DRIFT,moderate,mean_voltage_v_1,97.5,0.5868496170406153,0.5602605863192183,0.03539094650205761,0.06657634991290884,0.027777777777777776,0.7005082616749383,0.7920981938728852,0.9148936170212766,0.0681458003169572,0.9504644787317226,144,1215
RELATIVE_A,20,200,1.0,2026,A4_SENSOR_DRIFT,moderate,mean_voltage_v_1,99.0,0.6237491385429648,0.4866920152091255,0.01316872427983539,0.025643594109986977,0.013888888888888888,0.7005082616749383,0.7920981938728852,0.8888888888888888,0.025952960259529603,0.9504644787317226,144,1215
RELATIVE_A,20,200,1.0,2026,A4_SENSOR_DRIFT,strong,pooled,95.0,0.5743841757741424,0.5727848101265823,0.037242798353909465,0.06993817619783617,0.027777777777777776,0.6512918686729736,0.7162394261545496,0.9783783783783784,0.0717542120911794,0.9838181000657562,144,4860
RELATIVE_A,20,200,1.0,2026,A4_SENSOR_DRIFT,strong,pooled,97.5,0.5868496170406153,0.5143884892086331,0.0294238683127572,0.05566368236667964,0.027777777777777776,0.6512918686729736,0.7162394261545496,0.9727891156462585,0.05712003195526263,0.9838181000657562,144,4860
RELATIVE_A,20,200,1.0,2026,A4_SENSOR_DRIFT,strong,pooled,99.0,0.6237491385429648,0.47876447876447875,0.012757201646090535,0.02485218959815613,0.013888888888888888,0.6512918686729736,0.7162394261545496,0.96875,0.025182778229082048,0.9838181000657562,144,4860
RELATIVE_A,20,200,1.0,2026,A4_SENSOR_DRIFT,strong,mean_temp_c_-1,95.0,0.5743841757741424,0.5018450184501845,0.027983539094650206,0.053011108945624635,0.027777777777777776,0.5254322768202974,0.5425382944673067,0.8947368421052632,0.054269752593774936,0.9021921853852533,144,1215
RELATIVE_A,20,200,1.0,2026,A4_SENSOR_DRIFT,strong,mean_temp_c_-1,97.5,0.5868496170406153,0.3835616438356164,0.01728395061728395,0.03307737743650325,0.027777777777777776,0.5254322768202974,0.5425382944673067,0.84,0.03387096774193548,0.9021921853852533,144,1215
RELATIVE_A,20,200,1.0,2026,A4_SENSOR_DRIFT,strong,mean_temp_c_-1,99.0,0.6237491385429648,0.45344129554655876,0.011522633744855968,0.02247416474365406,0.013888888888888888,0.5254322768202974,0.5425382944673067,0.875,0.022745735174654752,0.9021921853852533,144,1215
RELATIVE_A,20,200,1.0,2026,A4_SENSOR_DRIFT,strong,mean_temp_c_1,95.0,0.5743841757741424,0.5714285714285714,0.037037037037037035,0.06956521739130435,0.027777777777777776,0.6068134761699749,0.6640832190214906,0.9183673469387755,0.07120253164556961,0.9276054441676176,144,1215
RELATIVE_A,20,200,1.0,2026,A4_SENSOR_DRIFT,strong,mean_temp_c_1,97.5,0.5868496170406153,0.47058823529411764,0.024691358024691357,0.0469208211143695,0.027777777777777776,0.6068134761699749,0.6640832190214906,0.8823529411764706,0.04803843074459567,0.9276054441676176,144,1215
RELATIVE_A,20,200,1.0,2026,A4_SENSOR_DRIFT,strong,mean_temp_c_1,99.0,0.6237491385429648,0.4866920152091255,0.01316872427983539,0.025643594109986977,0.013888888888888888,0.6068134761699749,0.6640832190214906,0.8888888888888888,0.025952960259529603,0.9276054441676176,144,1215
RELATIVE_A,20,200,1.0,2026,A4_SENSOR_DRIFT,strong,mean_voltage_v_-1,95.0,0.5743841757741424,0.6361185983827493,0.048559670781893,0.09023131332441214,0.027777777777777776,0.7492986189440596,0.8493484224965706,0.9365079365079365,0.0923317683881064,0.9606692353802686,144,1215
RELATIVE_A,20,200,1.0,2026,A4_SENSOR_DRIFT,strong,mean_voltage_v_-1,97.5,0.5868496170406153,0.5921450151057402,0.040329218106995884,0.07551531496821423,0.027777777777777776,0.7492986189440596,0.8493484224965706,0.9245283018867925,0.07728706624605677,0.9606692353802686,144,1215
RELATIVE_A,20,200,1.0,2026,A4_SENSOR_DRIFT,strong,mean_voltage_v_-1,99.0,0.6237491385429648,0.4866920152091255,0.01316872427983539,0.025643594109986977,0.013888888888888888,0.7492986189440596,0.8493484224965706,0.8888888888888888,0.025952960259529603,0.9606692353802686,144,1215
RELATIVE_A,20,200,1.0,2026,A4_SENSOR_DRIFT,strong,mean_voltage_v_1,95.0,0.5743841757741424,0.5602605863192183,0.03539094650205761,0.06657634991290884,0.027777777777777776,0.7112208535214712,0.8089877686328303,0.9148936170212766,0.0681458003169572,0.9529085361762577,144,1215
RELATIVE_A,20,200,1.0,2026,A4_SENSOR_DRIFT,strong,mean_voltage_v_1,97.5,0.5868496170406153,0.5602605863192183,0.03539094650205761,0.06657634991290884,0.027777777777777776,0.7112208535214712,0.8089877686328303,0.9148936170212766,0.0681458003169572,0.9529085361762577,144,1215
RELATIVE_A,20,200,1.0,2026,A4_SENSOR_DRIFT,strong,mean_voltage_v_1,99.0,0.6237491385429648,0.4866920152091255,0.01316872427983539,0.025643594109986977,0.013888888888888888,0.7112208535214712,0.8089877686328303,0.8888888888888888,0.025952960259529603,0.9529085361762577,144,1215
RELATIVE_B,20,100,0.75,42,A2_EARLY_VOLTAGE_COLLAPSE,mild,pooled,95.0,0.5488629365411781,0.947234707836623,0.3638888888888889,0.5257905299126755,0.02027027027027027,0.9589015022480537,0.9714620870870871,0.9886792452830189,0.531979695431472,0.9911469859108647,148,720
RELATIVE_B,20,100,0.75,42,A2_EARLY_VOLTAGE_COLLAPSE,mild,pooled,97.5,0.5700884763952276,1.0,0.19166666666666668,0.3216783216783217,0.0,0.9589015022480537,0.9714620870870871,1.0,0.3216783216783217,0.9911469859108647,148,720
RELATIVE_B,20,100,0.75,42,A2_EARLY_VOLTAGE_COLLAPSE,mild,pooled,99.0,0.5987613075900193,1.0,0.05,0.09523809523809523,0.0,0.9589015022480537,0.9714620870870871,1.0,0.09523809523809523,0.9911469859108647,148,720
RELATIVE_B,20,100,0.75,42,A2_EARLY_VOLTAGE_COLLAPSE,moderate,pooled,95.0,0.5488629365411781,0.9517684887459806,0.4,0.5632730732635586,0.02027027027027027,0.9634877038899851,0.9744181681681682,0.9896907216494846,0.56973293768546,0.9921718238437377,148,720
RELATIVE_B,20,100,0.75,42,A2_EARLY_VOLTAGE_COLLAPSE,moderate,pooled,97.5,0.5700884763952276,1.0,0.20555555555555555,0.34101382488479265,0.0,0.9634877038899851,0.9744181681681682,1.0,0.34101382488479265,0.9921718238437377,148,720
RELATIVE_B,20,100,0.75,42,A2_EARLY_VOLTAGE_COLLAPSE,moderate,pooled,99.0,0.5987613075900193,1.0,0.05,0.09523809523809523,0.0,0.9634877038899851,0.9744181681681682,1.0,0.09523809523809523,0.9921718238437377,148,720
RELATIVE_B,20,100,0.75,42,A2_EARLY_VOLTAGE_COLLAPSE,strong,pooled,95.0,0.5488629365411781,0.9517684887459806,0.4,0.5632730732635586,0.02027027027027027,0.9634877038899851,0.9744181681681682,0.9896907216494846,0.56973293768546,0.9921718238437377,148,720
RELATIVE_B,20,100,0.75,42,A2_EARLY_VOLTAGE_COLLAPSE,strong,pooled,97.5,0.5700884763952276,1.0,0.20555555555555555,0.34101382488479265,0.0,0.9634877038899851,0.9744181681681682,1.0,0.34101382488479265,0.9921718238437377,148,720
RELATIVE_B,20,100,0.75,42,A2_EARLY_VOLTAGE_COLLAPSE,strong,pooled,99.0,0.5987613075900193,1.0,0.05,0.09523809523809523,0.0,0.9634877038899851,0.9744181681681682,1.0,0.09523809523809523,0.9921718238437377,148,720
RELATIVE_B,20,100,0.75,42,A3_THERMAL_ABNORMALITY,mild,pooled,95.0,0.5488629365411781,0.6313993174061433,0.034722222222222224,0.06582458637253158,0.02027027027027027,0.6363326922132045,0.6862049549549549,0.8928571428571429,0.06684491978609626,0.8925459530750621,148,720
RELATIVE_B,20,100,0.75,42,A3_THERMAL_ABNORMALITY,mild,pooled,97.5,0.5700884763952276,1.0,0.029166666666666667,0.056680161943319846,0.0,0.6363326922132045,0.6862049549549549,1.0,0.056680161943319846,0.8925459530750621,148,720
RELATIVE_B,20,100,0.75,42,A3_THERMAL_ABNORMALITY,mild,pooled,99.0,0.5987613075900193,0.0,0.0,0.0,0.0,0.6363326922132045,0.6862049549549549,0.0,0.0,0.8925459530750621,148,720
RELATIVE_B,20,100,0.75,42,A3_THERMAL_ABNORMALITY,moderate,pooled,95.0,0.5488629365411781,0.796149490373726,0.07916666666666666,0.14401311072416265,0.02027027027027027,0.8065328132815875,0.8630255255255256,0.95,0.14615384615384613,0.9520164493567211,148,720
RELATIVE_B,20,100,0.75,42,A3_THERMAL_ABNORMALITY,moderate,pooled,97.5,0.5700884763952276,1.0,0.04583333333333333,0.08764940239043824,0.0,0.8065328132815875,0.8630255255255256,1.0,0.08764940239043824,0.9520164493567211,148,720
RELATIVE_B,20,100,0.75,42,A3_THERMAL_ABNORMALITY,moderate,pooled,99.0,0.5987613075900193,1.0,0.008333333333333333,0.01652892561983471,0.0,0.8065328132815875,0.8630255255255256,1.0,0.01652892561983471,0.9520164493567211,148,720
RELATIVE_B,20,100,0.75,42,A3_THERMAL_ABNORMALITY,strong,pooled,95.0,0.5488629365411781,0.889930697105585,0.1638888888888889,0.2768021302225322,0.02027027027027027,0.8917577176757255,0.9260041291291292,0.9752066115702479,0.2806183115338882,0.9752190920356962,148,720
RELATIVE_B,20,100,0.75,42,A3_THERMAL_ABNORMALITY,strong,pooled,97.5,0.5700884763952276,1.0,0.07083333333333333,0.13229571984435798,0.0,0.8917577176757255,0.9260041291291292,1.0,0.13229571984435798,0.9752190920356962,148,720
RELATIVE_B,20,100,0.75,42,A3_THERMAL_ABNORMALITY,strong,pooled,99.0,0.5987613075900193,1.0,0.034722222222222224,0.06711409395973154,0.0,0.8917577176757255,0.9260041291291292,1.0,0.06711409395973154,0.9752190920356962,148,720
RELATIVE_B,20,100,0.75,42,A4_SENSOR_DRIFT,mild,pooled,95.0,0.5488629365411781,0.5981798715203427,0.03017585931254996,0.05745341614906833,0.02027027027027027,0.5986908474665656,0.6229023537926417,0.9805194805194806,0.05854982551376502,0.9801488006501285,148,5004
RELATIVE_B,20,100,0.75,42,A4_SENSOR_DRIFT,mild,pooled,97.5,0.5700884763952276,1.0,0.01079136690647482,0.02135231316725979,0.0,0.5986908474665656,0.6229023537926417,1.0,0.02135231316725979,0.9801488006501285,148,5004
RELATIVE_B,20,100,0.75,42,A4_SENSOR_DRIFT,mild,pooled,99.0,0.5987613075900193,0.0,0.0,0.0,0.0,0.5986908474665656,0.6229023537926417,0.0,0.0,0.9801488006501285,148,5004
RELATIVE_B,20,100,0.75,42,A4_SENSOR_DRIFT,mild,mean_temp_c_-1,95.0,0.5488629365411781,0.4529951902055094,0.016786570743405275,0.032373482493008136,0.02027027027027027,0.49629252680855396,0.48869553006243655,0.875,0.03294117647058823,0.8925695558252875,148,1251
RELATIVE_B,20,100,0.75,42,A4_SENSOR_DRIFT,mild,mean_temp_c_-1,97.5,0.5700884763952276,0.0,0.0,0.0,0.0,0.49629252680855396,0.48869553006243655,0.0,0.0,0.8925695558252875,148,1251
RELATIVE_B,20,100,0.75,42,A4_SENSOR_DRIFT,mild,mean_temp_c_-1,99.0,0.5987613075900193,0.0,0.0,0.0,0.0,0.49629252680855396,0.48869553006243655,0.0,0.0,0.8925695558252875,148,1251
RELATIVE_B,20,100,0.75,42,A4_SENSOR_DRIFT,mild,mean_temp_c_1,95.0,0.5488629365411781,0.5578984568264813,0.025579536370903277,0.04891627116718396,0.02027027027027027,0.5117690610117558,0.5261520513319075,0.9142857142857143,0.049766718506998445,0.8977071729986348,148,1251
RELATIVE_B,20,100,0.75,42,A4_SENSOR_DRIFT,mild,mean_temp_c_1,97.5,0.5700884763952276,1.0,0.002398081534772182,0.004784688995215311,0.0,0.5117690610117558,0.5261520513319075,1.0,0.004784688995215311,0.8977071729986348,148,1251
RELATIVE_B,20,100,0.75,42,A4_SENSOR_DRIFT,mild,mean_temp_c_1,99.0,0.5987613075900193,0.0,0.0,0.0,0.0,0.5117690610117558,0.5261520513319075,0.0,0.0,0.8977071729986348,148,1251
RELATIVE_B,20,100,0.75,42,A4_SENSOR_DRIFT,mild,mean_voltage_v_-1,95.0,0.5488629365411781,0.7722832352405801,0.06874500399680256,0.12625168006586351,0.02027027027027027,0.7620435680676831,0.8033573141486811,0.9662921348314607,0.12835820895522387,0.9628223027183995,148,1251
RELATIVE_B,20,100,0.75,42,A4_SENSOR_DRIFT,mild,mean_voltage_v_-1,97.5,0.5700884763952276,1.0,0.0407673860911271,0.0783410138248848,0.0,0.7620435680676831,0.8033573141486811,1.0,0.0783410138248848,0.9628223027183995,148,1251
RELATIVE_B,20,100,0.75,42,A4_SENSOR_DRIFT,mild,mean_voltage_v_-1,99.0,0.5987613075900193,0.0,0.0,0.0,0.0,0.7620435680676831,0.8033573141486811,0.0,0.0,0.9628223027183995,148,1251
RELATIVE_B,20,100,0.75,42,A4_SENSOR_DRIFT,mild,mean_voltage_v_1,95.0,0.5488629365411781,0.32121540965816603,0.009592326139088728,0.018628361050362655,0.02027027027027027,0.595254336016585,0.6734045196275413,0.8,0.01895734597156398,0.9235143249830138,148,1251
RELATIVE_B,20,100,0.75,42,A4_SENSOR_DRIFT,mild,mean_voltage_v_1,97.5,0.5700884763952276,0.0,0.0,0.0,0.0,0.595254336016585,0.6734045196275413,0.0,0.0,0.9235143249830138,148,1251
RELATIVE_B,20,100,0.75,42,A4_SENSOR_DRIFT,mild,mean_voltage_v_1,99.0,0.5987613075900193,0.0,0.0,0.0,0.0,0.595254336016585,0.6734045196275413,0.0,0.0,0.9235143249830138,148,1251
RELATIVE_B,20,100,0.75,42,A4_SENSOR_DRIFT,moderate,pooled,95.0,0.5488629365411781,0.6458765804868843,0.036970423661071145,0.0699375721598398,0.02027027027027027,0.6426012251398374,0.678886620433383,0.9840425531914894,0.07126348228043144,0.9833575941737444,148,5004
RELATIVE_B,20,100,0.75,42,A4_SENSOR_DRIFT,moderate,pooled,97.5,0.5700884763952276,1.0,0.01298960831334932,0.025646084040244623,0.0,0.6426012251398374,0.678886620433383,1.0,0.025646084040244623,0.9833575941737444,148,5004
RELATIVE_B,20,100,0.75,42,A4_SENSOR_DRIFT,moderate,pooled,99.0,0.5987613075900193,0.0,0.0,0.0,0.0,0.6426012251398374,0.678886620433383,0.0,0.0,0.9833575941737444,148,5004
RELATIVE_B,20,100,0.75,42,A4_SENSOR_DRIFT,moderate,mean_temp_c_-1,95.0,0.5488629365411781,0.42833206397562834,0.015187849720223821,0.029335517153244693,0.02027027027027027,0.5278455210198479,0.5351232527491521,0.8636363636363636,0.02985074626865672,0.9034884213745933,148,1251
RELATIVE_B,20,100,0.75,42,A4_SENSOR_DRIFT,moderate,mean_temp_c_-1,97.5,0.5700884763952276,0.0,0.0,0.0,0.0,0.5278455210198479,0.5351232527491521,0.0,0.0,0.9034884213745933,148,1251
RELATIVE_B,20,100,0.75,42,A4_SENSOR_DRIFT,moderate,mean_temp_c_-1,99.0,0.5987613075900193,0.0,0.0,0.0,0.0,0.5278455210198479,0.5351232527491521,0.0,0.0,0.9034884213745933,148,1251
RELATIVE_B,20,100,0.75,42,A4_SENSOR_DRIFT,moderate,mean_temp_c_1,95.0,0.5488629365411781,0.6178596884227675,0.032773780975219824,0.06224579292092588,0.02027027027027027,0.55452564347329,0.5911514032017628,0.9318181818181818,0.06332046332046332,0.9122290060347866,148,1251
RELATIVE_B,20,100,0.75,42,A4_SENSOR_DRIFT,moderate,mean_temp_c_1,97.5,0.5700884763952276,1.0,0.004796163069544364,0.00954653937947494,0.0,0.55452564347329,0.5911514032017628,1.0,0.00954653937947494,0.9122290060347866,148,1251
RELATIVE_B,20,100,0.75,42,A4_SENSOR_DRIFT,moderate,mean_temp_c_1,99.0,0.5987613075900193,0.0,0.0,0.0,0.0,0.55452564347329,0.5911514032017628,0.0,0.0,0.9122290060347866,148,1251
RELATIVE_B,20,100,0.75,42,A4_SENSOR_DRIFT,moderate,mean_voltage_v_-1,95.0,0.5488629365411781,0.8112647724415388,0.08713029576338929,0.15736003472611726,0.02027027027027027,0.8216599651506468,0.8751269254866378,0.9732142857142857,0.1599413059427733,0.9742468129206302,148,1251
RELATIVE_B,20,100,0.75,42,A4_SENSOR_DRIFT,moderate,mean_voltage_v_-1,97.5,0.5700884763952276,1.0,0.04716227018385292,0.0900763358778626,0.0,0.8216599651506468,0.8751269254866378,1.0,0.0900763358778626,0.9742468129206302,148,1251
RELATIVE_B,20,100,0.75,42,A4_SENSOR_DRIFT,moderate,mean_voltage_v_-1,99.0,0.5987613075900193,0.0,0.0,0.0,0.0,0.8216599651506468,0.8751269254866378,0.0,0.0,0.9742468129206302,148,1251
RELATIVE_B,20,100,0.75,42,A4_SENSOR_DRIFT,moderate,mean_voltage_v_1,95.0,0.5488629365411781,0.38686489135762125,0.012789768185451638,0.02476093878255232,0.02027027027027027,0.6210826794570597,0.7141449002959793,0.8421052631578947,0.025196850393700787,0.9307705778472282,148,1251
RELATIVE_B,20,100,0.75,42,A4_SENSOR_DRIFT,moderate,mean_voltage_v_1,97.5,0.5700884763952276,0.0,0.0,0.0,0.0,0.6210826794570597,0.7141449002959793,0.0,0.0,0.9307705778472282,148,1251
RELATIVE_B,20,100,0.75,42,A4_SENSOR_DRIFT,moderate,mean_voltage_v_1,99.0,0.5987613075900193,0.0,0.0,0.0,0.0,0.6210826794570597,0.7141449002959793,0.0,0.0,0.9307705778472282,148,1251
RELATIVE_B,20,100,0.75,42,A4_SENSOR_DRIFT,strong,pooled,95.0,0.5488629365411781,0.6689892397248192,0.04096722621902478,0.07720651853058233,0.02027027027027027,0.6803502335879621,0.7293489532698166,0.9855769230769231,0.07866462010744435,0.9858869637191575,148,5004
RELATIVE_B,20,100,0.75,42,A4_SENSOR_DRIFT,strong,pooled,97.5,0.5700884763952276,1.0,0.015587529976019185,0.030696576151121608,0.0,0.6803502335879621,0.7293489532698166,1.0,0.030696576151121608,0.9858869637191575,148,5004
RELATIVE_B,20,100,0.75,42,A4_SENSOR_DRIFT,strong,pooled,99.0,0.5987613075900193,0.0,0.0,0.0,0.0,0.6803502335879621,0.7293489532698166,0.0,0.0,0.9858869637191575,148,5004
RELATIVE_B,20,100,0.75,42,A4_SENSOR_DRIFT,strong,mean_temp_c_-1,95.0,0.5488629365411781,0.5156794425087108,0.02158273381294964,0.04143143750291607,0.02027027027027027,0.5937877021961023,0.622477693520859,0.9,0.042154566744730684,0.923813449219696,148,1251
RELATIVE_B,20,100,0.75,42,A4_SENSOR_DRIFT,strong,mean_temp_c_-1,97.5,0.5700884763952276,1.0,0.0031974420463629096,0.006374501992031872,0.0,0.5937877021961023,0.622477693520859,1.0,0.006374501992031872,0.923813449219696,148,1251
RELATIVE_B,20,100,0.75,42,A4_SENSOR_DRIFT,strong,mean_temp_c_-1,99.0,0.5987613075900193,0.0,0.0,0.0,0.0,0.5937877021961023,0.622477693520859,0.0,0.0,0.923813449219696,148,1251
RELATIVE_B,20,100,0.75,42,A4_SENSOR_DRIFT,strong,mean_temp_c_1,95.0,0.5488629365411781,0.6395851339671564,0.03597122302158273,0.06811174007087302,0.02027027027027027,0.6156651259744443,0.667136561021453,0.9375,0.06928406466512702,0.9301357083779758,148,1251
RELATIVE_B,20,100,0.75,42,A4_SENSOR_DRIFT,strong,mean_temp_c_1,97.5,0.5700884763952276,1.0,0.009592326139088728,0.019002375296912115,0.0,0.6156651259744443,0.667136561021453,1.0,0.019002375296912115,0.9301357083779758,148,1251
RELATIVE_B,20,100,0.75,42,A4_SENSOR_DRIFT,strong,mean_temp_c_1,99.0,0.5987613075900193,0.0,0.0,0.0,0.0,0.6156651259744443,0.667136561021453,0.0,0.0,0.9301357083779758,148,1251
RELATIVE_B,20,100,0.75,42,A4_SENSOR_DRIFT,strong,mean_voltage_v_-1,95.0,0.5488629365411781,0.8206108694613068,0.09272581934452438,0.16662380076576294,0.02027027027027027,0.8397288327287451,0.8972065590770626,0.9747899159663865,0.16934306569343066,0.97751720438493,148,1251
RELATIVE_B,20,100,0.75,42,A4_SENSOR_DRIFT,strong,mean_voltage_v_-1,97.5,0.5700884763952276,1.0,0.0495603517186251,0.09444021325209444,0.0,0.8397288327287451,0.8972065590770626,1.0,0.09444021325209444,0.97751720438493,148,1251
RELATIVE_B,20,100,0.75,42,A4_SENSOR_DRIFT,strong,mean_voltage_v_-1,99.0,0.5987613075900193,0.0,0.0,0.0,0.0,0.8397288327287451,0.8972065590770626,0.0,0.0,0.97751720438493,148,1251
RELATIVE_B,20,100,0.75,42,A4_SENSOR_DRIFT,strong,mean_voltage_v_1,95.0,0.5488629365411781,0.40133992662306583,0.013589128697042365,0.026288156224368784,0.02027027027027027,0.6314849347520781,0.7305749994598915,0.85,0.026750590086546025,0.9335474266959485,148,1251
RELATIVE_B,20,100,0.75,42,A4_SENSOR_DRIFT,strong,mean_voltage_v_1,97.5,0.5700884763952276,0.0,0.0,0.0,0.0,0.6314849347520781,0.7305749994598915,0.0,0.0,0.9335474266959485,148,1251
RELATIVE_B,20,100,0.75,42,A4_SENSOR_DRIFT,strong,mean_voltage_v_1,99.0,0.5987613075900193,0.0,0.0,0.0,0.0,0.6314849347520781,0.7305749994598915,0.0,0.0,0.9335474266959485,148,1251
RELATIVE_B,20,100,0.75,123,A2_EARLY_VOLTAGE_COLLAPSE,mild,pooled,95.0,0.5570062849082628,0.9527062532842878,0.1361111111111111,0.23819220915719633,0.006756756756756757,0.9568303477720876,0.9761355105105106,0.98989898989899,0.23931623931623927,0.9907632848051854,148,720
RELATIVE_B,20,100,0.75,123,A2_EARLY_VOLTAGE_COLLAPSE,mild,pooled,97.5,0.5848522024170365,1.0,0.059722222222222225,0.1127129750982962,0.0,0.9568303477720876,0.9761355105105106,1.0,0.1127129750982962,0.9907632848051854,148,720
RELATIVE_B,20,100,0.75,123,A2_EARLY_VOLTAGE_COLLAPSE,mild,pooled,99.0,0.5980766503090067,1.0,0.03611111111111111,0.06970509383378015,0.0,0.9568303477720876,0.9761355105105106,1.0,0.06970509383378015,0.9907632848051854,148,720
RELATIVE_B,20,100,0.75,123,A2_EARLY_VOLTAGE_COLLAPSE,moderate,pooled,95.0,0.5570062849082628,0.9536082474226805,0.1388888888888889,0.2424639580602883,0.006756756756756757,0.9595954644459855,0.9778903903903904,0.9900990099009901,0.24360535931790503,0.9913783861670546,148,720
RELATIVE_B,20,100,0.75,123,A2_EARLY_VOLTAGE_COLLAPSE,moderate,pooled,97.5,0.5848522024170365,1.0,0.059722222222222225,0.1127129750982962,0.0,0.9595954644459855,0.9778903903903904,1.0,0.1127129750982962,0.9913783861670546,148,720
RELATIVE_B,20,100,0.75,123,A2_EARLY_VOLTAGE_COLLAPSE,moderate,pooled,99.0,0.5980766503090067,1.0,0.03611111111111111,0.06970509383378015,0.0,0.9595954644459855,0.9778903903903904,1.0,0.06970509383378015,0.9913783861670546,148,720
RELATIVE_B,20,100,0.75,123,A2_EARLY_VOLTAGE_COLLAPSE,strong,pooled,95.0,0.5570062849082628,0.9536082474226805,0.1388888888888889,0.2424639580602883,0.006756756756756757,0.9595968635338972,0.9778903903903904,0.9900990099009901,0.24360535931790503,0.9913786904925832,148,720
RELATIVE_B,20,100,0.75,123,A2_EARLY_VOLTAGE_COLLAPSE,strong,pooled,97.5,0.5848522024170365,1.0,0.059722222222222225,0.1127129750982962,0.0,0.9595968635338972,0.9778903903903904,1.0,0.1127129750982962,0.9913786904925832,148,720
RELATIVE_B,20,100,0.75,123,A2_EARLY_VOLTAGE_COLLAPSE,strong,pooled,99.0,0.5980766503090067,1.0,0.03611111111111111,0.06970509383378015,0.0,0.9595968635338972,0.9778903903903904,1.0,0.06970509383378015,0.9913786904925832,148,720
RELATIVE_B,20,100,0.75,123,A3_THERMAL_ABNORMALITY,mild,pooled,95.0,0.5570062849082628,0.9113300492610837,0.06944444444444445,0.12905476107429367,0.006756756756756757,0.7644734401916864,0.7623967717717717,0.9803921568627451,0.12970168612191957,0.9355508978638921,148,720
RELATIVE_B,20,100,0.75,123,A3_THERMAL_ABNORMALITY,mild,pooled,97.5,0.5848522024170365,1.0,0.016666666666666666,0.03278688524590164,0.0,0.7644734401916864,0.7623967717717717,1.0,0.03278688524590164,0.9355508978638921,148,720
RELATIVE_B,20,100,0.75,123,A3_THERMAL_ABNORMALITY,mild,pooled,99.0,0.5980766503090067,0.0,0.0,0.0,0.0,0.7644734401916864,0.7623967717717717,0.0,0.0,0.9355508978638921,148,720
RELATIVE_B,20,100,0.75,123,A3_THERMAL_ABNORMALITY,moderate,pooled,95.0,0.5570062849082628,0.9804517810599479,0.3388888888888889,0.5036822137915644,0.006756756756756757,0.94210283093489,0.9488457207207208,0.9959183673469387,0.505699481865285,0.9868245452003548,148,720
RELATIVE_B,20,100,0.75,123,A3_THERMAL_ABNORMALITY,moderate,pooled,97.5,0.5848522024170365,1.0,0.10694444444444444,0.19322459222082808,0.0,0.94210283093489,0.9488457207207208,1.0,0.19322459222082808,0.9868245452003548,148,720
RELATIVE_B,20,100,0.75,123,A3_THERMAL_ABNORMALITY,moderate,pooled,99.0,0.5980766503090067,1.0,0.030555555555555555,0.05929919137466308,0.0,0.94210283093489,0.9488457207207208,1.0,0.05929919137466308,0.9868245452003548,148,720
RELATIVE_B,20,100,0.75,123,A3_THERMAL_ABNORMALITY,strong,pooled,95.0,0.5570062849082628,0.9895797151788815,0.6416666666666667,0.7785216559639296,0.006756756756756757,0.9850191504427599,0.9860266516516517,0.9978401727861771,0.7810650887573964,0.9967633737013071,148,720
RELATIVE_B,20,100,0.75,123,A3_THERMAL_ABNORMALITY,strong,pooled,97.5,0.5848522024170365,1.0,0.3375,0.5046728971962617,0.0,0.9850191504427599,0.9860266516516517,1.0,0.5046728971962617,0.9967633737013071,148,720
RELATIVE_B,20,100,0.75,123,A3_THERMAL_ABNORMALITY,strong,pooled,99.0,0.5980766503090067,1.0,0.15416666666666667,0.2671480144404332,0.0,0.9850191504427599,0.9860266516516517,1.0,0.2671480144404332,0.9967633737013071,148,720
RELATIVE_B,20,100,0.75,123,A4_SENSOR_DRIFT,mild,pooled,95.0,0.5570062849082628,0.631733882837798,0.011590727418065548,0.022763796441167893,0.006756756756756757,0.5890876679480218,0.6089040929418628,0.9830508474576272,0.022911317400750544,0.979435795719137,148,5004
RELATIVE_B,20,100,0.75,123,A4_SENSOR_DRIFT,mild,pooled,97.5,0.5848522024170365,1.0,0.0025979216626698643,0.00518237990831174,0.0,0.5890876679480218,0.6089040929418628,1.0,0.00518237990831174,0.979435795719137,148,5004
RELATIVE_B,20,100,0.75,123,A4_SENSOR_DRIFT,mild,pooled,99.0,0.5980766503090067,1.0,0.0021982414068745003,0.004386839481555334,0.0,0.5890876679480218,0.6089040929418628,1.0,0.004386839481555334,0.979435795719137,148,5004
RELATIVE_B,20,100,0.75,123,A4_SENSOR_DRIFT,mild,mean_temp_c_-1,95.0,0.5570062849082628,0.37167252636865894,0.003996802557953637,0.007908559947418764,0.006756756756756757,0.48139249166964726,0.46494696134983904,0.8333333333333334,0.007955449482895784,0.8865075565854446,148,1251
RELATIVE_B,20,100,0.75,123,A4_SENSOR_DRIFT,mild,mean_temp_c_-1,97.5,0.5848522024170365,0.0,0.0,0.0,0.0,0.48139249166964726,0.46494696134983904,0.0,0.0,0.8865075565854446,148,1251
RELATIVE_B,20,100,0.75,123,A4_SENSOR_DRIFT,mild,mean_temp_c_-1,99.0,0.5980766503090067,0.0,0.0,0.0,0.0,0.48139249166964726,0.46494696134983904,0.0,0.0,0.8865075565854446,148,1251
RELATIVE_B,20,100,0.75,123,A4_SENSOR_DRIFT,mild,mean_temp_c_1,95.0,0.5570062849082628,0.5156794425087108,0.007194244604316547,0.014190517282707706,0.006756756756756757,0.5344641601687569,0.5518612137317174,0.9,0.014274385408406028,0.9059008065486779,148,1251
RELATIVE_B,20,100,0.75,123,A4_SENSOR_DRIFT,mild,mean_temp_c_1,97.5,0.5848522024170365,1.0,0.004796163069544364,0.00954653937947494,0.0,0.5344641601687569,0.5518612137317174,1.0,0.00954653937947494,0.9059008065486779,148,1251
RELATIVE_B,20,100,0.75,123,A4_SENSOR_DRIFT,mild,mean_temp_c_1,99.0,0.5980766503090067,1.0,0.0031974420463629096,0.006374501992031872,0.0,0.5344641601687569,0.5518612137317174,1.0,0.006374501992031872,0.9059008065486779,148,1251
RELATIVE_B,20,100,0.75,123,A4_SENSOR_DRIFT,mild,mean_voltage_v_-1,95.0,0.5570062849082628,0.8054734877935001,0.027977617905675458,0.054076908220629605,0.006756756756756757,0.7481894355082687,0.7872782854797243,0.9722222222222222,0.05439005439005438,0.9602218551445658,148,1251
RELATIVE_B,20,100,0.75,123,A4_SENSOR_DRIFT,mild,mean_voltage_v_-1,97.5,0.5848522024170365,1.0,0.005595523581135092,0.011128775834658187,0.0,0.7481894355082687,0.7872782854797243,1.0,0.011128775834658187,0.9602218551445658,148,1251
RELATIVE_B,20,100,0.75,123,A4_SENSOR_DRIFT,mild,mean_voltage_v_-1,99.0,0.5980766503090067,1.0,0.005595523581135092,0.011128775834658187,0.0,0.7481894355082687,0.7872782854797243,1.0,0.011128775834658187,0.9602218551445658,148,1251
RELATIVE_B,20,100,0.75,123,A4_SENSOR_DRIFT,mild,mean_voltage_v_1,95.0,0.5570062849082628,0.5156794425087108,0.007194244604316547,0.014190517282707706,0.006756756756756757,0.5703294366485085,0.6315299112061702,0.9,0.014274385408406028,0.9176230357545808,148,1251
RELATIVE_B,20,100,0.75,123,A4_SENSOR_DRIFT,mild,mean_voltage_v_1,97.5,0.5848522024170365,0.0,0.0,0.0,0.0,0.5703294366485085,0.6315299112061702,0.0,0.0,0.9176230357545808,148,1251
RELATIVE_B,20,100,0.75,123,A4_SENSOR_DRIFT,mild,mean_voltage_v_1,99.0,0.5980766503090067,0.0,0.0,0.0,0.0,0.5703294366485085,0.6315299112061702,0.0,0.0,0.9176230357545808,148,1251
RELATIVE_B,20,100,0.75,123,A4_SENSOR_DRIFT,moderate,pooled,95.0,0.5570062849082628,0.6578227571115974,0.01298960831334932,0.025476155166204106,0.006756756756756757,0.6348221988665299,0.6635353879058915,0.9848484848484849,0.02564102564102564,0.9828176803431792,148,5004
RELATIVE_B,20,100,0.75,123,A4_SENSOR_DRIFT,moderate,pooled,97.5,0.5848522024170365,1.0,0.002997601918465228,0.005977286312014346,0.0,0.6348221988665299,0.6635353879058915,1.0,0.005977286312014346,0.9828176803431792,148,5004
RELATIVE_B,20,100,0.75,123,A4_SENSOR_DRIFT,moderate,pooled,99.0,0.5980766503090067,1.0,0.002797761790567546,0.005579912315663612,0.0,0.6348221988665299,0.6635353879058915,1.0,0.005579912315663612,0.9828176803431792,148,5004
RELATIVE_B,20,100,0.75,123,A4_SENSOR_DRIFT,moderate,mean_temp_c_-1,95.0,0.5570062849082628,0.26194690265486725,0.002398081534772182,0.004752653297153225,0.006756756756756757,0.5030250700082834,0.49649739667725284,0.75,0.004780876494023904,0.8945597144216677,148,1251
RELATIVE_B,20,100,0.75,123,A4_SENSOR_DRIFT,moderate,mean_temp_c_-1,97.5,0.5848522024170365,0.0,0.0,0.0,0.0,0.5030250700082834,0.49649739667725284,0.0,0.0,0.8945597144216677,148,1251
RELATIVE_B,20,100,0.75,123,A4_SENSOR_DRIFT,moderate,mean_temp_c_-1,99.0,0.5980766503090067,0.0,0.0,0.0,0.0,0.5030250700082834,0.49649739667725284,0.0,0.0,0.8945597144216677,148,1251
RELATIVE_B,20,100,0.75,123,A4_SENSOR_DRIFT,moderate,mean_temp_c_1,95.0,0.5570062849082628,0.5654741229593608,0.008792965627498001,0.017316661968759806,0.006756756756756757,0.6012413465798138,0.6327694601075896,0.9166666666666666,0.01741884402216944,0.9263570636180247,148,1251
RELATIVE_B,20,100,0.75,123,A4_SENSOR_DRIFT,moderate,mean_temp_c_1,97.5,0.5848522024170365,1.0,0.005595523581135092,0.011128775834658187,0.0,0.6012413465798138,0.6327694601075896,1.0,0.011128775834658187,0.9263570636180247,148,1251
RELATIVE_B,20,100,0.75,123,A4_SENSOR_DRIFT,moderate,mean_temp_c_1,99.0,0.5980766503090067,1.0,0.004796163069544364,0.00954653937947494,0.0,0.6012413465798138,0.6327694601075896,1.0,0.00954653937947494,0.9263570636180247,148,1251
RELATIVE_B,20,100,0.75,123,A4_SENSOR_DRIFT,moderate,mean_voltage_v_-1,95.0,0.5570062849082628,0.8324628364805142,0.03357314148681055,0.06454325987072658,0.006756756756756757,0.8113430877507134,0.8655616047702378,0.9767441860465116,0.06491499227202473,0.972583406971337,148,1251
RELATIVE_B,20,100,0.75,123,A4_SENSOR_DRIFT,moderate,mean_voltage_v_-1,97.5,0.5848522024170365,1.0,0.006394884092725819,0.012708498808578234,0.0,0.8113430877507134,0.8655616047702378,1.0,0.012708498808578234,0.972583406971337,148,1251
RELATIVE_B,20,100,0.75,123,A4_SENSOR_DRIFT,moderate,mean_voltage_v_-1,99.0,0.5980766503090067,1.0,0.006394884092725819,0.012708498808578234,0.0,0.8113430877507134,0.8655616047702378,1.0,0.012708498808578234,0.972583406971337,148,1251
RELATIVE_B,20,100,0.75,123,A4_SENSOR_DRIFT,moderate,mean_voltage_v_1,95.0,0.5570062849082628,0.5156794425087108,0.007194244604316547,0.014190517282707706,0.006756756756756757,0.5873674120993053,0.6593130900684856,0.9,0.014274385408406028,0.922797033635876,148,1251
RELATIVE_B,20,100,0.75,123,A4_SENSOR_DRIFT,moderate,mean_voltage_v_1,97.5,0.5848522024170365,0.0,0.0,0.0,0.0,0.5873674120993053,0.6593130900684856,0.0,0.0,0.922797033635876,148,1251
RELATIVE_B,20,100,0.75,123,A4_SENSOR_DRIFT,moderate,mean_voltage_v_1,99.0,0.5980766503090067,0.0,0.0,0.0,0.0,0.5873674120993053,0.6593130900684856,0.0,0.0,0.922797033635876,148,1251
RELATIVE_B,20,100,0.75,123,A4_SENSOR_DRIFT,strong,pooled,95.0,0.5570062849082628,0.7055084745762712,0.01618705035971223,0.03164797567002471,0.006756756756756757,0.677998323781452,0.7161466772527924,0.9878048780487805,0.03185214313802596,0.9857025761106191,148,5004
RELATIVE_B,20,100,0.75,123,A4_SENSOR_DRIFT,strong,pooled,97.5,0.5848522024170365,1.0,0.002997601918465228,0.005977286312014346,0.0,0.677998323781452,0.7161466772527924,1.0,0.005977286312014346,0.9857025761106191,148,5004
RELATIVE_B,20,100,0.75,123,A4_SENSOR_DRIFT,strong,pooled,99.0,0.5980766503090067,1.0,0.002797761790567546,0.005579912315663612,0.0,0.677998323781452,0.7161466772527924,1.0,0.005579912315663612,0.9857025761106191,148,5004
RELATIVE_B,20,100,0.75,123,A4_SENSOR_DRIFT,strong,mean_temp_c_-1,95.0,0.5570062849082628,0.37167252636865894,0.003996802557953637,0.007908559947418764,0.006756756756756757,0.5606952339394018,0.5821991055804006,0.8333333333333334,0.007955449482895784,0.9140439900183046,148,1251
RELATIVE_B,20,100,0.75,123,A4_SENSOR_DRIFT,strong,mean_temp_c_-1,97.5,0.5848522024170365,0.0,0.0,0.0,0.0,0.5606952339394018,0.5821991055804006,0.0,0.0,0.9140439900183046,148,1251
RELATIVE_B,20,100,0.75,123,A4_SENSOR_DRIFT,strong,mean_temp_c_-1,99.0,0.5980766503090067,0.0,0.0,0.0,0.0,0.5606952339394018,0.5821991055804006,0.0,0.0,0.9140439900183046,148,1251
RELATIVE_B,20,100,0.75,123,A4_SENSOR_DRIFT,strong,mean_temp_c_1,95.0,0.5570062849082628,0.7312567132116005,0.01838529176658673,0.03586876919753639,0.006756756756756757,0.6907628986975012,0.7228109404368397,0.9583333333333334,0.03607843137254902,0.9480893260077786,148,1251
RELATIVE_B,20,100,0.75,123,A4_SENSOR_DRIFT,strong,mean_temp_c_1,97.5,0.5848522024170365,1.0,0.004796163069544364,0.00954653937947494,0.0,0.6907628986975012,0.7228109404368397,1.0,0.00954653937947494,0.9480893260077786,148,1251
RELATIVE_B,20,100,0.75,123,A4_SENSOR_DRIFT,strong,mean_temp_c_1,99.0,0.5980766503090067,1.0,0.003996802557953637,0.007961783439490446,0.0,0.6907628986975012,0.7228109404368397,1.0,0.007961783439490446,0.9480893260077786,148,1251
RELATIVE_B,20,100,0.75,123,A4_SENSOR_DRIFT,strong,mean_voltage_v_-1,95.0,0.5570062849082628,0.8388509596805359,0.035171862509992005,0.067512998221978,0.006756756756756757,0.8304361820321764,0.8902121546006438,0.9777777777777777,0.06790123456790122,0.9761113532380927,148,1251
RELATIVE_B,20,100,0.75,123,A4_SENSOR_DRIFT,strong,mean_voltage_v_-1,97.5,0.5848522024170365,1.0,0.007194244604316547,0.014285714285714287,0.0,0.8304361820321764,0.8902121546006438,1.0,0.014285714285714287,0.9761113532380927,148,1251
RELATIVE_B,20,100,0.75,123,A4_SENSOR_DRIFT,strong,mean_voltage_v_-1,99.0,0.5980766503090067,1.0,0.007194244604316547,0.014285714285714287,0.0,0.8304361820321764,0.8902121546006438,1.0,0.014285714285714287,0.9761113532380927,148,1251
RELATIVE_B,20,100,0.75,123,A4_SENSOR_DRIFT,strong,mean_voltage_v_1,95.0,0.5570062849082628,0.5156794425087108,0.007194244604316547,0.014190517282707706,0.006756756756756757,0.5939326857518159,0.6693645083932853,0.9,0.014274385408406028,0.9247478411219124,148,1251
RELATIVE_B,20,100,0.75,123,A4_SENSOR_DRIFT,strong,mean_voltage_v_1,97.5,0.5848522024170365,0.0,0.0,0.0,0.0,0.5939326857518159,0.6693645083932853,0.0,0.0,0.9247478411219124,148,1251
RELATIVE_B,20,100,0.75,123,A4_SENSOR_DRIFT,strong,mean_voltage_v_1,99.0,0.5980766503090067,0.0,0.0,0.0,0.0,0.5939326857518159,0.6693645083932853,0.0,0.0,0.9247478411219124,148,1251
RELATIVE_B,20,100,0.75,2026,A2_EARLY_VOLTAGE_COLLAPSE,mild,pooled,95.0,0.5537799295134097,0.9372530792470369,0.30277777777777776,0.45769732735629576,0.02027027027027027,0.9625581389908417,0.9780686936936938,0.9864253393665159,0.463336875664187,0.9919989739366363,148,720
RELATIVE_B,20,100,0.75,2026,A2_EARLY_VOLTAGE_COLLAPSE,mild,pooled,97.5,0.5753818474750971,1.0,0.12222222222222222,0.21782178217821782,0.0,0.9625581389908417,0.9780686936936938,1.0,0.21782178217821782,0.9919989739366363,148,720
RELATIVE_B,20,100,0.75,2026,A2_EARLY_VOLTAGE_COLLAPSE,mild,pooled,99.0,0.5814240971483141,1.0,0.10833333333333334,0.19548872180451127,0.0,0.9625581389908417,0.9780686936936938,1.0,0.19548872180451127,0.9919989739366363,148,720
RELATIVE_B,20,100,0.75,2026,A2_EARLY_VOLTAGE_COLLAPSE,moderate,pooled,95.0,0.5537799295134097,0.9385735411216016,0.30972222222222223,0.46575033163049306,0.02027027027027027,0.9639888619660402,0.9790540540540541,0.9867256637168141,0.47145877378435513,0.9923167214473293,148,720
RELATIVE_B,20,100,0.75,2026,A2_EARLY_VOLTAGE_COLLAPSE,moderate,pooled,97.5,0.5753818474750971,1.0,0.12222222222222222,0.21782178217821782,0.0,0.9639888619660402,0.9790540540540541,1.0,0.21782178217821782,0.9923167214473293,148,720
RELATIVE_B,20,100,0.75,2026,A2_EARLY_VOLTAGE_COLLAPSE,moderate,pooled,99.0,0.5814240971483141,1.0,0.10833333333333334,0.19548872180451127,0.0,0.9639888619660402,0.9790540540540541,1.0,0.19548872180451127,0.9923167214473293,148,720
RELATIVE_B,20,100,0.75,2026,A2_EARLY_VOLTAGE_COLLAPSE,strong,pooled,95.0,0.5537799295134097,0.9385735411216016,0.30972222222222223,0.46575033163049306,0.02027027027027027,0.9639899174182704,0.9790540540540541,0.9867256637168141,0.47145877378435513,0.9923169494382152,148,720
RELATIVE_B,20,100,0.75,2026,A2_EARLY_VOLTAGE_COLLAPSE,strong,pooled,97.5,0.5753818474750971,1.0,0.12222222222222222,0.21782178217821782,0.0,0.9639899174182704,0.9790540540540541,1.0,0.21782178217821782,0.9923169494382152,148,720
RELATIVE_B,20,100,0.75,2026,A2_EARLY_VOLTAGE_COLLAPSE,strong,pooled,99.0,0.5814240971483141,1.0,0.10833333333333334,0.19548872180451127,0.0,0.9639899174182704,0.9790540540540541,1.0,0.19548872180451127,0.9923169494382152,148,720
RELATIVE_B,20,100,0.75,2026,A3_THERMAL_ABNORMALITY,mild,pooled,95.0,0.5537799295134097,0.737481769567331,0.05694444444444444,0.1057253371432554,0.02027027027027027,0.7055132674586628,0.7275619369369369,0.9318181818181818,0.10732984293193717,0.9178791496811615,148,720
RELATIVE_B,20,100,0.75,2026,A3_THERMAL_ABNORMALITY,mild,pooled,97.5,0.5753818474750971,1.0,0.019444444444444445,0.03814713896457766,0.0,0.7055132674586628,0.7275619369369369,1.0,0.03814713896457766,0.9178791496811615,148,720
RELATIVE_B,20,100,0.75,2026,A3_THERMAL_ABNORMALITY,mild,pooled,99.0,0.5814240971483141,1.0,0.019444444444444445,0.03814713896457766,0.0,0.7055132674586628,0.7275619369369369,1.0,0.03814713896457766,0.9178791496811615,148,720
RELATIVE_B,20,100,0.75,2026,A3_THERMAL_ABNORMALITY,moderate,pooled,95.0,0.5537799295134097,0.9073915280397874,0.1986111111111111,0.32589079486310857,0.02027027027027027,0.889179313835448,0.9102571321321321,0.9794520547945206,0.3302540415704388,0.9739486790736336,148,720
RELATIVE_B,20,100,0.75,2026,A3_THERMAL_ABNORMALITY,moderate,pooled,97.5,0.5753818474750971,1.0,0.08055555555555556,0.14910025706940877,0.0,0.889179313835448,0.9102571321321321,1.0,0.14910025706940877,0.9739486790736336,148,720
RELATIVE_B,20,100,0.75,2026,A3_THERMAL_ABNORMALITY,moderate,pooled,99.0,0.5814240971483141,1.0,0.059722222222222225,0.1127129750982962,0.0,0.889179313835448,0.9102571321321321,1.0,0.1127129750982962,0.9739486790736336,148,720
RELATIVE_B,20,100,0.75,2026,A3_THERMAL_ABNORMALITY,strong,pooled,95.0,0.5537799295134097,0.9561189663578742,0.44166666666666665,0.6042212293945463,0.02027027027027027,0.9570584976043134,0.9639827327327327,0.9906542056074766,0.6109510086455331,0.9905016811157639,148,720
RELATIVE_B,20,100,0.75,2026,A3_THERMAL_ABNORMALITY,strong,pooled,97.5,0.5753818474750971,1.0,0.24583333333333332,0.3946488294314381,0.0,0.9570584976043134,0.9639827327327327,1.0,0.3946488294314381,0.9905016811157639,148,720
RELATIVE_B,20,100,0.75,2026,A3_THERMAL_ABNORMALITY,strong,pooled,99.0,0.5814240971483141,1.0,0.17083333333333334,0.2918149466192171,0.0,0.9570584976043134,0.9639827327327327,1.0,0.2918149466192171,0.9905016811157639,148,720
RELATIVE_B,20,100,0.75,2026,A4_SENSOR_DRIFT,mild,pooled,95.0,0.5537799295134097,0.5291682348513361,0.022781774580335732,0.043682910537026394,0.02027027027027027,0.6051844985317051,0.6265420096355349,0.9743589743589743,0.04452255418863504,0.9805962020761378,148,5004
RELATIVE_B,20,100,0.75,2026,A4_SENSOR_DRIFT,mild,pooled,97.5,0.5753818474750971,1.0,0.008193445243804956,0.01625371655104063,0.0,0.6051844985317051,0.6265420096355349,1.0,0.01625371655104063,0.9805962020761378,148,5004
RELATIVE_B,20,100,0.75,2026,A4_SENSOR_DRIFT,mild,pooled,99.0,0.5814240971483141,1.0,0.005595523581135092,0.011128775834658187,0.0,0.6051844985317051,0.6265420096355349,1.0,0.011128775834658187,0.9805962020761378,148,5004
RELATIVE_B,20,100,0.75,2026,A4_SENSOR_DRIFT,mild,mean_temp_c_-1,95.0,0.5537799295134097,0.28282056181922416,0.007993605115907274,0.01554776999805653,0.02027027027027027,0.47915846771146886,0.45919480631710846,0.7692307692307693,0.01582278481012658,0.8851781229270439,148,1251
RELATIVE_B,20,100,0.75,2026,A4_SENSOR_DRIFT,mild,mean_temp_c_-1,97.5,0.5753818474750971,0.0,0.0,0.0,0.0,0.47915846771146886,0.45919480631710846,0.0,0.0,0.8851781229270439,148,1251
RELATIVE_B,20,100,0.75,2026,A4_SENSOR_DRIFT,mild,mean_temp_c_-1,99.0,0.5814240971483141,0.0,0.0,0.0,0.0,0.47915846771146886,0.45919480631710846,0.0,0.0,0.8851781229270439,148,1251
RELATIVE_B,20,100,0.75,2026,A4_SENSOR_DRIFT,mild,mean_temp_c_1,95.0,0.5537799295134097,0.5156794425087108,0.02158273381294964,0.04143143750291607,0.02027027027027027,0.5348588909900085,0.5496170631062717,0.9,0.042154566744730684,0.9059306601317337,148,1251
RELATIVE_B,20,100,0.75,2026,A4_SENSOR_DRIFT,mild,mean_temp_c_1,97.5,0.5753818474750971,1.0,0.0031974420463629096,0.006374501992031872,0.0,0.5348588909900085,0.5496170631062717,1.0,0.006374501992031872,0.9059306601317337,148,1251
RELATIVE_B,20,100,0.75,2026,A4_SENSOR_DRIFT,mild,mean_temp_c_1,99.0,0.5814240971483141,1.0,0.002398081534772182,0.004784688995215311,0.0,0.5348588909900085,0.5496170631062717,1.0,0.004784688995215311,0.9059306601317337,148,1251
RELATIVE_B,20,100,0.75,2026,A4_SENSOR_DRIFT,mild,mean_voltage_v_-1,95.0,0.5537799295134097,0.6343886994641987,0.035171862509992005,0.06664858530394599,0.02027027027027027,0.7305753072823934,0.7799274094238124,0.9361702127659575,0.06779661016949153,0.9567856696966752,148,1251
RELATIVE_B,20,100,0.75,2026,A4_SENSOR_DRIFT,mild,mean_voltage_v_-1,97.5,0.5753818474750971,1.0,0.019984012789768184,0.03918495297805642,0.0,0.7305753072823934,0.7799274094238124,1.0,0.03918495297805642,0.9567856696966752,148,1251
RELATIVE_B,20,100,0.75,2026,A4_SENSOR_DRIFT,mild,mean_voltage_v_-1,99.0,0.5814240971483141,1.0,0.019984012789768184,0.03918495297805642,0.0,0.7305753072823934,0.7799274094238124,1.0,0.03918495297805642,0.9567856696966752,148,1251
RELATIVE_B,20,100,0.75,2026,A4_SENSOR_DRIFT,mild,mean_voltage_v_1,95.0,0.5537799295134097,0.5654741229593608,0.026378896882494004,0.05040637820264726,0.02027027027027027,0.6585606716243271,0.7174287596949468,0.9166666666666666,0.05128205128205128,0.9412750140819748,148,1251
RELATIVE_B,20,100,0.75,2026,A4_SENSOR_DRIFT,mild,mean_voltage_v_1,97.5,0.5753818474750971,1.0,0.009592326139088728,0.019002375296912115,0.0,0.6585606716243271,0.7174287596949468,1.0,0.019002375296912115,0.9412750140819748,148,1251
RELATIVE_B,20,100,0.75,2026,A4_SENSOR_DRIFT,mild,mean_voltage_v_1,99.0,0.5814240971483141,0.0,0.0,0.0,0.0,0.6585606716243271,0.7174287596949468,0.0,0.0,0.9412750140819748,148,1251
RELATIVE_B,20,100,0.75,2026,A4_SENSOR_DRIFT,moderate,pooled,95.0,0.5537799295134097,0.55981703026038,0.02577937649880096,0.049289011431580904,0.02027027027027027,0.6478585363752736,0.681566908635254,0.9772727272727273,0.05023364485981308,0.9836749738617618,148,5004
RELATIVE_B,20,100,0.75,2026,A4_SENSOR_DRIFT,moderate,pooled,97.5,0.5753818474750971,1.0,0.009392486011191047,0.01861017620273213,0.0,0.6478585363752736,0.681566908635254,1.0,0.01861017620273213,0.9836749738617618,148,5004
RELATIVE_B,20,100,0.75,2026,A4_SENSOR_DRIFT,moderate,pooled,99.0,0.5814240971483141,1.0,0.006394884092725819,0.012708498808578234,0.0,0.6478585363752736,0.681566908635254,1.0,0.012708498808578234,0.9836749738617618,148,5004
RELATIVE_B,20,100,0.75,2026,A4_SENSOR_DRIFT,moderate,mean_temp_c_-1,95.0,0.5537799295134097,0.19133807369101485,0.004796163069544364,0.00935776046030065,0.02027027027027027,0.5057903162175539,0.4916229178819107,0.6666666666666666,0.009523809523809523,0.8946807941172232,148,1251
RELATIVE_B,20,100,0.75,2026,A4_SENSOR_DRIFT,moderate,mean_temp_c_-1,97.5,0.5753818474750971,0.0,0.0,0.0,0.0,0.5057903162175539,0.4916229178819107,0.0,0.0,0.8946807941172232,148,1251
RELATIVE_B,20,100,0.75,2026,A4_SENSOR_DRIFT,moderate,mean_temp_c_-1,99.0,0.5814240971483141,0.0,0.0,0.0,0.0,0.5057903162175539,0.4916229178819107,0.0,0.0,0.8946807941172232,148,1251
RELATIVE_B,20,100,0.75,2026,A4_SENSOR_DRIFT,moderate,mean_temp_c_1,95.0,0.5537799295134097,0.5933470581861523,0.029576338928856916,0.05634411478724335,0.02027027027027027,0.5954987647543459,0.629347873052909,0.925,0.057319907048799384,0.9248541102985126,148,1251
RELATIVE_B,20,100,0.75,2026,A4_SENSOR_DRIFT,moderate,mean_temp_c_1,97.5,0.5753818474750971,1.0,0.004796163069544364,0.00954653937947494,0.0,0.5954987647543459,0.629347873052909,1.0,0.00954653937947494,0.9248541102985126,148,1251
RELATIVE_B,20,100,0.75,2026,A4_SENSOR_DRIFT,moderate,mean_temp_c_1,99.0,0.5814240971483141,1.0,0.004796163069544364,0.00954653937947494,0.0,0.5954987647543459,0.629347873052909,1.0,0.00954653937947494,0.9248541102985126,148,1251
RELATIVE_B,20,100,0.75,2026,A4_SENSOR_DRIFT,moderate,mean_voltage_v_-1,95.0,0.5537799295134097,0.6446359246283495,0.03677058353317346,0.06957268188994886,0.02027027027027027,0.7780290817667437,0.8430768898394796,0.9387755102040817,0.07076923076923076,0.9666063973165513,148,1251
RELATIVE_B,20,100,0.75,2026,A4_SENSOR_DRIFT,moderate,mean_voltage_v_-1,97.5,0.5753818474750971,1.0,0.020783373301358914,0.04072043852779953,0.0,0.7780290817667437,0.8430768898394796,1.0,0.04072043852779953,0.9666063973165513,148,1251
RELATIVE_B,20,100,0.75,2026,A4_SENSOR_DRIFT,moderate,mean_voltage_v_-1,99.0,0.5814240971483141,1.0,0.020783373301358914,0.04072043852779953,0.0,0.7780290817667437,0.8430768898394796,1.0,0.04072043852779953,0.9666063973165513,148,1251
RELATIVE_B,20,100,0.75,2026,A4_SENSOR_DRIFT,moderate,mean_voltage_v_1,95.0,0.5537799295134097,0.6120128191874289,0.0319744204636291,0.06077373589089472,0.02027027027027027,0.6901662793649067,0.7622199537667164,0.9302325581395349,0.061823802163833076,0.9489415291445858,148,1251
RELATIVE_B,20,100,0.75,2026,A4_SENSOR_DRIFT,moderate,mean_voltage_v_1,97.5,0.5753818474750971,1.0,0.011990407673860911,0.023696682464454978,0.0,0.6901662793649067,0.7622199537667164,1.0,0.023696682464454978,0.9489415291445858,148,1251
RELATIVE_B,20,100,0.75,2026,A4_SENSOR_DRIFT,moderate,mean_voltage_v_1,99.0,0.5814240971483141,0.0,0.0,0.0,0.0,0.6901662793649067,0.7622199537667164,0.0,0.0,0.9489415291445858,148,1251
RELATIVE_B,20,100,0.75,2026,A4_SENSOR_DRIFT,strong,pooled,95.0,0.5537799295134097,0.6059842519685039,0.03117505995203837,0.059299440600391426,0.02027027027027027,0.6900515776521758,0.7347709670101755,0.9811320754716981,0.06042998256827426,0.9864368988353909,148,5004
RELATIVE_B,20,100,0.75,2026,A4_SENSOR_DRIFT,strong,pooled,97.5,0.5753818474750971,1.0,0.010591526778577139,0.020961044097290882,0.0,0.6900515776521758,0.7347709670101755,1.0,0.020961044097290882,0.9864368988353909,148,5004
RELATIVE_B,20,100,0.75,2026,A4_SENSOR_DRIFT,strong,pooled,99.0,0.5814240971483141,1.0,0.0069944044764188645,0.013891645167692,0.0,0.6900515776521758,0.7347709670101755,1.0,0.013891645167692,0.9864368988353909,148,5004
RELATIVE_B,20,100,0.75,2026,A4_SENSOR_DRIFT,strong,mean_temp_c_-1,95.0,0.5537799295134097,0.37167252636865894,0.011990407673860911,0.023231356051925223,0.02027027027027027,0.570737712284555,0.5783373301358913,0.8333333333333334,0.02364066193853428,0.9163274623993257,148,1251
RELATIVE_B,20,100,0.75,2026,A4_SENSOR_DRIFT,strong,mean_temp_c_-1,97.5,0.5753818474750971,0.0,0.0,0.0,0.0,0.570737712284555,0.5783373301358913,0.0,0.0,0.9163274623993257,148,1251
RELATIVE_B,20,100,0.75,2026,A4_SENSOR_DRIFT,strong,mean_temp_c_-1,99.0,0.5814240971483141,0.0,0.0,0.0,0.0,0.570737712284555,0.5783373301358913,0.0,0.0,0.9163274623993257,148,1251
RELATIVE_B,20,100,0.75,2026,A4_SENSOR_DRIFT,strong,mean_temp_c_1,95.0,0.5537799295134097,0.6679054950889302,0.0407673860911271,0.0768443718216942,0.02027027027027027,0.6797681333417178,0.7188357422170372,0.9444444444444444,0.0781609195402299,0.9458586988059912,148,1251
RELATIVE_B,20,100,0.75,2026,A4_SENSOR_DRIFT,strong,mean_temp_c_1,97.5,0.5753818474750971,1.0,0.007993605115907274,0.01586042823156225,0.0,0.6797681333417178,0.7188357422170372,1.0,0.01586042823156225,0.9458586988059912,148,1251
RELATIVE_B,20,100,0.75,2026,A4_SENSOR_DRIFT,strong,mean_temp_c_1,99.0,0.5814240971483141,1.0,0.006394884092725819,0.012708498808578234,0.0,0.6797681333417178,0.7188357422170372,1.0,0.012708498808578234,0.9458586988059912,148,1251
RELATIVE_B,20,100,0.75,2026,A4_SENSOR_DRIFT,strong,mean_voltage_v_-1,95.0,0.5537799295134097,0.6446359246283495,0.03677058353317346,0.06957268188994886,0.02027027027027027,0.7926758326267839,0.8633903687860522,0.9387755102040817,0.07076923076923076,0.969507462704505,148,1251
RELATIVE_B,20,100,0.75,2026,A4_SENSOR_DRIFT,strong,mean_voltage_v_-1,97.5,0.5753818474750971,1.0,0.02158273381294964,0.04225352112676056,0.0,0.7926758326267839,0.8633903687860522,1.0,0.04225352112676056,0.969507462704505,148,1251
RELATIVE_B,20,100,0.75,2026,A4_SENSOR_DRIFT,strong,mean_voltage_v_-1,99.0,0.5814240971483141,1.0,0.02158273381294964,0.04225352112676056,0.0,0.7926758326267839,0.8633903687860522,1.0,0.04225352112676056,0.969507462704505,148,1251
RELATIVE_B,20,100,0.75,2026,A4_SENSOR_DRIFT,strong,mean_voltage_v_1,95.0,0.5537799295134097,0.6343886994641987,0.035171862509992005,0.06664858530394599,0.02027027027027027,0.7021652330082185,0.7785204269017219,0.9361702127659575,0.06779661016949153,0.9517237429313646,148,1251
RELATIVE_B,20,100,0.75,2026,A4_SENSOR_DRIFT,strong,mean_voltage_v_1,97.5,0.5753818474750971,1.0,0.012789768185451638,0.025256511444356748,0.0,0.7021652330082185,0.7785204269017219,1.0,0.025256511444356748,0.9517237429313646,148,1251
RELATIVE_B,20,100,0.75,2026,A4_SENSOR_DRIFT,strong,mean_voltage_v_1,99.0,0.5814240971483141,0.0,0.0,0.0,0.0,0.7021652330082185,0.7785204269017219,0.0,0.0,0.9517237429313646,148,1251
RELATIVE_B,20,100,1.0,42,A2_EARLY_VOLTAGE_COLLAPSE,mild,pooled,95.0,0.5646296368041542,0.9283154121863799,0.0875,0.15992590305649892,0.006756756756756757,0.9135373739108922,0.9530217717717717,0.984375,0.1607142857142857,0.9807667472143564,148,720
RELATIVE_B,20,100,1.0,42,A2_EARLY_VOLTAGE_COLLAPSE,mild,pooled,97.5,0.5696755226027296,0.9159271368519384,0.07361111111111111,0.13627045620374553,0.006756756756756757,0.9135373739108922,0.9530217717717717,0.9814814814814815,0.13695090439276486,0.9807667472143564,148,720
RELATIVE_B,20,100,1.0,42,A2_EARLY_VOLTAGE_COLLAPSE,mild,pooled,99.0,0.5796344836679473,0.8939304655274012,0.05694444444444444,0.10706849701803295,0.006756756756756757,0.9135373739108922,0.9530217717717717,0.9761904761904762,0.10761154855643044,0.9807667472143564,148,720
RELATIVE_B,20,100,1.0,42,A2_EARLY_VOLTAGE_COLLAPSE,moderate,pooled,95.0,0.5646296368041542,0.9283154121863799,0.0875,0.15992590305649892,0.006756756756756757,0.9153780847227921,0.9543355855855855,0.984375,0.1607142857142857,0.9812051390882,148,720
RELATIVE_B,20,100,1.0,42,A2_EARLY_VOLTAGE_COLLAPSE,moderate,pooled,97.5,0.5696755226027296,0.9159271368519384,0.07361111111111111,0.13627045620374553,0.006756756756756757,0.9153780847227921,0.9543355855855855,0.9814814814814815,0.13695090439276486,0.9812051390882,148,720
RELATIVE_B,20,100,1.0,42,A2_EARLY_VOLTAGE_COLLAPSE,moderate,pooled,99.0,0.5796344836679473,0.8939304655274012,0.05694444444444444,0.10706849701803295,0.006756756756756757,0.9153780847227921,0.9543355855855855,0.9761904761904762,0.10761154855643044,0.9812051390882,148,720
RELATIVE_B,20,100,1.0,42,A2_EARLY_VOLTAGE_COLLAPSE,strong,pooled,95.0,0.5646296368041542,0.9283154121863799,0.0875,0.15992590305649892,0.006756756756756757,0.9153772374887783,0.9543355855855855,0.984375,0.1607142857142857,0.9812049348726599,148,720
RELATIVE_B,20,100,1.0,42,A2_EARLY_VOLTAGE_COLLAPSE,strong,pooled,97.5,0.5696755226027296,0.9159271368519384,0.07361111111111111,0.13627045620374553,0.006756756756756757,0.9153772374887783,0.9543355855855855,0.9814814814814815,0.13695090439276486,0.9812049348726599,148,720
RELATIVE_B,20,100,1.0,42,A2_EARLY_VOLTAGE_COLLAPSE,strong,pooled,99.0,0.5796344836679473,0.8939304655274012,0.05694444444444444,0.10706849701803295,0.006756756756756757,0.9153772374887783,0.9543355855855855,0.9761904761904762,0.10761154855643044,0.9812049348726599,148,720
RELATIVE_B,20,100,1.0,42,A3_THERMAL_ABNORMALITY,mild,pooled,95.0,0.5646296368041542,0.7276853252647504,0.018055555555555554,0.035236804512655207,0.006756756756756757,0.6269913618284386,0.6587743993993994,0.9285714285714286,0.03542234332425068,0.8892269675978539,148,720
RELATIVE_B,20,100,1.0,42,A3_THERMAL_ABNORMALITY,mild,pooled,97.5,0.5696755226027296,0.5899772209567198,0.009722222222222222,0.019129214520477125,0.006756756756756757,0.6269913618284386,0.6587743993993994,0.875,0.019230769230769235,0.8892269675978539,148,720
RELATIVE_B,20,100,1.0,42,A3_THERMAL_ABNORMALITY,mild,pooled,99.0,0.5796344836679473,0.4512195121951219,0.005555555555555556,0.010975971521803619,0.006756756756756757,0.6269913618284386,0.6587743993993994,0.8,0.011034482758620689,0.8892269675978539,148,720
RELATIVE_B,20,100,1.0,42,A3_THERMAL_ABNORMALITY,moderate,pooled,95.0,0.5646296368041542,0.8865069356872636,0.05277777777777778,0.0996244597179905,0.006756756756756757,0.8186446408196058,0.8611017267267268,0.9743589743589743,0.10013175230566536,0.9553089115458349,148,720
RELATIVE_B,20,100,1.0,42,A3_THERMAL_ABNORMALITY,moderate,pooled,97.5,0.5696755226027296,0.8604651162790697,0.041666666666666664,0.07948442534908699,0.006756756756756757,0.8186446408196058,0.8611017267267268,0.967741935483871,0.07989347536617841,0.9553089115458349,148,720
RELATIVE_B,20,100,1.0,42,A3_THERMAL_ABNORMALITY,moderate,pooled,99.0,0.5796344836679473,0.7775030902348579,0.02361111111111111,0.04583044919669205,0.006756756756756757,0.8186446408196058,0.8611017267267268,0.9444444444444444,0.04607046070460705,0.9553089115458349,148,720
RELATIVE_B,20,100,1.0,42,A3_THERMAL_ABNORMALITY,strong,pooled,95.0,0.5646296368041542,0.9548985216737661,0.14305555555555555,0.2488328817211322,0.006756756756756757,0.9183603040522645,0.9406625375375375,0.9903846153846154,0.25,0.9816308060979827,148,720
RELATIVE_B,20,100,1.0,42,A3_THERMAL_ABNORMALITY,strong,pooled,97.5,0.5696755226027296,0.9481716095594588,0.12361111111111112,0.21870952744661773,0.006756756756756757,0.9183603040522645,0.9406625375375375,0.9888888888888889,0.2197530864197531,0.9816308060979827,148,720
RELATIVE_B,20,100,1.0,42,A3_THERMAL_ABNORMALITY,strong,pooled,99.0,0.5796344836679473,0.9226139294926913,0.08055555555555556,0.14817372091417524,0.006756756756756757,0.9183603040522645,0.9406625375375375,0.9830508474576272,0.14890885750962773,0.9816308060979827,148,720
RELATIVE_B,20,100,1.0,42,A4_SENSOR_DRIFT,mild,pooled,95.0,0.5646296368041542,0.5013949780789159,0.006794564348521183,0.013407440170097571,0.006756756756756757,0.5733461578094472,0.6148122042906216,0.9714285714285714,0.013494741020043659,0.9780874010390469,148,5004
RELATIVE_B,20,100,1.0,42,A4_SENSOR_DRIFT,mild,pooled,97.5,0.5696755226027296,0.4939320388349514,0.006594724220623501,0.01301566997121842,0.006756756756756757,0.5733461578094472,0.6148122042906216,0.9705882352941176,0.013100436681222708,0.9780874010390469,148,5004
RELATIVE_B,20,100,1.0,42,A4_SENSOR_DRIFT,mild,pooled,99.0,0.5796344836679473,0.4529951902055094,0.005595523581135092,0.011054498892949557,0.006756756756756757,0.5733461578094472,0.6148122042906216,0.9655172413793104,0.011126564673157162,0.9780874010390469,148,5004
RELATIVE_B,20,100,1.0,42,A4_SENSOR_DRIFT,mild,mean_temp_c_-1,95.0,0.5646296368041542,0.48624229979466116,0.006394884092725819,0.01262374522211501,0.006756756756756757,0.4749002460486807,0.46705878540410917,0.8888888888888888,0.012698412698412698,0.883578909783634,148,1251
RELATIVE_B,20,100,1.0,42,A4_SENSOR_DRIFT,mild,mean_temp_c_-1,97.5,0.5696755226027296,0.4529951902055094,0.005595523581135092,0.011054498892949557,0.006756756756756757,0.4749002460486807,0.46705878540410917,0.875,0.011119936457505957,0.883578909783634,148,1251
RELATIVE_B,20,100,1.0,42,A4_SENSOR_DRIFT,mild,mean_temp_c_-1,99.0,0.5796344836679473,0.26194690265486725,0.002398081534772182,0.004752653297153225,0.006756756756756757,0.4749002460486807,0.46705878540410917,0.75,0.004780876494023904,0.883578909783634,148,1251
RELATIVE_B,20,100,1.0,42,A4_SENSOR_DRIFT,mild,mean_temp_c_1,95.0,0.5646296368041542,0.5156794425087108,0.007194244604316547,0.014190517282707706,0.006756756756756757,0.517761219216778,0.5307348715622097,0.9,0.014274385408406028,0.9001669989037044,148,1251
RELATIVE_B,20,100,1.0,42,A4_SENSOR_DRIFT,mild,mean_temp_c_1,97.5,0.5696755226027296,0.5156794425087108,0.007194244604316547,0.014190517282707706,0.006756756756756757,0.517761219216778,0.5307348715622097,0.9,0.014274385408406028,0.9001669989037044,148,1251
RELATIVE_B,20,100,1.0,42,A4_SENSOR_DRIFT,mild,mean_temp_c_1,99.0,0.5796344836679473,0.5156794425087108,0.007194244604316547,0.014190517282707706,0.006756756756756757,0.517761219216778,0.5307348715622097,0.9,0.014274385408406028,0.9001669989037044,148,1251
RELATIVE_B,20,100,1.0,42,A4_SENSOR_DRIFT,mild,mean_voltage_v_-1,95.0,0.5646296368041542,0.48624229979466116,0.006394884092725819,0.01262374522211501,0.006756756756756757,0.6756888236799449,0.7549527945211398,0.8888888888888888,0.012698412698412698,0.9450930935421873,148,1251
RELATIVE_B,20,100,1.0,42,A4_SENSOR_DRIFT,mild,mean_voltage_v_-1,97.5,0.5696755226027296,0.48624229979466116,0.006394884092725819,0.01262374522211501,0.006756756756756757,0.6756888236799449,0.7549527945211398,0.8888888888888888,0.012698412698412698,0.9450930935421873,148,1251
RELATIVE_B,20,100,1.0,42,A4_SENSOR_DRIFT,mild,mean_voltage_v_-1,99.0,0.5796344836679473,0.4529951902055094,0.005595523581135092,0.011054498892949557,0.006756756756756757,0.6756888236799449,0.7549527945211398,0.875,0.011119936457505957,0.9450930935421873,148,1251
RELATIVE_B,20,100,1.0,42,A4_SENSOR_DRIFT,mild,mean_voltage_v_1,95.0,0.5646296368041542,0.5156794425087108,0.007194244604316547,0.014190517282707706,0.006756756756756757,0.6205544760058249,0.7065023656750276,0.9,0.014274385408406028,0.930746280383766,148,1251
RELATIVE_B,20,100,1.0,42,A4_SENSOR_DRIFT,mild,mean_voltage_v_1,97.5,0.5696755226027296,0.5156794425087108,0.007194244604316547,0.014190517282707706,0.006756756756756757,0.6205544760058249,0.7065023656750276,0.9,0.014274385408406028,0.930746280383766,148,1251
RELATIVE_B,20,100,1.0,42,A4_SENSOR_DRIFT,mild,mean_voltage_v_1,99.0,0.5796344836679473,0.5156794425087108,0.007194244604316547,0.014190517282707706,0.006756756756756757,0.6205544760058249,0.7065023656750276,0.9,0.014274385408406028,0.930746280383766,148,1251
RELATIVE_B,20,100,1.0,42,A4_SENSOR_DRIFT,moderate,pooled,95.0,0.5646296368041542,0.5291682348513361,0.007593924860111911,0.014972977290274489,0.006756756756756757,0.6059668240426819,0.6610691176788299,0.9743589743589743,0.015070394606385089,0.9807074722781493,148,5004
RELATIVE_B,20,100,1.0,42,A4_SENSOR_DRIFT,moderate,pooled,97.5,0.5696755226027296,0.4783152627189324,0.006195043964828137,0.01223166583131605,0.006756756756756757,0.6059668240426819,0.6610691176788299,0.96875,0.012311358220810165,0.9807074722781493,148,5004
RELATIVE_B,20,100,1.0,42,A4_SENSOR_DRIFT,moderate,pooled,99.0,0.5796344836679473,0.44399999999999995,0.00539568345323741,0.01066180001921045,0.006756756756756757,0.6059668240426819,0.6610691176788299,0.9642857142857143,0.010731319554848967,0.9807074722781493,148,5004
RELATIVE_B,20,100,1.0,42,A4_SENSOR_DRIFT,moderate,mean_temp_c_-1,95.0,0.5646296368041542,0.37167252636865894,0.003996802557953637,0.007908559947418764,0.006756756756756757,0.48883767077169693,0.4914338799230886,0.8333333333333334,0.007955449482895784,0.8885543201356098,148,1251
RELATIVE_B,20,100,1.0,42,A4_SENSOR_DRIFT,moderate,mean_temp_c_-1,97.5,0.5696755226027296,0.32121540965816603,0.0031974420463629096,0.006331855543849703,0.006756756756756757,0.48883767077169693,0.4914338799230886,0.8,0.006369426751592356,0.8885543201356098,148,1251
RELATIVE_B,20,100,1.0,42,A4_SENSOR_DRIFT,moderate,mean_temp_c_-1,99.0,0.5796344836679473,0.10578984989278055,0.0007993605115907274,0.001586731493939865,0.006756756756756757,0.48883767077169693,0.4914338799230886,0.5,0.0015961691939345571,0.8885543201356098,148,1251
RELATIVE_B,20,100,1.0,42,A4_SENSOR_DRIFT,moderate,mean_temp_c_1,95.0,0.5646296368041542,0.5156794425087108,0.007194244604316547,0.014190517282707706,0.006756756756756757,0.5689943770122596,0.6006276060232895,0.9,0.014274385408406028,0.9170843245412711,148,1251
RELATIVE_B,20,100,1.0,42,A4_SENSOR_DRIFT,moderate,mean_temp_c_1,97.5,0.5696755226027296,0.5156794425087108,0.007194244604316547,0.014190517282707706,0.006756756756756757,0.5689943770122596,0.6006276060232895,0.9,0.014274385408406028,0.9170843245412711,148,1251
RELATIVE_B,20,100,1.0,42,A4_SENSOR_DRIFT,moderate,mean_temp_c_1,99.0,0.5796344836679473,0.5156794425087108,0.007194244604316547,0.014190517282707706,0.006756756756756757,0.5689943770122596,0.6006276060232895,0.9,0.014274385408406028,0.9170843245412711,148,1251
RELATIVE_B,20,100,1.0,42,A4_SENSOR_DRIFT,moderate,mean_voltage_v_-1,95.0,0.5646296368041542,0.6395851339671563,0.011990407673860911,0.023539516167512285,0.006756756756756757,0.7157179477804535,0.8102761034415711,0.9375,0.02367797947908445,0.9542431292444913,148,1251
RELATIVE_B,20,100,1.0,42,A4_SENSOR_DRIFT,moderate,mean_voltage_v_-1,97.5,0.5696755226027296,0.5156794425087108,0.007194244604316547,0.014190517282707706,0.006756756756756757,0.7157179477804535,0.8102761034415711,0.9,0.014274385408406028,0.9542431292444913,148,1251
RELATIVE_B,20,100,1.0,42,A4_SENSOR_DRIFT,moderate,mean_voltage_v_-1,99.0,0.5796344836679473,0.48624229979466116,0.006394884092725819,0.01262374522211501,0.006756756756756757,0.7157179477804535,0.8102761034415711,0.8888888888888888,0.012698412698412698,0.9542431292444913,148,1251
RELATIVE_B,20,100,1.0,42,A4_SENSOR_DRIFT,moderate,mean_voltage_v_1,95.0,0.5646296368041542,0.5156794425087108,0.007194244604316547,0.014190517282707706,0.006756756756756757,0.6428637214160965,0.7419388813273704,0.9,0.014274385408406028,0.9367435696552073,148,1251
RELATIVE_B,20,100,1.0,42,A4_SENSOR_DRIFT,moderate,mean_voltage_v_1,97.5,0.5696755226027296,0.5156794425087108,0.007194244604316547,0.014190517282707706,0.006756756756756757,0.6428637214160965,0.7419388813273704,0.9,0.014274385408406028,0.9367435696552073,148,1251
RELATIVE_B,20,100,1.0,42,A4_SENSOR_DRIFT,moderate,mean_voltage_v_1,99.0,0.5796344836679473,0.5156794425087108,0.007194244604316547,0.014190517282707706,0.006756756756756757,0.6428637214160965,0.7419388813273704,0.9,0.014274385408406028,0.9367435696552073,148,1251
RELATIVE_B,20,100,1.0,42,A4_SENSOR_DRIFT,strong,pooled,95.0,0.5646296368041542,0.6059842519685039,0.010391686650679457,0.02043297950861021,0.006756756756756757,0.6390320292071803,0.7071808769200856,0.9811320754716981,0.020565552699228794,0.9831754729361899,148,5004
RELATIVE_B,20,100,1.0,42,A4_SENSOR_DRIFT,strong,pooled,97.5,0.5696755226027296,0.4939320388349514,0.006594724220623501,0.01301566997121842,0.006756756756756757,0.6390320292071803,0.7071808769200856,0.9705882352941176,0.013100436681222708,0.9831754729361899,148,5004
RELATIVE_B,20,100,1.0,42,A4_SENSOR_DRIFT,strong,pooled,99.0,0.5796344836679473,0.44399999999999995,0.00539568345323741,0.01066180001921045,0.006756756756756757,0.6390320292071803,0.7071808769200856,0.9642857142857143,0.010731319554848967,0.9831754729361899,148,5004
RELATIVE_B,20,100,1.0,42,A4_SENSOR_DRIFT,strong,mean_temp_c_-1,95.0,0.5646296368041542,0.32121540965816603,0.0031974420463629096,0.006331855543849703,0.006756756756756757,0.5279289109294287,0.5580994663728477,0.8,0.006369426751592356,0.902397750041654,148,1251
RELATIVE_B,20,100,1.0,42,A4_SENSOR_DRIFT,strong,mean_temp_c_-1,97.5,0.5696755226027296,0.19133807369101488,0.0015987210231814548,0.0031709472669326976,0.006756756756756757,0.5279289109294287,0.5580994663728477,0.6666666666666666,0.003189792663476874,0.902397750041654,148,1251
RELATIVE_B,20,100,1.0,42,A4_SENSOR_DRIFT,strong,mean_temp_c_-1,99.0,0.5796344836679473,0.10578984989278055,0.0007993605115907274,0.001586731493939865,0.006756756756756757,0.5279289109294287,0.5580994663728477,0.5,0.0015961691939345571,0.902397750041654,148,1251
RELATIVE_B,20,100,1.0,42,A4_SENSOR_DRIFT,strong,mean_temp_c_1,95.0,0.5646296368041542,0.72243177279787,0.017585931254996003,0.03433603121457383,0.006756756756756757,0.6431089880503991,0.6886814872426383,0.9565217391304348,0.03453689167974882,0.9373317493103525,148,1251
RELATIVE_B,20,100,1.0,42,A4_SENSOR_DRIFT,strong,mean_temp_c_1,97.5,0.5696755226027296,0.6059842519685039,0.010391686650679457,0.02043297950861021,0.006756756756756757,0.6431089880503991,0.6886814872426383,0.9285714285714286,0.02055335968379447,0.9373317493103525,148,1251
RELATIVE_B,20,100,1.0,42,A4_SENSOR_DRIFT,strong,mean_temp_c_1,99.0,0.5796344836679473,0.48624229979466116,0.006394884092725819,0.01262374522211501,0.006756756756756757,0.6431089880503991,0.6886814872426383,0.8888888888888888,0.012698412698412698,0.9373317493103525,148,1251
RELATIVE_B,20,100,1.0,42,A4_SENSOR_DRIFT,strong,mean_voltage_v_-1,95.0,0.5646296368041542,0.6679054950889302,0.013589128697042365,0.026636317920758015,0.006756756756756757,0.7285909921372943,0.8266305874219543,0.9444444444444444,0.026792750197005517,0.9570396882862123,148,1251
RELATIVE_B,20,100,1.0,42,A4_SENSOR_DRIFT,strong,mean_voltage_v_-1,97.5,0.5696755226027296,0.5156794425087108,0.007194244604316547,0.014190517282707706,0.006756756756756757,0.7285909921372943,0.8266305874219543,0.9,0.014274385408406028,0.9570396882862123,148,1251
RELATIVE_B,20,100,1.0,42,A4_SENSOR_DRIFT,strong,mean_voltage_v_-1,99.0,0.5796344836679473,0.5156794425087108,0.007194244604316547,0.014190517282707706,0.006756756756756757,0.7285909921372943,0.8266305874219543,0.9,0.014274385408406028,0.9570396882862123,148,1251
RELATIVE_B,20,100,1.0,42,A4_SENSOR_DRIFT,strong,mean_voltage_v_1,95.0,0.5646296368041542,0.5156794425087108,0.007194244604316547,0.014190517282707706,0.006756756756756757,0.6512251701785399,0.755311966642902,0.9,0.014274385408406028,0.9388556009504261,148,1251
RELATIVE_B,20,100,1.0,42,A4_SENSOR_DRIFT,strong,mean_voltage_v_1,97.5,0.5696755226027296,0.5156794425087108,0.007194244604316547,0.014190517282707706,0.006756756756756757,0.6512251701785399,0.755311966642902,0.9,0.014274385408406028,0.9388556009504261,148,1251
RELATIVE_B,20,100,1.0,42,A4_SENSOR_DRIFT,strong,mean_voltage_v_1,99.0,0.5796344836679473,0.5156794425087108,0.007194244604316547,0.014190517282707706,0.006756756756756757,0.6512251701785399,0.755311966642902,0.9,0.014274385408406028,0.9388556009504261,148,1251
RELATIVE_B,20,100,1.0,123,A2_EARLY_VOLTAGE_COLLAPSE,mild,pooled,95.0,0.556173903418522,0.9587250630589316,0.15694444444444444,0.2697332344117932,0.006756756756756757,0.955023440115538,0.9707207207207207,0.9912280701754386,0.27098321342925663,0.990326812198419,148,720
RELATIVE_B,20,100,1.0,123,A2_EARLY_VOLTAGE_COLLAPSE,mild,pooled,97.5,0.5747743617221296,1.0,0.07361111111111111,0.13712807244501943,0.0,0.955023440115538,0.9707207207207207,1.0,0.13712807244501943,0.990326812198419,148,720
RELATIVE_B,20,100,1.0,123,A2_EARLY_VOLTAGE_COLLAPSE,mild,pooled,99.0,0.5830642479789082,1.0,0.059722222222222225,0.1127129750982962,0.0,0.955023440115538,0.9707207207207207,1.0,0.1127129750982962,0.990326812198419,148,720
RELATIVE_B,20,100,1.0,123,A2_EARLY_VOLTAGE_COLLAPSE,moderate,pooled,95.0,0.556173903418522,0.9587250630589316,0.15694444444444444,0.2697332344117932,0.006756756756756757,0.9572666755949756,0.9722879129129128,0.9912280701754386,0.27098321342925663,0.9908306031614541,148,720
RELATIVE_B,20,100,1.0,123,A2_EARLY_VOLTAGE_COLLAPSE,moderate,pooled,97.5,0.5747743617221296,1.0,0.07361111111111111,0.13712807244501943,0.0,0.9572666755949756,0.9722879129129128,1.0,0.13712807244501943,0.9908306031614541,148,720
RELATIVE_B,20,100,1.0,123,A2_EARLY_VOLTAGE_COLLAPSE,moderate,pooled,99.0,0.5830642479789082,1.0,0.059722222222222225,0.1127129750982962,0.0,0.9572666755949756,0.9722879129129128,1.0,0.1127129750982962,0.9908306031614541,148,720
RELATIVE_B,20,100,1.0,123,A2_EARLY_VOLTAGE_COLLAPSE,strong,pooled,95.0,0.556173903418522,0.9587250630589316,0.15694444444444444,0.2697332344117932,0.006756756756756757,0.9572666755949756,0.9722879129129128,0.9912280701754386,0.27098321342925663,0.9908306031614541,148,720
RELATIVE_B,20,100,1.0,123,A2_EARLY_VOLTAGE_COLLAPSE,strong,pooled,97.5,0.5747743617221296,1.0,0.07361111111111111,0.13712807244501943,0.0,0.9572666755949756,0.9722879129129128,1.0,0.13712807244501943,0.9908306031614541,148,720
RELATIVE_B,20,100,1.0,123,A2_EARLY_VOLTAGE_COLLAPSE,strong,pooled,99.0,0.5830642479789082,1.0,0.059722222222222225,0.1127129750982962,0.0,0.9572666755949756,0.9722879129129128,1.0,0.1127129750982962,0.9908306031614541,148,720
RELATIVE_B,20,100,1.0,123,A3_THERMAL_ABNORMALITY,mild,pooled,95.0,0.556173903418522,0.8939304655274012,0.05694444444444444,0.10706849701803295,0.006756756756756757,0.7085249354797446,0.7231043543543544,0.9761904761904762,0.10761154855643044,0.9180725095511343,148,720
RELATIVE_B,20,100,1.0,123,A3_THERMAL_ABNORMALITY,mild,pooled,97.5,0.5747743617221296,1.0,0.020833333333333332,0.04081632653061225,0.0,0.7085249354797446,0.7231043543543544,1.0,0.04081632653061225,0.9180725095511343,148,720
RELATIVE_B,20,100,1.0,123,A3_THERMAL_ABNORMALITY,mild,pooled,99.0,0.5830642479789082,1.0,0.009722222222222222,0.01925722145804677,0.0,0.7085249354797446,0.7231043543543544,1.0,0.01925722145804677,0.9180725095511343,148,720
RELATIVE_B,20,100,1.0,123,A3_THERMAL_ABNORMALITY,moderate,pooled,95.0,0.556173903418522,0.963107194097151,0.1763888888888889,0.2981693581649164,0.006756756756756757,0.8954681489508278,0.9084834834834834,0.9921875,0.29952830188679247,0.9751564343384493,148,720
RELATIVE_B,20,100,1.0,123,A3_THERMAL_ABNORMALITY,moderate,pooled,97.5,0.5747743617221296,1.0,0.09444444444444444,0.17258883248730963,0.0,0.8954681489508278,0.9084834834834834,1.0,0.17258883248730963,0.9751564343384493,148,720
RELATIVE_B,20,100,1.0,123,A3_THERMAL_ABNORMALITY,moderate,pooled,99.0,0.5830642479789082,1.0,0.05555555555555555,0.10526315789473684,0.0,0.8954681489508278,0.9084834834834834,1.0,0.10526315789473684,0.9751564343384493,148,720
RELATIVE_B,20,100,1.0,123,A3_THERMAL_ABNORMALITY,strong,pooled,95.0,0.556173903418522,0.9849321948769463,0.44166666666666665,0.609858497900793,0.006756756756756757,0.9637741181475764,0.965944069069069,0.9968652037617555,0.6121270452358036,0.9918749186210494,148,720
RELATIVE_B,20,100,1.0,123,A3_THERMAL_ABNORMALITY,strong,pooled,97.5,0.5747743617221296,1.0,0.2722222222222222,0.4279475982532751,0.0,0.9637741181475764,0.965944069069069,1.0,0.4279475982532751,0.9918749186210494,148,720
RELATIVE_B,20,100,1.0,123,A3_THERMAL_ABNORMALITY,strong,pooled,99.0,0.5830642479789082,1.0,0.16527777777777777,0.28367103694874846,0.0,0.9637741181475764,0.965944069069069,1.0,0.28367103694874846,0.9918749186210494,148,720
RELATIVE_B,20,100,1.0,123,A4_SENSOR_DRIFT,mild,pooled,95.0,0.556173903418522,0.591710182767624,0.00979216626698641,0.019265509106751958,0.006756756756756757,0.6046466093585317,0.6365974787737376,0.98,0.019390581717451522,0.9805337307013121,148,5004
RELATIVE_B,20,100,1.0,123,A4_SENSOR_DRIFT,mild,pooled,97.5,0.5747743617221296,1.0,0.003996802557953637,0.007961783439490446,0.0,0.6046466093585317,0.6365974787737376,1.0,0.007961783439490446,0.9805337307013121,148,5004
RELATIVE_B,20,100,1.0,123,A4_SENSOR_DRIFT,mild,pooled,99.0,0.5830642479789082,1.0,0.0017985611510791368,0.003590664272890485,0.0,0.6046466093585317,0.6365974787737376,1.0,0.003590664272890485,0.9805337307013121,148,5004
RELATIVE_B,20,100,1.0,123,A4_SENSOR_DRIFT,mild,mean_temp_c_-1,95.0,0.556173903418522,0.0,0.0,0.0,0.006756756756756757,0.4814197303109081,0.47299727785339296,0.0,0.0,0.8862341150878101,148,1251
RELATIVE_B,20,100,1.0,123,A4_SENSOR_DRIFT,mild,mean_temp_c_-1,97.5,0.5747743617221296,0.0,0.0,0.0,0.0,0.4814197303109081,0.47299727785339296,0.0,0.0,0.8862341150878101,148,1251
RELATIVE_B,20,100,1.0,123,A4_SENSOR_DRIFT,mild,mean_temp_c_-1,99.0,0.5830642479789082,0.0,0.0,0.0,0.0,0.4814197303109081,0.47299727785339296,0.0,0.0,0.8862341150878101,148,1251
RELATIVE_B,20,100,1.0,123,A4_SENSOR_DRIFT,mild,mean_temp_c_1,95.0,0.556173903418522,0.6235329521516702,0.011191047162270184,0.021987467567954756,0.006756756756756757,0.5250480794329193,0.5347694817119277,0.9333333333333333,0.022116903633491312,0.902331958147993,148,1251
RELATIVE_B,20,100,1.0,123,A4_SENSOR_DRIFT,mild,mean_temp_c_1,97.5,0.5747743617221296,1.0,0.0031974420463629096,0.006374501992031872,0.0,0.5250480794329193,0.5347694817119277,1.0,0.006374501992031872,0.902331958147993,148,1251
RELATIVE_B,20,100,1.0,123,A4_SENSOR_DRIFT,mild,mean_temp_c_1,99.0,0.5830642479789082,1.0,0.0015987210231814548,0.0031923383878691143,0.0,0.5250480794329193,0.5347694817119277,1.0,0.0031923383878691143,0.902331958147993,148,1251
RELATIVE_B,20,100,1.0,123,A4_SENSOR_DRIFT,mild,mean_voltage_v_-1,95.0,0.556173903418522,0.8054734877935001,0.027977617905675458,0.054076908220629605,0.006756756756756757,0.7411105787207479,0.8041701773716161,0.9722222222222222,0.05439005439005438,0.9589003263580863,148,1251
RELATIVE_B,20,100,1.0,123,A4_SENSOR_DRIFT,mild,mean_voltage_v_-1,97.5,0.5747743617221296,1.0,0.012789768185451638,0.025256511444356748,0.0,0.7411105787207479,0.8041701773716161,1.0,0.025256511444356748,0.9589003263580863,148,1251
RELATIVE_B,20,100,1.0,123,A4_SENSOR_DRIFT,mild,mean_voltage_v_-1,99.0,0.5830642479789082,1.0,0.005595523581135092,0.011128775834658187,0.0,0.7411105787207479,0.8041701773716161,1.0,0.011128775834658187,0.9589003263580863,148,1251
RELATIVE_B,20,100,1.0,123,A4_SENSOR_DRIFT,mild,mean_voltage_v_1,95.0,0.556173903418522,0.0,0.0,0.0,0.006756756756756757,0.6489398308099725,0.7344529781580141,0.0,0.0,0.9384480306902421,148,1251
RELATIVE_B,20,100,1.0,123,A4_SENSOR_DRIFT,mild,mean_voltage_v_1,97.5,0.5747743617221296,0.0,0.0,0.0,0.0,0.6489398308099725,0.7344529781580141,0.0,0.0,0.9384480306902421,148,1251
RELATIVE_B,20,100,1.0,123,A4_SENSOR_DRIFT,mild,mean_voltage_v_1,99.0,0.5830642479789082,0.0,0.0,0.0,0.0,0.6489398308099725,0.7344529781580141,0.0,0.0,0.9384480306902421,148,1251
RELATIVE_B,20,100,1.0,123,A4_SENSOR_DRIFT,moderate,pooled,95.0,0.556173903418522,0.6578227571115974,0.01298960831334932,0.025476155166204106,0.006756756756756757,0.6472113289040093,0.6904442662086546,0.9848484848484849,0.02564102564102564,0.9835857341945407,148,5004
RELATIVE_B,20,100,1.0,123,A4_SENSOR_DRIFT,moderate,pooled,97.5,0.5747743617221296,1.0,0.004596322941646682,0.009150586831111996,0.0,0.6472113289040093,0.6904442662086546,1.0,0.009150586831111996,0.9835857341945407,148,5004
RELATIVE_B,20,100,1.0,123,A4_SENSOR_DRIFT,moderate,pooled,99.0,0.5830642479789082,1.0,0.0025979216626698643,0.00518237990831174,0.0,0.6472113289040093,0.6904442662086546,1.0,0.00518237990831174,0.9835857341945407,148,5004
RELATIVE_B,20,100,1.0,123,A4_SENSOR_DRIFT,moderate,mean_temp_c_-1,95.0,0.556173903418522,0.0,0.0,0.0,0.006756756756756757,0.5097485362907281,0.5131246354267937,0.0,0.0,0.89643577402276,148,1251
RELATIVE_B,20,100,1.0,123,A4_SENSOR_DRIFT,moderate,mean_temp_c_-1,97.5,0.5747743617221296,0.0,0.0,0.0,0.0,0.5097485362907281,0.5131246354267937,0.0,0.0,0.89643577402276,148,1251
RELATIVE_B,20,100,1.0,123,A4_SENSOR_DRIFT,moderate,mean_temp_c_-1,99.0,0.5830642479789082,0.0,0.0,0.0,0.0,0.5097485362907281,0.5131246354267937,0.0,0.0,0.89643577402276,148,1251
RELATIVE_B,20,100,1.0,123,A4_SENSOR_DRIFT,moderate,mean_temp_c_1,95.0,0.556173903418522,0.6679054950889302,0.013589128697042365,0.026636317920758015,0.006756756756756757,0.5829879480368816,0.6111192127379177,0.9444444444444444,0.026792750197005517,0.9207704192454167,148,1251
RELATIVE_B,20,100,1.0,123,A4_SENSOR_DRIFT,moderate,mean_temp_c_1,97.5,0.5747743617221296,1.0,0.004796163069544364,0.00954653937947494,0.0,0.5829879480368816,0.6111192127379177,1.0,0.00954653937947494,0.9207704192454167,148,1251
RELATIVE_B,20,100,1.0,123,A4_SENSOR_DRIFT,moderate,mean_temp_c_1,99.0,0.5830642479789082,1.0,0.003996802557953637,0.007961783439490446,0.0,0.5829879480368816,0.6111192127379177,1.0,0.007961783439490446,0.9207704192454167,148,1251
RELATIVE_B,20,100,1.0,123,A4_SENSOR_DRIFT,moderate,mean_voltage_v_-1,95.0,0.556173903418522,0.8502692998204667,0.03836930455635491,0.0734252182136711,0.006756756756756757,0.788752724028309,0.8616539201071576,0.9795918367346939,0.07384615384615384,0.9683956539103715,148,1251
RELATIVE_B,20,100,1.0,123,A4_SENSOR_DRIFT,moderate,mean_voltage_v_-1,97.5,0.5747743617221296,1.0,0.013589128697042365,0.02681388012618296,0.0,0.788752724028309,0.8616539201071576,1.0,0.02681388012618296,0.9683956539103715,148,1251
RELATIVE_B,20,100,1.0,123,A4_SENSOR_DRIFT,moderate,mean_voltage_v_-1,99.0,0.5830642479789082,1.0,0.006394884092725819,0.012708498808578234,0.0,0.788752724028309,0.8616539201071576,1.0,0.012708498808578234,0.9683956539103715,148,1251
RELATIVE_B,20,100,1.0,123,A4_SENSOR_DRIFT,moderate,mean_voltage_v_1,95.0,0.556173903418522,0.0,0.0,0.0,0.006756756756756757,0.6777207421403898,0.7758792965627498,0.0,0.0,0.9456842621904721,148,1251
RELATIVE_B,20,100,1.0,123,A4_SENSOR_DRIFT,moderate,mean_voltage_v_1,97.5,0.5747743617221296,0.0,0.0,0.0,0.0,0.6777207421403898,0.7758792965627498,0.0,0.0,0.9456842621904721,148,1251
RELATIVE_B,20,100,1.0,123,A4_SENSOR_DRIFT,moderate,mean_voltage_v_1,99.0,0.5830642479789082,0.0,0.0,0.0,0.0,0.6777207421403898,0.7758792965627498,0.0,0.0,0.9456842621904721,148,1251
RELATIVE_B,20,100,1.0,123,A4_SENSOR_DRIFT,strong,pooled,95.0,0.556173903418522,0.708051341890315,0.016386890487609912,0.032032433630887966,0.006756756756756757,0.6869914918561406,0.7420698576274115,0.9879518072289156,0.03223904069195989,0.9862251547862739,148,5004
RELATIVE_B,20,100,1.0,123,A4_SENSOR_DRIFT,strong,pooled,97.5,0.5747743617221296,1.0,0.00539568345323741,0.010733452593917711,0.0,0.6869914918561406,0.7420698576274115,1.0,0.010733452593917711,0.9862251547862739,148,5004
RELATIVE_B,20,100,1.0,123,A4_SENSOR_DRIFT,strong,pooled,99.0,0.5830642479789082,1.0,0.0025979216626698643,0.00518237990831174,0.0,0.6869914918561406,0.7420698576274115,1.0,0.00518237990831174,0.9862251547862739,148,5004
RELATIVE_B,20,100,1.0,123,A4_SENSOR_DRIFT,strong,mean_temp_c_-1,95.0,0.556173903418522,0.0,0.0,0.0,0.006756756756756757,0.571548087047989,0.6020642945103376,0.0,0.0,0.9164989360434665,148,1251
RELATIVE_B,20,100,1.0,123,A4_SENSOR_DRIFT,strong,mean_temp_c_-1,97.5,0.5747743617221296,0.0,0.0,0.0,0.0,0.571548087047989,0.6020642945103376,0.0,0.0,0.9164989360434665,148,1251
RELATIVE_B,20,100,1.0,123,A4_SENSOR_DRIFT,strong,mean_temp_c_-1,99.0,0.5830642479789082,0.0,0.0,0.0,0.0,0.571548087047989,0.6020642945103376,0.0,0.0,0.9164989360434665,148,1251
RELATIVE_B,20,100,1.0,123,A4_SENSOR_DRIFT,strong,mean_temp_c_1,95.0,0.556173903418522,0.7857509847576639,0.02478017585931255,0.048045154905831285,0.006756756756756757,0.6610399211111462,0.6972260029813986,0.96875,0.048324240062353856,0.9412012637234932,148,1251
RELATIVE_B,20,100,1.0,123,A4_SENSOR_DRIFT,strong,mean_temp_c_1,97.5,0.5747743617221296,1.0,0.007194244604316547,0.014285714285714287,0.0,0.6610399211111462,0.6972260029813986,1.0,0.014285714285714287,0.9412012637234932,148,1251
RELATIVE_B,20,100,1.0,123,A4_SENSOR_DRIFT,strong,mean_temp_c_1,99.0,0.5830642479789082,1.0,0.0031974420463629096,0.006374501992031872,0.0,0.6610399211111462,0.6972260029813986,1.0,0.006374501992031872,0.9412012637234932,148,1251
RELATIVE_B,20,100,1.0,123,A4_SENSOR_DRIFT,strong,mean_voltage_v_-1,95.0,0.556173903418522,0.8578247528128197,0.0407673860911271,0.07783569738124334,0.006756756756756757,0.803010500944304,0.8784999027804783,0.9807692307692307,0.07828089025326171,0.9711166558705484,148,1251
RELATIVE_B,20,100,1.0,123,A4_SENSOR_DRIFT,strong,mean_voltage_v_-1,97.5,0.5747743617221296,1.0,0.014388489208633094,0.028368794326241138,0.0,0.803010500944304,0.8784999027804783,1.0,0.028368794326241138,0.9711166558705484,148,1251
RELATIVE_B,20,100,1.0,123,A4_SENSOR_DRIFT,strong,mean_voltage_v_-1,99.0,0.5830642479789082,1.0,0.007194244604316547,0.014285714285714287,0.0,0.803010500944304,0.8784999027804783,1.0,0.014285714285714287,0.9711166558705484,148,1251
RELATIVE_B,20,100,1.0,123,A4_SENSOR_DRIFT,strong,mean_voltage_v_1,95.0,0.556173903418522,0.0,0.0,0.0,0.006756756756756757,0.6880581261991863,0.7904892302374317,0.0,0.0,0.9481506548039278,148,1251
RELATIVE_B,20,100,1.0,123,A4_SENSOR_DRIFT,strong,mean_voltage_v_1,97.5,0.5747743617221296,0.0,0.0,0.0,0.0,0.6880581261991863,0.7904892302374317,0.0,0.0,0.9481506548039278,148,1251
RELATIVE_B,20,100,1.0,123,A4_SENSOR_DRIFT,strong,mean_voltage_v_1,99.0,0.5830642479789082,0.0,0.0,0.0,0.0,0.6880581261991863,0.7904892302374317,0.0,0.0,0.9481506548039278,148,1251
RELATIVE_B,20,100,1.0,2026,A2_EARLY_VOLTAGE_COLLAPSE,mild,pooled,95.0,0.5538325810036251,0.864355689525245,0.12916666666666668,0.2247477221514647,0.02027027027027027,0.9227453519640847,0.9632319819819819,0.96875,0.22794117647058829,0.9827064581158567,148,720
RELATIVE_B,20,100,1.0,2026,A2_EARLY_VOLTAGE_COLLAPSE,mild,pooled,97.5,0.580153892628061,1.0,0.059722222222222225,0.1127129750982962,0.0,0.9227453519640847,0.9632319819819819,1.0,0.1127129750982962,0.9827064581158567,148,720
RELATIVE_B,20,100,1.0,2026,A2_EARLY_VOLTAGE_COLLAPSE,mild,pooled,99.0,0.5948398111586712,1.0,0.041666666666666664,0.07999999999999999,0.0,0.9227453519640847,0.9632319819819819,1.0,0.07999999999999999,0.9827064581158567,148,720
RELATIVE_B,20,100,1.0,2026,A2_EARLY_VOLTAGE_COLLAPSE,moderate,pooled,95.0,0.5538325810036251,0.864355689525245,0.12916666666666668,0.2247477221514647,0.02027027027027027,0.9237569379008275,0.964161036036036,0.96875,0.22794117647058829,0.982944438183414,148,720
RELATIVE_B,20,100,1.0,2026,A2_EARLY_VOLTAGE_COLLAPSE,moderate,pooled,97.5,0.580153892628061,1.0,0.059722222222222225,0.1127129750982962,0.0,0.9237569379008275,0.964161036036036,1.0,0.1127129750982962,0.982944438183414,148,720
RELATIVE_B,20,100,1.0,2026,A2_EARLY_VOLTAGE_COLLAPSE,moderate,pooled,99.0,0.5948398111586712,1.0,0.041666666666666664,0.07999999999999999,0.0,0.9237569379008275,0.964161036036036,1.0,0.07999999999999999,0.982944438183414,148,720
RELATIVE_B,20,100,1.0,2026,A2_EARLY_VOLTAGE_COLLAPSE,strong,pooled,95.0,0.5538325810036251,0.864355689525245,0.12916666666666668,0.2247477221514647,0.02027027027027027,0.9237622951093569,0.964161036036036,0.96875,0.22794117647058829,0.9829458656128989,148,720
RELATIVE_B,20,100,1.0,2026,A2_EARLY_VOLTAGE_COLLAPSE,strong,pooled,97.5,0.580153892628061,1.0,0.059722222222222225,0.1127129750982962,0.0,0.9237622951093569,0.964161036036036,1.0,0.1127129750982962,0.9829458656128989,148,720
RELATIVE_B,20,100,1.0,2026,A2_EARLY_VOLTAGE_COLLAPSE,strong,pooled,99.0,0.5948398111586712,1.0,0.041666666666666664,0.07999999999999999,0.0,0.9237622951093569,0.964161036036036,1.0,0.07999999999999999,0.9829458656128989,148,720
RELATIVE_B,20,100,1.0,2026,A3_THERMAL_ABNORMALITY,mild,pooled,95.0,0.5538325810036251,0.717129387113672,0.05138888888888889,0.09590528564923463,0.02027027027027027,0.6493322204354778,0.6841685435435435,0.925,0.09736842105263156,0.8979737174855105,148,720
RELATIVE_B,20,100,1.0,2026,A3_THERMAL_ABNORMALITY,mild,pooled,97.5,0.580153892628061,1.0,0.0125,0.02469135802469136,0.0,0.6493322204354778,0.6841685435435435,1.0,0.02469135802469136,0.8979737174855105,148,720
RELATIVE_B,20,100,1.0,2026,A3_THERMAL_ABNORMALITY,mild,pooled,99.0,0.5948398111586712,1.0,0.002777777777777778,0.00554016620498615,0.0,0.6493322204354778,0.6841685435435435,1.0,0.00554016620498615,0.8979737174855105,148,720
RELATIVE_B,20,100,1.0,2026,A3_THERMAL_ABNORMALITY,moderate,pooled,95.0,0.5538325810036251,0.8591181841899295,0.12361111111111112,0.2161257506645227,0.02027027027027027,0.8341741597616905,0.8708896396396396,0.967391304347826,0.21921182266009856,0.9594565797643014,148,720
RELATIVE_B,20,100,1.0,2026,A3_THERMAL_ABNORMALITY,moderate,pooled,97.5,0.580153892628061,1.0,0.04583333333333333,0.08764940239043824,0.0,0.8341741597616905,0.8708896396396396,1.0,0.08764940239043824,0.9594565797643014,148,720
RELATIVE_B,20,100,1.0,2026,A3_THERMAL_ABNORMALITY,moderate,pooled,99.0,0.5948398111586712,1.0,0.009722222222222222,0.01925722145804677,0.0,0.8341741597616905,0.8708896396396396,1.0,0.01925722145804677,0.9594565797643014,148,720
RELATIVE_B,20,100,1.0,2026,A3_THERMAL_ABNORMALITY,strong,pooled,95.0,0.5538325810036251,0.9405744470122153,0.32083333333333336,0.4784616676463179,0.02027027027027027,0.9302226643518732,0.9445758258258259,0.9871794871794872,0.4842767295597485,0.9842668088711378,148,720
RELATIVE_B,20,100,1.0,2026,A3_THERMAL_ABNORMALITY,strong,pooled,97.5,0.580153892628061,1.0,0.1375,0.2417582417582418,0.0,0.9302226643518732,0.9445758258258259,1.0,0.2417582417582418,0.9842668088711378,148,720
RELATIVE_B,20,100,1.0,2026,A3_THERMAL_ABNORMALITY,strong,pooled,99.0,0.5948398111586712,1.0,0.04722222222222222,0.09018567639257294,0.0,0.9302226643518732,0.9445758258258259,1.0,0.09018567639257294,0.9842668088711378,148,720
RELATIVE_B,20,100,1.0,2026,A4_SENSOR_DRIFT,mild,pooled,95.0,0.5538325810036251,0.5727945361411496,0.02717825739408473,0.05189421088726518,0.02027027027027027,0.5936091094229539,0.6254719197614881,0.9784172661870504,0.052887419793894615,0.9797568578804379,148,5004
RELATIVE_B,20,100,1.0,2026,A4_SENSOR_DRIFT,mild,pooled,97.5,0.580153892628061,1.0,0.006594724220623501,0.013103037522334724,0.0,0.5936091094229539,0.6254719197614881,1.0,0.013103037522334724,0.9797568578804379,148,5004
RELATIVE_B,20,100,1.0,2026,A4_SENSOR_DRIFT,mild,pooled,99.0,0.5948398111586712,1.0,0.0009992006394884093,0.0019964064683569574,0.0,0.5936091094229539,0.6254719197614881,1.0,0.0019964064683569574,0.9797568578804379,148,5004
RELATIVE_B,20,100,1.0,2026,A4_SENSOR_DRIFT,mild,mean_temp_c_-1,95.0,0.5538325810036251,0.4756182758138885,0.01838529176658673,0.03540209562933881,0.02027027027027027,0.4850912116259549,0.4708908548836606,0.8846153846153846,0.0360219263899765,0.8875235433135393,148,1251
RELATIVE_B,20,100,1.0,2026,A4_SENSOR_DRIFT,mild,mean_temp_c_-1,97.5,0.580153892628061,0.0,0.0,0.0,0.0,0.4850912116259549,0.4708908548836606,0.0,0.0,0.8875235433135393,148,1251
RELATIVE_B,20,100,1.0,2026,A4_SENSOR_DRIFT,mild,mean_temp_c_-1,99.0,0.5948398111586712,0.0,0.0,0.0,0.0,0.4850912116259549,0.4708908548836606,0.0,0.0,0.8875235433135393,148,1251
RELATIVE_B,20,100,1.0,2026,A4_SENSOR_DRIFT,mild,mean_temp_c_1,95.0,0.5538325810036251,0.5867195242814668,0.02877697841726619,0.054863074000278025,0.02027027027027027,0.5218418937918639,0.5328682999546309,0.9230769230769231,0.05581395348837209,0.9012667207245514,148,1251
RELATIVE_B,20,100,1.0,2026,A4_SENSOR_DRIFT,mild,mean_temp_c_1,97.5,0.580153892628061,1.0,0.006394884092725819,0.012708498808578234,0.0,0.5218418937918639,0.5328682999546309,1.0,0.012708498808578234,0.9012667207245514,148,1251
RELATIVE_B,20,100,1.0,2026,A4_SENSOR_DRIFT,mild,mean_temp_c_1,99.0,0.5948398111586712,1.0,0.003996802557953637,0.007961783439490446,0.0,0.5218418937918639,0.5328682999546309,1.0,0.007961783439490446,0.9012667207245514,148,1251
RELATIVE_B,20,100,1.0,2026,A4_SENSOR_DRIFT,mild,mean_voltage_v_-1,95.0,0.5538325810036251,0.6343886994641987,0.035171862509992005,0.06664858530394599,0.02027027027027027,0.6914123661058382,0.7580638192148984,0.9361702127659575,0.06779661016949153,0.9486119652251775,148,1251
RELATIVE_B,20,100,1.0,2026,A4_SENSOR_DRIFT,mild,mean_voltage_v_-1,97.5,0.580153892628061,1.0,0.019984012789768184,0.03918495297805642,0.0,0.6914123661058382,0.7580638192148984,1.0,0.03918495297805642,0.9486119652251775,148,1251
RELATIVE_B,20,100,1.0,2026,A4_SENSOR_DRIFT,mild,mean_voltage_v_-1,99.0,0.5948398111586712,0.0,0.0,0.0,0.0,0.6914123661058382,0.7580638192148984,0.0,0.0,0.9486119652251775,148,1251
RELATIVE_B,20,100,1.0,2026,A4_SENSOR_DRIFT,mild,mean_voltage_v_1,95.0,0.5538325810036251,0.5654741229593608,0.026378896882494004,0.05040637820264726,0.02027027027027027,0.6634346831702402,0.7400647049927627,0.9166666666666666,0.05128205128205128,0.942158962001474,148,1251
RELATIVE_B,20,100,1.0,2026,A4_SENSOR_DRIFT,mild,mean_voltage_v_1,97.5,0.580153892628061,0.0,0.0,0.0,0.0,0.6634346831702402,0.7400647049927627,0.0,0.0,0.942158962001474,148,1251
RELATIVE_B,20,100,1.0,2026,A4_SENSOR_DRIFT,mild,mean_voltage_v_1,99.0,0.5948398111586712,0.0,0.0,0.0,0.0,0.6634346831702402,0.7400647049927627,0.0,0.0,0.942158962001474,148,1251
RELATIVE_B,20,100,1.0,2026,A4_SENSOR_DRIFT,moderate,pooled,95.0,0.5538325810036251,0.5965817478232828,0.02997601918465228,0.05708378974651712,0.02027027027027027,0.6335882469815298,0.6822197647287576,0.9803921568627451,0.05817335660267598,0.9827546810392791,148,5004
RELATIVE_B,20,100,1.0,2026,A4_SENSOR_DRIFT,moderate,pooled,97.5,0.580153892628061,1.0,0.0069944044764188645,0.013891645167692,0.0,0.6335882469815298,0.6822197647287576,1.0,0.013891645167692,0.9827546810392791,148,5004
RELATIVE_B,20,100,1.0,2026,A4_SENSOR_DRIFT,moderate,pooled,99.0,0.5948398111586712,1.0,0.001398880895283773,0.0027938535222510478,0.0,0.6335882469815298,0.6822197647287576,1.0,0.0027938535222510478,0.9827546810392791,148,5004
RELATIVE_B,20,100,1.0,2026,A4_SENSOR_DRIFT,moderate,mean_temp_c_-1,95.0,0.5538325810036251,0.4529951902055094,0.016786570743405275,0.032373482493008136,0.02027027027027027,0.5161015134401159,0.5175724285436515,0.875,0.03294117647058823,0.8982637904555875,148,1251
RELATIVE_B,20,100,1.0,2026,A4_SENSOR_DRIFT,moderate,mean_temp_c_-1,97.5,0.580153892628061,0.0,0.0,0.0,0.0,0.5161015134401159,0.5175724285436515,0.0,0.0,0.8982637904555875,148,1251
RELATIVE_B,20,100,1.0,2026,A4_SENSOR_DRIFT,moderate,mean_temp_c_-1,99.0,0.5948398111586712,0.0,0.0,0.0,0.0,0.5161015134401159,0.5175724285436515,0.0,0.0,0.8982637904555875,148,1251
RELATIVE_B,20,100,1.0,2026,A4_SENSOR_DRIFT,moderate,mean_temp_c_1,95.0,0.5538325810036251,0.6290402293169912,0.03437250199840128,0.06518321255729394,0.02027027027027027,0.5737477116613479,0.6062852420766089,0.9347826086956522,0.06630686198920586,0.9183005188980375,148,1251
RELATIVE_B,20,100,1.0,2026,A4_SENSOR_DRIFT,moderate,mean_temp_c_1,97.5,0.580153892628061,1.0,0.007194244604316547,0.014285714285714287,0.0,0.5737477116613479,0.6062852420766089,1.0,0.014285714285714287,0.9183005188980375,148,1251
RELATIVE_B,20,100,1.0,2026,A4_SENSOR_DRIFT,moderate,mean_temp_c_1,99.0,0.5948398111586712,1.0,0.005595523581135092,0.011128775834658187,0.0,0.5737477116613479,0.6062852420766089,1.0,0.011128775834658187,0.9183005188980375,148,1251
RELATIVE_B,20,100,1.0,2026,A4_SENSOR_DRIFT,moderate,mean_voltage_v_-1,95.0,0.5538325810036251,0.6446359246283495,0.03677058353317346,0.06957268188994886,0.02027027027027027,0.7321225074162863,0.814726597100698,0.9387755102040817,0.07076923076923076,0.9576314667746124,148,1251
RELATIVE_B,20,100,1.0,2026,A4_SENSOR_DRIFT,moderate,mean_voltage_v_-1,97.5,0.580153892628061,1.0,0.020783373301358914,0.04072043852779953,0.0,0.7321225074162863,0.814726597100698,1.0,0.04072043852779953,0.9576314667746124,148,1251
RELATIVE_B,20,100,1.0,2026,A4_SENSOR_DRIFT,moderate,mean_voltage_v_-1,99.0,0.5948398111586712,0.0,0.0,0.0,0.0,0.7321225074162863,0.814726597100698,0.0,0.0,0.9576314667746124,148,1251
RELATIVE_B,20,100,1.0,2026,A4_SENSOR_DRIFT,moderate,mean_voltage_v_1,95.0,0.5538325810036251,0.6120128191874289,0.0319744204636291,0.06077373589089472,0.02027027027027027,0.6967845299958384,0.7902947911940718,0.9302325581395349,0.061823802163833076,0.9501525356219637,148,1251
RELATIVE_B,20,100,1.0,2026,A4_SENSOR_DRIFT,moderate,mean_voltage_v_1,97.5,0.580153892628061,0.0,0.0,0.0,0.0,0.6967845299958384,0.7902947911940718,0.0,0.0,0.9501525356219637,148,1251
RELATIVE_B,20,100,1.0,2026,A4_SENSOR_DRIFT,moderate,mean_voltage_v_1,99.0,0.5948398111586712,0.0,0.0,0.0,0.0,0.6967845299958384,0.7902947911940718,0.0,0.0,0.9501525356219637,148,1251
RELATIVE_B,20,100,1.0,2026,A4_SENSOR_DRIFT,strong,pooled,95.0,0.5538325810036251,0.6149584487534626,0.03237410071942446,0.061510043869776036,0.02027027027027027,0.6741409574490829,0.7376949791518136,0.9818181818181818,0.06268136970400465,0.9855202331899382,148,5004
RELATIVE_B,20,100,1.0,2026,A4_SENSOR_DRIFT,strong,pooled,97.5,0.580153892628061,1.0,0.006794564348521183,0.013497419610956728,0.0,0.6741409574490829,0.7376949791518136,1.0,0.013497419610956728,0.9855202331899382,148,5004
RELATIVE_B,20,100,1.0,2026,A4_SENSOR_DRIFT,strong,pooled,99.0,0.5948398111586712,1.0,0.001199040767386091,0.0023952095808383233,0.0,0.6741409574490829,0.7376949791518136,1.0,0.0023952095808383233,0.9855202331899382,148,5004
RELATIVE_B,20,100,1.0,2026,A4_SENSOR_DRIFT,strong,mean_temp_c_-1,95.0,0.5538325810036251,0.440935498286906,0.01598721023181455,0.030855671553885366,0.02027027027027027,0.5826984658404566,0.6168227580098083,0.8695652173913043,0.03139717425431711,0.9194827941967595,148,1251
RELATIVE_B,20,100,1.0,2026,A4_SENSOR_DRIFT,strong,mean_temp_c_-1,97.5,0.580153892628061,0.0,0.0,0.0,0.0,0.5826984658404566,0.6168227580098083,0.0,0.0,0.9194827941967595,148,1251
RELATIVE_B,20,100,1.0,2026,A4_SENSOR_DRIFT,strong,mean_temp_c_-1,99.0,0.5948398111586712,0.0,0.0,0.0,0.0,0.5826984658404566,0.6168227580098083,0.0,0.0,0.9194827941967595,148,1251
RELATIVE_B,20,100,1.0,2026,A4_SENSOR_DRIFT,strong,mean_temp_c_1,95.0,0.5538325810036251,0.6804597701149426,0.04316546762589928,0.08118114915207754,0.02027027027027027,0.6485864234008438,0.6908041134659839,0.9473684210526315,0.08256880733944955,0.938557611448854,148,1251
RELATIVE_B,20,100,1.0,2026,A4_SENSOR_DRIFT,strong,mean_temp_c_1,97.5,0.580153892628061,1.0,0.005595523581135092,0.011128775834658187,0.0,0.6485864234008438,0.6908041134659839,1.0,0.011128775834658187,0.938557611448854,148,1251
RELATIVE_B,20,100,1.0,2026,A4_SENSOR_DRIFT,strong,mean_temp_c_1,99.0,0.5948398111586712,1.0,0.004796163069544364,0.00954653937947494,0.0,0.6485864234008438,0.6908041134659839,1.0,0.00954653937947494,0.938557611448854,148,1251
RELATIVE_B,20,100,1.0,2026,A4_SENSOR_DRIFT,strong,mean_voltage_v_-1,95.0,0.5538325810036251,0.6446359246283495,0.03677058353317346,0.06957268188994886,0.02027027027027027,0.7454701592402487,0.8327986259640936,0.9387755102040817,0.07076923076923076,0.9604430792653137,148,1251
RELATIVE_B,20,100,1.0,2026,A4_SENSOR_DRIFT,strong,mean_voltage_v_-1,97.5,0.580153892628061,1.0,0.02158273381294964,0.04225352112676056,0.0,0.7454701592402487,0.8327986259640936,1.0,0.04225352112676056,0.9604430792653137,148,1251
RELATIVE_B,20,100,1.0,2026,A4_SENSOR_DRIFT,strong,mean_voltage_v_-1,99.0,0.5948398111586712,0.0,0.0,0.0,0.0,0.7454701592402487,0.8327986259640936,0.0,0.0,0.9604430792653137,148,1251
RELATIVE_B,20,100,1.0,2026,A4_SENSOR_DRIFT,strong,mean_voltage_v_1,95.0,0.5538325810036251,0.6235329521516702,0.03357314148681055,0.0637156167837759,0.02027027027027027,0.7100879158234934,0.8103544191673688,0.9333333333333333,0.06481481481481481,0.9531885197874983,148,1251
RELATIVE_B,20,100,1.0,2026,A4_SENSOR_DRIFT,strong,mean_voltage_v_1,97.5,0.580153892628061,0.0,0.0,0.0,0.0,0.7100879158234934,0.8103544191673688,0.0,0.0,0.9531885197874983,148,1251
RELATIVE_B,20,100,1.0,2026,A4_SENSOR_DRIFT,strong,mean_voltage_v_1,99.0,0.5948398111586712,0.0,0.0,0.0,0.0,0.7100879158234934,0.8103544191673688,0.0,0.0,0.9531885197874983,148,1251
RELATIVE_B,20,200,0.75,42,A2_EARLY_VOLTAGE_COLLAPSE,mild,pooled,95.0,0.5605545146107127,0.9173553719008264,0.15,0.2578397212543554,0.013513513513513514,0.9361318177767712,0.9658596096096096,0.9818181818181818,0.26024096385542167,0.985972166196269,148,720
RELATIVE_B,20,200,0.75,42,A2_EARLY_VOLTAGE_COLLAPSE,mild,pooled,97.5,0.5674465351480557,0.9502899751449875,0.12916666666666668,0.22742143352830377,0.006756756756756757,0.9361318177767712,0.9658596096096096,0.9893617021276596,0.2285012285012285,0.985972166196269,148,720
RELATIVE_B,20,200,0.75,42,A2_EARLY_VOLTAGE_COLLAPSE,mild,pooled,99.0,0.5942688545345017,1.0,0.05,0.09523809523809523,0.0,0.9361318177767712,0.9658596096096096,1.0,0.09523809523809523,0.985972166196269,148,720
RELATIVE_B,20,200,0.75,42,A2_EARLY_VOLTAGE_COLLAPSE,moderate,pooled,95.0,0.5605545146107127,0.9200710479573713,0.15555555555555556,0.2661186745440534,0.013513513513513514,0.9390859460666772,0.9673986486486487,0.9824561403508771,0.26858513189448446,0.986670711787312,148,720
RELATIVE_B,20,200,0.75,42,A2_EARLY_VOLTAGE_COLLAPSE,moderate,pooled,97.5,0.5674465351480557,0.9502899751449875,0.12916666666666668,0.22742143352830377,0.006756756756756757,0.9390859460666772,0.9673986486486487,0.9893617021276596,0.2285012285012285,0.986670711787312,148,720
RELATIVE_B,20,200,0.75,42,A2_EARLY_VOLTAGE_COLLAPSE,moderate,pooled,99.0,0.5942688545345017,1.0,0.05,0.09523809523809523,0.0,0.9390859460666772,0.9673986486486487,1.0,0.09523809523809523,0.986670711787312,148,720
RELATIVE_B,20,200,0.75,42,A2_EARLY_VOLTAGE_COLLAPSE,strong,pooled,95.0,0.5605545146107127,0.9207223078617045,0.15694444444444444,0.2681761329014464,0.013513513513513514,0.9391410068789485,0.967408033033033,0.9826086956521739,0.27065868263473053,0.986683187095323,148,720
RELATIVE_B,20,200,0.75,42,A2_EARLY_VOLTAGE_COLLAPSE,strong,pooled,97.5,0.5674465351480557,0.9502899751449875,0.12916666666666668,0.22742143352830377,0.006756756756756757,0.9391410068789485,0.967408033033033,0.9893617021276596,0.2285012285012285,0.986683187095323,148,720
RELATIVE_B,20,200,0.75,42,A2_EARLY_VOLTAGE_COLLAPSE,strong,pooled,99.0,0.5942688545345017,1.0,0.05,0.09523809523809523,0.0,0.9391410068789485,0.967408033033033,1.0,0.09523809523809523,0.986683187095323,148,720
RELATIVE_B,20,200,0.75,42,A3_THERMAL_ABNORMALITY,mild,pooled,95.0,0.5605545146107127,0.7551020408163265,0.041666666666666664,0.07897545357524012,0.013513513513513514,0.6926152575227358,0.7277027027027028,0.9375,0.0797872340425532,0.91380720961063,148,720
RELATIVE_B,20,200,0.75,42,A3_THERMAL_ABNORMALITY,mild,pooled,97.5,0.5674465351480557,0.8423817863397548,0.03611111111111111,0.06925347347203226,0.006756756756756757,0.6926152575227358,0.7277027027027028,0.9629629629629629,0.06961178045515394,0.91380720961063,148,720
RELATIVE_B,20,200,0.75,42,A3_THERMAL_ABNORMALITY,mild,pooled,99.0,0.5942688545345017,1.0,0.008333333333333333,0.01652892561983471,0.0,0.6926152575227358,0.7277027027027028,1.0,0.01652892561983471,0.91380720961063,148,720
RELATIVE_B,20,200,0.75,42,A3_THERMAL_ABNORMALITY,moderate,pooled,95.0,0.5605545146107127,0.8865069356872636,0.10555555555555556,0.1886488662283644,0.013513513513513514,0.864850114083628,0.9027214714714715,0.9743589743589743,0.1904761904761905,0.9680575176678523,148,720
RELATIVE_B,20,200,0.75,42,A3_THERMAL_ABNORMALITY,moderate,pooled,97.5,0.5674465351480557,0.925,0.08333333333333333,0.1528925619834711,0.006756756756756757,0.864850114083628,0.9027214714714715,0.9836065573770492,0.1536491677336748,0.9680575176678523,148,720
RELATIVE_B,20,200,0.75,42,A3_THERMAL_ABNORMALITY,moderate,pooled,99.0,0.5942688545345017,1.0,0.027777777777777776,0.05405405405405406,0.0,0.864850114083628,0.9027214714714715,1.0,0.05405405405405406,0.9680575176678523,148,720
RELATIVE_B,20,200,0.75,42,A3_THERMAL_ABNORMALITY,strong,pooled,95.0,0.5605545146107127,0.955517113554924,0.2902777777777778,0.44528258428583767,0.013513513513513514,0.9406836572259704,0.9567098348348348,0.990521327014218,0.4489795918367348,0.9869290234374148,148,720
RELATIVE_B,20,200,0.75,42,A3_THERMAL_ABNORMALITY,strong,pooled,97.5,0.5674465351480557,0.9670992505940412,0.1986111111111111,0.32954439288717263,0.006756756756756757,0.9406836572259704,0.9567098348348348,0.9930555555555556,0.33101851851851855,0.9869290234374148,148,720
RELATIVE_B,20,200,0.75,42,A3_THERMAL_ABNORMALITY,strong,pooled,99.0,0.5942688545345017,1.0,0.059722222222222225,0.1127129750982962,0.0,0.9406836572259704,0.9567098348348348,1.0,0.1127129750982962,0.9869290234374148,148,720
RELATIVE_B,20,200,0.75,42,A4_SENSOR_DRIFT,mild,pooled,95.0,0.5605545146107127,0.5816053511705686,0.018784972022382093,0.03639445816416224,0.013513513513513514,0.5936387309786811,0.6203976008382484,0.9791666666666666,0.03686274509803922,0.9797118278695829,148,5004
RELATIVE_B,20,200,0.75,42,A4_SENSOR_DRIFT,mild,pooled,97.5,0.5674465351480557,0.6892697466467959,0.01498800959232614,0.02933806971359701,0.006756756756756757,0.5936387309786811,0.6203976008382484,0.9868421052631579,0.02952755905511811,0.9797118278695829,148,5004
RELATIVE_B,20,200,0.75,42,A4_SENSOR_DRIFT,mild,pooled,99.0,0.5942688545345017,1.0,0.0005995203836930455,0.0011983223487118035,0.0,0.5936387309786811,0.6203976008382484,1.0,0.0011983223487118035,0.9797118278695829,148,5004
RELATIVE_B,20,200,0.75,42,A4_SENSOR_DRIFT,mild,mean_temp_c_-1,95.0,0.5605545146107127,0.37167252636865894,0.007993605115907274,0.01565061069105906,0.013513513513513514,0.49282467553732273,0.48265981809147274,0.8333333333333334,0.015835312747426764,0.8909024102743991,148,1251
RELATIVE_B,20,200,0.75,42,A4_SENSOR_DRIFT,mild,mean_temp_c_-1,97.5,0.5674465351480557,0.5156794425087108,0.007194244604316547,0.014190517282707706,0.006756756756756757,0.49282467553732273,0.48265981809147274,0.9,0.014274385408406028,0.8909024102743991,148,1251
RELATIVE_B,20,200,0.75,42,A4_SENSOR_DRIFT,mild,mean_temp_c_-1,99.0,0.5942688545345017,0.0,0.0,0.0,0.0,0.49282467553732273,0.48265981809147274,0.0,0.0,0.8909024102743991,148,1251
RELATIVE_B,20,200,0.75,42,A4_SENSOR_DRIFT,mild,mean_temp_c_1,95.0,0.5605545146107127,0.65432439900525,0.025579536370903277,0.04923435177195846,0.013513513513513514,0.5266638632780395,0.5399221163609653,0.9411764705882353,0.04980544747081712,0.9025401488605762,148,1251
RELATIVE_B,20,200,0.75,42,A4_SENSOR_DRIFT,mild,mean_temp_c_1,97.5,0.5674465351480557,0.6235329521516702,0.011191047162270184,0.021987467567954756,0.006756756756756757,0.5266638632780395,0.5399221163609653,0.9333333333333333,0.022116903633491312,0.9025401488605762,148,1251
RELATIVE_B,20,200,0.75,42,A4_SENSOR_DRIFT,mild,mean_temp_c_1,99.0,0.5942688545345017,1.0,0.002398081534772182,0.004784688995215311,0.0,0.5266638632780395,0.5399221163609653,1.0,0.004784688995215311,0.9025401488605762,148,1251
RELATIVE_B,20,200,0.75,42,A4_SENSOR_DRIFT,mild,mean_voltage_v_-1,95.0,0.5605545146107127,0.7546577760345166,0.04156674660271783,0.07879352533453461,0.013513513513513514,0.741977578750312,0.7926739689329617,0.9629629629629629,0.07969348659003833,0.9589232018907106,148,1251
RELATIVE_B,20,200,0.75,42,A4_SENSOR_DRIFT,mild,mean_voltage_v_-1,97.5,0.5674465351480557,0.8601765955068739,0.04156674660271783,0.07930137303897576,0.006756756756756757,0.741977578750312,0.7926739689329617,0.9811320754716981,0.07975460122699386,0.9589232018907106,148,1251
RELATIVE_B,20,200,0.75,42,A4_SENSOR_DRIFT,mild,mean_voltage_v_-1,99.0,0.5942688545345017,0.0,0.0,0.0,0.0,0.741977578750312,0.7926739689329617,0.0,0.0,0.9589232018907106,148,1251
RELATIVE_B,20,200,0.75,42,A4_SENSOR_DRIFT,mild,mean_voltage_v_1,95.0,0.5605545146107127,0.0,0.0,0.0,0.013513513513513514,0.5906961911077486,0.6663344999675934,0.0,0.0,0.9221330690617789,148,1251
RELATIVE_B,20,200,0.75,42,A4_SENSOR_DRIFT,mild,mean_voltage_v_1,97.5,0.5674465351480557,0.0,0.0,0.0,0.006756756756756757,0.5906961911077486,0.6663344999675934,0.0,0.0,0.9221330690617789,148,1251
RELATIVE_B,20,200,0.75,42,A4_SENSOR_DRIFT,mild,mean_voltage_v_1,99.0,0.5942688545345017,0.0,0.0,0.0,0.0,0.5906961911077486,0.6663344999675934,0.0,0.0,0.9221330690617789,148,1251
RELATIVE_B,20,200,0.75,42,A4_SENSOR_DRIFT,moderate,pooled,95.0,0.5605545146107127,0.5892300114923659,0.01938449240607514,0.03753418497273046,0.013513513513513514,0.6364056525491351,0.6781081891243762,0.9797979797979798,0.03801685283166764,0.9829070630791428,148,5004
RELATIVE_B,20,200,0.75,42,A4_SENSOR_DRIFT,moderate,pooled,97.5,0.5674465351480557,0.7002874940105415,0.015787370103916867,0.030878608930816284,0.006756756756756757,0.6364056525491351,0.6781081891243762,0.9875,0.03107789142407553,0.9829070630791428,148,5004
RELATIVE_B,20,200,0.75,42,A4_SENSOR_DRIFT,moderate,pooled,99.0,0.5942688545345017,1.0,0.0009992006394884093,0.0019964064683569574,0.0,0.6364056525491351,0.6781081891243762,1.0,0.0019964064683569574,0.9829070630791428,148,5004
RELATIVE_B,20,200,0.75,42,A4_SENSOR_DRIFT,moderate,mean_temp_c_-1,95.0,0.5605545146107127,0.3474178403755869,0.007194244604316547,0.014096580626726356,0.013513513513513514,0.5262602760551734,0.5311966642901894,0.8181818181818182,0.014263074484944535,0.9026378538169528,148,1251
RELATIVE_B,20,200,0.75,42,A4_SENSOR_DRIFT,moderate,mean_temp_c_-1,97.5,0.5674465351480557,0.48624229979466116,0.006394884092725819,0.01262374522211501,0.006756756756756757,0.5262602760551734,0.5311966642901894,0.8888888888888888,0.012698412698412698,0.9026378538169528,148,1251
RELATIVE_B,20,200,0.75,42,A4_SENSOR_DRIFT,moderate,mean_temp_c_-1,99.0,0.5942688545345017,0.0,0.0,0.0,0.0,0.5262602760551734,0.5311966642901894,0.0,0.0,0.9026378538169528,148,1251
RELATIVE_B,20,200,0.75,42,A4_SENSOR_DRIFT,moderate,mean_temp_c_1,95.0,0.5605545146107127,0.6679054950889302,0.02717825739408473,0.052231137314331384,0.013513513513513514,0.5805789573171485,0.6165662064942641,0.9444444444444444,0.05283605283605283,0.9202900578522357,148,1251
RELATIVE_B,20,200,0.75,42,A4_SENSOR_DRIFT,moderate,mean_temp_c_1,97.5,0.5674465351480557,0.6679054950889302,0.013589128697042365,0.026636317920758015,0.006756756756756757,0.5805789573171485,0.6165662064942641,0.9444444444444444,0.026792750197005517,0.9202900578522357,148,1251
RELATIVE_B,20,200,0.75,42,A4_SENSOR_DRIFT,moderate,mean_temp_c_1,99.0,0.5942688545345017,1.0,0.003996802557953637,0.007961783439490446,0.0,0.5805789573171485,0.6165662064942641,1.0,0.007961783439490446,0.9202900578522357,148,1251
RELATIVE_B,20,200,0.75,42,A4_SENSOR_DRIFT,moderate,mean_voltage_v_-1,95.0,0.5605545146107127,0.7615780445969125,0.04316546762589928,0.08170024841291747,0.013513513513513514,0.7937707173872935,0.8590803033249077,0.9642857142857143,0.08263198163733741,0.9692959278844349,148,1251
RELATIVE_B,20,200,0.75,42,A4_SENSOR_DRIFT,moderate,mean_voltage_v_-1,97.5,0.5674465351480557,0.8646543330087634,0.04316546762589928,0.08222602898282329,0.006756756756756757,0.7937707173872935,0.8590803033249077,0.9818181818181818,0.08269525267993874,0.9692959278844349,148,1251
RELATIVE_B,20,200,0.75,42,A4_SENSOR_DRIFT,moderate,mean_voltage_v_-1,99.0,0.5942688545345017,0.0,0.0,0.0,0.0,0.7937707173872935,0.8590803033249077,0.0,0.0,0.9692959278844349,148,1251
RELATIVE_B,20,200,0.75,42,A4_SENSOR_DRIFT,moderate,mean_voltage_v_1,95.0,0.5605545146107127,0.0,0.0,0.0,0.013513513513513514,0.6142130572688005,0.7055895823881435,0.0,0.0,0.9289346742969323,148,1251
RELATIVE_B,20,200,0.75,42,A4_SENSOR_DRIFT,moderate,mean_voltage_v_1,97.5,0.5674465351480557,0.0,0.0,0.0,0.006756756756756757,0.6142130572688005,0.7055895823881435,0.0,0.0,0.9289346742969323,148,1251
RELATIVE_B,20,200,0.75,42,A4_SENSOR_DRIFT,moderate,mean_voltage_v_1,99.0,0.5942688545345017,0.0,0.0,0.0,0.0,0.6142130572688005,0.7055895823881435,0.0,0.0,0.9289346742969323,148,1251
RELATIVE_B,20,200,0.75,42,A4_SENSOR_DRIFT,strong,pooled,95.0,0.5605545146107127,0.6171384850803366,0.021782573940847323,0.0420798923222195,0.013513513513513514,0.6773887506155232,0.7326888489208633,0.9819819819819819,0.0426197458455523,0.9856714468781664,148,5004
RELATIVE_B,20,200,0.75,42,A4_SENSOR_DRIFT,strong,pooled,97.5,0.5674465351480557,0.7291035080121264,0.018185451638689048,0.03548580883825343,0.006756756756756757,0.6773887506155232,0.7326888489208633,0.9891304347826086,0.03571428571428571,0.9856714468781664,148,5004
RELATIVE_B,20,200,0.75,42,A4_SENSOR_DRIFT,strong,pooled,99.0,0.5942688545345017,1.0,0.0007993605115907274,0.001597444089456869,0.0,0.6773887506155232,0.7326888489208633,1.0,0.001597444089456869,0.9856714468781664,148,5004
RELATIVE_B,20,200,0.75,42,A4_SENSOR_DRIFT,strong,mean_temp_c_-1,95.0,0.5605545146107127,0.43470402169001354,0.010391686650679457,0.020298142150294872,0.013513513513513514,0.5965173630306789,0.626153131548815,0.8666666666666667,0.02053712480252765,0.9241441490232873,148,1251
RELATIVE_B,20,200,0.75,42,A4_SENSOR_DRIFT,strong,mean_temp_c_-1,97.5,0.5674465351480557,0.5419260344196265,0.007993605115907274,0.015754820921976376,0.006756756756756757,0.5965173630306789,0.626153131548815,0.9090909090909091,0.01584786053882726,0.9241441490232873,148,1251
RELATIVE_B,20,200,0.75,42,A4_SENSOR_DRIFT,strong,mean_temp_c_-1,99.0,0.5942688545345017,0.0,0.0,0.0,0.0,0.5965173630306789,0.626153131548815,0.0,0.0,0.9241441490232873,148,1251
RELATIVE_B,20,200,0.75,42,A4_SENSOR_DRIFT,strong,mean_temp_c_1,95.0,0.5605545146107127,0.708051341890315,0.032773780975219824,0.06264776634076337,0.013513513513513514,0.6539723545460381,0.7030321688595069,0.9534883720930233,0.06336939721792889,0.9399859754483679,148,1251
RELATIVE_B,20,200,0.75,42,A4_SENSOR_DRIFT,strong,mean_temp_c_1,97.5,0.5674465351480557,0.7546577760345166,0.020783373301358914,0.04045267468080968,0.006756756756756757,0.6539723545460381,0.7030321688595069,0.9629629629629629,0.04068857589984351,0.9399859754483679,148,1251
RELATIVE_B,20,200,0.75,42,A4_SENSOR_DRIFT,strong,mean_temp_c_1,99.0,0.5942688545345017,1.0,0.0031974420463629096,0.006374501992031872,0.0,0.6539723545460381,0.7030321688595069,1.0,0.006374501992031872,0.9399859754483679,148,1251
RELATIVE_B,20,200,0.75,42,A4_SENSOR_DRIFT,strong,mean_voltage_v_-1,95.0,0.5605545146107127,0.7648938169517008,0.04396482813749001,0.08315031411205884,0.013513513513513514,0.80994390325114,0.8802039449521463,0.9649122807017544,0.08409785932721714,0.9723515907283574,148,1251
RELATIVE_B,20,200,0.75,42,A4_SENSOR_DRIFT,strong,mean_voltage_v_-1,97.5,0.5674465351480557,0.866787349590033,0.04396482813749001,0.083685019456253,0.006756756756756757,0.80994390325114,0.8802039449521463,0.9821428571428571,0.08416220351951034,0.9723515907283574,148,1251
RELATIVE_B,20,200,0.75,42,A4_SENSOR_DRIFT,strong,mean_voltage_v_-1,99.0,0.5942688545345017,0.0,0.0,0.0,0.0,0.80994390325114,0.8802039449521463,0.0,0.0,0.9723515907283574,148,1251
RELATIVE_B,20,200,0.75,42,A4_SENSOR_DRIFT,strong,mean_voltage_v_1,95.0,0.5605545146107127,0.0,0.0,0.0,0.013513513513513514,0.6238120499166865,0.7213661503229849,0.0,0.0,0.9315123164037648,148,1251
RELATIVE_B,20,200,0.75,42,A4_SENSOR_DRIFT,strong,mean_voltage_v_1,97.5,0.5674465351480557,0.0,0.0,0.0,0.006756756756756757,0.6238120499166865,0.7213661503229849,0.0,0.0,0.9315123164037648,148,1251
RELATIVE_B,20,200,0.75,42,A4_SENSOR_DRIFT,strong,mean_voltage_v_1,99.0,0.5942688545345017,0.0,0.0,0.0,0.0,0.6238120499166865,0.7213661503229849,0.0,0.0,0.9315123164037648,148,1251
RELATIVE_B,20,200,0.75,123,A2_EARLY_VOLTAGE_COLLAPSE,mild,pooled,95.0,0.5473862175688371,0.9173553719008265,0.225,0.3613673358654368,0.02027027027027027,0.9480679882582899,0.9704016516516516,0.9818181818181818,0.36610169491525424,0.9887596988660085,148,720
RELATIVE_B,20,200,0.75,123,A2_EARLY_VOLTAGE_COLLAPSE,mild,pooled,97.5,0.5793951229115177,1.0,0.07361111111111111,0.13712807244501943,0.0,0.9480679882582899,0.9704016516516516,1.0,0.13712807244501943,0.9887596988660085,148,720
RELATIVE_B,20,200,0.75,123,A2_EARLY_VOLTAGE_COLLAPSE,mild,pooled,99.0,0.5904731622046614,1.0,0.043055555555555555,0.0825565912117177,0.0,0.9480679882582899,0.9704016516516516,1.0,0.0825565912117177,0.9887596988660085,148,720
RELATIVE_B,20,200,0.75,123,A2_EARLY_VOLTAGE_COLLAPSE,moderate,pooled,95.0,0.5473862175688371,0.9230220955096223,0.24305555555555555,0.38478680730946374,0.02027027027027027,0.9508138325464536,0.9721471471471471,0.9831460674157303,0.3897550111358575,0.9893802185437895,148,720
RELATIVE_B,20,200,0.75,123,A2_EARLY_VOLTAGE_COLLAPSE,moderate,pooled,97.5,0.5793951229115177,1.0,0.07361111111111111,0.13712807244501943,0.0,0.9508138325464536,0.9721471471471471,1.0,0.13712807244501943,0.9893802185437895,148,720
RELATIVE_B,20,200,0.75,123,A2_EARLY_VOLTAGE_COLLAPSE,moderate,pooled,99.0,0.5904731622046614,1.0,0.043055555555555555,0.0825565912117177,0.0,0.9508138325464536,0.9721471471471471,1.0,0.0825565912117177,0.9893802185437895,148,720
RELATIVE_B,20,200,0.75,123,A2_EARLY_VOLTAGE_COLLAPSE,strong,pooled,95.0,0.5473862175688371,0.9230220955096223,0.24305555555555555,0.38478680730946374,0.02027027027027027,0.9509168275322847,0.972165915915916,0.9831460674157303,0.3897550111358575,0.9894041925139568,148,720
RELATIVE_B,20,200,0.75,123,A2_EARLY_VOLTAGE_COLLAPSE,strong,pooled,97.5,0.5793951229115177,1.0,0.07361111111111111,0.13712807244501943,0.0,0.9509168275322847,0.972165915915916,1.0,0.13712807244501943,0.9894041925139568,148,720
RELATIVE_B,20,200,0.75,123,A2_EARLY_VOLTAGE_COLLAPSE,strong,pooled,99.0,0.5904731622046614,1.0,0.043055555555555555,0.0825565912117177,0.0,0.9509168275322847,0.972165915915916,1.0,0.0825565912117177,0.9894041925139568,148,720
RELATIVE_B,20,200,0.75,123,A3_THERMAL_ABNORMALITY,mild,pooled,95.0,0.5473862175688371,0.8016893132574366,0.08194444444444444,0.14869052889691106,0.02027027027027027,0.7480747422011194,0.7506287537537537,0.9516129032258065,0.15089514066496162,0.9305942377771359,148,720
RELATIVE_B,20,200,0.75,123,A3_THERMAL_ABNORMALITY,mild,pooled,97.5,0.5793951229115177,1.0,0.03194444444444444,0.061911170928667554,0.0,0.7480747422011194,0.7506287537537537,1.0,0.061911170928667554,0.9305942377771359,148,720
RELATIVE_B,20,200,0.75,123,A3_THERMAL_ABNORMALITY,mild,pooled,99.0,0.5904731622046614,1.0,0.0125,0.02469135802469136,0.0,0.7480747422011194,0.7506287537537537,1.0,0.02469135802469136,0.9305942377771359,148,720
RELATIVE_B,20,200,0.75,123,A3_THERMAL_ABNORMALITY,moderate,pooled,95.0,0.5473862175688371,0.9454600545399454,0.35138888888888886,0.512355983689554,0.02027027027027027,0.9266251036364547,0.9370213963963964,0.98828125,0.5184426229508198,0.9831465693462685,148,720
RELATIVE_B,20,200,0.75,123,A3_THERMAL_ABNORMALITY,moderate,pooled,97.5,0.5793951229115177,1.0,0.12777777777777777,0.22660098522167485,0.0,0.9266251036364547,0.9370213963963964,1.0,0.22660098522167485,0.9831465693462685,148,720
RELATIVE_B,20,200,0.75,123,A3_THERMAL_ABNORMALITY,moderate,pooled,99.0,0.5904731622046614,1.0,0.06111111111111111,0.11518324607329843,0.0,0.9266251036364547,0.9370213963963964,1.0,0.11518324607329843,0.9831465693462685,148,720
RELATIVE_B,20,200,0.75,123,A3_THERMAL_ABNORMALITY,strong,pooled,95.0,0.5473862175688371,0.9698828778583379,0.6527777777777778,0.7803455238949966,0.02027027027027027,0.976759674041816,0.9789226726726727,0.9936575052854123,0.7879295892707461,0.994940993144244,148,720
RELATIVE_B,20,200,0.75,123,A3_THERMAL_ABNORMALITY,strong,pooled,97.5,0.5793951229115177,1.0,0.3625,0.5321100917431192,0.0,0.976759674041816,0.9789226726726727,1.0,0.5321100917431192,0.994940993144244,148,720
RELATIVE_B,20,200,0.75,123,A3_THERMAL_ABNORMALITY,strong,pooled,99.0,0.5904731622046614,1.0,0.2361111111111111,0.38202247191011235,0.0,0.976759674041816,0.9789226726726727,1.0,0.38202247191011235,0.994940993144244,148,720
RELATIVE_B,20,200,0.75,123,A4_SENSOR_DRIFT,mild,pooled,95.0,0.5473862175688371,0.552041059918835,0.02498001598721023,0.0477971952089125,0.02027027027027027,0.59141093905735,0.6151902802082658,0.9765625,0.04871395167575993,0.97961342976597,148,5004
RELATIVE_B,20,200,0.75,123,A4_SENSOR_DRIFT,mild,pooled,97.5,0.5793951229115177,1.0,0.006195043964828137,0.012313803376365442,0.0,0.59141093905735,0.6151902802082658,1.0,0.012313803376365442,0.97961342976597,148,5004
RELATIVE_B,20,200,0.75,123,A4_SENSOR_DRIFT,mild,pooled,99.0,0.5904731622046614,1.0,0.0019984012789768186,0.003988831272437176,0.0,0.59141093905735,0.6151902802082658,1.0,0.003988831272437176,0.97961342976597,148,5004
RELATIVE_B,20,200,0.75,123,A4_SENSOR_DRIFT,mild,mean_temp_c_-1,95.0,0.5473862175688371,0.4756182758138885,0.01838529176658673,0.03540209562933881,0.02027027027027027,0.48408972485980184,0.47048577354332755,0.8846153846153846,0.0360219263899765,0.8875267663765893,148,1251
RELATIVE_B,20,200,0.75,123,A4_SENSOR_DRIFT,mild,mean_temp_c_-1,97.5,0.5793951229115177,0.0,0.0,0.0,0.0,0.48408972485980184,0.47048577354332755,0.0,0.0,0.8875267663765893,148,1251
RELATIVE_B,20,200,0.75,123,A4_SENSOR_DRIFT,mild,mean_temp_c_-1,99.0,0.5904731622046614,0.0,0.0,0.0,0.0,0.48408972485980184,0.47048577354332755,0.0,0.0,0.8875267663765893,148,1251
RELATIVE_B,20,200,0.75,123,A4_SENSOR_DRIFT,mild,mean_temp_c_1,95.0,0.5473862175688371,0.5156794425087108,0.02158273381294964,0.04143143750291607,0.02027027027027027,0.5343675845864375,0.5502030807786203,0.9,0.042154566744730684,0.9057547894017232,148,1251
RELATIVE_B,20,200,0.75,123,A4_SENSOR_DRIFT,mild,mean_temp_c_1,97.5,0.5793951229115177,1.0,0.004796163069544364,0.00954653937947494,0.0,0.5343675845864375,0.5502030807786203,1.0,0.00954653937947494,0.9057547894017232,148,1251
RELATIVE_B,20,200,0.75,123,A4_SENSOR_DRIFT,mild,mean_temp_c_1,99.0,0.5904731622046614,1.0,0.002398081534772182,0.004784688995215311,0.0,0.5343675845864375,0.5502030807786203,1.0,0.004784688995215311,0.9057547894017232,148,1251
RELATIVE_B,20,200,0.75,123,A4_SENSOR_DRIFT,mild,mean_voltage_v_-1,95.0,0.5473862175688371,0.6804597701149426,0.04316546762589928,0.08118114915207754,0.02027027027027027,0.7305818631943473,0.7764545120660228,0.9473684210526315,0.08256880733944955,0.9567822664337566,148,1251
RELATIVE_B,20,200,0.75,123,A4_SENSOR_DRIFT,mild,mean_voltage_v_-1,97.5,0.5793951229115177,1.0,0.019984012789768184,0.03918495297805642,0.0,0.7305818631943473,0.7764545120660228,1.0,0.03918495297805642,0.9567822664337566,148,1251
RELATIVE_B,20,200,0.75,123,A4_SENSOR_DRIFT,mild,mean_voltage_v_-1,99.0,0.5904731622046614,1.0,0.005595523581135092,0.011128775834658187,0.0,0.7305818631943473,0.7764545120660228,1.0,0.011128775834658187,0.9567822664337566,148,1251
RELATIVE_B,20,200,0.75,123,A4_SENSOR_DRIFT,mild,mean_voltage_v_1,95.0,0.5473862175688371,0.4529951902055094,0.016786570743405275,0.032373482493008136,0.02027027027027027,0.597739362257675,0.6636177544450926,0.875,0.03294117647058823,0.9258045356427034,148,1251
RELATIVE_B,20,200,0.75,123,A4_SENSOR_DRIFT,mild,mean_voltage_v_1,97.5,0.5793951229115177,0.0,0.0,0.0,0.0,0.597739362257675,0.6636177544450926,0.0,0.0,0.9258045356427034,148,1251
RELATIVE_B,20,200,0.75,123,A4_SENSOR_DRIFT,mild,mean_voltage_v_1,99.0,0.5904731622046614,0.0,0.0,0.0,0.0,0.597739362257675,0.6636177544450926,0.0,0.0,0.9258045356427034,148,1251
RELATIVE_B,20,200,0.75,123,A4_SENSOR_DRIFT,moderate,pooled,95.0,0.5473862175688371,0.5833240812701233,0.028377298161470825,0.054121706883675416,0.02027027027027027,0.6356358130539849,0.6719333992265647,0.9793103448275862,0.055156341037094596,0.9829210106343881,148,5004
RELATIVE_B,20,200,0.75,123,A4_SENSOR_DRIFT,moderate,pooled,97.5,0.5793951229115177,1.0,0.006594724220623501,0.013103037522334724,0.0,0.6356358130539849,0.6719333992265647,1.0,0.013103037522334724,0.9829210106343881,148,5004
RELATIVE_B,20,200,0.75,123,A4_SENSOR_DRIFT,moderate,pooled,99.0,0.5904731622046614,1.0,0.002797761790567546,0.005579912315663612,0.0,0.6356358130539849,0.6719333992265647,1.0,0.005579912315663612,0.9829210106343881,148,5004
RELATIVE_B,20,200,0.75,123,A4_SENSOR_DRIFT,moderate,mean_temp_c_-1,95.0,0.5473862175688371,0.4529951902055094,0.016786570743405275,0.032373482493008136,0.02027027027027027,0.5092624890316854,0.5091008274461513,0.875,0.03294117647058823,0.8964691444928834,148,1251
RELATIVE_B,20,200,0.75,123,A4_SENSOR_DRIFT,moderate,mean_temp_c_-1,97.5,0.5793951229115177,0.0,0.0,0.0,0.0,0.5092624890316854,0.5091008274461513,0.0,0.0,0.8964691444928834,148,1251
RELATIVE_B,20,200,0.75,123,A4_SENSOR_DRIFT,moderate,mean_temp_c_-1,99.0,0.5904731622046614,0.0,0.0,0.0,0.0,0.5092624890316854,0.5091008274461513,0.0,0.0,0.8964691444928834,148,1251
RELATIVE_B,20,200,0.75,123,A4_SENSOR_DRIFT,moderate,mean_temp_c_1,95.0,0.5473862175688371,0.5867195242814668,0.02877697841726619,0.054863074000278025,0.02027027027027027,0.5979601878568175,0.6323967852744832,0.9230769230769231,0.05581395348837209,0.9255098778931016,148,1251
RELATIVE_B,20,200,0.75,123,A4_SENSOR_DRIFT,moderate,mean_temp_c_1,97.5,0.5793951229115177,1.0,0.005595523581135092,0.011128775834658187,0.0,0.5979601878568175,0.6323967852744832,1.0,0.011128775834658187,0.9255098778931016,148,1251
RELATIVE_B,20,200,0.75,123,A4_SENSOR_DRIFT,moderate,mean_temp_c_1,99.0,0.5904731622046614,1.0,0.004796163069544364,0.00954653937947494,0.0,0.5979601878568175,0.6323967852744832,1.0,0.00954653937947494,0.9255098778931016,148,1251
RELATIVE_B,20,200,0.75,123,A4_SENSOR_DRIFT,moderate,mean_voltage_v_-1,95.0,0.5473862175688371,0.702920921396343,0.047961630695443645,0.08979628983572739,0.02027027027027027,0.7877270994419778,0.8478082398945709,0.9523809523809523,0.09132420091324202,0.9684006339476765,148,1251
RELATIVE_B,20,200,0.75,123,A4_SENSOR_DRIFT,moderate,mean_voltage_v_-1,97.5,0.5793951229115177,1.0,0.020783373301358914,0.04072043852779953,0.0,0.7877270994419778,0.8478082398945709,1.0,0.04072043852779953,0.9684006339476765,148,1251
RELATIVE_B,20,200,0.75,123,A4_SENSOR_DRIFT,moderate,mean_voltage_v_-1,99.0,0.5904731622046614,1.0,0.006394884092725819,0.012708498808578234,0.0,0.7877270994419778,0.8478082398945709,1.0,0.012708498808578234,0.9684006339476765,148,1251
RELATIVE_B,20,200,0.75,123,A4_SENSOR_DRIFT,moderate,mean_voltage_v_1,95.0,0.5473862175688371,0.4964443848114853,0.019984012789768184,0.038421399681206225,0.02027027027027027,0.6199855656898559,0.6984277442910536,0.8928571428571429,0.039093041438623924,0.9320200195450632,148,1251
RELATIVE_B,20,200,0.75,123,A4_SENSOR_DRIFT,moderate,mean_voltage_v_1,97.5,0.5793951229115177,0.0,0.0,0.0,0.0,0.6199855656898559,0.6984277442910536,0.0,0.0,0.9320200195450632,148,1251
RELATIVE_B,20,200,0.75,123,A4_SENSOR_DRIFT,moderate,mean_voltage_v_1,99.0,0.5904731622046614,0.0,0.0,0.0,0.0,0.6199855656898559,0.6984277442910536,0.0,0.0,0.9320200195450632,148,1251
RELATIVE_B,20,200,0.75,123,A4_SENSOR_DRIFT,strong,pooled,95.0,0.5473862175688371,0.6178596884227675,0.032773780975219824,0.06224579292092588,0.02027027027027027,0.678194612382483,0.7243009646336985,0.9820359281437125,0.06343067105008703,0.9857579309565067,148,5004
RELATIVE_B,20,200,0.75,123,A4_SENSOR_DRIFT,strong,pooled,97.5,0.5793951229115177,1.0,0.0069944044764188645,0.013891645167692,0.0,0.678194612382483,0.7243009646336985,1.0,0.013891645167692,0.9857579309565067,148,5004
RELATIVE_B,20,200,0.75,123,A4_SENSOR_DRIFT,strong,pooled,99.0,0.5904731622046614,1.0,0.002797761790567546,0.005579912315663612,0.0,0.678194612382483,0.7243009646336985,1.0,0.005579912315663612,0.9857579309565067,148,5004
RELATIVE_B,20,200,0.75,123,A4_SENSOR_DRIFT,strong,mean_temp_c_-1,95.0,0.5473862175688371,0.440935498286906,0.01598721023181455,0.030855671553885366,0.02027027027027027,0.5717345561906666,0.5959556678981139,0.8695652173913043,0.03139717425431711,0.9172186726723774,148,1251
RELATIVE_B,20,200,0.75,123,A4_SENSOR_DRIFT,strong,mean_temp_c_-1,97.5,0.5793951229115177,1.0,0.0007993605115907274,0.001597444089456869,0.0,0.5717345561906666,0.5959556678981139,1.0,0.001597444089456869,0.9172186726723774,148,1251
RELATIVE_B,20,200,0.75,123,A4_SENSOR_DRIFT,strong,mean_temp_c_-1,99.0,0.5904731622046614,0.0,0.0,0.0,0.0,0.5717345561906666,0.5959556678981139,0.0,0.0,0.9172186726723774,148,1251
RELATIVE_B,20,200,0.75,123,A4_SENSOR_DRIFT,strong,mean_temp_c_1,95.0,0.5473862175688371,0.6920994339158256,0.045563549160671464,0.08549841134708645,0.02027027027027027,0.6833078790066129,0.719559487545099,0.95,0.08695652173913043,0.9464921443426637,148,1251
RELATIVE_B,20,200,0.75,123,A4_SENSOR_DRIFT,strong,mean_temp_c_1,97.5,0.5793951229115177,1.0,0.005595523581135092,0.011128775834658187,0.0,0.6833078790066129,0.719559487545099,1.0,0.011128775834658187,0.9464921443426637,148,1251
RELATIVE_B,20,200,0.75,123,A4_SENSOR_DRIFT,strong,mean_temp_c_1,99.0,0.5904731622046614,1.0,0.003996802557953637,0.007961783439490446,0.0,0.6833078790066129,0.719559487545099,1.0,0.007961783439490446,0.9464921443426637,148,1251
RELATIVE_B,20,200,0.75,123,A4_SENSOR_DRIFT,strong,mean_voltage_v_-1,95.0,0.5473862175688371,0.7097223296465311,0.0495603517186251,0.09265083780549989,0.02027027027027027,0.805048861500711,0.8700499060211291,0.9538461538461539,0.09422492401215805,0.9717152145550974,148,1251
RELATIVE_B,20,200,0.75,123,A4_SENSOR_DRIFT,strong,mean_voltage_v_-1,97.5,0.5793951229115177,1.0,0.02158273381294964,0.04225352112676056,0.0,0.805048861500711,0.8700499060211291,1.0,0.04225352112676056,0.9717152145550974,148,1251
RELATIVE_B,20,200,0.75,123,A4_SENSOR_DRIFT,strong,mean_voltage_v_-1,99.0,0.5904731622046614,1.0,0.007194244604316547,0.014285714285714287,0.0,0.805048861500711,0.8700499060211291,1.0,0.014285714285714287,0.9717152145550974,148,1251
RELATIVE_B,20,200,0.75,123,A4_SENSOR_DRIFT,strong,mean_voltage_v_1,95.0,0.5473862175688371,0.4964443848114853,0.019984012789768184,0.038421399681206225,0.02027027027027027,0.6290491491850535,0.7116387970704516,0.8928571428571429,0.039093041438623924,0.9344711863189001,148,1251
RELATIVE_B,20,200,0.75,123,A4_SENSOR_DRIFT,strong,mean_voltage_v_1,97.5,0.5793951229115177,0.0,0.0,0.0,0.0,0.6290491491850535,0.7116387970704516,0.0,0.0,0.9344711863189001,148,1251
RELATIVE_B,20,200,0.75,123,A4_SENSOR_DRIFT,strong,mean_voltage_v_1,99.0,0.5904731622046614,0.0,0.0,0.0,0.0,0.6290491491850535,0.7116387970704516,0.0,0.0,0.9344711863189001,148,1251
RELATIVE_B,20,200,0.75,2026,A2_EARLY_VOLTAGE_COLLAPSE,mild,pooled,95.0,0.5529127789900632,0.910924161821106,0.2763888888888889,0.4240993001756761,0.02702702702702703,0.9462330118640545,0.9725882132132132,0.9802955665024631,0.4312026002166847,0.988334176204162,148,720
RELATIVE_B,20,200,0.75,2026,A2_EARLY_VOLTAGE_COLLAPSE,mild,pooled,97.5,0.569822147176851,0.9052880820836622,0.12916666666666668,0.22607667290824876,0.013513513513513514,0.9462330118640545,0.9725882132132132,0.9789473684210527,0.2282208588957055,0.988334176204162,148,720
RELATIVE_B,20,200,0.75,2026,A2_EARLY_VOLTAGE_COLLAPSE,mild,pooled,99.0,0.5863261968966366,1.0,0.07361111111111111,0.13712807244501943,0.0,0.9462330118640545,0.9725882132132132,1.0,0.13712807244501943,0.988334176204162,148,720
RELATIVE_B,20,200,0.75,2026,A2_EARLY_VOLTAGE_COLLAPSE,moderate,pooled,95.0,0.5529127789900632,0.9144486692015209,0.28888888888888886,0.4390689183021451,0.02702702702702703,0.9475469894498885,0.9733201951951952,0.9811320754716981,0.446351931330472,0.9886370206730737,148,720
RELATIVE_B,20,200,0.75,2026,A2_EARLY_VOLTAGE_COLLAPSE,moderate,pooled,97.5,0.569822147176851,0.9052880820836622,0.12916666666666668,0.22607667290824876,0.013513513513513514,0.9475469894498885,0.9733201951951952,0.9789473684210527,0.2282208588957055,0.9886370206730737,148,720
RELATIVE_B,20,200,0.75,2026,A2_EARLY_VOLTAGE_COLLAPSE,moderate,pooled,99.0,0.5863261968966366,1.0,0.07361111111111111,0.13712807244501943,0.0,0.9475469894498885,0.9733201951951952,1.0,0.13712807244501943,0.9886370206730737,148,720
RELATIVE_B,20,200,0.75,2026,A2_EARLY_VOLTAGE_COLLAPSE,strong,pooled,95.0,0.5529127789900632,0.9144486692015209,0.28888888888888886,0.4390689183021451,0.02702702702702703,0.9475516906343455,0.9733201951951952,0.9811320754716981,0.446351931330472,0.9886381430075294,148,720
RELATIVE_B,20,200,0.75,2026,A2_EARLY_VOLTAGE_COLLAPSE,strong,pooled,97.5,0.569822147176851,0.9052880820836622,0.12916666666666668,0.22607667290824876,0.013513513513513514,0.9475516906343455,0.9733201951951952,0.9789473684210527,0.2282208588957055,0.9886381430075294,148,720
RELATIVE_B,20,200,0.75,2026,A2_EARLY_VOLTAGE_COLLAPSE,strong,pooled,99.0,0.5863261968966366,1.0,0.07361111111111111,0.13712807244501943,0.0,0.9475516906343455,0.9733201951951952,1.0,0.13712807244501943,0.9886381430075294,148,720
RELATIVE_B,20,200,0.75,2026,A3_THERMAL_ABNORMALITY,mild,pooled,95.0,0.5529127789900632,0.7027250206440958,0.06388888888888888,0.11712889684123597,0.02702702702702703,0.7057774161890811,0.7276182432432432,0.92,0.11948051948051948,0.9177873303744359,148,720
RELATIVE_B,20,200,0.75,2026,A3_THERMAL_ABNORMALITY,mild,pooled,97.5,0.569822147176851,0.7421203438395415,0.03888888888888889,0.07390497931231274,0.013513513513513514,0.7057774161890811,0.7276182432432432,0.9333333333333333,0.07466666666666667,0.9177873303744359,148,720
RELATIVE_B,20,200,0.75,2026,A3_THERMAL_ABNORMALITY,mild,pooled,99.0,0.5863261968966366,1.0,0.013888888888888888,0.0273972602739726,0.0,0.7057774161890811,0.7276182432432432,1.0,0.0273972602739726,0.9177873303744359,148,720
RELATIVE_B,20,200,0.75,2026,A3_THERMAL_ABNORMALITY,moderate,pooled,95.0,0.5529127789900632,0.875626187597167,0.19027777777777777,0.31262141910018804,0.02702702702702703,0.8822026086496838,0.9104166666666667,0.9716312056737588,0.31823461091753774,0.9723908701028752,148,720
RELATIVE_B,20,200,0.75,2026,A3_THERMAL_ABNORMALITY,moderate,pooled,97.5,0.569822147176851,0.8865069356872636,0.10555555555555556,0.1886488662283644,0.013513513513513514,0.8822026086496838,0.9104166666666667,0.9743589743589743,0.1904761904761905,0.9723908701028752,148,720
RELATIVE_B,20,200,0.75,2026,A3_THERMAL_ABNORMALITY,moderate,pooled,99.0,0.5863261968966366,1.0,0.04027777777777778,0.0774365821094793,0.0,0.8822026086496838,0.9104166666666667,1.0,0.0774365821094793,0.9723908701028752,148,720
RELATIVE_B,20,200,0.75,2026,A3_THERMAL_ABNORMALITY,strong,pooled,95.0,0.5529127789900632,0.940935192780968,0.4305555555555556,0.5907803244913727,0.02702702702702703,0.9516065361938346,0.9624718468468468,0.9872611464968153,0.5996131528046421,0.989357472659087,148,720
RELATIVE_B,20,200,0.75,2026,A3_THERMAL_ABNORMALITY,strong,pooled,97.5,0.569822147176851,0.9565112345977288,0.2972222222222222,0.45351967466636117,0.013513513513513514,0.9516065361938346,0.9624718468468468,0.9907407407407407,0.45726495726495725,0.989357472659087,148,720
RELATIVE_B,20,200,0.75,2026,A3_THERMAL_ABNORMALITY,strong,pooled,99.0,0.5863261968966366,1.0,0.12916666666666668,0.22878228782287827,0.0,0.9516065361938346,0.9624718468468468,1.0,0.22878228782287827,0.989357472659087,148,720
RELATIVE_B,20,200,0.75,2026,A4_SENSOR_DRIFT,mild,pooled,95.0,0.5529127789900632,0.524198916040696,0.029776179056754597,0.05635141696266579,0.02702702702702703,0.5959575766757413,0.6213623695638084,0.9738562091503268,0.05778553422532479,0.9799344095900189,148,5004
RELATIVE_B,20,200,0.75,2026,A4_SENSOR_DRIFT,mild,pooled,97.5,0.569822147176851,0.5480491329479769,0.016386890487609912,0.031822281890457514,0.013513513513513514,0.5959575766757413,0.6213623695638084,0.9761904761904762,0.03223270440251572,0.9799344095900189,148,5004
RELATIVE_B,20,200,0.75,2026,A4_SENSOR_DRIFT,mild,pooled,99.0,0.5863261968966366,1.0,0.007993605115907274,0.01586042823156225,0.0,0.5959575766757413,0.6213623695638084,1.0,0.01586042823156225,0.9799344095900189,148,5004
RELATIVE_B,20,200,0.75,2026,A4_SENSOR_DRIFT,mild,mean_temp_c_-1,95.0,0.5529127789900632,0.42509191176470584,0.019984012789768184,0.03817345191176774,0.02702702702702703,0.48875429637838397,0.475495279452114,0.8620689655172413,0.0390625,0.8892743629886696,148,1251
RELATIVE_B,20,200,0.75,2026,A4_SENSOR_DRIFT,mild,mean_temp_c_-1,97.5,0.569822147176851,0.19133807369101488,0.0031974420463629096,0.00628977592673261,0.013513513513513514,0.48875429637838397,0.475495279452114,0.6666666666666666,0.006364359586316626,0.8892743629886696,148,1251
RELATIVE_B,20,200,0.75,2026,A4_SENSOR_DRIFT,mild,mean_temp_c_-1,99.0,0.5863261968966366,0.0,0.0,0.0,0.0,0.48875429637838397,0.475495279452114,0.0,0.0,0.8892743629886696,148,1251
RELATIVE_B,20,200,0.75,2026,A4_SENSOR_DRIFT,mild,mean_temp_c_1,95.0,0.5529127789900632,0.5156794425087108,0.02877697841726619,0.054511970534069976,0.02702702702702703,0.5253586702917208,0.5359793246483894,0.9,0.055770720371804805,0.9023515035321249,148,1251
RELATIVE_B,20,200,0.75,2026,A4_SENSOR_DRIFT,mild,mean_temp_c_1,97.5,0.569822147176851,0.5867195242814668,0.019184652278177457,0.03715442307088838,0.013513513513513514,0.5253586702917208,0.5359793246483894,0.9230769230769231,0.03758809710258418,0.9023515035321249,148,1251
RELATIVE_B,20,200,0.75,2026,A4_SENSOR_DRIFT,mild,mean_temp_c_1,99.0,0.5863261968966366,1.0,0.002398081534772182,0.004784688995215311,0.0,0.5253586702917208,0.5359793246483894,1.0,0.004784688995215311,0.9023515035321249,148,1251
RELATIVE_B,20,200,0.75,2026,A4_SENSOR_DRIFT,mild,mean_voltage_v_-1,95.0,0.5529127789900632,0.6105230386052305,0.042366107114308556,0.07923392391765491,0.02702702702702703,0.7197212517285632,0.7745155227169616,0.9298245614035088,0.08103975535168197,0.9547011211233308,148,1251
RELATIVE_B,20,200,0.75,2026,A4_SENSOR_DRIFT,mild,mean_voltage_v_-1,97.5,0.569822147176851,0.7130075705437027,0.03357314148681055,0.06412676797375506,0.013513513513513514,0.7197212517285632,0.7745155227169616,0.9545454545454546,0.06486486486486485,0.9547011211233308,148,1251
RELATIVE_B,20,200,0.75,2026,A4_SENSOR_DRIFT,mild,mean_voltage_v_-1,99.0,0.5863261968966366,1.0,0.019984012789768184,0.03918495297805642,0.0,0.7197212517285632,0.7745155227169616,1.0,0.03918495297805642,0.9547011211233308,148,1251
RELATIVE_B,20,200,0.75,2026,A4_SENSOR_DRIFT,mild,mean_voltage_v_1,95.0,0.5529127789900632,0.5086410054988216,0.027977617905675458,0.05303790469559519,0.02702702702702703,0.6352482249392748,0.6994593514377687,0.8974358974358975,0.05426356589147287,0.9356003289322097,148,1251
RELATIVE_B,20,200,0.75,2026,A4_SENSOR_DRIFT,mild,mean_voltage_v_1,97.5,0.569822147176851,0.41514726507713884,0.009592326139088728,0.018751385765417627,0.013513513513513514,0.6352482249392748,0.6994593514377687,0.8571428571428571,0.018972332015810275,0.9356003289322097,148,1251
RELATIVE_B,20,200,0.75,2026,A4_SENSOR_DRIFT,mild,mean_voltage_v_1,99.0,0.5863261968966366,1.0,0.009592326139088728,0.019002375296912115,0.0,0.6352482249392748,0.6994593514377687,1.0,0.019002375296912115,0.9356003289322097,148,1251
RELATIVE_B,20,200,0.75,2026,A4_SENSOR_DRIFT,moderate,pooled,95.0,0.5529127789900632,0.5324238460100915,0.030775379696243006,0.058187388307378095,0.02702702702702703,0.6357589142905881,0.6744165478428069,0.9746835443037974,0.059666795815575366,0.9828950828942696,148,5004
RELATIVE_B,20,200,0.75,2026,A4_SENSOR_DRIFT,moderate,pooled,97.5,0.569822147176851,0.5626638699528055,0.01738609112709832,0.033729940430347514,0.013513513513513514,0.6357589142905881,0.6744165478428069,0.9775280898876404,0.034164539564107595,0.9828950828942696,148,5004
RELATIVE_B,20,200,0.75,2026,A4_SENSOR_DRIFT,moderate,pooled,99.0,0.5863261968966366,1.0,0.009392486011191047,0.01861017620273213,0.0,0.6357589142905881,0.6744165478428069,1.0,0.01861017620273213,0.9828950828942696,148,5004
RELATIVE_B,20,200,0.75,2026,A4_SENSOR_DRIFT,moderate,mean_temp_c_-1,95.0,0.5529127789900632,0.37167252636865894,0.01598721023181455,0.030655785243796346,0.02702702702702703,0.5182188453865931,0.515063624775855,0.8333333333333334,0.03137254901960784,0.8995300960568461,148,1251
RELATIVE_B,20,200,0.75,2026,A4_SENSOR_DRIFT,moderate,mean_temp_c_-1,97.5,0.569822147176851,0.10578984989278055,0.0015987210231814548,0.0031498409117512475,0.013513513513513514,0.5182188453865931,0.515063624775855,0.5,0.003187250996015936,0.8995300960568461,148,1251
RELATIVE_B,20,200,0.75,2026,A4_SENSOR_DRIFT,moderate,mean_temp_c_-1,99.0,0.5863261968966366,0.0,0.0,0.0,0.0,0.5182188453865931,0.515063624775855,0.0,0.0,0.8995300960568461,148,1251
RELATIVE_B,20,200,0.75,2026,A4_SENSOR_DRIFT,moderate,mean_temp_c_1,95.0,0.5529127789900632,0.5291682348513361,0.030375699440447643,0.057453416149068334,0.02702702702702703,0.5783547072003996,0.6087238317454144,0.9047619047619048,0.05877803557617943,0.9195389076073877,148,1251
RELATIVE_B,20,200,0.75,2026,A4_SENSOR_DRIFT,moderate,mean_temp_c_1,97.5,0.569822147176851,0.5965817478232828,0.019984012789768184,0.03867258949568853,0.013513513513513514,0.5783547072003996,0.6087238317454144,0.9259259259259259,0.03912363067292645,0.9195389076073877,148,1251
RELATIVE_B,20,200,0.75,2026,A4_SENSOR_DRIFT,moderate,mean_temp_c_1,99.0,0.5863261968966366,1.0,0.004796163069544364,0.00954653937947494,0.0,0.5783547072003996,0.6087238317454144,1.0,0.00954653937947494,0.9195389076073877,148,1251
RELATIVE_B,20,200,0.75,2026,A4_SENSOR_DRIFT,moderate,mean_voltage_v_-1,95.0,0.5529127789900632,0.6192939744370055,0.04396482813749001,0.08210114376777682,0.02702702702702703,0.7642719734386403,0.8334251517704754,0.9322033898305084,0.08396946564885496,0.9640234276714841,148,1251
RELATIVE_B,20,200,0.75,2026,A4_SENSOR_DRIFT,moderate,mean_voltage_v_-1,97.5,0.569822147176851,0.72243177279787,0.035171862509992005,0.06707800702506153,0.013513513513513514,0.7642719734386403,0.8334251517704754,0.9565217391304348,0.06784888203546645,0.9640234276714841,148,1251
RELATIVE_B,20,200,0.75,2026,A4_SENSOR_DRIFT,moderate,mean_voltage_v_-1,99.0,0.5863261968966366,1.0,0.020783373301358914,0.04072043852779953,0.0,0.7642719734386403,0.8334251517704754,1.0,0.04072043852779953,0.9640234276714841,148,1251
RELATIVE_B,20,200,0.75,2026,A4_SENSOR_DRIFT,moderate,mean_voltage_v_1,95.0,0.5529127789900632,0.5480491329479769,0.032773780975219824,0.06184894506166549,0.02702702702702703,0.6632340418730671,0.7404535830794824,0.9111111111111111,0.06327160493827161,0.9427302247766598,148,1251
RELATIVE_B,20,200,0.75,2026,A4_SENSOR_DRIFT,moderate,mean_voltage_v_1,97.5,0.569822147176851,0.48624229979466116,0.012789768185451638,0.02492395457272469,0.013513513513513514,0.6632340418730671,0.7404535830794824,0.8888888888888888,0.025216706067769896,0.9427302247766598,148,1251
RELATIVE_B,20,200,0.75,2026,A4_SENSOR_DRIFT,moderate,mean_voltage_v_1,99.0,0.5863261968966366,1.0,0.011990407673860911,0.023696682464454978,0.0,0.6632340418730671,0.7404535830794824,1.0,0.023696682464454978,0.9427302247766598,148,1251
RELATIVE_B,20,200,0.75,2026,A4_SENSOR_DRIFT,strong,pooled,95.0,0.5529127789900632,0.5654741229593608,0.035171862509992005,0.06622462677460032,0.02702702702702703,0.6745527248800599,0.7256242303454533,0.9777777777777777,0.06790123456790122,0.9855320949989874,148,5004
RELATIVE_B,20,200,0.75,2026,A4_SENSOR_DRIFT,strong,pooled,97.5,0.569822147176851,0.5892300114923659,0.01938449240607514,0.03753418497273046,0.013513513513513514,0.6745527248800599,0.7256242303454533,0.9797979797979798,0.03801685283166764,0.9855320949989874,148,5004
RELATIVE_B,20,200,0.75,2026,A4_SENSOR_DRIFT,strong,pooled,99.0,0.5863261968966366,1.0,0.009392486011191047,0.01861017620273213,0.0,0.6745527248800599,0.7256242303454533,1.0,0.01861017620273213,0.9855320949989874,148,5004
RELATIVE_B,20,200,0.75,2026,A4_SENSOR_DRIFT,strong,mean_temp_c_-1,95.0,0.5529127789900632,0.4048525214081827,0.01838529176658673,0.035173283184194756,0.02702702702702703,0.5802413249744204,0.6006924190377427,0.8518518518518519,0.035993740219092324,0.9194554316534107,148,1251
RELATIVE_B,20,200,0.75,2026,A4_SENSOR_DRIFT,strong,mean_temp_c_-1,97.5,0.569822147176851,0.22825416409623692,0.003996802557953637,0.007856043314400976,0.013513513513513514,0.5802413249744204,0.6006924190377427,0.7142857142857143,0.00794912559618442,0.9194554316534107,148,1251
RELATIVE_B,20,200,0.75,2026,A4_SENSOR_DRIFT,strong,mean_temp_c_-1,99.0,0.5863261968966366,0.0,0.0,0.0,0.0,0.5802413249744204,0.6006924190377427,0.0,0.0,0.9194554316534107,148,1251
RELATIVE_B,20,200,0.75,2026,A4_SENSOR_DRIFT,strong,mean_temp_c_1,95.0,0.5529127789900632,0.6149584487534625,0.04316546762589928,0.0806686046511628,0.02702702702702703,0.6529826628351273,0.6938449240607514,0.9310344827586207,0.0825057295645531,0.9395764732217431,148,1251
RELATIVE_B,20,200,0.75,2026,A4_SENSOR_DRIFT,strong,mean_temp_c_1,97.5,0.569822147176851,0.6395851339671563,0.023980815347721823,0.04622833047009215,0.013513513513513514,0.6529826628351273,0.6938449240607514,0.9375,0.04676539360872954,0.9395764732217431,148,1251
RELATIVE_B,20,200,0.75,2026,A4_SENSOR_DRIFT,strong,mean_temp_c_1,99.0,0.5863261968966366,1.0,0.0031974420463629096,0.006374501992031872,0.0,0.6529826628351273,0.6938449240607514,1.0,0.006374501992031872,0.9395764732217431,148,1251
RELATIVE_B,20,200,0.75,2026,A4_SENSOR_DRIFT,strong,mean_voltage_v_-1,95.0,0.5529127789900632,0.6192939744370055,0.04396482813749001,0.08210114376777682,0.02702702702702703,0.7785344093073032,0.8522479313846221,0.9322033898305084,0.08396946564885496,0.9668467078859337,148,1251
RELATIVE_B,20,200,0.75,2026,A4_SENSOR_DRIFT,strong,mean_voltage_v_-1,97.5,0.569822147176851,0.7269155206286837,0.03597122302158273,0.06855025474756832,0.013513513513513514,0.7785344093073032,0.8522479313846221,0.9574468085106383,0.06933744221879815,0.9668467078859337,148,1251
RELATIVE_B,20,200,0.75,2026,A4_SENSOR_DRIFT,strong,mean_voltage_v_-1,99.0,0.5863261968966366,1.0,0.02158273381294964,0.04225352112676056,0.0,0.7785344093073032,0.8522479313846221,1.0,0.04225352112676056,0.9668467078859337,148,1251
RELATIVE_B,20,200,0.75,2026,A4_SENSOR_DRIFT,strong,mean_voltage_v_1,95.0,0.5529127789900632,0.5654741229593608,0.035171862509992005,0.06622462677460032,0.02702702702702703,0.6735742714188165,0.7557116468986973,0.9166666666666666,0.06774441878367975,0.9452912732207024,148,1251
RELATIVE_B,20,200,0.75,2026,A4_SENSOR_DRIFT,strong,mean_voltage_v_1,97.5,0.569822147176851,0.5013949780789159,0.013589128697042365,0.02646109188813984,0.013513513513513514,0.6735742714188165,0.7557116468986973,0.8947368421052632,0.026771653543307086,0.9452912732207024,148,1251
RELATIVE_B,20,200,0.75,2026,A4_SENSOR_DRIFT,strong,mean_voltage_v_1,99.0,0.5863261968966366,1.0,0.012789768185451638,0.025256511444356748,0.0,0.6735742714188165,0.7557116468986973,1.0,0.025256511444356748,0.9452912732207024,148,1251
RELATIVE_B,20,200,1.0,42,A2_EARLY_VOLTAGE_COLLAPSE,mild,pooled,95.0,0.5540436863537357,0.8504569371365274,0.11527777777777778,0.20303461042610163,0.02027027027027027,0.898823677784796,0.9448573573573573,0.9651162790697675,0.20595533498759308,0.9770506648591096,148,720
RELATIVE_B,20,200,1.0,42,A2_EARLY_VOLTAGE_COLLAPSE,mild,pooled,97.5,0.5775461349116844,1.0,0.05,0.09523809523809523,0.0,0.898823677784796,0.9448573573573573,1.0,0.09523809523809523,0.9770506648591096,148,720
RELATIVE_B,20,200,1.0,42,A2_EARLY_VOLTAGE_COLLAPSE,mild,pooled,99.0,0.5804359442770123,1.0,0.05,0.09523809523809523,0.0,0.898823677784796,0.9448573573573573,1.0,0.09523809523809523,0.9770506648591096,148,720
RELATIVE_B,20,200,1.0,42,A2_EARLY_VOLTAGE_COLLAPSE,moderate,pooled,95.0,0.5540436863537357,0.8504569371365274,0.11527777777777778,0.20303461042610163,0.02027027027027027,0.9008091723627885,0.9460585585585586,0.9651162790697675,0.20595533498759308,0.9775495318899675,148,720
RELATIVE_B,20,200,1.0,42,A2_EARLY_VOLTAGE_COLLAPSE,moderate,pooled,97.5,0.5775461349116844,1.0,0.05,0.09523809523809523,0.0,0.9008091723627885,0.9460585585585586,1.0,0.09523809523809523,0.9775495318899675,148,720
RELATIVE_B,20,200,1.0,42,A2_EARLY_VOLTAGE_COLLAPSE,moderate,pooled,99.0,0.5804359442770123,1.0,0.05,0.09523809523809523,0.0,0.9008091723627885,0.9460585585585586,1.0,0.09523809523809523,0.9775495318899675,148,720
RELATIVE_B,20,200,1.0,42,A2_EARLY_VOLTAGE_COLLAPSE,strong,pooled,95.0,0.5540436863537357,0.8504569371365274,0.11527777777777778,0.20303461042610163,0.02027027027027027,0.9008164571336853,0.9460585585585586,0.9651162790697675,0.20595533498759308,0.977551566138704,148,720
RELATIVE_B,20,200,1.0,42,A2_EARLY_VOLTAGE_COLLAPSE,strong,pooled,97.5,0.5775461349116844,1.0,0.05,0.09523809523809523,0.0,0.9008164571336853,0.9460585585585586,1.0,0.09523809523809523,0.977551566138704,148,720
RELATIVE_B,20,200,1.0,42,A2_EARLY_VOLTAGE_COLLAPSE,strong,pooled,99.0,0.5804359442770123,1.0,0.05,0.09523809523809523,0.0,0.9008164571336853,0.9460585585585586,1.0,0.09523809523809523,0.977551566138704,148,720
RELATIVE_B,20,200,1.0,42,A3_THERMAL_ABNORMALITY,mild,pooled,95.0,0.5540436863537357,0.717129387113672,0.05138888888888889,0.09590528564923463,0.02027027027027027,0.6660098667130894,0.6847503753753753,0.925,0.09736842105263156,0.9032812761362247,148,720
RELATIVE_B,20,200,1.0,42,A3_THERMAL_ABNORMALITY,mild,pooled,97.5,0.5775461349116844,1.0,0.005555555555555556,0.011049723756906079,0.0,0.6660098667130894,0.6847503753753753,1.0,0.011049723756906079,0.9032812761362247,148,720
RELATIVE_B,20,200,1.0,42,A3_THERMAL_ABNORMALITY,mild,pooled,99.0,0.5804359442770123,0.0,0.0,0.0,0.0,0.6660098667130894,0.6847503753753753,0.0,0.0,0.9032812761362247,148,720
RELATIVE_B,20,200,1.0,42,A3_THERMAL_ABNORMALITY,moderate,pooled,95.0,0.5540436863537357,0.8630831643002027,0.12777777777777777,0.2226000523149359,0.02027027027027027,0.8569641348738913,0.8873404654654655,0.968421052631579,0.2257668711656442,0.9656426413507931,148,720
RELATIVE_B,20,200,1.0,42,A3_THERMAL_ABNORMALITY,moderate,pooled,97.5,0.5775461349116844,1.0,0.03194444444444444,0.061911170928667554,0.0,0.8569641348738913,0.8873404654654655,1.0,0.061911170928667554,0.9656426413507931,148,720
RELATIVE_B,20,200,1.0,42,A3_THERMAL_ABNORMALITY,moderate,pooled,99.0,0.5804359442770123,1.0,0.029166666666666667,0.056680161943319846,0.0,0.8569641348738913,0.8873404654654655,1.0,0.056680161943319846,0.9656426413507931,148,720
RELATIVE_B,20,200,1.0,42,A3_THERMAL_ABNORMALITY,strong,pooled,95.0,0.5540436863537357,0.9450493538211051,0.3486111111111111,0.5093372089834645,0.02027027027027027,0.9430738510773716,0.954588963963964,0.9881889763779528,0.5154004106776181,0.9873384922252408,148,720
RELATIVE_B,20,200,1.0,42,A3_THERMAL_ABNORMALITY,strong,pooled,97.5,0.5775461349116844,1.0,0.09861111111111111,0.17951959544879897,0.0,0.9430738510773716,0.954588963963964,1.0,0.17951959544879897,0.9873384922252408,148,720
RELATIVE_B,20,200,1.0,42,A3_THERMAL_ABNORMALITY,strong,pooled,99.0,0.5804359442770123,1.0,0.0875,0.16091954022988506,0.0,0.9430738510773716,0.954588963963964,1.0,0.16091954022988506,0.9873384922252408,148,720
RELATIVE_B,20,200,1.0,42,A4_SENSOR_DRIFT,mild,pooled,95.0,0.5540436863537357,0.501394978078916,0.02038369304556355,0.039174776177500974,0.02027027027027027,0.5750141271017122,0.6134788115453582,0.9714285714285714,0.03992953611274223,0.9783281641209495,148,5004
RELATIVE_B,20,200,1.0,42,A4_SENSOR_DRIFT,mild,pooled,97.5,0.5775461349116844,1.0,0.0025979216626698643,0.00518237990831174,0.0,0.5750141271017122,0.6134788115453582,1.0,0.00518237990831174,0.9783281641209495,148,5004
RELATIVE_B,20,200,1.0,42,A4_SENSOR_DRIFT,mild,pooled,99.0,0.5804359442770123,1.0,0.0009992006394884093,0.0019964064683569574,0.0,0.5750141271017122,0.6134788115453582,1.0,0.0019964064683569574,0.9783281641209495,148,5004
RELATIVE_B,20,200,1.0,42,A4_SENSOR_DRIFT,mild,mean_temp_c_-1,95.0,0.5540436863537357,0.41514726507713884,0.014388489208633094,0.027813013859525487,0.02027027027027027,0.47848519236431875,0.46849817443342623,0.8571428571428571,0.02830188679245283,0.8852003007116442,148,1251
RELATIVE_B,20,200,1.0,42,A4_SENSOR_DRIFT,mild,mean_temp_c_-1,97.5,0.5775461349116844,0.0,0.0,0.0,0.0,0.47848519236431875,0.46849817443342623,0.0,0.0,0.8852003007116442,148,1251
RELATIVE_B,20,200,1.0,42,A4_SENSOR_DRIFT,mild,mean_temp_c_-1,99.0,0.5804359442770123,0.0,0.0,0.0,0.0,0.47848519236431875,0.46849817443342623,0.0,0.0,0.8852003007116442,148,1251
RELATIVE_B,20,200,1.0,42,A4_SENSOR_DRIFT,mild,mean_temp_c_1,95.0,0.5540436863537357,0.5247562365455236,0.02238209432454037,0.04293299489756275,0.02027027027027027,0.5207325301813719,0.5317772808780002,0.9032258064516129,0.0436817472698908,0.9011514687679916,148,1251
RELATIVE_B,20,200,1.0,42,A4_SENSOR_DRIFT,mild,mean_temp_c_1,97.5,0.5775461349116844,1.0,0.004796163069544364,0.00954653937947494,0.0,0.5207325301813719,0.5317772808780002,1.0,0.00954653937947494,0.9011514687679916,148,1251
RELATIVE_B,20,200,1.0,42,A4_SENSOR_DRIFT,mild,mean_temp_c_1,99.0,0.5804359442770123,1.0,0.003996802557953637,0.007961783439490446,0.0,0.5207325301813719,0.5317772808780002,1.0,0.007961783439490446,0.9011514687679916,148,1251
RELATIVE_B,20,200,1.0,42,A4_SENSOR_DRIFT,mild,mean_voltage_v_-1,95.0,0.5540436863537357,0.5798723832978842,0.027977617905675458,0.05337977442408067,0.02027027027027027,0.6641230338657931,0.7383282563138677,0.9210526315789473,0.05430566330488751,0.9425620130170373,148,1251
RELATIVE_B,20,200,1.0,42,A4_SENSOR_DRIFT,mild,mean_voltage_v_-1,97.5,0.5775461349116844,1.0,0.005595523581135092,0.011128775834658187,0.0,0.6641230338657931,0.7383282563138677,1.0,0.011128775834658187,0.9425620130170373,148,1251
RELATIVE_B,20,200,1.0,42,A4_SENSOR_DRIFT,mild,mean_voltage_v_-1,99.0,0.5804359442770123,0.0,0.0,0.0,0.0,0.6641230338657931,0.7383282563138677,0.0,0.0,0.9425620130170373,148,1251
RELATIVE_B,20,200,1.0,42,A4_SENSOR_DRIFT,mild,mean_voltage_v_1,95.0,0.5540436863537357,0.4529951902055094,0.016786570743405275,0.032373482493008136,0.02027027027027027,0.6315327998133203,0.7153115345561388,0.875,0.03294117647058823,0.9344514975881211,148,1251
RELATIVE_B,20,200,1.0,42,A4_SENSOR_DRIFT,mild,mean_voltage_v_1,97.5,0.5775461349116844,0.0,0.0,0.0,0.0,0.6315327998133203,0.7153115345561388,0.0,0.0,0.9344514975881211,148,1251
RELATIVE_B,20,200,1.0,42,A4_SENSOR_DRIFT,mild,mean_voltage_v_1,99.0,0.5804359442770123,0.0,0.0,0.0,0.0,0.6315327998133203,0.7153115345561388,0.0,0.0,0.9344514975881211,148,1251
RELATIVE_B,20,200,1.0,42,A4_SENSOR_DRIFT,moderate,pooled,95.0,0.5540436863537357,0.49893190921228303,0.02018385291766587,0.03879816027990324,0.02027027027027027,0.6091347629166517,0.6631728401062933,0.9711538461538461,0.039545810493343776,0.9810555789211068,148,5004
RELATIVE_B,20,200,1.0,42,A4_SENSOR_DRIFT,moderate,pooled,97.5,0.5775461349116844,1.0,0.002997601918465228,0.005977286312014346,0.0,0.6091347629166517,0.6631728401062933,1.0,0.005977286312014346,0.9810555789211068,148,5004
RELATIVE_B,20,200,1.0,42,A4_SENSOR_DRIFT,moderate,pooled,99.0,0.5804359442770123,1.0,0.001398880895283773,0.0027938535222510478,0.0,0.6091347629166517,0.6631728401062933,1.0,0.0027938535222510478,0.9810555789211068,148,5004
RELATIVE_B,20,200,1.0,42,A4_SENSOR_DRIFT,moderate,mean_temp_c_-1,95.0,0.5540436863537357,0.3025459951681843,0.008792965627498001,0.017089262002109914,0.02027027027027027,0.4964861919458484,0.5020362088707413,0.7857142857142857,0.017391304347826087,0.8918001971034943,148,1251
RELATIVE_B,20,200,1.0,42,A4_SENSOR_DRIFT,moderate,mean_temp_c_-1,97.5,0.5775461349116844,0.0,0.0,0.0,0.0,0.4964861919458484,0.5020362088707413,0.0,0.0,0.8918001971034943,148,1251
RELATIVE_B,20,200,1.0,42,A4_SENSOR_DRIFT,moderate,mean_temp_c_-1,99.0,0.5804359442770123,0.0,0.0,0.0,0.0,0.4964861919458484,0.5020362088707413,0.0,0.0,0.8918001971034943,148,1251
RELATIVE_B,20,200,1.0,42,A4_SENSOR_DRIFT,moderate,mean_temp_c_1,95.0,0.5540436863537357,0.5247562365455236,0.02238209432454037,0.04293299489756275,0.02027027027027027,0.5790199146696458,0.6116620217339641,0.9032258064516129,0.0436817472698908,0.9199921154620868,148,1251
RELATIVE_B,20,200,1.0,42,A4_SENSOR_DRIFT,moderate,mean_temp_c_1,97.5,0.5775461349116844,1.0,0.005595523581135092,0.011128775834658187,0.0,0.5790199146696458,0.6116620217339641,1.0,0.011128775834658187,0.9199921154620868,148,1251
RELATIVE_B,20,200,1.0,42,A4_SENSOR_DRIFT,moderate,mean_temp_c_1,99.0,0.5804359442770123,1.0,0.005595523581135092,0.011128775834658187,0.0,0.5790199146696458,0.6116620217339641,1.0,0.011128775834658187,0.9199921154620868,148,1251
RELATIVE_B,20,200,1.0,42,A4_SENSOR_DRIFT,moderate,mean_voltage_v_-1,95.0,0.5540436863537357,0.5933470581861523,0.029576338928856916,0.05634411478724335,0.02027027027027027,0.6983967680396165,0.7872080713807333,0.925,0.057319907048799384,0.9506400763469363,148,1251
RELATIVE_B,20,200,1.0,42,A4_SENSOR_DRIFT,moderate,mean_voltage_v_-1,97.5,0.5775461349116844,1.0,0.006394884092725819,0.012708498808578234,0.0,0.6983967680396165,0.7872080713807333,1.0,0.012708498808578234,0.9506400763469363,148,1251
RELATIVE_B,20,200,1.0,42,A4_SENSOR_DRIFT,moderate,mean_voltage_v_-1,99.0,0.5804359442770123,0.0,0.0,0.0,0.0,0.6983967680396165,0.7872080713807333,0.0,0.0,0.9506400763469363,148,1251
RELATIVE_B,20,200,1.0,42,A4_SENSOR_DRIFT,moderate,mean_voltage_v_1,95.0,0.5540436863537357,0.4964443848114853,0.019984012789768184,0.038421399681206225,0.02027027027027027,0.6557711878442991,0.7517850584397346,0.8928571428571429,0.039093041438623924,0.9407563068278426,148,1251
RELATIVE_B,20,200,1.0,42,A4_SENSOR_DRIFT,moderate,mean_voltage_v_1,97.5,0.5775461349116844,0.0,0.0,0.0,0.0,0.6557711878442991,0.7517850584397346,0.0,0.0,0.9407563068278426,148,1251
RELATIVE_B,20,200,1.0,42,A4_SENSOR_DRIFT,moderate,mean_voltage_v_1,99.0,0.5804359442770123,0.0,0.0,0.0,0.0,0.6557711878442991,0.7517850584397346,0.0,0.0,0.9407563068278426,148,1251
RELATIVE_B,20,200,1.0,42,A4_SENSOR_DRIFT,strong,pooled,95.0,0.5540436863537357,0.5356347438752784,0.023381294964028777,0.0448067070330694,0.02027027027027027,0.6456013455856755,0.7122713990969386,0.975,0.04566744730679157,0.9837196249866526,148,5004
RELATIVE_B,20,200,1.0,42,A4_SENSOR_DRIFT,strong,pooled,97.5,0.5775461349116844,1.0,0.002997601918465228,0.005977286312014346,0.0,0.6456013455856755,0.7122713990969386,1.0,0.005977286312014346,0.9837196249866526,148,5004
RELATIVE_B,20,200,1.0,42,A4_SENSOR_DRIFT,strong,pooled,99.0,0.5804359442770123,1.0,0.001199040767386091,0.0023952095808383233,0.0,0.6456013455856755,0.7122713990969386,1.0,0.0023952095808383233,0.9837196249866526,148,5004
RELATIVE_B,20,200,1.0,42,A4_SENSOR_DRIFT,strong,mean_temp_c_-1,95.0,0.5540436863537357,0.3025459951681843,0.008792965627498001,0.017089262002109914,0.02027027027027027,0.5424347910503322,0.5790610754639532,0.7857142857142857,0.017391304347826087,0.9079958965198858,148,1251
RELATIVE_B,20,200,1.0,42,A4_SENSOR_DRIFT,strong,mean_temp_c_-1,97.5,0.5775461349116844,0.0,0.0,0.0,0.0,0.5424347910503322,0.5790610754639532,0.0,0.0,0.9079958965198858,148,1251
RELATIVE_B,20,200,1.0,42,A4_SENSOR_DRIFT,strong,mean_temp_c_-1,99.0,0.5804359442770123,0.0,0.0,0.0,0.0,0.5424347910503322,0.5790610754639532,0.0,0.0,0.9079958965198858,148,1251
RELATIVE_B,20,200,1.0,42,A4_SENSOR_DRIFT,strong,mean_temp_c_1,95.0,0.5540436863537357,0.6343886994641987,0.035171862509992005,0.06664858530394599,0.02027027027027027,0.6602730915559039,0.702934949337827,0.9361702127659575,0.06779661016949153,0.9412935416267406,148,1251
RELATIVE_B,20,200,1.0,42,A4_SENSOR_DRIFT,strong,mean_temp_c_1,97.5,0.5775461349116844,1.0,0.004796163069544364,0.00954653937947494,0.0,0.6602730915559039,0.702934949337827,1.0,0.00954653937947494,0.9412935416267406,148,1251
RELATIVE_B,20,200,1.0,42,A4_SENSOR_DRIFT,strong,mean_temp_c_1,99.0,0.5804359442770123,1.0,0.004796163069544364,0.00954653937947494,0.0,0.6602730915559039,0.702934949337827,1.0,0.00954653937947494,0.9412935416267406,148,1251
RELATIVE_B,20,200,1.0,42,A4_SENSOR_DRIFT,strong,mean_voltage_v_-1,95.0,0.5540436863537357,0.5933470581861523,0.029576338928856916,0.05634411478724335,0.02027027027027027,0.7093675061451321,0.8022392896493615,0.925,0.057319907048799384,0.9531276367286795,148,1251
RELATIVE_B,20,200,1.0,42,A4_SENSOR_DRIFT,strong,mean_voltage_v_-1,97.5,0.5775461349116844,1.0,0.007194244604316547,0.014285714285714287,0.0,0.7093675061451321,0.8022392896493615,1.0,0.014285714285714287,0.9531276367286795,148,1251
RELATIVE_B,20,200,1.0,42,A4_SENSOR_DRIFT,strong,mean_voltage_v_-1,99.0,0.5804359442770123,0.0,0.0,0.0,0.0,0.7093675061451321,0.8022392896493615,0.0,0.0,0.9531276367286795,148,1251
RELATIVE_B,20,200,1.0,42,A4_SENSOR_DRIFT,strong,mean_voltage_v_1,95.0,0.5540436863537357,0.4964443848114853,0.019984012789768184,0.038421399681206225,0.02027027027027027,0.664357407677091,0.7648502819366128,0.8928571428571429,0.039093041438623924,0.9428868180423513,148,1251
RELATIVE_B,20,200,1.0,42,A4_SENSOR_DRIFT,strong,mean_voltage_v_1,97.5,0.5775461349116844,0.0,0.0,0.0,0.0,0.664357407677091,0.7648502819366128,0.0,0.0,0.9428868180423513,148,1251
RELATIVE_B,20,200,1.0,42,A4_SENSOR_DRIFT,strong,mean_voltage_v_1,99.0,0.5804359442770123,0.0,0.0,0.0,0.0,0.664357407677091,0.7648502819366128,0.0,0.0,0.9428868180423513,148,1251
RELATIVE_B,20,200,1.0,123,A2_EARLY_VOLTAGE_COLLAPSE,mild,pooled,95.0,0.5482589495731283,0.965586464009177,0.37916666666666665,0.5445136249696774,0.013513513513513514,0.9699981004806835,0.9814001501501501,0.9927272727272727,0.5487437185929648,0.9936430955942253,148,720
RELATIVE_B,20,200,1.0,123,A2_EARLY_VOLTAGE_COLLAPSE,mild,pooled,97.5,0.5807210801803464,1.0,0.10138888888888889,0.18411097099621687,0.0,0.9699981004806835,0.9814001501501501,1.0,0.18411097099621687,0.9936430955942253,148,720
RELATIVE_B,20,200,1.0,123,A2_EARLY_VOLTAGE_COLLAPSE,mild,pooled,99.0,0.582887290823609,1.0,0.10138888888888889,0.18411097099621687,0.0,0.9699981004806835,0.9814001501501501,1.0,0.18411097099621687,0.9936430955942253,148,720
RELATIVE_B,20,200,1.0,123,A2_EARLY_VOLTAGE_COLLAPSE,moderate,pooled,95.0,0.5482589495731283,0.9669876203576341,0.3958333333333333,0.5617259288853376,0.013513513513513514,0.9723080864556054,0.9830799549549549,0.9930313588850174,0.5660377358490566,0.9941494535329443,148,720
RELATIVE_B,20,200,1.0,123,A2_EARLY_VOLTAGE_COLLAPSE,moderate,pooled,97.5,0.5807210801803464,1.0,0.10138888888888889,0.18411097099621687,0.0,0.9723080864556054,0.9830799549549549,1.0,0.18411097099621687,0.9941494535329443,148,720
RELATIVE_B,20,200,1.0,123,A2_EARLY_VOLTAGE_COLLAPSE,moderate,pooled,99.0,0.582887290823609,1.0,0.10138888888888889,0.18411097099621687,0.0,0.9723080864556054,0.9830799549549549,1.0,0.18411097099621687,0.9941494535329443,148,720
RELATIVE_B,20,200,1.0,123,A2_EARLY_VOLTAGE_COLLAPSE,strong,pooled,95.0,0.5482589495731283,0.9669876203576341,0.3958333333333333,0.5617259288853376,0.013513513513513514,0.9723080864556054,0.9830799549549549,0.9930313588850174,0.5660377358490566,0.9941494535329443,148,720
RELATIVE_B,20,200,1.0,123,A2_EARLY_VOLTAGE_COLLAPSE,strong,pooled,97.5,0.5807210801803464,1.0,0.10138888888888889,0.18411097099621687,0.0,0.9723080864556054,0.9830799549549549,1.0,0.18411097099621687,0.9941494535329443,148,720
RELATIVE_B,20,200,1.0,123,A2_EARLY_VOLTAGE_COLLAPSE,strong,pooled,99.0,0.582887290823609,1.0,0.10138888888888889,0.18411097099621687,0.0,0.9723080864556054,0.9830799549549549,1.0,0.18411097099621687,0.9941494535329443,148,720
RELATIVE_B,20,200,1.0,123,A3_THERMAL_ABNORMALITY,mild,pooled,95.0,0.5482589495731283,0.8314606741573034,0.06666666666666667,0.12343619683069224,0.013513513513513514,0.6951246237393627,0.717164039039039,0.96,0.12467532467532469,0.9140191254499774,148,720
RELATIVE_B,20,200,1.0,123,A3_THERMAL_ABNORMALITY,mild,pooled,97.5,0.5807210801803464,1.0,0.013888888888888888,0.0273972602739726,0.0,0.6951246237393627,0.717164039039039,1.0,0.0273972602739726,0.9140191254499774,148,720
RELATIVE_B,20,200,1.0,123,A3_THERMAL_ABNORMALITY,mild,pooled,99.0,0.582887290823609,1.0,0.008333333333333333,0.01652892561983471,0.0,0.6951246237393627,0.717164039039039,1.0,0.01652892561983471,0.9140191254499774,148,720
RELATIVE_B,20,200,1.0,123,A3_THERMAL_ABNORMALITY,moderate,pooled,95.0,0.5482589495731283,0.9402092675635276,0.2125,0.3466519702397355,0.013513513513513514,0.87917400388079,0.8991647897897899,0.9870967741935484,0.34971428571428576,0.971250620367415,148,720
RELATIVE_B,20,200,1.0,123,A3_THERMAL_ABNORMALITY,moderate,pooled,97.5,0.5807210801803464,1.0,0.05555555555555555,0.10526315789473684,0.0,0.87917400388079,0.8991647897897899,1.0,0.10526315789473684,0.971250620367415,148,720
RELATIVE_B,20,200,1.0,123,A3_THERMAL_ABNORMALITY,moderate,pooled,99.0,0.582887290823609,1.0,0.04583333333333333,0.08764940239043824,0.0,0.87917400388079,0.8991647897897899,1.0,0.08764940239043824,0.971250620367415,148,720
RELATIVE_B,20,200,1.0,123,A3_THERMAL_ABNORMALITY,strong,pooled,95.0,0.5482589495731283,0.9733234531307893,0.4930555555555556,0.6545409243802168,0.013513513513513514,0.9558819401963012,0.9609609609609608,0.9943977591036415,0.659238625812442,0.9901564173454693,148,720
RELATIVE_B,20,200,1.0,123,A3_THERMAL_ABNORMALITY,strong,pooled,97.5,0.5807210801803464,1.0,0.17083333333333334,0.2918149466192171,0.0,0.9558819401963012,0.9609609609609608,1.0,0.2918149466192171,0.9901564173454693,148,720
RELATIVE_B,20,200,1.0,123,A3_THERMAL_ABNORMALITY,strong,pooled,99.0,0.582887290823609,1.0,0.14444444444444443,0.2524271844660194,0.0,0.9558819401963012,0.9609609609609608,1.0,0.2524271844660194,0.9901564173454693,148,720
RELATIVE_B,20,200,1.0,123,A4_SENSOR_DRIFT,mild,pooled,95.0,0.5482589495731283,0.5989741945824651,0.02018385291766587,0.039051764226410365,0.013513513513513514,0.5894744286560442,0.6206669799295699,0.9805825242718447,0.03955355394556491,0.9794708270614724,148,5004
RELATIVE_B,20,200,1.0,123,A4_SENSOR_DRIFT,mild,pooled,97.5,0.5807210801803464,1.0,0.0037969624300559553,0.007565200079633685,0.0,0.5894744286560442,0.6206669799295699,1.0,0.007565200079633685,0.9794708270614724,148,5004
RELATIVE_B,20,200,1.0,123,A4_SENSOR_DRIFT,mild,pooled,99.0,0.582887290823609,1.0,0.0037969624300559553,0.007565200079633685,0.0,0.5894744286560442,0.6206669799295699,1.0,0.007565200079633685,0.9794708270614724,148,5004
RELATIVE_B,20,200,1.0,123,A4_SENSOR_DRIFT,mild,mean_temp_c_-1,95.0,0.5482589495731283,0.5156794425087108,0.014388489208633094,0.027995838456445665,0.013513513513513514,0.4794025462442773,0.467831140493011,0.9,0.02832415420928403,0.8856393991561154,148,1251
RELATIVE_B,20,200,1.0,123,A4_SENSOR_DRIFT,mild,mean_temp_c_-1,97.5,0.5807210801803464,0.0,0.0,0.0,0.0,0.4794025462442773,0.467831140493011,0.0,0.0,0.8856393991561154,148,1251
RELATIVE_B,20,200,1.0,123,A4_SENSOR_DRIFT,mild,mean_temp_c_-1,99.0,0.582887290823609,0.0,0.0,0.0,0.0,0.4794025462442773,0.467831140493011,0.0,0.0,0.8856393991561154,148,1251
RELATIVE_B,20,200,1.0,123,A4_SENSOR_DRIFT,mild,mean_temp_c_1,95.0,0.5482589495731283,0.6059842519685039,0.020783373301358914,0.04018840927842589,0.013513513513513514,0.5254595866049363,0.5346587594789034,0.9285714285714286,0.040656763096168884,0.9025900013033286,148,1251
RELATIVE_B,20,200,1.0,123,A4_SENSOR_DRIFT,mild,mean_temp_c_1,97.5,0.5807210801803464,1.0,0.002398081534772182,0.004784688995215311,0.0,0.5254595866049363,0.5346587594789034,1.0,0.004784688995215311,0.9025900013033286,148,1251
RELATIVE_B,20,200,1.0,123,A4_SENSOR_DRIFT,mild,mean_temp_c_1,99.0,0.582887290823609,1.0,0.002398081534772182,0.004784688995215311,0.0,0.5254595866049363,0.5346587594789034,1.0,0.004784688995215311,0.9025900013033286,148,1251
RELATIVE_B,20,200,1.0,123,A4_SENSOR_DRIFT,mild,mean_voltage_v_-1,95.0,0.5482589495731283,0.7269155206286837,0.03597122302158273,0.06855025474756832,0.013513513513513514,0.718679466445456,0.7785420312398729,0.9574468085106383,0.06933744221879815,0.9545908188423365,148,1251
RELATIVE_B,20,200,1.0,123,A4_SENSOR_DRIFT,mild,mean_voltage_v_-1,97.5,0.5807210801803464,1.0,0.012789768185451638,0.025256511444356748,0.0,0.718679466445456,0.7785420312398729,1.0,0.025256511444356748,0.9545908188423365,148,1251
RELATIVE_B,20,200,1.0,123,A4_SENSOR_DRIFT,mild,mean_voltage_v_-1,99.0,0.582887290823609,1.0,0.012789768185451638,0.025256511444356748,0.0,0.718679466445456,0.7785420312398729,1.0,0.025256511444356748,0.9545908188423365,148,1251
RELATIVE_B,20,200,1.0,123,A4_SENSOR_DRIFT,mild,mean_voltage_v_1,95.0,0.5482589495731283,0.41514726507713884,0.009592326139088728,0.018751385765417627,0.013513513513513514,0.6187065003746071,0.701635988506492,0.8571428571428571,0.018972332015810275,0.9310933246557002,148,1251
RELATIVE_B,20,200,1.0,123,A4_SENSOR_DRIFT,mild,mean_voltage_v_1,97.5,0.5807210801803464,0.0,0.0,0.0,0.0,0.6187065003746071,0.701635988506492,0.0,0.0,0.9310933246557002,148,1251
RELATIVE_B,20,200,1.0,123,A4_SENSOR_DRIFT,mild,mean_voltage_v_1,99.0,0.582887290823609,0.0,0.0,0.0,0.0,0.6187065003746071,0.701635988506492,0.0,0.0,0.9310933246557002,148,1251
RELATIVE_B,20,200,1.0,123,A4_SENSOR_DRIFT,moderate,pooled,95.0,0.5482589495731283,0.6276785714285715,0.022781774580335732,0.04396772781287135,0.013513513513513514,0.6290102440050928,0.6734018190852724,0.9827586206896551,0.04453125,0.9824799168544762,148,5004
RELATIVE_B,20,200,1.0,123,A4_SENSOR_DRIFT,moderate,pooled,97.5,0.5807210801803464,1.0,0.004596322941646682,0.009150586831111996,0.0,0.6290102440050928,0.6734018190852724,1.0,0.009150586831111996,0.9824799168544762,148,5004
RELATIVE_B,20,200,1.0,123,A4_SENSOR_DRIFT,moderate,pooled,99.0,0.582887290823609,1.0,0.004396482813749001,0.008754476721050536,0.0,0.6290102440050928,0.6734018190852724,1.0,0.008754476721050536,0.9824799168544762,148,5004
RELATIVE_B,20,200,1.0,123,A4_SENSOR_DRIFT,moderate,mean_temp_c_-1,95.0,0.5482589495731283,0.48624229979466116,0.012789768185451638,0.02492395457272469,0.013513513513513514,0.5055283172283613,0.5069511958001167,0.8888888888888888,0.025216706067769896,0.8955022398954848,148,1251
RELATIVE_B,20,200,1.0,123,A4_SENSOR_DRIFT,moderate,mean_temp_c_-1,97.5,0.5807210801803464,0.0,0.0,0.0,0.0,0.5055283172283613,0.5069511958001167,0.0,0.0,0.8955022398954848,148,1251
RELATIVE_B,20,200,1.0,123,A4_SENSOR_DRIFT,moderate,mean_temp_c_-1,99.0,0.582887290823609,0.0,0.0,0.0,0.0,0.5055283172283613,0.5069511958001167,0.0,0.0,0.8955022398954848,148,1251
RELATIVE_B,20,200,1.0,123,A4_SENSOR_DRIFT,moderate,mean_temp_c_1,95.0,0.5482589495731283,0.6471086036671367,0.02478017585931255,0.04773249825736847,0.013513513513513514,0.581061262209031,0.6114081707606888,0.9393939393939394,0.048286604361370715,0.9205223933639733,148,1251
RELATIVE_B,20,200,1.0,123,A4_SENSOR_DRIFT,moderate,mean_temp_c_1,97.5,0.5807210801803464,1.0,0.004796163069544364,0.00954653937947494,0.0,0.581061262209031,0.6114081707606888,1.0,0.00954653937947494,0.9205223933639733,148,1251
RELATIVE_B,20,200,1.0,123,A4_SENSOR_DRIFT,moderate,mean_temp_c_1,99.0,0.582887290823609,1.0,0.003996802557953637,0.007961783439490446,0.0,0.581061262209031,0.6114081707606888,1.0,0.007961783439490446,0.9205223933639733,148,1251
RELATIVE_B,20,200,1.0,123,A4_SENSOR_DRIFT,moderate,mean_voltage_v_-1,95.0,0.5482589495731283,0.751044776119403,0.0407673860911271,0.07733685795961025,0.013513513513513514,0.7668229743149586,0.8391421997537105,0.9622641509433962,0.07822085889570554,0.9646540192733511,148,1251
RELATIVE_B,20,200,1.0,123,A4_SENSOR_DRIFT,moderate,mean_voltage_v_-1,97.5,0.5807210801803464,1.0,0.013589128697042365,0.02681388012618296,0.0,0.7668229743149586,0.8391421997537105,1.0,0.02681388012618296,0.9646540192733511,148,1251
RELATIVE_B,20,200,1.0,123,A4_SENSOR_DRIFT,moderate,mean_voltage_v_-1,99.0,0.582887290823609,1.0,0.013589128697042365,0.02681388012618296,0.0,0.7668229743149586,0.8391421997537105,1.0,0.02681388012618296,0.9646540192733511,148,1251
RELATIVE_B,20,200,1.0,123,A4_SENSOR_DRIFT,moderate,mean_voltage_v_1,95.0,0.5482589495731283,0.48624229979466116,0.012789768185451638,0.02492395457272469,0.013513513513513514,0.6416708797358504,0.7361057100265733,0.8888888888888888,0.025216706067769896,0.9372713339012129,148,1251
RELATIVE_B,20,200,1.0,123,A4_SENSOR_DRIFT,moderate,mean_voltage_v_1,97.5,0.5807210801803464,0.0,0.0,0.0,0.0,0.6416708797358504,0.7361057100265733,0.0,0.0,0.9372713339012129,148,1251
RELATIVE_B,20,200,1.0,123,A4_SENSOR_DRIFT,moderate,mean_voltage_v_1,99.0,0.582887290823609,0.0,0.0,0.0,0.0,0.6416708797358504,0.7361057100265733,0.0,0.0,0.9372713339012129,148,1251
RELATIVE_B,20,200,1.0,123,A4_SENSOR_DRIFT,strong,pooled,95.0,0.5482589495731283,0.6743035667794844,0.027977617905675458,0.05372607996681014,0.013513513513513514,0.6677973063842879,0.7243461987167024,0.9859154929577465,0.05441119315973572,0.9851680126454312,148,5004
RELATIVE_B,20,200,1.0,123,A4_SENSOR_DRIFT,strong,pooled,97.5,0.5807210801803464,1.0,0.004596322941646682,0.009150586831111996,0.0,0.6677973063842879,0.7243461987167024,1.0,0.009150586831111996,0.9851680126454312,148,5004
RELATIVE_B,20,200,1.0,123,A4_SENSOR_DRIFT,strong,pooled,99.0,0.582887290823609,1.0,0.004396482813749001,0.008754476721050536,0.0,0.6677973063842879,0.7243461987167024,1.0,0.008754476721050536,0.9851680126454312,148,5004
RELATIVE_B,20,200,1.0,123,A4_SENSOR_DRIFT,strong,mean_temp_c_-1,95.0,0.5482589495731283,0.5291682348513361,0.015187849720223821,0.029528199850888896,0.013513513513513514,0.5641885160520853,0.5935575863633418,0.9047619047619048,0.029874213836477988,0.9151470995562013,148,1251
RELATIVE_B,20,200,1.0,123,A4_SENSOR_DRIFT,strong,mean_temp_c_-1,97.5,0.5807210801803464,0.0,0.0,0.0,0.0,0.5641885160520853,0.5935575863633418,0.0,0.0,0.9151470995562013,148,1251
RELATIVE_B,20,200,1.0,123,A4_SENSOR_DRIFT,strong,mean_temp_c_-1,99.0,0.582887290823609,0.0,0.0,0.0,0.0,0.5641885160520853,0.5935575863633418,0.0,0.0,0.9151470995562013,148,1251
RELATIVE_B,20,200,1.0,123,A4_SENSOR_DRIFT,strong,mean_temp_c_1,95.0,0.5482589495731283,0.751044776119403,0.0407673860911271,0.07733685795961025,0.013513513513513514,0.6583608314538341,0.6982846155508026,0.9622641509433962,0.07822085889570554,0.9409039719649743,148,1251
RELATIVE_B,20,200,1.0,123,A4_SENSOR_DRIFT,strong,mean_temp_c_1,97.5,0.5807210801803464,1.0,0.003996802557953637,0.007961783439490446,0.0,0.6583608314538341,0.6982846155508026,1.0,0.007961783439490446,0.9409039719649743,148,1251
RELATIVE_B,20,200,1.0,123,A4_SENSOR_DRIFT,strong,mean_temp_c_1,99.0,0.582887290823609,1.0,0.0031974420463629096,0.006374501992031872,0.0,0.6583608314538341,0.6982846155508026,1.0,0.006374501992031872,0.9409039719649743,148,1251
RELATIVE_B,20,200,1.0,123,A4_SENSOR_DRIFT,strong,mean_voltage_v_-1,95.0,0.5482589495731283,0.7581674076937948,0.042366107114308556,0.0802479871505008,0.013513513513513514,0.7816312919229472,0.8574572774213061,0.9636363636363636,0.08116385911179173,0.9675959721521155,148,1251
RELATIVE_B,20,200,1.0,123,A4_SENSOR_DRIFT,strong,mean_voltage_v_-1,97.5,0.5807210801803464,1.0,0.014388489208633094,0.028368794326241138,0.0,0.7816312919229472,0.8574572774213061,1.0,0.028368794326241138,0.9675959721521155,148,1251
RELATIVE_B,20,200,1.0,123,A4_SENSOR_DRIFT,strong,mean_voltage_v_-1,99.0,0.582887290823609,1.0,0.014388489208633094,0.028368794326241138,0.0,0.7816312919229472,0.8574572774213061,1.0,0.028368794326241138,0.9675959721521155,148,1251
RELATIVE_B,20,200,1.0,123,A4_SENSOR_DRIFT,strong,mean_voltage_v_1,95.0,0.5482589495731283,0.5013949780789159,0.013589128697042365,0.02646109188813984,0.013513513513513514,0.649748493004164,0.7480853155313587,0.8947368421052632,0.026771653543307086,0.9393295072092882,148,1251
RELATIVE_B,20,200,1.0,123,A4_SENSOR_DRIFT,strong,mean_voltage_v_1,97.5,0.5807210801803464,0.0,0.0,0.0,0.0,0.649748493004164,0.7480853155313587,0.0,0.0,0.9393295072092882,148,1251
RELATIVE_B,20,200,1.0,123,A4_SENSOR_DRIFT,strong,mean_voltage_v_1,99.0,0.582887290823609,0.0,0.0,0.0,0.0,0.649748493004164,0.7480853155313587,0.0,0.0,0.9393295072092882,148,1251
RELATIVE_B,20,200,1.0,2026,A2_EARLY_VOLTAGE_COLLAPSE,mild,pooled,95.0,0.5523986073318079,0.864355689525245,0.12916666666666668,0.2247477221514647,0.02027027027027027,0.917001705616885,0.9580705705705705,0.96875,0.22794117647058829,0.9813905353845627,148,720
RELATIVE_B,20,200,1.0,2026,A2_EARLY_VOLTAGE_COLLAPSE,mild,pooled,97.5,0.581821271338371,1.0,0.059722222222222225,0.1127129750982962,0.0,0.917001705616885,0.9580705705705705,1.0,0.1127129750982962,0.9813905353845627,148,720
RELATIVE_B,20,200,1.0,2026,A2_EARLY_VOLTAGE_COLLAPSE,mild,pooled,99.0,0.5973532845071139,1.0,0.041666666666666664,0.07999999999999999,0.0,0.917001705616885,0.9580705705705705,1.0,0.07999999999999999,0.9813905353845627,148,720
RELATIVE_B,20,200,1.0,2026,A2_EARLY_VOLTAGE_COLLAPSE,moderate,pooled,95.0,0.5523986073318079,0.864355689525245,0.12916666666666668,0.2247477221514647,0.02027027027027027,0.9182267651700555,0.9589057807807808,0.96875,0.22794117647058829,0.9816888849468163,148,720
RELATIVE_B,20,200,1.0,2026,A2_EARLY_VOLTAGE_COLLAPSE,moderate,pooled,97.5,0.581821271338371,1.0,0.059722222222222225,0.1127129750982962,0.0,0.9182267651700555,0.9589057807807808,1.0,0.1127129750982962,0.9816888849468163,148,720
RELATIVE_B,20,200,1.0,2026,A2_EARLY_VOLTAGE_COLLAPSE,moderate,pooled,99.0,0.5973532845071139,1.0,0.041666666666666664,0.07999999999999999,0.0,0.9182267651700555,0.9589057807807808,1.0,0.07999999999999999,0.9816888849468163,148,720
RELATIVE_B,20,200,1.0,2026,A2_EARLY_VOLTAGE_COLLAPSE,strong,pooled,95.0,0.5523986073318079,0.864355689525245,0.12916666666666668,0.2247477221514647,0.02027027027027027,0.9182732822380334,0.9589151651651652,0.96875,0.22794117647058829,0.9817013118707514,148,720
RELATIVE_B,20,200,1.0,2026,A2_EARLY_VOLTAGE_COLLAPSE,strong,pooled,97.5,0.581821271338371,1.0,0.059722222222222225,0.1127129750982962,0.0,0.9182732822380334,0.9589151651651652,1.0,0.1127129750982962,0.9817013118707514,148,720
RELATIVE_B,20,200,1.0,2026,A2_EARLY_VOLTAGE_COLLAPSE,strong,pooled,99.0,0.5973532845071139,1.0,0.041666666666666664,0.07999999999999999,0.0,0.9182732822380334,0.9589151651651652,1.0,0.07999999999999999,0.9817013118707514,148,720
RELATIVE_B,20,200,1.0,2026,A3_THERMAL_ABNORMALITY,mild,pooled,95.0,0.5523986073318079,0.7902912621359224,0.0763888888888889,0.13931199726168067,0.02027027027027027,0.6794681356918538,0.7093468468468469,0.9482758620689655,0.14138817480719795,0.9088611202807557,148,720
RELATIVE_B,20,200,1.0,2026,A3_THERMAL_ABNORMALITY,mild,pooled,97.5,0.581821271338371,1.0,0.018055555555555554,0.0354706684856753,0.0,0.6794681356918538,0.7093468468468469,1.0,0.0354706684856753,0.9088611202807557,148,720
RELATIVE_B,20,200,1.0,2026,A3_THERMAL_ABNORMALITY,mild,pooled,99.0,0.5973532845071139,0.0,0.0,0.0,0.0,0.6794681356918538,0.7093468468468469,0.0,0.0,0.9088611202807557,148,720
RELATIVE_B,20,200,1.0,2026,A3_THERMAL_ABNORMALITY,moderate,pooled,95.0,0.5523986073318079,0.8873826903023982,0.1597222222222222,0.2707173532686496,0.02027027027027027,0.8588442343350253,0.8906156156156156,0.9745762711864406,0.2744630071599045,0.9662502207318799,148,720
RELATIVE_B,20,200,1.0,2026,A3_THERMAL_ABNORMALITY,moderate,pooled,97.5,0.581821271338371,1.0,0.07222222222222222,0.13471502590673573,0.0,0.8588442343350253,0.8906156156156156,1.0,0.13471502590673573,0.9662502207318799,148,720
RELATIVE_B,20,200,1.0,2026,A3_THERMAL_ABNORMALITY,moderate,pooled,99.0,0.5973532845071139,1.0,0.019444444444444445,0.03814713896457766,0.0,0.8588442343350253,0.8906156156156156,1.0,0.03814713896457766,0.9662502207318799,148,720
RELATIVE_B,20,200,1.0,2026,A3_THERMAL_ABNORMALITY,strong,pooled,95.0,0.5523986073318079,0.9520851818988465,0.4027777777777778,0.566077552097072,0.02027027027027027,0.940887415424746,0.9520645645645646,0.9897610921501706,0.5725567620927937,0.9868022869216921,148,720
RELATIVE_B,20,200,1.0,2026,A3_THERMAL_ABNORMALITY,strong,pooled,97.5,0.581821271338371,1.0,0.23194444444444445,0.3765501691093574,0.0,0.940887415424746,0.9520645645645646,1.0,0.3765501691093574,0.9868022869216921,148,720
RELATIVE_B,20,200,1.0,2026,A3_THERMAL_ABNORMALITY,strong,pooled,99.0,0.5973532845071139,1.0,0.08333333333333333,0.15384615384615385,0.0,0.940887415424746,0.9520645645645646,1.0,0.15384615384615385,0.9868022869216921,148,720
RELATIVE_B,20,200,1.0,2026,A4_SENSOR_DRIFT,mild,pooled,95.0,0.5523986073318079,0.5850287483414419,0.028577138289368507,0.054492461069457036,0.02027027027027027,0.5844374008700807,0.6190615075507162,0.9794520547945206,0.05553398058252427,0.9790551225844978,148,5004
RELATIVE_B,20,200,1.0,2026,A4_SENSOR_DRIFT,mild,pooled,97.5,0.581821271338371,1.0,0.0025979216626698643,0.00518237990831174,0.0,0.5844374008700807,0.6190615075507162,1.0,0.00518237990831174,0.9790551225844978,148,5004
RELATIVE_B,20,200,1.0,2026,A4_SENSOR_DRIFT,mild,pooled,99.0,0.5973532845071139,1.0,0.0009992006394884093,0.0019964064683569574,0.0,0.5844374008700807,0.6190615075507162,1.0,0.0019964064683569574,0.9790551225844978,148,5004
RELATIVE_B,20,200,1.0,2026,A4_SENSOR_DRIFT,mild,mean_temp_c_-1,95.0,0.5523986073318079,0.4964443848114853,0.019984012789768184,0.038421399681206225,0.02027027027027027,0.4848443525158377,0.4741180028949813,0.8928571428571429,0.039093041438623924,0.8871323330536778,148,1251
RELATIVE_B,20,200,1.0,2026,A4_SENSOR_DRIFT,mild,mean_temp_c_-1,97.5,0.581821271338371,0.0,0.0,0.0,0.0,0.4848443525158377,0.4741180028949813,0.0,0.0,0.8871323330536778,148,1251
RELATIVE_B,20,200,1.0,2026,A4_SENSOR_DRIFT,mild,mean_temp_c_-1,99.0,0.5973532845071139,0.0,0.0,0.0,0.0,0.4848443525158377,0.4741180028949813,0.0,0.0,0.8871323330536778,148,1251
RELATIVE_B,20,200,1.0,2026,A4_SENSOR_DRIFT,mild,mean_temp_c_1,95.0,0.5523986073318079,0.6178596884227675,0.032773780975219824,0.06224579292092588,0.02027027027027027,0.5298278661997597,0.5434166180569058,0.9318181818181818,0.06332046332046332,0.9036371279292985,148,1251
RELATIVE_B,20,200,1.0,2026,A4_SENSOR_DRIFT,mild,mean_temp_c_1,97.5,0.581821271338371,1.0,0.004796163069544364,0.00954653937947494,0.0,0.5298278661997597,0.5434166180569058,1.0,0.00954653937947494,0.9036371279292985,148,1251
RELATIVE_B,20,200,1.0,2026,A4_SENSOR_DRIFT,mild,mean_temp_c_1,99.0,0.5973532845071139,1.0,0.003996802557953637,0.007961783439490446,0.0,0.5298278661997597,0.5434166180569058,1.0,0.007961783439490446,0.9036371279292985,148,1251
RELATIVE_B,20,200,1.0,2026,A4_SENSOR_DRIFT,mild,mean_voltage_v_-1,95.0,0.5523986073318079,0.6343886994641987,0.035171862509992005,0.06664858530394599,0.02027027027027027,0.6768460935142673,0.7421414219975371,0.9361702127659575,0.06779661016949153,0.9453993867698354,148,1251
RELATIVE_B,20,200,1.0,2026,A4_SENSOR_DRIFT,mild,mean_voltage_v_-1,97.5,0.581821271338371,1.0,0.005595523581135092,0.011128775834658187,0.0,0.6768460935142673,0.7421414219975371,1.0,0.011128775834658187,0.9453993867698354,148,1251
RELATIVE_B,20,200,1.0,2026,A4_SENSOR_DRIFT,mild,mean_voltage_v_-1,99.0,0.5973532845071139,0.0,0.0,0.0,0.0,0.6768460935142673,0.7421414219975371,0.0,0.0,0.9453993867698354,148,1251
RELATIVE_B,20,200,1.0,2026,A4_SENSOR_DRIFT,mild,mean_voltage_v_1,95.0,0.5523986073318079,0.5654741229593608,0.026378896882494004,0.05040637820264726,0.02027027027027027,0.6366423352824648,0.7165699872534406,0.9166666666666666,0.05128205128205128,0.9357976470543621,148,1251
RELATIVE_B,20,200,1.0,2026,A4_SENSOR_DRIFT,mild,mean_voltage_v_1,97.5,0.581821271338371,0.0,0.0,0.0,0.0,0.6366423352824648,0.7165699872534406,0.0,0.0,0.9357976470543621,148,1251
RELATIVE_B,20,200,1.0,2026,A4_SENSOR_DRIFT,mild,mean_voltage_v_1,99.0,0.5973532845071139,0.0,0.0,0.0,0.0,0.6366423352824648,0.7165699872534406,0.0,0.0,0.9357976470543621,148,1251
RELATIVE_B,20,200,1.0,2026,A4_SENSOR_DRIFT,moderate,pooled,95.0,0.5523986073318079,0.6207175341081355,0.03317346123101519,0.06298098368052173,0.02027027027027027,0.6219876941794795,0.6731851005681941,0.9822485207100592,0.06417939300212643,0.981973018174421,148,5004
RELATIVE_B,20,200,1.0,2026,A4_SENSOR_DRIFT,moderate,pooled,97.5,0.581821271338371,1.0,0.0031974420463629096,0.006374501992031872,0.0,0.6219876941794795,0.6731851005681941,1.0,0.006374501992031872,0.981973018174421,148,5004
RELATIVE_B,20,200,1.0,2026,A4_SENSOR_DRIFT,moderate,pooled,99.0,0.5973532845071139,1.0,0.001398880895283773,0.0027938535222510478,0.0,0.6219876941794795,0.6731851005681941,1.0,0.0027938535222510478,0.981973018174421,148,5004
RELATIVE_B,20,200,1.0,2026,A4_SENSOR_DRIFT,moderate,mean_temp_c_-1,95.0,0.5523986073318079,0.4645455842488229,0.017585931254996003,0.033888955385440026,0.02027027027027027,0.5147771774133267,0.5210804329509365,0.88,0.034482758620689655,0.8977095374294239,148,1251
RELATIVE_B,20,200,1.0,2026,A4_SENSOR_DRIFT,moderate,mean_temp_c_-1,97.5,0.581821271338371,0.0,0.0,0.0,0.0,0.5147771774133267,0.5210804329509365,0.0,0.0,0.8977095374294239,148,1251
RELATIVE_B,20,200,1.0,2026,A4_SENSOR_DRIFT,moderate,mean_temp_c_-1,99.0,0.5973532845071139,0.0,0.0,0.0,0.0,0.5147771774133267,0.5210804329509365,0.0,0.0,0.8977095374294239,148,1251
RELATIVE_B,20,200,1.0,2026,A4_SENSOR_DRIFT,moderate,mean_temp_c_1,95.0,0.5523986073318079,0.6763818228852289,0.042366107114308556,0.07973773158148874,0.02027027027027027,0.5813463019883321,0.6152375396979713,0.9464285714285714,0.08110175975516451,0.920373273226309,148,1251
RELATIVE_B,20,200,1.0,2026,A4_SENSOR_DRIFT,moderate,mean_temp_c_1,97.5,0.581821271338371,1.0,0.006394884092725819,0.012708498808578234,0.0,0.5813463019883321,0.6152375396979713,1.0,0.012708498808578234,0.920373273226309,148,1251
RELATIVE_B,20,200,1.0,2026,A4_SENSOR_DRIFT,moderate,mean_temp_c_1,99.0,0.5973532845071139,1.0,0.005595523581135092,0.011128775834658187,0.0,0.5813463019883321,0.6152375396979713,1.0,0.011128775834658187,0.920373273226309,148,1251
RELATIVE_B,20,200,1.0,2026,A4_SENSOR_DRIFT,moderate,mean_voltage_v_-1,95.0,0.5523986073318079,0.6679054950889302,0.0407673860911271,0.0768443718216942,0.02027027027027027,0.7154485406764994,0.796179272797978,0.9444444444444444,0.0781609195402299,0.9542542587700266,148,1251
RELATIVE_B,20,200,1.0,2026,A4_SENSOR_DRIFT,moderate,mean_voltage_v_-1,97.5,0.581821271338371,1.0,0.006394884092725819,0.012708498808578234,0.0,0.7154485406764994,0.796179272797978,1.0,0.012708498808578234,0.9542542587700266,148,1251
RELATIVE_B,20,200,1.0,2026,A4_SENSOR_DRIFT,moderate,mean_voltage_v_-1,99.0,0.5973532845071139,0.0,0.0,0.0,0.0,0.7154485406764994,0.796179272797978,0.0,0.0,0.9542542587700266,148,1251
RELATIVE_B,20,200,1.0,2026,A4_SENSOR_DRIFT,moderate,mean_voltage_v_1,95.0,0.5523986073318079,0.6120128191874289,0.0319744204636291,0.06077373589089472,0.02027027027027027,0.6651065757136765,0.7602431568258907,0.9302325581395349,0.061823802163833076,0.9430275554881686,148,1251
RELATIVE_B,20,200,1.0,2026,A4_SENSOR_DRIFT,moderate,mean_voltage_v_1,97.5,0.581821271338371,0.0,0.0,0.0,0.0,0.6651065757136765,0.7602431568258907,0.0,0.0,0.9430275554881686,148,1251
RELATIVE_B,20,200,1.0,2026,A4_SENSOR_DRIFT,moderate,mean_voltage_v_1,99.0,0.5973532845071139,0.0,0.0,0.0,0.0,0.6651065757136765,0.7602431568258907,0.0,0.0,0.9430275554881686,148,1251
RELATIVE_B,20,200,1.0,2026,A4_SENSOR_DRIFT,strong,pooled,95.0,0.5523986073318079,0.6471086036671367,0.03717026378896882,0.07030232451234274,0.02027027027027027,0.660763392892644,0.7252934139175147,0.9841269841269841,0.07163489312536105,0.9847217271600774,148,5004
RELATIVE_B,20,200,1.0,2026,A4_SENSOR_DRIFT,strong,pooled,97.5,0.581821271338371,1.0,0.0035971223021582736,0.007168458781362008,0.0,0.660763392892644,0.7252934139175147,1.0,0.007168458781362008,0.9847217271600774,148,5004
RELATIVE_B,20,200,1.0,2026,A4_SENSOR_DRIFT,strong,pooled,99.0,0.5973532845071139,1.0,0.001199040767386091,0.0023952095808383233,0.0,0.660763392892644,0.7252934139175147,1.0,0.0023952095808383233,0.9847217271600774,148,5004
RELATIVE_B,20,200,1.0,2026,A4_SENSOR_DRIFT,strong,mean_temp_c_-1,95.0,0.5523986073318079,0.440935498286906,0.01598721023181455,0.030855671553885366,0.02027027027027027,0.5766300193578108,0.614189729297643,0.8695652173913043,0.03139717425431711,0.9182547789168398,148,1251
RELATIVE_B,20,200,1.0,2026,A4_SENSOR_DRIFT,strong,mean_temp_c_-1,97.5,0.581821271338371,0.0,0.0,0.0,0.0,0.5766300193578108,0.614189729297643,0.0,0.0,0.9182547789168398,148,1251
RELATIVE_B,20,200,1.0,2026,A4_SENSOR_DRIFT,strong,mean_temp_c_-1,99.0,0.5973532845071139,0.0,0.0,0.0,0.0,0.5766300193578108,0.614189729297643,0.0,0.0,0.9182547789168398,148,1251
RELATIVE_B,20,200,1.0,2026,A4_SENSOR_DRIFT,strong,mean_temp_c_1,95.0,0.5523986073318079,0.7368347240726457,0.05675459632294165,0.10539143168061624,0.02027027027027027,0.6548044827416117,0.6966696912740079,0.9594594594594594,0.10716981132075472,0.9400537441485723,148,1251
RELATIVE_B,20,200,1.0,2026,A4_SENSOR_DRIFT,strong,mean_temp_c_1,97.5,0.581821271338371,1.0,0.007194244604316547,0.014285714285714287,0.0,0.6548044827416117,0.6966696912740079,1.0,0.014285714285714287,0.9400537441485723,148,1251
RELATIVE_B,20,200,1.0,2026,A4_SENSOR_DRIFT,strong,mean_temp_c_1,99.0,0.5973532845071139,1.0,0.004796163069544364,0.00954653937947494,0.0,0.6548044827416117,0.6966696912740079,1.0,0.00954653937947494,0.9400537441485723,148,1251
RELATIVE_B,20,200,1.0,2026,A4_SENSOR_DRIFT,strong,mean_voltage_v_-1,95.0,0.5523986073318079,0.6763818228852289,0.042366107114308556,0.07973773158148874,0.02027027027027027,0.7280035554639422,0.8131440793311296,0.9464285714285714,0.08110175975516451,0.9569928076742997,148,1251
RELATIVE_B,20,200,1.0,2026,A4_SENSOR_DRIFT,strong,mean_voltage_v_-1,97.5,0.581821271338371,1.0,0.007194244604316547,0.014285714285714287,0.0,0.7280035554639422,0.8131440793311296,1.0,0.014285714285714287,0.9569928076742997,148,1251
RELATIVE_B,20,200,1.0,2026,A4_SENSOR_DRIFT,strong,mean_voltage_v_-1,99.0,0.5973532845071139,0.0,0.0,0.0,0.0,0.7280035554639422,0.8131440793311296,0.0,0.0,0.9569928076742997,148,1251
RELATIVE_B,20,200,1.0,2026,A4_SENSOR_DRIFT,strong,mean_voltage_v_1,95.0,0.5523986073318079,0.6235329521516702,0.03357314148681055,0.0637156167837759,0.02027027027027027,0.6763732022601877,0.7771701557672781,0.9333333333333333,0.06481481481481481,0.9457618739098995,148,1251
RELATIVE_B,20,200,1.0,2026,A4_SENSOR_DRIFT,strong,mean_voltage_v_1,97.5,0.581821271338371,0.0,0.0,0.0,0.0,0.6763732022601877,0.7771701557672781,0.0,0.0,0.9457618739098995,148,1251
RELATIVE_B,20,200,1.0,2026,A4_SENSOR_DRIFT,strong,mean_voltage_v_1,99.0,0.5973532845071139,0.0,0.0,0.0,0.0,0.6763732022601877,0.7771701557672781,0.0,0.0,0.9457618739098995,148,1251
