feature_set,history_window,n_estimators,max_features,anomaly_family,severity,variant,percentile,precision_mean,precision_std,recall_mean,recall_std,f1_mean,f1_std,pr_auc_mean,pr_auc_std,roc_auc_mean,roc_auc_std
RELATIVE_A,5,100,0.75,A1_ACCELERATED_DEGRADATION,mild,pooled,97.5,0.19159603440919123,0.05283068375111646,0.0051529790660225444,0.004741523949866492,0.00997230511178131,0.009028751883070372,0.4617350801003577,0.0026542262882774123,0.45396820574106145,0.004820453696635565
RELATIVE_A,5,100,0.75,A1_ACCELERATED_DEGRADATION,mild,pooled,99.0,0.19989178694759624,0.06719934863465239,0.0024154589371980675,0.0,0.004769444772244554,1.7133430307650328e-05,0.4617350801003577,0.0026542262882774123,0.45396820574106145,0.004820453696635565
RELATIVE_A,5,100,0.75,A1_ACCELERATED_DEGRADATION,moderate,pooled,97.5,0.19159603440919123,0.05283068375111646,0.0051529790660225444,0.004741523949866492,0.00997230511178131,0.009028751883070372,0.46113179156478495,0.0028587619902072535,0.45306903385018416,0.006877951893307424
RELATIVE_A,5,100,0.75,A1_ACCELERATED_DEGRADATION,moderate,pooled,99.0,0.1461937119729255,0.13934225995012495,0.001610305958132045,0.0013945658676077916,0.0031829271783631236,0.0027565357303865226,0.46113179156478495,0.0028587619902072535,0.45306903385018416,0.006877951893307424
RELATIVE_A,5,100,0.75,A1_ACCELERATED_DEGRADATION,strong,pooled,97.5,0.1906388707418991,0.05117282764820758,0.005099302200751476,0.004648552892025972,0.009870320794430985,0.008852109863844378,0.46170002030355867,0.0025133795777482052,0.4545910599324144,0.006784366207120738
RELATIVE_A,5,100,0.75,A1_ACCELERATED_DEGRADATION,strong,pooled,99.0,0.1461937119729255,0.13934225995012495,0.001610305958132045,0.0013945658676077916,0.0031829271783631236,0.0027565357303865226,0.46170002030355867,0.0025133795777482052,0.4545910599324144,0.006784366207120738
RELATIVE_A,5,100,0.75,A2_EARLY_VOLTAGE_COLLAPSE,mild,pooled,97.5,0.6661731142161861,0.09179309104166657,0.0464516129032258,0.043814004764773276,0.08461619395179325,0.07577318668165149,0.6720884526510339,0.024325345595132428,0.6945776695746263,0.010669849629487173
RELATIVE_A,5,100,0.75,A2_EARLY_VOLTAGE_COLLAPSE,mild,pooled,99.0,0.6186499026258414,0.12014327125281521,0.01763440860215054,0.008295613557843402,0.03420665989082005,0.01572950979548137,0.6720884526510339,0.024325345595132428,0.6945776695746263,0.010669849629487173
RELATIVE_A,5,100,0.75,A2_EARLY_VOLTAGE_COLLAPSE,moderate,pooled,97.5,0.8207511091768548,0.05220130918333277,0.10408602150537634,0.09355802694121729,0.17652470261889444,0.142902046937998,0.72737724606019,0.024669834136775523,0.7217772367620207,0.008798103657132628
RELATIVE_A,5,100,0.75,A2_EARLY_VOLTAGE_COLLAPSE,moderate,pooled,99.0,0.7848979957133304,0.058276215145045156,0.038279569892473116,0.011565014761074195,0.07281922756520008,0.02096528360262373,0.72737724606019,0.024669834136775523,0.7217772367620207,0.008798103657132628
RELATIVE_A,5,100,0.75,A2_EARLY_VOLTAGE_COLLAPSE,strong,pooled,97.5,0.8606326335431693,0.05106685090397723,0.15010752688172044,0.145528329282157,0.2387975596461149,0.20216548775308044,0.7535157523587198,0.02485741658378537,0.734756204774464,0.008092976504148468
RELATIVE_A,5,100,0.75,A2_EARLY_VOLTAGE_COLLAPSE,strong,pooled,99.0,0.8257763493878038,0.05374081568724753,0.049892473118279566,0.013797002092340166,0.09386639062722561,0.02444561327665969,0.7535157523587198,0.02485741658378537,0.734756204774464,0.008092976504148468
RELATIVE_A,5,100,0.75,A3_THERMAL_ABNORMALITY,mild,pooled,97.5,0.5388187277754762,0.09270733000044823,0.02064516129032258,0.0059130008967172125,0.03962405886599057,0.010856460143855811,0.5451514880356504,0.006424476712486258,0.5818340434165146,0.009764468245942352
RELATIVE_A,5,100,0.75,A3_THERMAL_ABNORMALITY,mild,pooled,99.0,0.5571457973521682,0.030039794818366782,0.013333333333333334,0.005214776624938557,0.025990463317893033,0.009996082683793862,0.5451514880356504,0.006424476712486258,0.5818340434165146,0.009764468245942352
RELATIVE_A,5,100,0.75,A3_THERMAL_ABNORMALITY,moderate,pooled,97.5,0.6381208975920728,0.0717730876221206,0.03139784946236559,0.009684585160600173,0.05957985063558666,0.01728811228565772,0.597604190934404,0.009236637378840075,0.6330979914790019,0.010180282607842357
RELATIVE_A,5,100,0.75,A3_THERMAL_ABNORMALITY,moderate,pooled,99.0,0.6816331609341569,0.080604304495736,0.021935483870967745,0.0034138726594381817,0.042474709757550654,0.006405002694032428,0.597604190934404,0.009236637378840075,0.6330979914790019,0.010180282607842357
RELATIVE_A,5,100,0.75,A3_THERMAL_ABNORMALITY,strong,pooled,97.5,0.6861695261213598,0.04490956445677589,0.03913978494623656,0.014387723598862564,0.07359032320160801,0.025146060470985863,0.6365329030991925,0.011860282647572473,0.6692324338946373,0.008841669497098548
RELATIVE_A,5,100,0.75,A3_THERMAL_ABNORMALITY,strong,pooled,99.0,0.7364352534440313,0.05163274342569216,0.028387096774193547,0.0034138726594381795,0.05462210909445488,0.006226928079644851,0.6365329030991925,0.011860282647572473,0.6692324338946373,0.008841669497098548
RELATIVE_A,5,100,0.75,A4_SENSOR_DRIFT,mild,mean_temp_c_-1,97.5,0.4755184147074985,0.06762739046336898,0.01580246913580247,0.004276668660663893,0.030470105128239944,0.007754341650108698,0.48574880359427147,0.0049904455693397295,0.4831003959934777,0.011988324039566196
RELATIVE_A,5,100,0.75,A4_SENSOR_DRIFT,mild,mean_temp_c_-1,99.0,0.46658519474053456,0.0831001813213393,0.009135802469135803,0.0036539873054194424,0.017893485876756637,0.007047467710655362,0.48574880359427147,0.0049904455693397295,0.4831003959934777,0.011988324039566196
RELATIVE_A,5,100,0.75,A4_SENSOR_DRIFT,mild,mean_temp_c_1,97.5,0.501000068128268,0.06950159556000235,0.017530864197530863,0.004762296672095287,0.033744413394176304,0.00861516775244054,0.4951704834133171,0.0037537676525587534,0.5031322307632581,0.008956103068054985
RELATIVE_A,5,100,0.75,A4_SENSOR_DRIFT,mild,mean_temp_c_1,99.0,0.48106290453074435,0.05802405238745859,0.00962962962962963,0.003394500514782104,0.0188533614576231,0.0065367837060545,0.4951704834133171,0.0037537676525587534,0.5031322307632581,0.008956103068054985
RELATIVE_A,5,100,0.75,A4_SENSOR_DRIFT,mild,mean_voltage_v_-1,97.5,0.42745644375617536,0.030608953232670374,0.014320987654320988,0.008837298848480633,0.027513967190743976,0.016412213099138696,0.5054067568348483,0.00431939334054922,0.5125366876310272,0.007689505036406249
RELATIVE_A,5,100,0.75,A4_SENSOR_DRIFT,mild,mean_voltage_v_-1,99.0,0.4250102785180954,0.08461180991692108,0.007407407407407408,0.0012830005981991682,0.01454950840303943,0.0024725291505991454,0.5054067568348483,0.00431939334054922,0.5125366876310272,0.007689505036406249
RELATIVE_A,5,100,0.75,A4_SENSOR_DRIFT,mild,mean_voltage_v_1,97.5,0.49633885351271156,0.06942962744823478,0.017777777777777778,0.00706621630679219,0.034157545785170045,0.01301400119099539,0.5205211370471765,0.006566618684880834,0.544324093485519,0.016596044189776647
RELATIVE_A,5,100,0.75,A4_SENSOR_DRIFT,mild,mean_voltage_v_1,99.0,0.470681382189813,0.0817278596911943,0.008888888888888889,0.000740740740740741,0.017436453003175947,0.0013885165850364913,0.5205211370471765,0.006566618684880834,0.544324093485519,0.016596044189776647
RELATIVE_A,5,100,0.75,A4_SENSOR_DRIFT,mild,pooled,97.5,0.47892327666730833,0.04757646421871621,0.016358024691358025,0.006075466567273615,0.031481768376711516,0.011121855336300966,0.5001601657717253,0.0007482854790448245,0.5107733519683205,0.003605812886534811
RELATIVE_A,5,100,0.75,A4_SENSOR_DRIFT,mild,pooled,99.0,0.4629501761443468,0.07075480383338076,0.008765432098765432,0.0022401539890893893,0.017186708624256263,0.004311664701954624,0.5001601657717253,0.0007482854790448245,0.5107733519683205,0.003605812886534811
RELATIVE_A,5,100,0.75,A4_SENSOR_DRIFT,moderate,mean_temp_c_-1,97.5,0.4726264232756506,0.07263646655838336,0.015555555555555557,0.003849001794597505,0.03000969862260237,0.006956894190209173,0.48473029850504173,0.007538210278103961,0.48259414550819163,0.018167073047770366
RELATIVE_A,5,100,0.75,A4_SENSOR_DRIFT,moderate,mean_temp_c_-1,99.0,0.4261048424414469,0.07742821549448503,0.007407407407407408,0.0007407407407407398,0.014550903083922706,0.0014014806779801383,0.48473029850504173,0.007538210278103961,0.48259414550819163,0.018167073047770366
RELATIVE_A,5,100,0.75,A4_SENSOR_DRIFT,moderate,mean_temp_c_1,97.5,0.5131070911661307,0.07907502134308697,0.018271604938271607,0.004079681886878594,0.035164578545301375,0.0073017472955699105,0.5044548453986438,0.0061444387912528145,0.5245865362217564,0.014356872748669557
RELATIVE_A,5,100,0.75,A4_SENSOR_DRIFT,moderate,mean_temp_c_1,99.0,0.5008256346621544,0.05856254007447398,0.01037037037037037,0.0033945005147821036,0.020290960060986615,0.006523403859029284,0.5044548453986438,0.0061444387912528145,0.5245865362217564,0.014356872748669557
RELATIVE_A,5,100,0.75,A4_SENSOR_DRIFT,moderate,mean_voltage_v_-1,97.5,0.4434042135077934,0.009211557363379228,0.01506172839506173,0.008774990441440426,0.028928991263663547,0.01624663530527485,0.5139514549219967,0.005405246519897358,0.5281318425343583,0.009424744082171716
RELATIVE_A,5,100,0.75,A4_SENSOR_DRIFT,moderate,mean_voltage_v_-1,99.0,0.41860728268495256,0.0831001813213393,0.007160493827160494,0.0004276668660663891,0.014070617002951048,0.0007861956406994571,0.5139514549219967,0.005405246519897358,0.5281318425343583,0.009424744082171716
RELATIVE_A,5,100,0.75,A4_SENSOR_DRIFT,moderate,mean_voltage_v_1,97.5,0.5165219809144713,0.0599373294718913,0.01950617283950617,0.008649027105252836,0.03737884411657714,0.015871770289996343,0.525589774820264,0.005567876733431682,0.5567396536998214,0.017991962716453598
RELATIVE_A,5,100,0.75,A4_SENSOR_DRIFT,moderate,mean_voltage_v_1,99.0,0.48900273174733505,0.06763472186727106,0.009629629629629629,0.0014814814814814818,0.018871057137757854,0.002821920723518147,0.525589774820264,0.005567876733431682,0.5567396536998214,0.017991962716453598
RELATIVE_A,5,100,0.75,A4_SENSOR_DRIFT,moderate,pooled,97.5,0.49009647960375086,0.050295853817560666,0.017098765432098765,0.006269915685789118,0.032884647736793775,0.011461394090784005,0.5056771532590435,0.0008968081419817915,0.5230130444910319,0.004653594904991251
RELATIVE_A,5,100,0.75,A4_SENSOR_DRIFT,moderate,pooled,99.0,0.4619093269104578,0.06656531519780005,0.008641975308641976,0.0014853344957427117,0.01695129817648302,0.0028419228752346076,0.5056771532590435,0.0008968081419817915,0.5230130444910319,0.004653594904991251
RELATIVE_A,5,100,0.75,A4_SENSOR_DRIFT,strong,mean_temp_c_-1,97.5,0.477123566317043,0.07682782669131535,0.01580246913580247,0.003653987305419443,0.03048445421160398,0.0065843675257588165,0.49069426240495545,0.008295136185006649,0.4957900458110102,0.019407744410054974
RELATIVE_A,5,100,0.75,A4_SENSOR_DRIFT,strong,mean_temp_c_-1,99.0,0.4585104807834677,0.09708599615156471,0.008888888888888889,0.0038490017945975057,0.017412501695978553,0.007431156428786775,0.49069426240495545,0.008295136185006649,0.4957900458110102,0.019407744410054974
RELATIVE_A,5,100,0.75,A4_SENSOR_DRIFT,strong,mean_temp_c_1,97.5,0.5231497636404173,0.08102460526007207,0.019012345679012346,0.004079681886878594,0.036567134399672,0.0072765787504136545,0.5228930320626185,0.010962231983620695,0.5582017237363149,0.021365941797886593
RELATIVE_A,5,100,0.75,A4_SENSOR_DRIFT,strong,mean_temp_c_1,99.0,0.5190266243664027,0.059325053309535615,0.011111111111111112,0.003394500514782104,0.021726473762066895,0.006510057738360487,0.5228930320626185,0.010962231983620695,0.5582017237363149,0.021365941797886593
RELATIVE_A,5,100,0.75,A4_SENSOR_DRIFT,strong,mean_voltage_v_-1,97.5,0.49559708174119854,0.023701602014059082,0.018765432098765435,0.011387508698864401,0.0358708360606345,0.020929703415846865,0.5240671601126392,0.006358140416164749,0.5424761239226648,0.011132258252165366
RELATIVE_A,5,100,0.75,A4_SENSOR_DRIFT,strong,mean_voltage_v_-1,99.0,0.46370123215609754,0.08950550491708058,0.008641975308641974,0.00085533373213278,0.01695686350328114,0.0016323196211550043,0.5240671601126392,0.006358140416164749,0.5424761239226648,0.011132258252165366
RELATIVE_A,5,100,0.75,A4_SENSOR_DRIFT,strong,mean_voltage_v_1,97.5,0.5610797608556933,0.04037535768225359,0.023209876543209874,0.010219359055098704,0.04429745967379717,0.018531290226257928,0.5380918247301884,0.004172373394804504,0.573024303129125,0.01618949457806112
RELATIVE_A,5,100,0.75,A4_SENSOR_DRIFT,strong,mean_voltage_v_1,99.0,0.5301066917230396,0.06522871340200607,0.011358024691358026,0.0015419748144193564,0.02222090217213084,0.0029150529662365296,0.5380918247301884,0.004172373394804504,0.573024303129125,0.01618949457806112
RELATIVE_A,5,100,0.75,A4_SENSOR_DRIFT,strong,pooled,97.5,0.5182633554178983,0.045030742041090574,0.01919753086419753,0.00729153194075026,0.03683242393401389,0.013272508054133499,0.5175830340785811,0.001092119456654066,0.5423730491497788,0.003390164364465105
RELATIVE_A,5,100,0.75,A4_SENSOR_DRIFT,strong,pooled,99.0,0.4962177428587861,0.07027581088490871,0.01,0.0023129622216290367,0.01958464420706749,0.004435731556992078,0.5175830340785811,0.001092119456654066,0.5423730491497788,0.003390164364465105
RELATIVE_A,5,100,1.0,A1_ACCELERATED_DEGRADATION,mild,pooled,97.5,0.18189015704251857,0.028258807479211313,0.005045625335480408,9.297105784051931e-05,0.009815869008775792,0.0002150668280961624,0.461086541157176,0.0011278592418470237,0.4498101054294656,0.002215197687253438
RELATIVE_A,5,100,1.0,A1_ACCELERATED_DEGRADATION,mild,pooled,99.0,0.17713595214807654,0.02778508659324034,0.0032742887815351584,0.001487536925448311,0.006423446435016678,0.0028819483460323743,0.461086541157176,0.0011278592418470237,0.4498101054294656,0.002215197687253438
RELATIVE_A,5,100,1.0,A1_ACCELERATED_DEGRADATION,moderate,pooled,97.5,0.1803965897047166,0.029637073315458815,0.00499194847020934,0.0001610305958132045,0.009712145960699331,0.000342296187878463,0.46017747745090976,0.0009901539699419593,0.44787098647275475,0.0026636934659472044
RELATIVE_A,5,100,1.0,A1_ACCELERATED_DEGRADATION,moderate,pooled,99.0,0.17534486789805936,0.024682837671574254,0.00322061191626409,0.0013945658676077916,0.00631908926427727,0.0027011964241775784,0.46017747745090976,0.0009901539699419593,0.44787098647275475,0.0026636934659472044
RELATIVE_A,5,100,1.0,A1_ACCELERATED_DEGRADATION,strong,pooled,97.5,0.1756262578735518,0.029180522247424484,0.004830917874396135,0.00016103059581320492,0.009400343077164697,0.00034141601561095446,0.4608083512202427,0.0007329666740493769,0.45009688842976603,0.0030772520387163413
RELATIVE_A,5,100,1.0,A1_ACCELERATED_DEGRADATION,strong,pooled,99.0,0.17534486789805936,0.024682837671574254,0.00322061191626409,0.0013945658676077916,0.00631908926427727,0.0027011964241775784,0.4608083512202427,0.0007329666740493769,0.45009688842976603,0.0030772520387163413
RELATIVE_A,5,100,1.0,A2_EARLY_VOLTAGE_COLLAPSE,mild,pooled,97.5,0.5282222490041547,0.05705241167372906,0.025806451612903226,0.0038709677419354847,0.04919098171966563,0.0071881298374342215,0.6604725168847411,0.001284910556052435,0.695143031040779,0.0018975255209090962
RELATIVE_A,5,100,1.0,A2_EARLY_VOLTAGE_COLLAPSE,mild,pooled,99.0,0.4790778683886838,0.05677594765411655,0.013763440860215054,0.004531463979721609,0.026723845626465428,0.008617081004758491,0.6604725168847411,0.001284910556052435,0.695143031040779,0.0018975255209090962
RELATIVE_A,5,100,1.0,A2_EARLY_VOLTAGE_COLLAPSE,moderate,pooled,97.5,0.684585827317089,0.06849692323972296,0.051182795698924734,0.012263722519899574,0.09512801452361234,0.021734915077904943,0.715254216146438,0.006601429729467768,0.723402989112058,0.0021696738651383637
RELATIVE_A,5,100,1.0,A2_EARLY_VOLTAGE_COLLAPSE,moderate,pooled,99.0,0.6113496174365012,0.11719032099630301,0.02666666666666667,0.01703681920029106,0.05080348439835087,0.031530041997175205,0.715254216146438,0.006601429729467768,0.723402989112058,0.0021696738651383637
RELATIVE_A,5,100,1.0,A2_EARLY_VOLTAGE_COLLAPSE,strong,pooled,97.5,0.7499481543579617,0.06267256289302821,0.07139784946236559,0.01871338487553298,0.130108258988702,0.03189954888120742,0.7426328830859639,0.009989013633794628,0.7378724555352676,0.0028760967050869874
RELATIVE_A,5,100,1.0,A2_EARLY_VOLTAGE_COLLAPSE,strong,pooled,99.0,0.6758642139716705,0.12695623080600069,0.03655913978494624,0.02327354711134397,0.06884217051040076,0.042402381341114945,0.7426328830859639,0.009989013633794628,0.7378724555352676,0.0028760967050869874
RELATIVE_A,5,100,1.0,A3_THERMAL_ABNORMALITY,mild,pooled,97.5,0.47249743938933414,0.03270255747436256,0.02064516129032258,0.003413872659438181,0.03953806711733404,0.006310928616178422,0.540053947102979,0.0026533510825510385,0.5760965713126395,0.004108231703640602
RELATIVE_A,5,100,1.0,A3_THERMAL_ABNORMALITY,mild,pooled,99.0,0.551764025448236,0.0,0.01806451612903226,0.0044698085356616206,0.034940045500440664,0.008344352079391706,0.540053947102979,0.0026533510825510385,0.5760965713126395,0.004108231703640602
RELATIVE_A,5,100,1.0,A3_THERMAL_ABNORMALITY,moderate,pooled,97.5,0.5323582856579702,0.0336117272752015,0.026236559139784944,0.004147806778921699,0.04997709311176974,0.007581483323423193,0.5783171750598918,0.00487016804070588,0.6195239061337662,0.005686974923053522
RELATIVE_A,5,100,1.0,A3_THERMAL_ABNORMALITY,moderate,pooled,99.0,0.6048589330761537,0.026580434842936724,0.022365591397849462,0.004531463979721606,0.043091394576289334,0.008399509519633195,0.5783171750598918,0.00487016804070588,0.6195239061337662,0.005686974923053522
RELATIVE_A,5,100,1.0,A3_THERMAL_ABNORMALITY,strong,pooled,97.5,0.5677739489257815,0.047678753240447076,0.030107526881720432,0.0014899361785538725,0.05717608354521277,0.0028523231772690106,0.6094138592774349,0.006674464094574936,0.6511868533171029,0.00603794445283914
RELATIVE_A,5,100,1.0,A3_THERMAL_ABNORMALITY,strong,pooled,99.0,0.6243837178722417,0.042910824561633004,0.024516129032258065,0.0059130008967172125,0.04712221889319968,0.011005686032157706,0.6094138592774349,0.006674464094574936,0.6511868533171029,0.00603794445283914
RELATIVE_A,5,100,1.0,A4_SENSOR_DRIFT,mild,mean_temp_c_-1,97.5,0.413825650997288,0.0477249616974859,0.0162962962962963,0.003228814032252352,0.031340481018110884,0.006054328635578167,0.4907643872351599,0.0010759839538134791,0.49325102880658434,0.0021193475020654553
RELATIVE_A,5,100,1.0,A4_SENSOR_DRIFT,mild,mean_temp_c_-1,99.0,0.44756270226537215,0.0580240523874586,0.011851851851851851,0.0025660011963983373,0.02307734765226017,0.00491376795724077,0.4907643872351599,0.0010759839538134791,0.49325102880658434,0.0021193475020654553
RELATIVE_A,5,100,1.0,A4_SENSOR_DRIFT,mild,mean_temp_c_1,97.5,0.44156352500119017,0.03382825655551257,0.018271604938271607,0.003500604167594527,0.03506809866929387,0.006512008976562798,0.49376798683665796,0.0013745194734430073,0.49803090302042086,0.0013560521480805335
RELATIVE_A,5,100,1.0,A4_SENSOR_DRIFT,mild,mean_temp_c_1,99.0,0.514772694162963,0.05740796199331232,0.015308641975308642,0.0011315001715940332,0.029723698086914083,0.0021519609364384087,0.49376798683665796,0.0013745194734430073,0.49803090302042086,0.0013560521480805335
RELATIVE_A,5,100,1.0,A4_SENSOR_DRIFT,mild,mean_voltage_v_-1,97.5,0.4478699693218977,0.006959332015997386,0.018765432098765432,0.003421334928531115,0.035995458663128234,0.006349105798060442,0.5039343831210741,0.0005110090330852176,0.512464477055672,0.0018726351267719487
RELATIVE_A,5,100,1.0,A4_SENSOR_DRIFT,mild,mean_voltage_v_-1,99.0,0.4449743903733623,0.06263319286859154,0.011851851851851851,0.003228814032252352,0.02306966094002176,0.006184518285170876,0.5039343831210741,0.0005110090330852176,0.512464477055672,0.0018726351267719487
RELATIVE_A,5,100,1.0,A4_SENSOR_DRIFT,mild,mean_voltage_v_1,97.5,0.4885861773462847,0.06457710580370396,0.022222222222222223,0.005341557445131835,0.04248004867672515,0.009932106381499451,0.5106939012467658,0.0036475113131811355,0.5239956518363227,0.013475890641735783
RELATIVE_A,5,100,1.0,A4_SENSOR_DRIFT,mild,mean_voltage_v_1,99.0,0.4843139343236074,0.07563522948800655,0.014074074074074074,0.004505750022443125,0.02732503349494635,0.008613189727221544,0.5106939012467658,0.0036475113131811355,0.5239956518363227,0.013475890641735783
RELATIVE_A,5,100,1.0,A4_SENSOR_DRIFT,mild,pooled,97.5,0.4501297954389978,0.03592944342235705,0.01888888888888889,0.0033995481019788564,0.036234232660948586,0.006315957545033635,0.4980678809444499,0.0010187859491342817,0.50693551517975,0.0031255271042399143
RELATIVE_A,5,100,1.0,A4_SENSOR_DRIFT,mild,pooled,99.0,0.4755367327989692,0.05653378652033032,0.013271604938271606,0.0028348055563469214,0.025805086060863253,0.005410519210898339,0.4980678809444499,0.0010187859491342817,0.50693551517975,0.0031255271042399143
RELATIVE_A,5,100,1.0,A4_SENSOR_DRIFT,moderate,mean_temp_c_-1,97.5,0.40551339303881145,0.05178447420964266,0.01580246913580247,0.0036539873054194424,0.030400170504722327,0.006862163878738133,0.49085666225170527,0.0028893213267954256,0.49396614643994097,0.0037140500805305835
RELATIVE_A,5,100,1.0,A4_SENSOR_DRIFT,moderate,mean_temp_c_-1,99.0,0.43308499247516236,0.07382832462344863,0.011358024691358026,0.003421334928531117,0.022117472071393706,0.006576159902028233,0.49085666225170527,0.0028893213267954256,0.49396614643994097,0.0037140500805305835
RELATIVE_A,5,100,1.0,A4_SENSOR_DRIFT,moderate,mean_temp_c_1,97.5,0.4515655461451012,0.03319992753118803,0.019012345679012346,0.003500604167594524,0.03646489255280011,0.006499468892443449,0.5021149090406504,0.001731489554397229,0.5188096901933381,0.0031878757918584323
RELATIVE_A,5,100,1.0,A4_SENSOR_DRIFT,moderate,mean_temp_c_1,99.0,0.5301971262933372,0.05121626409795547,0.0162962962962963,0.0012830005981991682,0.03160887947398677,0.002400357783026388,0.5021149090406504,0.001731489554397229,0.5188096901933381,0.0031878757918584323
RELATIVE_A,5,100,1.0,A4_SENSOR_DRIFT,moderate,mean_voltage_v_-1,97.5,0.48723153115456436,0.03153195460972187,0.021728395061728394,0.0008553337321327782,0.04158964943518592,0.0014623665521544256,0.5129544124814859,0.0021321889450796687,0.5282576286978803,0.003945351395783988
RELATIVE_A,5,100,1.0,A4_SENSOR_DRIFT,moderate,mean_voltage_v_-1,99.0,0.44507969527304914,0.07261710368732953,0.011851851851851851,0.0032288140322523505,0.023072513741366974,0.006205614033978503,0.5129544124814859,0.0021321889450796687,0.5282576286978803,0.003945351395783988
RELATIVE_A,5,100,1.0,A4_SENSOR_DRIFT,moderate,mean_voltage_v_1,97.5,0.4910750559374799,0.06298005749971183,0.022222222222222223,0.003394500514782104,0.04250839743844307,0.006381709136075125,0.513926500232292,0.004992826908240788,0.5328410590884386,0.014674452923936562
RELATIVE_A,5,100,1.0,A4_SENSOR_DRIFT,moderate,mean_voltage_v_1,99.0,0.4773337842898919,0.08566184727269432,0.01382716049382716,0.0049320949025773286,0.026845443995051548,0.009441975663702697,0.513926500232292,0.004992826908240788,0.5328410590884386,0.014674452923936562
RELATIVE_A,5,100,1.0,A4_SENSOR_DRIFT,moderate,pooled,97.5,0.461683672555165,0.04060594261908851,0.019691358024691356,0.002527851262894232,0.03775633893554548,0.004692779210695991,0.5032827240967815,0.002225872074376046,0.5184686311048994,0.0038256122715242266
RELATIVE_A,5,100,1.0,A4_SENSOR_DRIFT,moderate,pooled,99.0,0.4754914776788641,0.062183729543698114,0.013333333333333334,0.00320750149549792,0.025920337213514843,0.006131685310185714,0.5032827240967815,0.002225872074376046,0.5184686311048994,0.0038256122715242266
RELATIVE_A,5,100,1.0,A4_SENSOR_DRIFT,strong,mean_temp_c_-1,97.5,0.4011215548971059,0.04953042936925243,0.015555555555555557,0.003849001794597505,0.029928267717065932,0.007226094137364303,0.49786977995447396,0.0031354447391049615,0.5090395217019955,0.004352818199703308
RELATIVE_A,5,100,1.0,A4_SENSOR_DRIFT,strong,mean_temp_c_-1,99.0,0.4375821355165548,0.08130529261888365,0.011604938271604937,0.0036539873054194432,0.022592227660395314,0.007031502968221288,0.49786977995447396,0.0031354447391049615,0.5090395217019955,0.004352818199703308
RELATIVE_A,5,100,1.0,A4_SENSOR_DRIFT,strong,mean_temp_c_1,97.5,0.45808005999028684,0.022284737376661815,0.01950617283950617,0.003340185002091034,0.03739442484227926,0.006182042688098252,0.5205449123549174,0.0006766882053163536,0.5510280301265627,0.0019278915548491436
RELATIVE_A,5,100,1.0,A4_SENSOR_DRIFT,strong,mean_temp_c_1,99.0,0.5337378463555469,0.04548770478364584,0.016543209876543213,0.0015419748144193586,0.032077415077407,0.002867984252298829,0.5205449123549174,0.0006766882053163536,0.5510280301265627,0.0019278915548491436
RELATIVE_A,5,100,1.0,A4_SENSOR_DRIFT,strong,mean_voltage_v_-1,97.5,0.5115788444404653,0.03934729858088661,0.023950617283950617,0.0004276668660663909,0.045749689354122845,0.0007306174441164287,0.5238210828874484,0.003426433344271318,0.5420257783989441,0.004041698685872592
RELATIVE_A,5,100,1.0,A4_SENSOR_DRIFT,strong,mean_voltage_v_-1,99.0,0.4869217791609098,0.07705707334334475,0.014074074074074074,0.003919631571947541,0.0273368697346052,0.00751094356114261,0.5238210828874484,0.003426433344271318,0.5420257783989441,0.004041698685872592
RELATIVE_A,5,100,1.0,A4_SENSOR_DRIFT,strong,mean_voltage_v_1,97.5,0.5156334794841616,0.05951076304486454,0.024444444444444446,0.0025660011963983373,0.046669708935492014,0.004870362254255349,0.5258801758714692,0.006119238033623224,0.5495488780184797,0.01504126318622401
RELATIVE_A,5,100,1.0,A4_SENSOR_DRIFT,strong,mean_voltage_v_1,99.0,0.5204070759404837,0.09536060004353153,0.016543209876543213,0.0060329835668496866,0.03202953418002307,0.011522446945040515,0.5258801758714692,0.006119238033623224,0.5495488780184797,0.01504126318622401
RELATIVE_A,5,100,1.0,A4_SENSOR_DRIFT,strong,pooled,97.5,0.4764633785972821,0.0383600717172636,0.020864197530864197,0.002146338105026385,0.03996353480940503,0.003963090269939021,0.5155152032133782,0.0025276083288358836,0.5379105520614954,0.004042781546737773
RELATIVE_A,5,100,1.0,A4_SENSOR_DRIFT,strong,pooled,99.0,0.4986811778532192,0.06898922868339266,0.014691358024691356,0.0037603689902513666,0.028520213651025788,0.00718542734835032,0.5155152032133782,0.0025276083288358836,0.5379105520614954,0.004042781546737773
RELATIVE_A,5,200,0.75,A1_ACCELERATED_DEGRADATION,mild,pooled,97.5,0.17465837479451216,0.10594610244950994,0.0051529790660225444,0.004741523949866492,0.009994050098680873,0.009117182525458876,0.4616374847167521,0.0013391744232459848,0.4532280389039116,0.002347587129588278
RELATIVE_A,5,200,0.75,A1_ACCELERATED_DEGRADATION,mild,pooled,99.0,0.2386893489711803,0.06719934863465239,0.0024154589371980675,0.0,0.004779336762844817,1.713343030765014e-05,0.4616374847167521,0.0013391744232459848,0.4532280389039116,0.002347587129588278
RELATIVE_A,5,200,0.75,A1_ACCELERATED_DEGRADATION,moderate,pooled,97.5,0.17359911972715192,0.10411141885466725,0.005099302200751476,0.004648552892025972,0.00989145285379226,0.008939478884595209,0.46100835830885895,0.0011444288242258537,0.4524799386935929,0.0025665458819903015
RELATIVE_A,5,200,0.75,A1_ACCELERATED_DEGRADATION,moderate,pooled,99.0,0.2386893489711803,0.06719934863465239,0.0024154589371980675,0.0,0.004779336762844817,1.713343030765014e-05,0.46100835830885895,0.0011444288242258537,0.4524799386935929,0.0025665458819903015
RELATIVE_A,5,200,0.75,A1_ACCELERATED_DEGRADATION,strong,pooled,97.5,0.17359911972715192,0.10411141885466725,0.005099302200751476,0.004648552892025972,0.00989145285379226,0.008939478884595209,0.4617911436986109,0.0012990811512581441,0.4540644189901322,0.003073313818243829
RELATIVE_A,5,200,0.75,A1_ACCELERATED_DEGRADATION,strong,pooled,99.0,0.2386893489711803,0.06719934863465239,0.0024154589371980675,0.0,0.004779336762844817,1.713343030765014e-05,0.4617911436986109,0.0012990811512581441,0.4540644189901322,0.003073313818243829
RELATIVE_A,5,200,0.75,A2_EARLY_VOLTAGE_COLLAPSE,mild,pooled,97.5,0.57323628693395,0.203255140829098,0.039139784946236565,0.03453471512455196,0.07236665662046127,0.061715056993258396,0.6634951139666507,0.019956862047531318,0.692519104618922,0.007451517597179449
RELATIVE_A,5,200,0.75,A2_EARLY_VOLTAGE_COLLAPSE,mild,pooled,99.0,0.6416438820839055,0.19829918873392013,0.016344086021505378,0.0077776951914086566,0.03185238863818709,0.015002028100455964,0.6634951139666507,0.019956862047531318,0.692519104618922,0.007451517597179449
RELATIVE_A,5,200,0.75,A2_EARLY_VOLTAGE_COLLAPSE,moderate,pooled,97.5,0.732759186068933,0.16246925111541413,0.0843010752688172,0.07125260521248625,0.14730376240408835,0.11642355571204406,0.7167837333024686,0.026177316156195424,0.7194535740853452,0.00702094626454046
RELATIVE_A,5,200,0.75,A2_EARLY_VOLTAGE_COLLAPSE,moderate,pooled,99.0,0.7743399788283155,0.16194852105517218,0.034408602150537634,0.016790727996510223,0.06571899492136711,0.03127761344904483,0.7167837333024686,0.026177316156195424,0.7194535740853452,0.00702094626454046
RELATIVE_A,5,200,0.75,A2_EARLY_VOLTAGE_COLLAPSE,strong,pooled,97.5,0.7975084075444152,0.12351767798619662,0.1247311827956989,0.11244577064262798,0.20642134645365148,0.16783468686136102,0.743036577170452,0.02928506258645815,0.7326597687157639,0.007347728105494041
RELATIVE_A,5,200,0.75,A2_EARLY_VOLTAGE_COLLAPSE,strong,pooled,99.0,0.8120218939664611,0.14273380423811072,0.04430107526881721,0.021293580721697316,0.08371972976444982,0.03895844117733187,0.743036577170452,0.02928506258645815,0.7326597687157639,0.007347728105494041
RELATIVE_A,5,200,0.75,A3_THERMAL_ABNORMALITY,mild,pooled,97.5,0.530079790349668,0.007550465428339631,0.023655913978494623,0.004147806778921702,0.04525354901299757,0.00757638490078427,0.5445041194112716,0.003512168081852657,0.5828673835125447,0.00508182511219147
RELATIVE_A,5,200,0.75,A3_THERMAL_ABNORMALITY,mild,pooled,99.0,0.6502359966796596,0.03822366463536252,0.015053763440860216,0.0037248404463846824,0.02938425692073457,0.007038655453463726,0.5445041194112716,0.003512168081852657,0.5828673835125447,0.00508182511219147
RELATIVE_A,5,200,0.75,A3_THERMAL_ABNORMALITY,moderate,pooled,97.5,0.6051140564278122,0.007608515956988418,0.03225806451612903,0.006704712803492428,0.061177018217665025,0.01206309670305253,0.5920576276341961,0.005334596000971059,0.6309731520930547,0.005880144437793483
RELATIVE_A,5,200,0.75,A3_THERMAL_ABNORMALITY,moderate,pooled,99.0,0.733961762587341,0.04758529461104209,0.022365591397849462,0.004531463979721607,0.043354076890833426,0.008448686987517676,0.5920576276341961,0.005334596000971059,0.6309731520930547,0.005880144437793483
RELATIVE_A,5,200,0.75,A3_THERMAL_ABNORMALITY,strong,pooled,97.5,0.642712276382313,0.022770828280933523,0.038279569892473116,0.010509068148705907,0.07211067293844292,0.018746068455969163,0.6278501226905565,0.006282120715465524,0.6651423547710827,0.005730215071866414
RELATIVE_A,5,200,0.75,A3_THERMAL_ABNORMALITY,strong,pooled,99.0,0.7644271990835984,0.054461100156962094,0.026236559139784944,0.0032472406173207524,0.05069206033279966,0.005943872910634269,0.6278501226905565,0.006282120715465524,0.6651423547710827,0.005730215071866414
RELATIVE_A,5,200,0.75,A4_SENSOR_DRIFT,mild,mean_temp_c_-1,97.5,0.44470163054806555,0.07662211055084532,0.016790123456790124,0.003421334928531115,0.032351997006023786,0.006538249646507275,0.4853017643409409,0.0026437741512902457,0.4814341175557108,0.0062364531699093655
RELATIVE_A,5,200,0.75,A4_SENSOR_DRIFT,mild,mean_temp_c_-1,99.0,0.3781646689442632,0.2362490244324358,0.00691358024691358,0.0062999263319373205,0.013542356554254216,0.012265402726615174,0.4853017643409409,0.0026437741512902457,0.4814341175557108,0.0062364531699093655
RELATIVE_A,5,200,0.75,A4_SENSOR_DRIFT,mild,mean_temp_c_1,97.5,0.5018775510204082,0.06744393756819222,0.020987654320987658,0.002138334330331949,0.04028923293730477,0.0041587597512683285,0.49718715564664145,0.0018013185727482892,0.5054584983306157,0.0045594807253279655
RELATIVE_A,5,200,0.75,A4_SENSOR_DRIFT,mild,mean_temp_c_1,99.0,0.43194647119296087,0.20930279867896953,0.008395061728395062,0.007456626602736542,0.016410884755658703,0.014452849812594067,0.49718715564664145,0.0018013185727482892,0.5054584983306157,0.0045594807253279655
RELATIVE_A,5,200,0.75,A4_SENSOR_DRIFT,mild,mean_voltage_v_-1,97.5,0.42078624258773134,0.10406945313910941,0.016790123456790124,0.010084235978598586,0.03219322481368261,0.01889500843902954,0.50614478805417,0.0014159010219260307,0.5130266325025234,0.0032239691940669406
RELATIVE_A,5,200,0.75,A4_SENSOR_DRIFT,mild,mean_voltage_v_-1,99.0,0.46658519474053456,0.08310018132133931,0.00691358024691358,0.0004276668660663894,0.013616706738157505,0.0007861956406994574,0.50614478805417,0.0014159010219260307,0.5130266325025234,0.0032239691940669406
RELATIVE_A,5,200,0.75,A4_SENSOR_DRIFT,mild,mean_voltage_v_1,97.5,0.4900361414277184,0.013677335796558747,0.020246913580246915,0.004340344649690604,0.03885048307848745,0.008009849016717455,0.5185197819866834,0.0024685186003394134,0.5412966845251961,0.00763780201666744
RELATIVE_A,5,200,0.75,A4_SENSOR_DRIFT,mild,mean_voltage_v_1,99.0,0.5697718113690206,0.07793461635918136,0.010617283950617284,0.0015419748144193572,0.02083085275336757,0.0029464000379435095,0.5185197819866834,0.0024685186003394134,0.5412966845251961,0.00763780201666744
RELATIVE_A,5,200,0.75,A4_SENSOR_DRIFT,mild,pooled,97.5,0.4723389214511311,0.009903923662450045,0.018703703703703705,0.002592592592592593,0.035961277921272246,0.004758018422828549,0.5004685625350381,0.0008514843781858175,0.5103039832285116,0.0027056618973647544
RELATIVE_A,5,200,0.75,A4_SENSOR_DRIFT,mild,pooled,99.0,0.4885309162816081,0.07242152680289103,0.008209876543209876,0.0038947633467524335,0.01611649967592504,0.0075377378700812875,0.5004685625350381,0.0008514843781858175,0.5103039832285116,0.0027056618973647544
RELATIVE_A,5,200,0.75,A4_SENSOR_DRIFT,moderate,mean_temp_c_-1,97.5,0.45621206725410196,0.08495429834756568,0.017530864197530863,0.003083949628838716,0.03376375139573668,0.005950670975856119,0.4843208547241244,0.0039568360762537065,0.4808393508812796,0.009465434051579994
RELATIVE_A,5,200,0.75,A4_SENSOR_DRIFT,moderate,mean_temp_c_-1,99.0,0.5170362760908755,0.10423236882066751,0.009382716049382716,0.004526000686376139,0.018396164570438748,0.008772825011477742,0.4843208547241244,0.0039568360762537065,0.4808393508812796,0.009465434051579994
RELATIVE_A,5,200,0.75,A4_SENSOR_DRIFT,moderate,mean_temp_c_1,97.5,0.5135973414910248,0.06122834727098407,0.02197530864197531,0.001710667464265558,0.04214521069567084,0.0033545123143602627,0.5066943464733785,0.003044847559931357,0.529270906126252,0.006856807649642296
RELATIVE_A,5,200,0.75,A4_SENSOR_DRIFT,moderate,mean_temp_c_1,99.0,0.4990270187586683,0.11343127194175429,0.009629629629629629,0.00729545022355267,0.018818925434728875,0.014066349788014373,0.5066943464733785,0.003044847559931357,0.529270906126252,0.006856807649642296
RELATIVE_A,5,200,0.75,A4_SENSOR_DRIFT,moderate,mean_voltage_v_-1,97.5,0.43803213125716445,0.07735606149042977,0.01728395061728395,0.007920501201158241,0.03318638926408769,0.014836746809485062,0.5144605839489701,0.0017816010400590675,0.5291792841059089,0.004092130543846915
RELATIVE_A,5,200,0.75,A4_SENSOR_DRIFT,moderate,mean_voltage_v_-1,99.0,0.4753362679853665,0.09162400696349303,0.007160493827160494,0.0004276668660663891,0.014100655319374067,0.000813458411536813,0.5144605839489701,0.0017816010400590675,0.5291792841059089,0.004092130543846915
RELATIVE_A,5,200,0.75,A4_SENSOR_DRIFT,moderate,mean_voltage_v_1,97.5,0.500618947624533,0.01870899434298933,0.02123456790123457,0.00535865047264462,0.04069276653364811,0.009884315317859422,0.5249424381376196,0.003155436914550497,0.5547550275642519,0.008646681851806696
RELATIVE_A,5,200,0.75,A4_SENSOR_DRIFT,moderate,mean_voltage_v_1,99.0,0.5748223998419895,0.06976957884055074,0.010864197530864197,0.001864156650684136,0.0213069819753019,0.0035577342023919278,0.5249424381376196,0.003155436914550497,0.5547550275642519,0.008646681851806696
RELATIVE_A,5,200,0.75,A4_SENSOR_DRIFT,moderate,pooled,97.5,0.48345745692507186,0.016892924557440275,0.01950617283950617,0.0020649047757626826,0.03748135453705323,0.00375548160207067,0.5064094890657641,0.001187873792047377,0.5235111421694231,0.0033170596344499702
RELATIVE_A,5,200,0.75,A4_SENSOR_DRIFT,moderate,pooled,99.0,0.5274591597361804,0.050687511242658426,0.00925925925925926,0.0033487298740787273,0.018169359607556383,0.006450704145302034,0.5064094890657641,0.001187873792047377,0.5235111421694231,0.0033170596344499702
RELATIVE_A,5,200,0.75,A4_SENSOR_DRIFT,strong,mean_temp_c_-1,97.5,0.46658519474053456,0.0831001813213393,0.018271604938271607,0.002993668062464726,0.03516589860333912,0.005780809944562272,0.4904349717981746,0.004608165133524613,0.4933527447783213,0.00884391831395396
RELATIVE_A,5,200,0.75,A4_SENSOR_DRIFT,strong,mean_temp_c_-1,99.0,0.5444548152713921,0.11058536229156833,0.01037037037037037,0.0045057500224431266,0.020321437740632487,0.008743021581952734,0.4904349717981746,0.004608165133524613,0.4933527447783213,0.00884391831395396
RELATIVE_A,5,200,0.75,A4_SENSOR_DRIFT,strong,mean_temp_c_1,97.5,0.516213425990225,0.06361508906271995,0.022222222222222223,0.00195981578597377,0.042608433286774834,0.0038194093362580103,0.5250610011430499,0.005317304119758735,0.5643458343039055,0.009983721922706267
RELATIVE_A,5,200,0.75,A4_SENSOR_DRIFT,strong,mean_temp_c_1,99.0,0.5886077690105179,0.015044482896417239,0.011851851851851851,0.0045057500224431266,0.02318780943424803,0.008609381217943819,0.5250610011430499,0.005317304119758735,0.5643458343039055,0.009983721922706267
RELATIVE_A,5,200,0.75,A4_SENSOR_DRIFT,strong,mean_voltage_v_-1,97.5,0.48488260754840545,0.0634736866952659,0.02074074074074074,0.009102374612921857,0.039683701165405795,0.016885737027674583,0.5247675530844336,0.0026472230952512155,0.543445143256464,0.0047498254055187115
RELATIVE_A,5,200,0.75,A4_SENSOR_DRIFT,strong,mean_voltage_v_-1,99.0,0.5213578213833013,0.09352651377533382,0.008641975308641974,0.0004276668660663891,0.016993499743850084,0.0008064559869543582,0.5247675530844336,0.0026472230952512155,0.543445143256464,0.0047498254055187115
RELATIVE_A,5,200,0.75,A4_SENSOR_DRIFT,strong,mean_voltage_v_1,97.5,0.5019768052510049,0.05372326172768533,0.02197530864197531,0.008680689299381207,0.0420153136014469,0.016055577785589106,0.5361389833604582,0.002847826202402306,0.5717982762636851,0.008726168532472526
RELATIVE_A,5,200,0.75,A4_SENSOR_DRIFT,strong,mean_voltage_v_1,99.0,0.6147545048222021,0.0906654074574505,0.012839506172839507,0.0015419748144193572,0.025140563067731703,0.002965505104591128,0.5361389833604582,0.002847826202402306,0.5717982762636851,0.008726168532472526
RELATIVE_A,5,200,0.75,A4_SENSOR_DRIFT,strong,pooled,97.5,0.4984438588191262,0.012014274326672333,0.02080246913580247,0.0032622741386972368,0.03991098747594709,0.005985595800436514,0.517973060756375,0.0005864727963287566,0.543235499650594,0.002420333297227706
RELATIVE_A,5,200,0.75,A4_SENSOR_DRIFT,strong,pooled,99.0,0.5754174483847071,0.061956258601350206,0.010925925925925927,0.0022222222222222227,0.02142301751586109,0.004243544101877293,0.517973060756375,0.0005864727963287566,0.543235499650594,0.002420333297227706
RELATIVE_A,5,200,1.0,A1_ACCELERATED_DEGRADATION,mild,pooled,97.5,0.15455524440018156,0.015370398791257713,0.004133118625872249,0.0014875369254483113,0.008028047305298913,0.0028307520245994013,0.46156017588812065,0.0008079607318491556,0.4516084492112202,0.0022738804341829694
RELATIVE_A,5,200,1.0,A1_ACCELERATED_DEGRADATION,mild,pooled,99.0,0.16109422492401215,0.0,0.0024154589371980675,0.0,0.00475955278164429,0.0,0.46156017588812065,0.0008079607318491556,0.4516084492112202,0.0022738804341829694
RELATIVE_A,5,200,1.0,A1_ACCELERATED_DEGRADATION,moderate,pooled,97.5,0.1517847596645843,0.016124466820626397,0.004025764895330112,0.0013945658676077916,0.007821227672081451,0.0026516410307612305,0.46084296140160613,0.0009304918067358166,0.45012102613962063,0.0038623002351327916
RELATIVE_A,5,200,1.0,A1_ACCELERATED_DEGRADATION,moderate,pooled,99.0,0.16109422492401215,0.0,0.0024154589371980675,0.0,0.00475955278164429,0.0,0.46084296140160613,0.0009304918067358166,0.45012102613962063,0.0038623002351327916
RELATIVE_A,5,200,1.0,A1_ACCELERATED_DEGRADATION,strong,pooled,97.5,0.1517847596645843,0.016124466820626397,0.004025764895330112,0.0013945658676077916,0.007821227672081451,0.0026516410307612305,0.46189861168182794,0.0010518537500418224,0.4530849005965221,0.004189206773248939
RELATIVE_A,5,200,1.0,A1_ACCELERATED_DEGRADATION,strong,pooled,99.0,0.16109422492401215,0.0,0.0024154589371980675,0.0,0.00475955278164429,0.0,0.46189861168182794,0.0010518537500418224,0.4530849005965221,0.004189206773248939
RELATIVE_A,5,200,1.0,A2_EARLY_VOLTAGE_COLLAPSE,mild,pooled,97.5,0.5148305116441495,0.08341062961981624,0.023225806451612905,0.005161290322580645,0.044329080614687544,0.009420200965129296,0.6582353017088184,0.0015862572758518995,0.6935145736119566,0.0010581155209257393
RELATIVE_A,5,200,1.0,A2_EARLY_VOLTAGE_COLLAPSE,mild,pooled,99.0,0.4702748876596426,0.01691411229801302,0.011182795698924733,0.0007449680892769377,0.02184578939372474,0.0014400632093001437,0.6582353017088184,0.0015862572758518995,0.6935145736119566,0.0010581155209257393
RELATIVE_A,5,200,1.0,A2_EARLY_VOLTAGE_COLLAPSE,moderate,pooled,97.5,0.681006341254232,0.13426469498112759,0.04903225806451613,0.010077741517298908,0.09143557933146464,0.01855701186564417,0.709191986569382,0.00512416452372818,0.7206086427267193,0.0013690538425065936
RELATIVE_A,5,200,1.0,A2_EARLY_VOLTAGE_COLLAPSE,moderate,pooled,99.0,0.6730000189222111,0.037801233063368994,0.026236559139784944,0.004531463979721609,0.05048775240341389,0.008498903398439507,0.709191986569382,0.00512416452372818,0.7206086427267193,0.0013690538425065936
RELATIVE_A,5,200,1.0,A2_EARLY_VOLTAGE_COLLAPSE,strong,pooled,97.5,0.7250803361502935,0.11615187966296968,0.06064516129032258,0.011826001793434432,0.11183577967682717,0.021092422590300253,0.7343281418307841,0.007421322410991969,0.7340041928721174,0.002102168659906733
RELATIVE_A,5,200,1.0,A2_EARLY_VOLTAGE_COLLAPSE,strong,pooled,99.0,0.7549650626643328,0.036126406559218886,0.03956989247311828,0.008295613557843404,0.07513786437244001,0.015115187308587592,0.7343281418307841,0.007421322410991969,0.7340041928721174,0.002102168659906733
RELATIVE_A,5,200,1.0,A3_THERMAL_ABNORMALITY,mild,pooled,97.5,0.5034482427709355,0.12734583451508483,0.021935483870967745,0.001290322580645163,0.041991870836257515,0.002698496753554342,0.5430023170692311,0.0017117245881664656,0.581295732738216,0.00186512043630703
RELATIVE_A,5,200,1.0,A3_THERMAL_ABNORMALITY,mild,pooled,99.0,0.5922760376040966,0.0419619706879593,0.018494623655913978,0.0032472406173207524,0.03586153033669327,0.006182043673510439,0.5430023170692311,0.0017117245881664656,0.581295732738216,0.00186512043630703
RELATIVE_A,5,200,1.0,A3_THERMAL_ABNORMALITY,moderate,pooled,97.5,0.5719128803362951,0.12375540827562842,0.02924731182795699,0.0014899361785538716,0.05560289635309502,0.0032498588854466787,0.5849126971048446,0.002603963977707271,0.6259958071278826,0.0016658503537070471
RELATIVE_A,5,200,1.0,A3_THERMAL_ABNORMALITY,moderate,pooled,99.0,0.6521804062303657,0.018624129945614923,0.023655913978494623,0.0019710002989057375,0.04565274066714305,0.0037151254267535194,0.5849126971048446,0.002603963977707271,0.6259958071278826,0.0016658503537070471
RELATIVE_A,5,200,1.0,A3_THERMAL_ABNORMALITY,strong,pooled,97.5,0.5916302193154843,0.1187823913429014,0.031827956989247314,0.001971000298905734,0.06035329866085518,0.003942980952796375,0.6181276810017137,0.003520757553522071,0.6587299655102455,0.0014815808125520618
RELATIVE_A,5,200,1.0,A3_THERMAL_ABNORMALITY,strong,pooled,99.0,0.6858633285023638,0.015218567127158253,0.027526881720430108,0.001971000298905738,0.05292628308141326,0.003687531701614926,0.6181276810017137,0.003520757553522071,0.6587299655102455,0.0014815808125520618
RELATIVE_A,5,200,1.0,A4_SENSOR_DRIFT,mild,mean_temp_c_-1,97.5,0.41946578869484963,0.08621764331828842,0.01580246913580247,0.004276668660663893,0.030365158689733957,0.00784680713742735,0.48666578776729547,0.001544901964671681,0.4841587079742216,0.0017515979312743696
RELATIVE_A,5,200,1.0,A4_SENSOR_DRIFT,mild,mean_temp_c_-1,99.0,0.5145631067961165,0.0,0.013333333333333334,0.0,0.025993133889161357,0.0,0.48666578776729547,0.001544901964671681,0.4841587079742216,0.0017515979312743696
RELATIVE_A,5,200,1.0,A4_SENSOR_DRIFT,mild,mean_temp_c_1,97.5,0.466825887738411,0.08457463492458528,0.019012345679012346,0.0035006041675945242,0.03644192702967863,0.006278132671312899,0.49614984883343016,0.0014000646320903155,0.502527370137433,0.000491828866116438
RELATIVE_A,5,200,1.0,A4_SENSOR_DRIFT,mild,mean_temp_c_1,99.0,0.5405923242446885,0.01242730139033956,0.014814814814814815,0.0007407407407407402,0.02883893054929529,0.0014211884619025747,0.49614984883343016,0.0014000646320903155,0.502527370137433,0.000491828866116438
RELATIVE_A,5,200,1.0,A4_SENSOR_DRIFT,mild,mean_voltage_v_-1,97.5,0.41086583693044504,0.06798899615934452,0.016049382716049384,0.007040285150312718,0.030776337446840524,0.013209746913593275,0.5058436162150314,0.0033289009936421448,0.5163987887258328,0.00698691036968943
RELATIVE_A,5,200,1.0,A4_SENSOR_DRIFT,mild,mean_voltage_v_-1,99.0,0.3856244901423593,0.012986154431031929,0.007901234567901235,0.00042766686606638874,0.015485099429687907,0.0008318798944110525,0.5058436162150314,0.0033289009936421448,0.5163987887258328,0.00698691036968943
RELATIVE_A,5,200,1.0,A4_SENSOR_DRIFT,mild,mean_voltage_v_1,97.5,0.458052179300255,0.06049107654907985,0.018765432098765432,0.005657500857970173,0.035936193880631594,0.010476148485398403,0.5128813996584495,0.004902603410926654,0.5271931050547402,0.010956606876439389
RELATIVE_A,5,200,1.0,A4_SENSOR_DRIFT,mild,mean_voltage_v_1,99.0,0.46685821727290544,0.07515761719590433,0.011358024691358026,0.0036539873054194424,0.02216825621794598,0.007044185559800996,0.5128813996584495,0.004902603410926654,0.5271931050547402,0.010956606876439389
RELATIVE_A,5,200,1.0,A4_SENSOR_DRIFT,mild,pooled,97.5,0.4428793319080793,0.057898230361171955,0.01740740740740741,0.004018987854483464,0.033398283184632116,0.007350592539869782,0.4987960853783257,0.0008080374694904191,0.5075694929730569,0.0026811023520051315
RELATIVE_A,5,200,1.0,A4_SENSOR_DRIFT,mild,pooled,99.0,0.4846046675794602,0.01984867198658363,0.011851851851851851,0.0009622504486493764,0.023137259092308612,0.0018558663389178064,0.4987960853783257,0.0008080374694904191,0.5075694929730569,0.0026811023520051315
RELATIVE_A,5,200,1.0,A4_SENSOR_DRIFT,moderate,mean_temp_c_-1,97.5,0.4135973099403667,0.08902115416772986,0.015308641975308642,0.0034213349285311164,0.029443696511287597,0.00625119103407871,0.48591192472178696,0.0025207681961787127,0.4819690969795792,0.0005069603512137603
RELATIVE_A,5,200,1.0,A4_SENSOR_DRIFT,moderate,mean_temp_c_-1,99.0,0.5145631067961165,0.0,0.013333333333333334,0.0,0.025993133889161357,0.0,0.48591192472178696,0.0025207681961787127,0.4819690969795792,0.0005069603512137603
RELATIVE_A,5,200,1.0,A4_SENSOR_DRIFT,moderate,mean_temp_c_1,97.5,0.4737703041979366,0.08790795316135666,0.01950617283950617,0.0030839496288387154,0.03737904913505832,0.005481641470386644,0.506095283346767,0.0016566811927458337,0.5272575510521004,0.0020151844436203715
RELATIVE_A,5,200,1.0,A4_SENSOR_DRIFT,moderate,mean_temp_c_1,99.0,0.5567292752000669,0.006621915881798592,0.01580246913580247,0.00042766686606638863,0.03073248359232311,0.000818751256966841,0.506095283346767,0.0016566811927458337,0.5272575510521004,0.0020151844436203715
RELATIVE_A,5,200,1.0,A4_SENSOR_DRIFT,moderate,mean_voltage_v_-1,97.5,0.4307701360074745,0.048223790888743664,0.018024691358024692,0.008585352420105536,0.03444833024100142,0.01607768466318771,0.5154546096624603,0.005079011013033373,0.5331423247146518,0.009248228159519152
RELATIVE_A,5,200,1.0,A4_SENSOR_DRIFT,moderate,mean_voltage_v_-1,99.0,0.37005221642879804,0.02336375771576754,0.007407407407407408,0.00074074074074074,0.014523829167938165,0.001441905519369226,0.5154546096624603,0.005079011013033373,0.5331423247146518,0.009248228159519152
RELATIVE_A,5,200,1.0,A4_SENSOR_DRIFT,moderate,mean_voltage_v_1,97.5,0.46094417073210286,0.05552498334058262,0.019259259259259257,0.006789001029564208,0.036839537021386266,0.012609107417747692,0.5169870003155944,0.004189086464301259,0.537640344747263,0.012454325716943973
RELATIVE_A,5,200,1.0,A4_SENSOR_DRIFT,moderate,mean_voltage_v_1,99.0,0.4585743591519502,0.06095989441229536,0.010864197530864197,0.002804399183111246,0.021220797325430057,0.005414280594371443,0.5169870003155944,0.004189086464301259,0.537640344747263,0.012454325716943973
RELATIVE_A,5,200,1.0,A4_SENSOR_DRIFT,moderate,pooled,97.5,0.4497419787087969,0.048412794927648925,0.018024691358024692,0.004737025936530782,0.03454825815425195,0.008692977170144198,0.5045946096038775,0.0017513073936874202,0.5200023293733985,0.0028498669794376577
RELATIVE_A,5,200,1.0,A4_SENSOR_DRIFT,moderate,pooled,99.0,0.4847574634349862,0.016724869348480175,0.011851851851851851,0.0008072035080630876,0.023137603338959267,0.0015570089615842885,0.5045946096038775,0.0017513073936874202,0.5200023293733985,0.0028498669794376577
RELATIVE_A,5,200,1.0,A4_SENSOR_DRIFT,strong,mean_temp_c_-1,97.5,0.41771089774179365,0.0845359635104737,0.015555555555555557,0.0032288140322523514,0.029912780571463942,0.005868444327397392,0.4918163453528754,0.0033777594128736772,0.4959422315397158,0.0016707372852364287
RELATIVE_A,5,200,1.0,A4_SENSOR_DRIFT,strong,mean_temp_c_-1,99.0,0.5145631067961165,0.0,0.013333333333333334,0.0,0.025993133889161357,0.0,0.4918163453528754,0.0033777594128736772,0.4959422315397158,0.0016707372852364287
RELATIVE_A,5,200,1.0,A4_SENSOR_DRIFT,strong,mean_temp_c_1,97.5,0.4772025587196264,0.10253106230133927,0.019753086419753086,0.0028043991831112457,0.03785597069631629,0.005020345113756874,0.5268755786298253,0.002228425550565786,0.5624776768382639,0.0026171879351086155
RELATIVE_A,5,200,1.0,A4_SENSOR_DRIFT,strong,mean_temp_c_1,99.0,0.5605524401169744,0.006621915881798576,0.016049382716049384,0.0004276668660663874,0.03120518985093226,0.0008187512569668423,0.5268755786298253,0.002228425550565786,0.5624776768382639,0.0026171879351086155
RELATIVE_A,5,200,1.0,A4_SENSOR_DRIFT,strong,mean_voltage_v_-1,97.5,0.4687842733186531,0.03886137058184589,0.020246913580246915,0.00798947638882145,0.038656441815299016,0.014841939265680502,0.5269819725048824,0.007139627788349195,0.5468739808991382,0.010030271305457361
RELATIVE_A,5,200,1.0,A4_SENSOR_DRIFT,strong,mean_voltage_v_-1,99.0,0.42327257625098014,0.05780121573582145,0.009382716049382716,0.002263000343188069,0.018355700839137654,0.004385073929131097,0.5269819725048824,0.007139627788349195,0.5468739808991382,0.010030271305457361
RELATIVE_A,5,200,1.0,A4_SENSOR_DRIFT,strong,mean_voltage_v_1,97.5,0.49384390569309194,0.07170321471089101,0.02148148148148148,0.005592469952052408,0.04104867024274743,0.01026979502867,0.5293465857900591,0.004459655768861455,0.5560431710536532,0.01118027317678544
RELATIVE_A,5,200,1.0,A4_SENSOR_DRIFT,strong,mean_voltage_v_1,99.0,0.5074034274994007,0.04239136734667456,0.01308641975308642,0.0022630003431880685,0.025511517550977015,0.004353472558821112,0.5293465857900591,0.004459655768861455,0.5560431710536532,0.01118027317678544
RELATIVE_A,5,200,1.0,A4_SENSOR_DRIFT,strong,pooled,97.5,0.4686667402181795,0.0637385085364822,0.019259259259259257,0.0040360175403154385,0.036891940353063694,0.007318851029054833,0.5173705176365303,0.0026231766550873425,0.5403342650826928,0.0033966875553855112
RELATIVE_A,5,200,1.0,A4_SENSOR_DRIFT,strong,pooled,99.0,0.5068626470097557,0.021911017117529817,0.012962962962962963,0.0011564811108145186,0.025278555651820314,0.0022257693146086155,0.5173705176365303,0.0026231766550873425,0.5403342650826928,0.0033966875553855112
RELATIVE_A,10,100,0.75,A1_ACCELERATED_DEGRADATION,mild,pooled,95.0,0.27492986483040044,0.23809624720214864,0.012152777777777778,0.010524614282102555,0.023276653171390018,0.020158172961503372,0.48663772315049353,0.0008765665896484626,0.4885910819504569,0.009617622103071748
RELATIVE_A,10,100,0.75,A1_ACCELERATED_DEGRADATION,mild,pooled,97.5,0.3333333333333333,0.5773502691896258,5.787037037037037e-05,0.00010023442173431003,0.00011572065035005499,0.00020043404589120843,0.48663772315049353,0.0008765665896484626,0.4885910819504569,0.009617622103071748
RELATIVE_A,10,100,0.75,A1_ACCELERATED_DEGRADATION,mild,pooled,99.0,0.0,0.0,0.0,0.0,0.0,0.0,0.48663772315049353,0.0008765665896484626,0.4885910819504569,0.009617622103071748
RELATIVE_A,10,100,0.75,A1_ACCELERATED_DEGRADATION,moderate,pooled,95.0,0.6067185579680459,0.34059171963664936,0.012094907407407407,0.010324145438633931,0.0231745252091287,0.01976907648291152,0.4939233176089724,0.0009872609030345222,0.5032555841149591,0.008623707046029862
RELATIVE_A,10,100,0.75,A1_ACCELERATED_DEGRADATION,moderate,pooled,97.5,0.6666666666666666,0.5773502691896258,0.00011574074074074075,0.00010023442173431003,0.00023144130070010998,0.00020043404589120843,0.4939233176089724,0.0009872609030345222,0.5032555841149591,0.008623707046029862
RELATIVE_A,10,100,0.75,A1_ACCELERATED_DEGRADATION,moderate,pooled,99.0,0.3333333333333333,0.5773502691896258,5.787037037037037e-05,0.00010023442173431003,0.00011572065035005499,0.00020043404589120843,0.4939233176089724,0.0009872609030345222,0.5032555841149591,0.008623707046029862
RELATIVE_A,10,100,0.75,A1_ACCELERATED_DEGRADATION,strong,pooled,95.0,0.27492382188277986,0.23810219919675732,0.012152777777777776,0.01052604610501675,0.023276616957506713,0.020160789116059077,0.49754866284999655,0.001287590405053793,0.5123154912217412,0.007692351596664864
RELATIVE_A,10,100,0.75,A1_ACCELERATED_DEGRADATION,strong,pooled,97.5,0.3333333333333333,0.5773502691896258,5.787037037037037e-05,0.00010023442173431003,0.00011572065035005499,0.00020043404589120843,0.49754866284999655,0.001287590405053793,0.5123154912217412,0.007692351596664864
RELATIVE_A,10,100,0.75,A1_ACCELERATED_DEGRADATION,strong,pooled,99.0,0.3333333333333333,0.5773502691896258,5.787037037037037e-05,0.00010023442173431003,0.00011572065035005499,0.00020043404589120843,0.49754866284999655,0.001287590405053793,0.5123154912217412,0.007692351596664864
RELATIVE_A,10,100,0.75,A2_EARLY_VOLTAGE_COLLAPSE,mild,pooled,95.0,0.9804509619027494,0.016935714157025872,0.819111111111111,0.07206581354207757,0.890897619475498,0.037251435182935465,0.9787137522309713,0.008774992143355214,0.9825685425685426,0.003618408913722854
RELATIVE_A,10,100,0.75,A2_EARLY_VOLTAGE_COLLAPSE,mild,pooled,97.5,1.0,0.0,0.3315555555555556,0.2036220172916621,0.47534365900388814,0.2228110025448343,0.9787137522309713,0.008774992143355214,0.9825685425685426,0.003618408913722854
RELATIVE_A,10,100,0.75,A2_EARLY_VOLTAGE_COLLAPSE,mild,pooled,99.0,1.0,0.0,0.156,0.018666666666666675,0.26959282046124594,0.02818142288689841,0.9787137522309713,0.008774992143355214,0.9825685425685426,0.003618408913722854
RELATIVE_A,10,100,0.75,A2_EARLY_VOLTAGE_COLLAPSE,moderate,pooled,95.0,0.9828434757494829,0.014858228926645654,0.9666666666666667,0.029059326290271185,0.9743561482172,0.007839953581380356,0.9894906311058449,0.009498093049621313,0.9928253968253967,0.005520730413328167
RELATIVE_A,10,100,0.75,A2_EARLY_VOLTAGE_COLLAPSE,moderate,pooled,97.5,1.0,0.0,0.43022222222222223,0.2749523864504813,0.5684826058466486,0.25959019856232085,0.9894906311058449,0.009498093049621313,0.9928253968253967,0.005520730413328167
RELATIVE_A,10,100,0.75,A2_EARLY_VOLTAGE_COLLAPSE,moderate,pooled,99.0,1.0,0.0,0.18755555555555556,0.02772350253111234,0.31524882542610383,0.03980192458416267,0.9894906311058449,0.009498093049621313,0.9928253968253967,0.005520730413328167
RELATIVE_A,10,100,0.75,A2_EARLY_VOLTAGE_COLLAPSE,strong,pooled,95.0,0.9831003719043433,0.014635544418788605,0.9928888888888888,0.010095837059200547,0.9878676126761486,0.0024409235730374346,0.9906984492471592,0.00962600725655485,0.9938932178932179,0.005844209288409309
RELATIVE_A,10,100,0.75,A2_EARLY_VOLTAGE_COLLAPSE,strong,pooled,97.5,1.0,0.0,0.4471111111111112,0.29177261567744717,0.5819792418193965,0.2686971317350318,0.9906984492471592,0.00962600725655485,0.9938932178932179,0.005844209288409309
RELATIVE_A,10,100,0.75,A2_EARLY_VOLTAGE_COLLAPSE,strong,pooled,99.0,1.0,0.0,0.18977777777777774,0.02816880333776146,0.31837689791416635,0.04035318094474499,0.9906984492471592,0.00962600725655485,0.9938932178932179,0.005844209288409309
RELATIVE_A,10,100,0.75,A3_THERMAL_ABNORMALITY,mild,pooled,95.0,0.7000185135481082,0.2658159972166192,0.02622222222222222,0.013355537067837086,0.04985282805721273,0.02440878577203453,0.6331650873043461,0.02321208118116689,0.6824646464646466,0.024376964841009055
RELATIVE_A,10,100,0.75,A3_THERMAL_ABNORMALITY,mild,pooled,97.5,1.0,0.0,0.006222222222222223,0.0007698003589195013,0.012366715266920793,0.0015212911338810039,0.6331650873043461,0.02321208118116689,0.6824646464646466,0.024376964841009055
RELATIVE_A,10,100,0.75,A3_THERMAL_ABNORMALITY,mild,pooled,99.0,0.3333333333333333,0.5773502691896258,0.0013333333333333333,0.002309401076758503,0.0026560424966799467,0.004600400551311759,0.6331650873043461,0.02321208118116689,0.6824646464646466,0.024376964841009055
RELATIVE_A,10,100,0.75,A3_THERMAL_ABNORMALITY,moderate,pooled,95.0,0.8399481111428008,0.16693613651652103,0.07333333333333333,0.06917931611238852,0.1288831995403321,0.11450266364170171,0.7783056579874995,0.0283794802640143,0.834049062049062,0.02615663705425154
RELATIVE_A,10,100,0.75,A3_THERMAL_ABNORMALITY,moderate,pooled,97.5,1.0,0.0,0.011555555555555555,0.002775554665954843,0.02283718824362122,0.005418633459295848,0.7783056579874995,0.0283794802640143,0.834049062049062,0.02615663705425154
RELATIVE_A,10,100,0.75,A3_THERMAL_ABNORMALITY,moderate,pooled,99.0,1.0,0.0,0.007555555555555556,0.0020367003088692624,0.014992383643593045,0.0040150845403884436,0.7783056579874995,0.0283794802640143,0.834049062049062,0.02615663705425154
RELATIVE_A,10,100,0.75,A3_THERMAL_ABNORMALITY,strong,pooled,95.0,0.9024247544372295,0.1121953410456621,0.15333333333333332,0.1572429118699261,0.24101506550357188,0.21992998727116894,0.8609808992870813,0.0255097063186508,0.908987012987013,0.018796632508963688
RELATIVE_A,10,100,0.75,A3_THERMAL_ABNORMALITY,strong,pooled,97.5,1.0,0.0,0.030666666666666665,0.0013333333333333344,0.05950624377523798,0.0025103433117605847,0.8609808992870813,0.0255097063186508,0.908987012987013,0.018796632508963688
RELATIVE_A,10,100,0.75,A3_THERMAL_ABNORMALITY,strong,pooled,99.0,1.0,0.0,0.017777777777777778,0.004073400617738524,0.03491348701747671,0.007874636005324316,0.8609808992870813,0.0255097063186508,0.908987012987013,0.018796632508963688
RELATIVE_A,10,100,0.75,A4_SENSOR_DRIFT,mild,mean_temp_c_-1,95.0,0.27830392335267323,0.24353412049101425,0.01251596424010217,0.01116602451820914,0.02395114808080602,0.021346310765219242,0.48452949258817074,0.0056804221534748995,0.47514139755519064,0.007836964268228165
RELATIVE_A,10,100,0.75,A4_SENSOR_DRIFT,mild,mean_temp_c_-1,97.5,0.0,0.0,0.0,0.0,0.0,0.0,0.48452949258817074,0.0056804221534748995,0.47514139755519064,0.007836964268228165
RELATIVE_A,10,100,0.75,A4_SENSOR_DRIFT,mild,mean_temp_c_-1,99.0,0.0,0.0,0.0,0.0,0.0,0.0,0.48452949258817074,0.0056804221534748995,0.47514139755519064,0.007836964268228165
RELATIVE_A,10,100,0.75,A4_SENSOR_DRIFT,mild,mean_temp_c_1,95.0,0.664557162738112,0.2938852492757125,0.01813537675606641,0.014464975872048806,0.03452443730529369,0.027291850190780047,0.5134716540433524,0.003551255317866107,0.536839660977592,0.008595601969492916
RELATIVE_A,10,100,0.75,A4_SENSOR_DRIFT,mild,mean_temp_c_1,97.5,0.0,0.0,0.0,0.0,0.0,0.0,0.5134716540433524,0.003551255317866107,0.536839660977592,0.008595601969492916
RELATIVE_A,10,100,0.75,A4_SENSOR_DRIFT,mild,mean_temp_c_1,99.0,0.0,0.0,0.0,0.0,0.0,0.0,0.5134716540433524,0.003551255317866107,0.536839660977592,0.008595601969492916
RELATIVE_A,10,100,0.75,A4_SENSOR_DRIFT,mild,mean_voltage_v_-1,95.0,0.613003987232546,0.33518523155258423,0.014048531289910599,0.008193621932232664,0.027010706965943196,0.015481716967070807,0.5966325196317558,0.020390697472403962,0.6438780249125077,0.02061225766580353
RELATIVE_A,10,100,0.75,A4_SENSOR_DRIFT,mild,mean_voltage_v_-1,97.5,0.6666666666666666,0.5773502691896258,0.0010217113665389529,0.0008848279987580471,0.00204029584289722,0.0017669480311847765,0.5966325196317558,0.020390697472403962,0.6438780249125077,0.02061225766580353
RELATIVE_A,10,100,0.75,A4_SENSOR_DRIFT,mild,mean_voltage_v_-1,99.0,0.6666666666666666,0.5773502691896258,0.0010217113665389529,0.0008848279987580471,0.00204029584289722,0.0017669480311847765,0.5966325196317558,0.020390697472403962,0.6438780249125077,0.02061225766580353
RELATIVE_A,10,100,0.75,A4_SENSOR_DRIFT,mild,mean_voltage_v_1,95.0,0.6912206147217742,0.2738732936936996,0.02196679438058748,0.017310772796789192,0.04163070683171027,0.03233604171744031,0.6509156665734619,0.014096991780306826,0.7308545222338326,0.021692908768541064
RELATIVE_A,10,100,0.75,A4_SENSOR_DRIFT,mild,mean_voltage_v_1,97.5,0.3333333333333333,0.5773502691896258,0.0015325670498084292,0.0026544839962741413,0.0030511060259344005,0.005284670656197947,0.6509156665734619,0.014096991780306826,0.7308545222338326,0.021692908768541064
RELATIVE_A,10,100,0.75,A4_SENSOR_DRIFT,mild,mean_voltage_v_1,99.0,0.3333333333333333,0.5773502691896258,0.0015325670498084292,0.0026544839962741413,0.0030511060259344005,0.005284670656197947,0.6509156665734619,0.014096991780306826,0.7308545222338326,0.021692908768541064
RELATIVE_A,10,100,0.75,A4_SENSOR_DRIFT,mild,pooled,95.0,0.6493311143850659,0.3060019785575778,0.016666666666666666,0.012618982034769697,0.03182203709146032,0.023857110765871357,0.5620759692933356,0.009660604235818302,0.5966784014197808,0.010263572968038422
RELATIVE_A,10,100,0.75,A4_SENSOR_DRIFT,mild,pooled,97.5,0.6666666666666666,0.5773502691896258,0.0006385696040868455,0.0007975731798720815,0.0012754779354917608,0.001592564737708609,0.5620759692933356,0.009660604235818302,0.5966784014197808,0.010263572968038422
RELATIVE_A,10,100,0.75,A4_SENSOR_DRIFT,mild,pooled,99.0,0.6666666666666666,0.5773502691896258,0.0006385696040868455,0.0007975731798720815,0.0012754779354917608,0.001592564737708609,0.5620759692933356,0.009660604235818302,0.5966784014197808,0.010263572968038422
RELATIVE_A,10,100,0.75,A4_SENSOR_DRIFT,moderate,mean_temp_c_-1,95.0,0.27830392335267323,0.24353412049101425,0.01251596424010217,0.01116602451820914,0.02395114808080602,0.021346310765219242,0.4935245892565366,0.009003201011705838,0.494358196082334,0.01268359937512741
RELATIVE_A,10,100,0.75,A4_SENSOR_DRIFT,moderate,mean_temp_c_-1,97.5,0.3333333333333333,0.5773502691896258,0.0007662835249042146,0.0013272419981370707,0.0015290519877675841,0.0026483957302276414,0.4935245892565366,0.009003201011705838,0.494358196082334,0.01268359937512741
RELATIVE_A,10,100,0.75,A4_SENSOR_DRIFT,moderate,mean_temp_c_-1,99.0,0.0,0.0,0.0,0.0,0.0,0.0,0.4935245892565366,0.009003201011705838,0.494358196082334,0.01268359937512741
RELATIVE_A,10,100,0.75,A4_SENSOR_DRIFT,moderate,mean_temp_c_1,95.0,0.6785910426814133,0.27887440280361314,0.01966794380587484,0.014505513016092653,0.037416636423619316,0.027341003999718914,0.5321656676292671,0.00601641026355127,0.5756613756613757,0.01242990967567947
RELATIVE_A,10,100,0.75,A4_SENSOR_DRIFT,moderate,mean_temp_c_1,97.5,0.0,0.0,0.0,0.0,0.0,0.0,0.5321656676292671,0.00601641026355127,0.5756613756613757,0.01242990967567947
RELATIVE_A,10,100,0.75,A4_SENSOR_DRIFT,moderate,mean_temp_c_1,99.0,0.0,0.0,0.0,0.0,0.0,0.0,0.5321656676292671,0.00601641026355127,0.5756613756613757,0.01242990967567947
RELATIVE_A,10,100,0.75,A4_SENSOR_DRIFT,moderate,mean_voltage_v_-1,95.0,0.702050510073179,0.2608186534841856,0.024776500638569603,0.014383558850882338,0.047067100219297144,0.02659280164524127,0.6630586523478043,0.02246771033094493,0.7141621469207676,0.018742939674474955
RELATIVE_A,10,100,0.75,A4_SENSOR_DRIFT,moderate,mean_voltage_v_-1,97.5,0.6666666666666666,0.5773502691896258,0.00280970625798212,0.0024632568993596306,0.005595635288020914,0.004905175404322206,0.6630586523478043,0.02246771033094493,0.7141621469207676,0.018742939674474955
RELATIVE_A,10,100,0.75,A4_SENSOR_DRIFT,moderate,mean_voltage_v_-1,99.0,0.6666666666666666,0.5773502691896258,0.0015325670498084292,0.0015325670498084292,0.0030573264292153533,0.0030557689542034896,0.6630586523478043,0.02246771033094493,0.7141621469207676,0.018742939674474955
RELATIVE_A,10,100,0.75,A4_SENSOR_DRIFT,moderate,mean_voltage_v_1,95.0,0.7126638378852491,0.2546206574137823,0.02503192848020434,0.019284379145008298,0.047271209910174056,0.03584248053053828,0.6988886382120009,0.010974137831933966,0.7884634522565558,0.01610522541454898
RELATIVE_A,10,100,0.75,A4_SENSOR_DRIFT,moderate,mean_voltage_v_1,97.5,0.3333333333333333,0.5773502691896258,0.0015325670498084292,0.0026544839962741413,0.0030511060259344005,0.005284670656197947,0.6988886382120009,0.010974137831933966,0.7884634522565558,0.01610522541454898
RELATIVE_A,10,100,0.75,A4_SENSOR_DRIFT,moderate,mean_voltage_v_1,99.0,0.3333333333333333,0.5773502691896258,0.0015325670498084292,0.0026544839962741413,0.0030511060259344005,0.005284670656197947,0.6988886382120009,0.010974137831933966,0.7884634522565558,0.01610522541454898
RELATIVE_A,10,100,0.75,A4_SENSOR_DRIFT,moderate,pooled,95.0,0.6825849100891137,0.2753470286387071,0.02049808429118774,0.014218896179320695,0.039003002751213135,0.026720195041563387,0.6000434273200087,0.011124795512171205,0.6431612927302582,0.01034027268304263
RELATIVE_A,10,100,0.75,A4_SENSOR_DRIFT,moderate,pooled,97.5,1.0,0.0,0.0012771392081736908,0.0007742244989132911,0.0025502243788235205,0.001544214979224484,0.6000434273200087,0.011124795512171205,0.6431612927302582,0.01034027268304263
RELATIVE_A,10,100,0.75,A4_SENSOR_DRIFT,moderate,pooled,99.0,0.6666666666666666,0.5773502691896258,0.0007662835249042146,0.0010136978203312606,0.0015300272734440432,0.00202329784019938,0.6000434273200087,0.011124795512171205,0.6431612927302582,0.01034027268304263
RELATIVE_A,10,100,0.75,A4_SENSOR_DRIFT,strong,mean_temp_c_-1,95.0,0.2744850994409867,0.24116059204687745,0.012260536398467433,0.011051498162341728,0.02346812972446015,0.021126234568105435,0.5144595515112333,0.013941579473684984,0.5301388266905508,0.019516040713986525
RELATIVE_A,10,100,0.75,A4_SENSOR_DRIFT,strong,mean_temp_c_-1,97.5,0.3333333333333333,0.5773502691896258,0.0017879948914431671,0.003096897995653165,0.0035569105691056913,0.006160749823669787,0.5144595515112333,0.013941579473684984,0.5301388266905508,0.019516040713986525
RELATIVE_A,10,100,0.75,A4_SENSOR_DRIFT,strong,mean_temp_c_-1,99.0,0.0,0.0,0.0,0.0,0.0,0.0,0.5144595515112333,0.013941579473684984,0.5301388266905508,0.019516040713986525
RELATIVE_A,10,100,0.75,A4_SENSOR_DRIFT,strong,mean_temp_c_1,95.0,0.6878494931769663,0.2703496097616519,0.020945083014048533,0.014825820547567255,0.03981274713337338,0.02787690362316574,0.5545384618250034,0.0094845389746957,0.6092799920386127,0.016470734185995678
RELATIVE_A,10,100,0.75,A4_SENSOR_DRIFT,strong,mean_temp_c_1,97.5,1.0,0.0,0.0007662835249042146,0.0,0.0015313935681470138,0.0,0.5545384618250034,0.0094845389746957,0.6092799920386127,0.016470734185995678
RELATIVE_A,10,100,0.75,A4_SENSOR_DRIFT,strong,mean_temp_c_1,99.0,0.0,0.0,0.0,0.0,0.0,0.0,0.5545384618250034,0.0094845389746957,0.6092799920386127,0.016470734185995678
RELATIVE_A,10,100,0.75,A4_SENSOR_DRIFT,strong,mean_voltage_v_-1,95.0,0.7395186634545174,0.2280617768952882,0.031928480204342274,0.016724185476240973,0.06026372836472588,0.030441425133459418,0.6945097542497635,0.02022142715220647,0.7453915178053109,0.014170553069204762
RELATIVE_A,10,100,0.75,A4_SENSOR_DRIFT,strong,mean_voltage_v_-1,97.5,0.6666666666666666,0.5773502691896258,0.0038314176245210726,0.003831417624521073,0.007614237753848237,0.007604581201391554,0.6945097542497635,0.02022142715220647,0.7453915178053109,0.014170553069204762
RELATIVE_A,10,100,0.75,A4_SENSOR_DRIFT,strong,mean_voltage_v_-1,99.0,0.6666666666666666,0.5773502691896258,0.0017879948914431675,0.00192843791450083,0.0035646771835351238,0.0038416928727324374,0.6945097542497635,0.02022142715220647,0.7453915178053109,0.014170553069204762
RELATIVE_A,10,100,0.75,A4_SENSOR_DRIFT,strong,mean_voltage_v_1,95.0,0.7407034561969331,0.22926073522869123,0.030140485312899104,0.021678285969572154,0.05664421529063801,0.03991219672273465,0.7242483322226115,0.01112460747933572,0.8157171053722778,0.011731036420202132
RELATIVE_A,10,100,0.75,A4_SENSOR_DRIFT,strong,mean_voltage_v_1,97.5,0.3333333333333333,0.5773502691896258,0.0015325670498084292,0.0026544839962741413,0.0030511060259344005,0.005284670656197947,0.7242483322226115,0.01112460747933572,0.8157171053722778,0.011731036420202132
RELATIVE_A,10,100,0.75,A4_SENSOR_DRIFT,strong,mean_voltage_v_1,99.0,0.3333333333333333,0.5773502691896258,0.0015325670498084292,0.0026544839962741413,0.0030511060259344005,0.005284670656197947,0.7242483322226115,0.01112460747933572,0.8157171053722778,0.011731036420202132
RELATIVE_A,10,100,0.75,A4_SENSOR_DRIFT,strong,pooled,95.0,0.7045131727203291,0.2561294576381724,0.023818646232439334,0.015385817478337494,0.04519779473769577,0.028709972330314804,0.626395362216688,0.010653443770232637,0.675131860476688,0.00902379456308556
RELATIVE_A,10,100,0.75,A4_SENSOR_DRIFT,strong,pooled,97.5,1.0,0.0,0.0019795657726692207,0.00039878658993604054,0.003951098845047457,0.0007945612792430405,0.626395362216688,0.010653443770232637,0.675131860476688,0.00902379456308556
RELATIVE_A,10,100,0.75,A4_SENSOR_DRIFT,strong,pooled,99.0,0.6666666666666666,0.5773502691896258,0.000830140485312899,0.0011225029266441217,0.0016572289498744128,0.002240022656615258,0.626395362216688,0.010653443770232637,0.675131860476688,0.00902379456308556
RELATIVE_A,10,100,1.0,A1_ACCELERATED_DEGRADATION,mild,pooled,95.0,0.4053034807357214,0.05236609234675314,0.011574074074074075,0.0005011721086715503,0.02249690229987386,0.0009235122838717821,0.48296792007890194,0.0028422437853324947,0.4805657016594516,0.006469898547814528
RELATIVE_A,10,100,1.0,A1_ACCELERATED_DEGRADATION,mild,pooled,97.5,0.0,0.0,0.0,0.0,0.0,0.0,0.48296792007890194,0.0028422437853324947,0.4805657016594516,0.006469898547814528
RELATIVE_A,10,100,1.0,A1_ACCELERATED_DEGRADATION,mild,pooled,99.0,0.0,0.0,0.0,0.0,0.0,0.0,0.48296792007890194,0.0028422437853324947,0.4805657016594516,0.006469898547814528
RELATIVE_A,10,100,1.0,A1_ACCELERATED_DEGRADATION,moderate,pooled,95.0,0.14824270348632873,0.20225582864350097,0.004398148148148148,0.006579685512657368,0.008537250262748609,0.012750537501946104,0.48840223740001326,0.004652909746916356,0.49162908850408854,0.009395214770711691
RELATIVE_A,10,100,1.0,A1_ACCELERATED_DEGRADATION,moderate,pooled,97.5,0.0,0.0,0.0,0.0,0.0,0.0,0.48840223740001326,0.004652909746916356,0.49162908850408854,0.009395214770711691
RELATIVE_A,10,100,1.0,A1_ACCELERATED_DEGRADATION,moderate,pooled,99.0,0.0,0.0,0.0,0.0,0.0,0.0,0.48840223740001326,0.004652909746916356,0.49162908850408854,0.009395214770711691
RELATIVE_A,10,100,1.0,A1_ACCELERATED_DEGRADATION,strong,pooled,95.0,0.1557604119409546,0.20249071080634568,0.004629629629629629,0.006693228095660193,0.008985508402489545,0.012964761132916234,0.49220225530963174,0.005396536820119109,0.49917008627946124,0.010329549301570363
RELATIVE_A,10,100,1.0,A1_ACCELERATED_DEGRADATION,strong,pooled,97.5,0.0,0.0,0.0,0.0,0.0,0.0,0.49220225530963174,0.005396536820119109,0.49917008627946124,0.010329549301570363
RELATIVE_A,10,100,1.0,A1_ACCELERATED_DEGRADATION,strong,pooled,99.0,0.0,0.0,0.0,0.0,0.0,0.0,0.49220225530963174,0.005396536820119109,0.49917008627946124,0.010329549301570363
RELATIVE_A,10,100,1.0,A2_EARLY_VOLTAGE_COLLAPSE,mild,pooled,95.0,0.9752221997998155,0.0014397257120503963,0.68,0.13460724761732232,0.7960009280095804,0.096990663139518,0.9754463227398703,0.006331670232671915,0.9810620490620491,0.003411841351366726
RELATIVE_A,10,100,1.0,A2_EARLY_VOLTAGE_COLLAPSE,mild,pooled,97.5,0.9930288327477553,0.012074415868948172,0.24133333333333332,0.07562480486659857,0.38396248176305026,0.09996901707441065,0.9754463227398703,0.006331670232671915,0.9810620490620491,0.003411841351366726
RELATIVE_A,10,100,1.0,A2_EARLY_VOLTAGE_COLLAPSE,mild,pooled,99.0,0.9919583118888317,0.013928612387166089,0.17244444444444443,0.0874765577063258,0.28713366810418334,0.126084645505172,0.9754463227398703,0.006331670232671915,0.9810620490620491,0.003411841351366726
RELATIVE_A,10,100,1.0,A2_EARLY_VOLTAGE_COLLAPSE,moderate,pooled,95.0,0.9801271800588314,0.0011831558449600457,0.8493333333333334,0.14666060593538174,0.90529444541932,0.08779736729307179,0.9869041381609817,0.005603623446777236,0.9914574314574315,0.0028664198509319935
RELATIVE_A,10,100,1.0,A2_EARLY_VOLTAGE_COLLAPSE,moderate,pooled,97.5,0.9945500523194978,0.00943958628122208,0.308,0.09966164981799391,0.4639483329832766,0.11968044144801879,0.9869041381609817,0.005603623446777236,0.9914574314574315,0.0028664198509319935
RELATIVE_A,10,100,1.0,A2_EARLY_VOLTAGE_COLLAPSE,moderate,pooled,99.0,0.9936801658324486,0.010946273873608857,0.2275555555555556,0.11364923294131003,0.3604323848801611,0.1530460573707913,0.9869041381609817,0.005603623446777236,0.9914574314574315,0.0028664198509319935
RELATIVE_A,10,100,1.0,A2_EARLY_VOLTAGE_COLLAPSE,strong,pooled,95.0,0.9808558214556561,0.001122366352153444,0.8822222222222221,0.15174442451164505,0.9240874786859016,0.08786885443986651,0.9882942613146831,0.005638626642279157,0.9926522366522367,0.002855336347865031
RELATIVE_A,10,100,1.0,A2_EARLY_VOLTAGE_COLLAPSE,strong,pooled,97.5,0.9947098903889288,0.009162738623983622,0.3164444444444445,0.10654437434094635,0.47296891057505847,0.12701431642951463,0.9882942613146831,0.005638626642279157,0.9926522366522367,0.002855336347865031
RELATIVE_A,10,100,1.0,A2_EARLY_VOLTAGE_COLLAPSE,strong,pooled,99.0,0.9938940992575226,0.010575730311943598,0.23377777777777778,0.11891609242250198,0.36789428719548156,0.15850266238653452,0.9882942613146831,0.005638626642279157,0.9926522366522367,0.002855336347865031
RELATIVE_A,10,100,1.0,A3_THERMAL_ABNORMALITY,mild,pooled,95.0,0.5572283279055471,0.08913591819001801,0.02311111111111111,0.011181996111474775,0.044249896274470735,0.020787587586684766,0.6398880963882602,0.024288556012066014,0.6867965367965368,0.019204359040542223
RELATIVE_A,10,100,1.0,A3_THERMAL_ABNORMALITY,mild,pooled,97.5,0.8738647830474268,0.21847260438557992,0.009333333333333334,0.0023094010767585028,0.018442212749462596,0.0045013938700843754,0.6398880963882602,0.024288556012066014,0.6867965367965368,0.019204359040542223
RELATIVE_A,10,100,1.0,A3_THERMAL_ABNORMALITY,mild,pooled,99.0,0.8632385120350109,0.2368778456740806,0.006666666666666667,0.0035276684147527875,0.013189333358141805,0.006929709831905351,0.6398880963882602,0.024288556012066014,0.6867965367965368,0.019204359040542223
RELATIVE_A,10,100,1.0,A3_THERMAL_ABNORMALITY,moderate,pooled,95.0,0.742344607849247,0.09572942113705457,0.059111111111111114,0.03376607984572903,0.1084521989795757,0.05959315735341478,0.7875606790119914,0.03603420206850397,0.8399018759018758,0.02207617739194731
RELATIVE_A,10,100,1.0,A3_THERMAL_ABNORMALITY,moderate,pooled,97.5,0.897708674304419,0.17717377327832215,0.014666666666666666,0.005333333333333332,0.028811746200879017,0.01036108463853886,0.7875606790119914,0.03603420206850397,0.8399018759018758,0.02207617739194731
RELATIVE_A,10,100,1.0,A3_THERMAL_ABNORMALITY,moderate,pooled,99.0,0.8908296943231441,0.1890885161101394,0.010222222222222223,0.004286067004885759,0.02015790816534345,0.008357656378769056,0.7875606790119914,0.03603420206850397,0.8399018759018758,0.02207617739194731
RELATIVE_A,10,100,1.0,A3_THERMAL_ABNORMALITY,strong,pooled,95.0,0.8225383159577745,0.0846671402318601,0.10088888888888888,0.061915115129356595,0.1764709922945489,0.10199398342258241,0.8689784907982655,0.036262661456050976,0.9135151515151515,0.018002481874669372
RELATIVE_A,10,100,1.0,A3_THERMAL_ABNORMALITY,strong,pooled,97.5,0.9347258485639687,0.11305814670815124,0.031111111111111114,0.010095837059200485,0.06011266196658254,0.01896673497616453,0.8689784907982655,0.036262661456050976,0.9135151515151515,0.018002481874669372
RELATIVE_A,10,100,1.0,A3_THERMAL_ABNORMALITY,strong,pooled,99.0,0.9290176036342986,0.1229451169483871,0.021777777777777774,0.0038490017945975057,0.0425102132208209,0.007305722228059088,0.8689784907982655,0.036262661456050976,0.9135151515151515,0.018002481874669372
RELATIVE_A,10,100,1.0,A4_SENSOR_DRIFT,mild,mean_temp_c_-1,95.0,0.35885890417253535,0.06370540828400267,0.00996168582375479,0.004054791281325043,0.01936163429796445,0.007754315138651832,0.48392010176743105,0.0034025884829417315,0.4765238592824799,0.006237283082026233
RELATIVE_A,10,100,1.0,A4_SENSOR_DRIFT,mild,mean_temp_c_-1,97.5,0.1716833890746934,0.2973643526929845,0.0022988505747126436,0.003981725994411212,0.004536951109932682,0.007858229833859415,0.48392010176743105,0.0034025884829417315,0.4765238592824799,0.006237283082026233
RELATIVE_A,10,100,1.0,A4_SENSOR_DRIFT,mild,mean_temp_c_-1,99.0,0.1716833890746934,0.2973643526929845,0.0022988505747126436,0.003981725994411212,0.004536951109932682,0.007858229833859415,0.48392010176743105,0.0034025884829417315,0.4765238592824799,0.006237283082026233
RELATIVE_A,10,100,1.0,A4_SENSOR_DRIFT,mild,mean_temp_c_1,95.0,0.44916998090893995,0.08982847865152185,0.01532567049808429,0.007389770698078893,0.029581650944096444,0.01407459717027366,0.5161172118069398,0.007413647483639221,0.5401743212088039,0.00917720552836056
RELATIVE_A,10,100,1.0,A4_SENSOR_DRIFT,mild,mean_temp_c_1,97.5,0.1716833890746934,0.2973643526929845,0.0022988505747126436,0.003981725994411212,0.004536951109932682,0.007858229833859415,0.5161172118069398,0.007413647483639221,0.5401743212088039,0.00917720552836056
RELATIVE_A,10,100,1.0,A4_SENSOR_DRIFT,mild,mean_temp_c_1,99.0,0.1716833890746934,0.2973643526929845,0.0022988505747126436,0.003981725994411212,0.004536951109932682,0.007858229833859415,0.5161172118069398,0.007413647483639221,0.5401743212088039,0.00917720552836056
RELATIVE_A,10,100,1.0,A4_SENSOR_DRIFT,mild,mean_voltage_v_-1,95.0,0.39286208291432995,0.05214985680259346,0.01098339719029374,0.0004424139993790234,0.021361175638745195,0.000813856002532996,0.5803264104793996,0.0061531024097265805,0.6255485893416928,0.011221947914527151
RELATIVE_A,10,100,1.0,A4_SENSOR_DRIFT,mild,mean_voltage_v_-1,97.5,0.7538200339558574,0.426396208994036,0.0033205619412515967,0.0024632568993596306,0.006601302193852243,0.004893938817254255,0.5803264104793996,0.0061531024097265805,0.6255485893416928,0.011221947914527151
RELATIVE_A,10,100,1.0,A4_SENSOR_DRIFT,mild,mean_voltage_v_-1,99.0,0.03518391592414896,0.06094032998985769,0.0002554278416347382,0.00044241399937902355,0.0005071737086418778,0.0008784506316308668,0.5803264104793996,0.0061531024097265805,0.6255485893416928,0.011221947914527151
RELATIVE_A,10,100,1.0,A4_SENSOR_DRIFT,mild,mean_voltage_v_1,95.0,0.5449309680684702,0.01812063486468246,0.020689655172413793,0.0042664861017854576,0.03982464755155736,0.00794337141078039,0.6506839477749097,0.014119648162536877,0.7256132756132757,0.01621227341850864
RELATIVE_A,10,100,1.0,A4_SENSOR_DRIFT,mild,mean_voltage_v_1,97.5,0.1507903203245209,0.2611764960916561,0.0017879948914431671,0.003096897995653165,0.0035340844082293672,0.0061212137532902534,0.6506839477749097,0.014119648162536877,0.7256132756132757,0.01621227341850864
RELATIVE_A,10,100,1.0,A4_SENSOR_DRIFT,mild,mean_voltage_v_1,99.0,0.1507903203245209,0.2611764960916561,0.0017879948914431671,0.003096897995653165,0.0035340844082293672,0.0061212137532902534,0.6506839477749097,0.014119648162536877,0.7256132756132757,0.01621227341850864
RELATIVE_A,10,100,1.0,A4_SENSOR_DRIFT,mild,pooled,95.0,0.4496991110640749,0.012893357974331861,0.014240102171136653,0.003585669257054012,0.027577035235382436,0.006782725570111006,0.5582994362927218,0.002760195492886056,0.5919650113615631,0.001000184152373524
RELATIVE_A,10,100,1.0,A4_SENSOR_DRIFT,mild,pooled,97.5,0.8174569869911875,0.3161737730979697,0.0024265644955300124,0.0026079920634306687,0.004809562343721129,0.005146122832062659,0.5582994362927218,0.002760195492886056,0.5919650113615631,0.001000184152373524
RELATIVE_A,10,100,1.0,A4_SENSOR_DRIFT,mild,pooled,99.0,0.14469499855449552,0.25061908909749153,0.0016602809706257984,0.0028756909959636533,0.0032828928812714407,0.005686137266168318,0.5582994362927218,0.002760195492886056,0.5919650113615631,0.001000184152373524
RELATIVE_A,10,100,1.0,A4_SENSOR_DRIFT,moderate,mean_temp_c_-1,95.0,0.35446571080887396,0.05664611030302996,0.00970625798212005,0.003621314656132267,0.01887419053461478,0.0069264554307095876,0.493300102746632,0.0063533163520048805,0.4956593853145577,0.012114866110362027
RELATIVE_A,10,100,1.0,A4_SENSOR_DRIFT,moderate,mean_temp_c_-1,97.5,0.1716833890746934,0.2973643526929845,0.0022988505747126436,0.003981725994411212,0.004536951109932682,0.007858229833859415,0.493300102746632,0.0063533163520048805,0.4956593853145577,0.012114866110362027
RELATIVE_A,10,100,1.0,A4_SENSOR_DRIFT,moderate,mean_temp_c_-1,99.0,0.1716833890746934,0.2973643526929845,0.0022988505747126436,0.003981725994411212,0.004536951109932682,0.007858229833859415,0.493300102746632,0.0063533163520048805,0.4956593853145577,0.012114866110362027
RELATIVE_A,10,100,1.0,A4_SENSOR_DRIFT,moderate,mean_temp_c_1,95.0,0.4321262376419055,0.07464642111103327,0.014048531289910599,0.006241017482947951,0.02716596190862083,0.011903087182641338,0.5397614285439083,0.01372720332545689,0.5839428770463253,0.018366519768532662
RELATIVE_A,10,100,1.0,A4_SENSOR_DRIFT,moderate,mean_temp_c_1,97.5,0.1716833890746934,0.2973643526929845,0.0022988505747126436,0.003981725994411212,0.004536951109932682,0.007858229833859415,0.5397614285439083,0.01372720332545689,0.5839428770463253,0.018366519768532662
RELATIVE_A,10,100,1.0,A4_SENSOR_DRIFT,moderate,mean_temp_c_1,99.0,0.1716833890746934,0.2973643526929845,0.0022988505747126436,0.003981725994411212,0.004536951109932682,0.007858229833859415,0.5397614285439083,0.01372720332545689,0.5839428770463253,0.018366519768532662
RELATIVE_A,10,100,1.0,A4_SENSOR_DRIFT,moderate,mean_voltage_v_-1,95.0,0.48549637846084864,0.07107048731082133,0.016091954022988506,0.0013272419981370694,0.031144595282132242,0.0025865937595902504,0.6435430005721927,0.006050149632652003,0.6966678277023105,0.008092959154203414
RELATIVE_A,10,100,1.0,A4_SENSOR_DRIFT,moderate,mean_voltage_v_-1,97.5,0.8048452220726783,0.33801799070994243,0.0053639846743295016,0.0020273956406625213,0.01064574873569362,0.004018942104607547,0.6435430005721927,0.006050149632652003,0.6966678277023105,0.008092959154203414
RELATIVE_A,10,100,1.0,A4_SENSOR_DRIFT,moderate,mean_voltage_v_-1,99.0,0.1068887732083984,0.18513678595565303,0.0010217113665389529,0.0017696559975160942,0.002024075324517434,0.003505801300410659,0.6435430005721927,0.006050149632652003,0.6966678277023105,0.008092959154203414
RELATIVE_A,10,100,1.0,A4_SENSOR_DRIFT,moderate,mean_voltage_v_1,95.0,0.5463424837365541,0.016576903683142123,0.02094508301404853,0.005102167140597237,0.04029340304545912,0.009524223265232829,0.7022188081468013,0.013770004736358848,0.7873455407938167,0.014962356360395794
RELATIVE_A,10,100,1.0,A4_SENSOR_DRIFT,moderate,mean_voltage_v_1,97.5,0.1507903203245209,0.2611764960916561,0.0017879948914431671,0.003096897995653165,0.0035340844082293672,0.0061212137532902534,0.7022188081468013,0.013770004736358848,0.7873455407938167,0.014962356360395794
RELATIVE_A,10,100,1.0,A4_SENSOR_DRIFT,moderate,mean_voltage_v_1,99.0,0.1507903203245209,0.2611764960916561,0.0017879948914431671,0.003096897995653165,0.0035340844082293672,0.0061212137532902534,0.7022188081468013,0.013770004736358848,0.7873455407938167,0.014962356360395794
RELATIVE_A,10,100,1.0,A4_SENSOR_DRIFT,moderate,pooled,95.0,0.4676477758889597,0.0032292688381498347,0.015197956577266922,0.0032132172734122924,0.029411575849593502,0.006049218418912847,0.5973203319830536,0.004334638193222973,0.6409039077142525,0.0021045055007074473
RELATIVE_A,10,100,1.0,A4_SENSOR_DRIFT,moderate,pooled,97.5,0.8258955373223934,0.3015577751820939,0.0029374201787994887,0.002642937686663458,0.005823171015173385,0.005205180088453303,0.5973203319830536,0.004334638193222973,0.6409039077142525,0.0021045055007074473
RELATIVE_A,10,100,1.0,A4_SENSOR_DRIFT,moderate,pooled,99.0,0.1536926147704591,0.26620341753054605,0.001851851851851852,0.003207501495497921,0.0036596088495995816,0.006338628463335165,0.5973203319830536,0.004334638193222973,0.6409039077142525,0.0021045055007074473
RELATIVE_A,10,100,1.0,A4_SENSOR_DRIFT,strong,mean_temp_c_-1,95.0,0.3478974401936407,0.0661191896286941,0.009450830140485313,0.0037799868676752857,0.018380913198742754,0.0072364625956911075,0.5182890982129204,0.010084141894509489,0.5330629778905641,0.01706944361707429
RELATIVE_A,10,100,1.0,A4_SENSOR_DRIFT,strong,mean_temp_c_-1,97.5,0.1716833890746934,0.2973643526929845,0.0022988505747126436,0.003981725994411212,0.004536951109932682,0.007858229833859415,0.5182890982129204,0.010084141894509489,0.5330629778905641,0.01706944361707429
RELATIVE_A,10,100,1.0,A4_SENSOR_DRIFT,strong,mean_temp_c_-1,99.0,0.1716833890746934,0.2973643526929845,0.0022988505747126436,0.003981725994411212,0.004536951109932682,0.007858229833859415,0.5182890982129204,0.010084141894509489,0.5330629778905641,0.01706944361707429
RELATIVE_A,10,100,1.0,A4_SENSOR_DRIFT,strong,mean_temp_c_1,95.0,0.4687091933985486,0.09036660922639883,0.016602809706257982,0.008193621932232662,0.031998562045061435,0.01555069206143164,0.5654850893542213,0.020048465838478545,0.6235557545902374,0.025712012017654575
RELATIVE_A,10,100,1.0,A4_SENSOR_DRIFT,strong,mean_temp_c_1,97.5,0.5137668424135912,0.5005682549364492,0.0030651340996168583,0.004054791281325043,0.006057395752406423,0.007989210772201216,0.5654850893542213,0.020048465838478545,0.6235557545902374,0.025712012017654575
RELATIVE_A,10,100,1.0,A4_SENSOR_DRIFT,strong,mean_temp_c_1,99.0,0.1716833890746934,0.2973643526929845,0.0022988505747126436,0.003981725994411212,0.004536951109932682,0.007858229833859415,0.5654850893542213,0.020048465838478545,0.6235557545902374,0.025712012017654575
RELATIVE_A,10,100,1.0,A4_SENSOR_DRIFT,strong,mean_voltage_v_-1,95.0,0.5462146876399696,0.03634935627659729,0.020689655172413793,0.003511552256671141,0.03983779263433076,0.006517607966100918,0.6748230066773405,0.008576868537550918,0.7302391733426217,0.007640684184473814
RELATIVE_A,10,100,1.0,A4_SENSOR_DRIFT,strong,mean_voltage_v_-1,97.5,0.8285376428852976,0.2969815141081835,0.006130268199233717,0.0022988505747126436,0.01215286821384603,0.004542037226887473,0.6748230066773405,0.008576868537550918,0.7302391733426217,0.007640684184473814
RELATIVE_A,10,100,1.0,A4_SENSOR_DRIFT,strong,mean_voltage_v_-1,99.0,0.12369477911646586,0.21424564206072855,0.0012771392081736908,0.0022120699968951178,0.0025281751992579644,0.004378927895550364,0.6748230066773405,0.008576868537550918,0.7302391733426217,0.007640684184473814
RELATIVE_A,10,100,1.0,A4_SENSOR_DRIFT,strong,mean_voltage_v_1,95.0,0.584429805072833,0.047887881059987425,0.02503192848020434,0.008881399055281588,0.04790481198086565,0.01647526740130156,0.7272396644846447,0.012947192811717467,0.8145087989915577,0.013644319283389038
RELATIVE_A,10,100,1.0,A4_SENSOR_DRIFT,strong,mean_voltage_v_1,97.5,0.18043350908025776,0.31252000511494676,0.0025542784163473816,0.0044241399937902355,0.005037247830957814,0.008724769173535055,0.7272396644846447,0.012947192811717467,0.8145087989915577,0.013644319283389038
RELATIVE_A,10,100,1.0,A4_SENSOR_DRIFT,strong,mean_voltage_v_1,99.0,0.1507903203245209,0.2611764960916561,0.0017879948914431671,0.003096897995653165,0.0035340844082293672,0.0061212137532902534,0.7272396644846447,0.012947192811717467,0.8145087989915577,0.013644319283389038
RELATIVE_A,10,100,1.0,A4_SENSOR_DRIFT,strong,pooled,95.0,0.5059611916261454,0.018538080010193872,0.017943805874840357,0.0049451021447124745,0.034613318036009394,0.009306940987515439,0.6249370143872636,0.005396301949097166,0.6753416762037453,0.0033944391449146215
RELATIVE_A,10,100,1.0,A4_SENSOR_DRIFT,strong,pooled,97.5,0.8406301520424986,0.27603667385691943,0.0035121328224776496,0.0031902927194883256,0.0069562111844935935,0.006276872417236539,0.6249370143872636,0.005396301949097166,0.6753416762037453,0.0033944391449146215
RELATIVE_A,10,100,1.0,A4_SENSOR_DRIFT,strong,pooled,99.0,0.1565040650406504,0.27107299224147063,0.0019157088122605363,0.003318104995342677,0.003785085778892002,0.006555960880047366,0.6249370143872636,0.005396301949097166,0.6753416762037453,0.0033944391449146215
RELATIVE_A,10,200,0.75,A1_ACCELERATED_DEGRADATION,mild,pooled,95.0,0.3752821931009513,0.1276773530417372,0.0140625,0.0070713235605612155,0.027076914103461542,0.013483915161532058,0.4863921087841676,0.003366876340031533,0.4878521073833573,0.007828004606128047
RELATIVE_A,10,200,0.75,A1_ACCELERATED_DEGRADATION,mild,pooled,97.5,0.3333333333333333,0.5773502691896258,5.787037037037037e-05,0.00010023442173431003,0.00011572065035005499,0.00020043404589120843,0.4863921087841676,0.003366876340031533,0.4878521073833573,0.007828004606128047
RELATIVE_A,10,200,0.75,A1_ACCELERATED_DEGRADATION,mild,pooled,99.0,0.0,0.0,0.0,0.0,0.0,0.0,0.4863921087841676,0.003366876340031533,0.4878521073833573,0.007828004606128047
RELATIVE_A,10,200,0.75,A1_ACCELERATED_DEGRADATION,moderate,pooled,95.0,0.3737435958528839,0.12699091835706852,0.013946759259259258,0.006966833122752981,0.026859101704733473,0.013289964506080163,0.49198204701470355,0.005170681938301764,0.5010333994708994,0.00900341637382189
RELATIVE_A,10,200,0.75,A1_ACCELERATED_DEGRADATION,moderate,pooled,97.5,0.3333333333333333,0.5773502691896258,5.787037037037037e-05,0.00010023442173431003,0.00011572065035005499,0.00020043404589120843,0.49198204701470355,0.005170681938301764,0.5010333994708994,0.00900341637382189
RELATIVE_A,10,200,0.75,A1_ACCELERATED_DEGRADATION,moderate,pooled,99.0,0.3333333333333333,0.5773502691896258,5.787037037037037e-05,0.00010023442173431003,0.00011572065035005499,0.00020043404589120843,0.49198204701470355,0.005170681938301764,0.5010333994708994,0.00900341637382189
RELATIVE_A,10,200,0.75,A1_ACCELERATED_DEGRADATION,strong,pooled,95.0,0.307370618238724,0.1486875062134338,0.010243055555555556,0.006635942657505691,0.0198117856327425,0.012736122154785375,0.4961988363138792,0.005439565615801146,0.5094296762265512,0.009223518861261467
RELATIVE_A,10,200,0.75,A1_ACCELERATED_DEGRADATION,strong,pooled,97.5,0.3333333333333333,0.5773502691896258,5.787037037037037e-05,0.00010023442173431003,0.00011572065035005499,0.00020043404589120843,0.4961988363138792,0.005439565615801146,0.5094296762265512,0.009223518861261467
RELATIVE_A,10,200,0.75,A1_ACCELERATED_DEGRADATION,strong,pooled,99.0,0.3333333333333333,0.5773502691896258,5.787037037037037e-05,0.00010023442173431003,0.00011572065035005499,0.00020043404589120843,0.4961988363138792,0.005439565615801146,0.5094296762265512,0.009223518861261467
RELATIVE_A,10,200,0.75,A2_EARLY_VOLTAGE_COLLAPSE,mild,pooled,95.0,0.975337575644474,0.003132922442441845,0.8528888888888888,0.03772021758705556,0.909679593912139,0.02016692904232055,0.9827977978008017,0.009120760238530617,0.985038961038961,0.005254983329818295
RELATIVE_A,10,200,0.75,A2_EARLY_VOLTAGE_COLLAPSE,mild,pooled,97.5,1.0,0.0,0.34577777777777774,0.18970073898214096,0.49503748955138227,0.2007307965985774,0.9827977978008017,0.009120760238530617,0.985038961038961,0.005254983329818295
RELATIVE_A,10,200,0.75,A2_EARLY_VOLTAGE_COLLAPSE,mild,pooled,99.0,1.0,0.0,0.2786666666666667,0.1340049750320238,0.4242725522824673,0.16630557261445014,0.9827977978008017,0.009120760238530617,0.985038961038961,0.005254983329818295
RELATIVE_A,10,200,0.75,A2_EARLY_VOLTAGE_COLLAPSE,moderate,pooled,95.0,0.9783863858608375,0.0034963240783424895,0.9786666666666667,0.008000000000000007,0.9785053830162221,0.002664675615277073,0.9929251426991152,0.008017658568103431,0.9948600288600288,0.004906917018178472
RELATIVE_A,10,200,0.75,A2_EARLY_VOLTAGE_COLLAPSE,moderate,pooled,97.5,1.0,0.0,0.452,0.266453247931665,0.5931746780504081,0.2411412360234508,0.9929251426991152,0.008017658568103431,0.9948600288600288,0.004906917018178472
RELATIVE_A,10,200,0.75,A2_EARLY_VOLTAGE_COLLAPSE,moderate,pooled,99.0,1.0,0.0,0.36177777777777775,0.18467669447302082,0.5129416378745413,0.20402598015854453,0.9929251426991152,0.008017658568103431,0.9948600288600288,0.004906917018178472
RELATIVE_A,10,200,0.75,A2_EARLY_VOLTAGE_COLLAPSE,strong,pooled,95.0,0.9787720611153822,0.003541117774559252,0.9973333333333333,0.0035276684147528604,0.9879585917088467,0.001498952480011297,0.9940240366417793,0.007930104414747242,0.9958701298701298,0.004918731991246956
RELATIVE_A,10,200,0.75,A2_EARLY_VOLTAGE_COLLAPSE,strong,pooled,97.5,1.0,0.0,0.4728888888888889,0.2846013456151006,0.6100188020691233,0.25004069100289905,0.9940240366417793,0.007930104414747242,0.9958701298701298,0.004918731991246956
RELATIVE_A,10,200,0.75,A2_EARLY_VOLTAGE_COLLAPSE,strong,pooled,99.0,1.0,0.0,0.37822222222222224,0.20066703580623116,0.5278922928768716,0.2167273180303591,0.9940240366417793,0.007930104414747242,0.9958701298701298,0.004918731991246956
RELATIVE_A,10,200,0.75,A3_THERMAL_ABNORMALITY,mild,pooled,95.0,0.5470306866078397,0.05184806763525435,0.02666666666666667,0.007423685817106693,0.05078577436187589,0.013683996283478089,0.6287985785639729,0.012496155558856423,0.6769783549783549,0.009993862549410511
RELATIVE_A,10,200,0.75,A3_THERMAL_ABNORMALITY,mild,pooled,97.5,0.6666666666666666,0.5773502691896258,0.004,0.0035276684147527875,0.007951704229393201,0.007011272719651618,0.6287985785639729,0.012496155558856423,0.6769783549783549,0.009993862549410511
RELATIVE_A,10,200,0.75,A3_THERMAL_ABNORMALITY,mild,pooled,99.0,0.6666666666666666,0.5773502691896258,0.003555555555555556,0.0033554819712314447,0.007071053534207541,0.006667929348757982,0.6287985785639729,0.012496155558856423,0.6769783549783549,0.009993862549410511
RELATIVE_A,10,200,0.75,A3_THERMAL_ABNORMALITY,moderate,pooled,95.0,0.7538810840118396,0.07822460153163695,0.0768888888888889,0.04839344920467982,0.13746632288528268,0.07968092602910823,0.7798325714017595,0.018048151353821693,0.8318874458874458,0.013270422788563958
RELATIVE_A,10,200,0.75,A3_THERMAL_ABNORMALITY,moderate,pooled,97.5,1.0,0.0,0.009333333333333334,0.001333333333333334,0.018491750258235795,0.0026175825345569727,0.7798325714017595,0.018048151353821693,0.8318874458874458,0.013270422788563958
RELATIVE_A,10,200,0.75,A3_THERMAL_ABNORMALITY,moderate,pooled,99.0,1.0,0.0,0.008444444444444444,0.0007698003589195014,0.016746695742732732,0.0015132579238997567,0.7798325714017595,0.018048151353821693,0.8318874458874458,0.013270422788563958
RELATIVE_A,10,200,0.75,A3_THERMAL_ABNORMALITY,strong,pooled,95.0,0.8417134476531841,0.064483966198192,0.14533333333333334,0.11015141094572205,0.23886351975034456,0.1570042786945732,0.8651568003355169,0.01939277385424332,0.9097979797979799,0.011208053327259581
RELATIVE_A,10,200,0.75,A3_THERMAL_ABNORMALITY,strong,pooled,97.5,1.0,0.0,0.027999999999999997,0.003527668414752788,0.054459409149914983,0.0066874494740555785,0.8651568003355169,0.01939277385424332,0.9097979797979799,0.011208053327259581
RELATIVE_A,10,200,0.75,A3_THERMAL_ABNORMALITY,strong,pooled,99.0,1.0,0.0,0.025777777777777778,0.0030792014356780043,0.05024827288428324,0.005842680023372991,0.8651568003355169,0.01939277385424332,0.9097979797979799,0.011208053327259581
RELATIVE_A,10,200,0.75,A4_SENSOR_DRIFT,mild,mean_temp_c_-1,95.0,0.397150942570021,0.057096329634711236,0.014814814814814815,0.0059520716208076845,0.0285185540548368,0.011175787997763698,0.48362621286660995,0.0030213147160337624,0.4770114942528736,0.003887715964351819
RELATIVE_A,10,200,0.75,A4_SENSOR_DRIFT,mild,mean_temp_c_-1,97.5,0.0,0.0,0.0,0.0,0.0,0.0,0.48362621286660995,0.0030213147160337624,0.4770114942528736,0.003887715964351819
RELATIVE_A,10,200,0.75,A4_SENSOR_DRIFT,mild,mean_temp_c_-1,99.0,0.0,0.0,0.0,0.0,0.0,0.0,0.48362621286660995,0.0030213147160337624,0.4770114942528736,0.003887715964351819
RELATIVE_A,10,200,0.75,A4_SENSOR_DRIFT,mild,mean_temp_c_1,95.0,0.4873705870905365,0.035910730702043585,0.020689655172413793,0.004266486101785457,0.0396624887870844,0.007919565654428078,0.5104183661406705,0.004977267479830092,0.535255676634987,0.007621562261356691
RELATIVE_A,10,200,0.75,A4_SENSOR_DRIFT,mild,mean_temp_c_1,97.5,0.0,0.0,0.0,0.0,0.0,0.0,0.5104183661406705,0.004977267479830092,0.535255676634987,0.007621562261356691
RELATIVE_A,10,200,0.75,A4_SENSOR_DRIFT,mild,mean_temp_c_1,99.0,0.0,0.0,0.0,0.0,0.0,0.0,0.5104183661406705,0.004977267479830092,0.535255676634987,0.007621562261356691
RELATIVE_A,10,200,0.75,A4_SENSOR_DRIFT,mild,mean_voltage_v_-1,95.0,0.42714743113654424,0.021844217611972725,0.016347381864623242,0.0044241399937902355,0.031454825277223375,0.008239284814626966,0.5923305875681015,0.008443596910586219,0.64172845034914,0.006108395812799702
RELATIVE_A,10,200,0.75,A4_SENSOR_DRIFT,mild,mean_voltage_v_-1,97.5,0.3333333333333333,0.5773502691896258,0.0020434227330779057,0.003539311995032189,0.004061944656004062,0.007035494521731921,0.5923305875681015,0.008443596910586219,0.64172845034914,0.006108395812799702
RELATIVE_A,10,200,0.75,A4_SENSOR_DRIFT,mild,mean_voltage_v_-1,99.0,0.0,0.0,0.0,0.0,0.0,0.0,0.5923305875681015,0.008443596910586219,0.64172845034914,0.006108395812799702
RELATIVE_A,10,200,0.75,A4_SENSOR_DRIFT,mild,mean_voltage_v_1,95.0,0.5443427972516003,0.04033068586562318,0.026053639846743294,0.005525749081170863,0.0496819769757616,0.01018012426560442,0.6407467305251999,0.01703947239805356,0.7184770529598117,0.02486596114301799
RELATIVE_A,10,200,0.75,A4_SENSOR_DRIFT,mild,mean_voltage_v_1,97.5,0.6666666666666666,0.5773502691896258,0.0025542784163473816,0.0022120699968951178,0.0050890585241730275,0.004407253963279586,0.6407467305251999,0.01703947239805356,0.7184770529598117,0.02486596114301799
RELATIVE_A,10,200,0.75,A4_SENSOR_DRIFT,mild,mean_voltage_v_1,99.0,0.3333333333333333,0.5773502691896258,0.0012771392081736908,0.0022120699968951178,0.0025445292620865138,0.004407253963279586,0.6407467305251999,0.01703947239805356,0.7184770529598117,0.02486596114301799
RELATIVE_A,10,200,0.75,A4_SENSOR_DRIFT,mild,pooled,95.0,0.47100006524099675,0.03219974020713961,0.019476372924648787,0.004809662849974598,0.037367358484877745,0.008926853007164495,0.5572974519126176,0.003161932557319501,0.5931181685492031,0.005995823049610508
RELATIVE_A,10,200,0.75,A4_SENSOR_DRIFT,mild,pooled,97.5,0.6666666666666666,0.5773502691896258,0.0011494252873563218,0.001256214276686207,0.0022941149757809217,0.002505964556254393,0.5572974519126176,0.003161932557319501,0.5931181685492031,0.005995823049610508
RELATIVE_A,10,200,0.75,A4_SENSOR_DRIFT,mild,pooled,99.0,0.3333333333333333,0.5773502691896258,0.0003192848020434227,0.0005530174992237794,0.0006379585326953748,0.00110497659175048,0.5572974519126176,0.003161932557319501,0.5931181685492031,0.005995823049610508
RELATIVE_A,10,200,0.75,A4_SENSOR_DRIFT,moderate,mean_temp_c_-1,95.0,0.37981586395641725,0.05148274255157954,0.013537675606641125,0.004220360572633029,0.0261174810459697,0.007965028082454957,0.4936858413471276,0.004103655543609691,0.4960624305451891,0.010349448298634883
RELATIVE_A,10,200,0.75,A4_SENSOR_DRIFT,moderate,mean_temp_c_-1,97.5,0.0,0.0,0.0,0.0,0.0,0.0,0.4936858413471276,0.004103655543609691,0.4960624305451891,0.010349448298634883
RELATIVE_A,10,200,0.75,A4_SENSOR_DRIFT,moderate,mean_temp_c_-1,99.0,0.0,0.0,0.0,0.0,0.0,0.0,0.4936858413471276,0.004103655543609691,0.4960624305451891,0.010349448298634883
RELATIVE_A,10,200,0.75,A4_SENSOR_DRIFT,moderate,mean_temp_c_1,95.0,0.5239726205586891,0.061121370320620254,0.02426564495530013,0.006426434546824585,0.04633656988775736,0.011965619668848642,0.5301101986616336,0.007936996075821738,0.5730589971969282,0.013269724186448952
RELATIVE_A,10,200,0.75,A4_SENSOR_DRIFT,moderate,mean_temp_c_1,97.5,0.0,0.0,0.0,0.0,0.0,0.0,0.5301101986616336,0.007936996075821738,0.5730589971969282,0.013269724186448952
RELATIVE_A,10,200,0.75,A4_SENSOR_DRIFT,moderate,mean_temp_c_1,99.0,0.0,0.0,0.0,0.0,0.0,0.0,0.5301101986616336,0.007936996075821738,0.5730589971969282,0.013269724186448952
RELATIVE_A,10,200,0.75,A4_SENSOR_DRIFT,moderate,mean_voltage_v_-1,95.0,0.504663653780343,0.04252957792869809,0.0227330779054917,0.008193621932232664,0.04341915125508733,0.015095750805437874,0.6557865596727395,0.00810861044475821,0.7109568592327213,0.0053450818455059975
RELATIVE_A,10,200,0.75,A4_SENSOR_DRIFT,moderate,mean_voltage_v_-1,97.5,0.3333333333333333,0.5773502691896258,0.00280970625798212,0.004866553993169259,0.005572441742654508,0.009651752220495262,0.6557865596727395,0.00810861044475821,0.7109568592327213,0.0053450818455059975
RELATIVE_A,10,200,0.75,A4_SENSOR_DRIFT,moderate,mean_voltage_v_-1,99.0,0.0,0.0,0.0,0.0,0.0,0.0,0.6557865596727395,0.00810861044475821,0.7109568592327213,0.0053450818455059975
RELATIVE_A,10,200,0.75,A4_SENSOR_DRIFT,moderate,mean_voltage_v_1,95.0,0.5554890941926266,0.06075229697201249,0.027586206896551724,0.007309878938060887,0.05250363106343575,0.013532730697669679,0.6877361438021055,0.013362158799253138,0.7770537891227546,0.020201796378682028
RELATIVE_A,10,200,0.75,A4_SENSOR_DRIFT,moderate,mean_voltage_v_1,97.5,0.6666666666666666,0.5773502691896258,0.0030651340996168583,0.0026544839962741413,0.006102212051868801,0.005284670656197947,0.6877361438021055,0.013362158799253138,0.7770537891227546,0.020201796378682028
RELATIVE_A,10,200,0.75,A4_SENSOR_DRIFT,moderate,mean_voltage_v_1,99.0,0.3333333333333333,0.5773502691896258,0.0015325670498084292,0.0026544839962741413,0.0030511060259344005,0.005284670656197947,0.6877361438021055,0.013362158799253138,0.7770537891227546,0.020201796378682028
RELATIVE_A,10,200,0.75,A4_SENSOR_DRIFT,moderate,pooled,95.0,0.5005268637613787,0.04562720736724732,0.02203065134099617,0.005864071978932553,0.042155502201826865,0.010878978315982077,0.5943783809760884,0.003742012687327997,0.6392830190243983,0.007017811370641896
RELATIVE_A,10,200,0.75,A4_SENSOR_DRIFT,moderate,pooled,97.5,0.6666666666666666,0.5773502691896258,0.0014687100893997444,0.0016516624720788711,0.0029294926054207744,0.0032921368808378365,0.5943783809760884,0.003742012687327997,0.6392830190243983,0.007017811370641896
RELATIVE_A,10,200,0.75,A4_SENSOR_DRIFT,moderate,pooled,99.0,0.3333333333333333,0.5773502691896258,0.0003831417624521073,0.0006636209990685353,0.0007654037504783774,0.001325718184132321,0.5943783809760884,0.003742012687327997,0.6392830190243983,0.007017811370641896
RELATIVE_A,10,200,0.75,A4_SENSOR_DRIFT,strong,mean_temp_c_-1,95.0,0.38485606352817897,0.060300075026065714,0.013793103448275862,0.0040547912813250426,0.026610046446227758,0.007682609172227766,0.5159822530489659,0.006436491592856397,0.5327022275298138,0.014867042313205452
RELATIVE_A,10,200,0.75,A4_SENSOR_DRIFT,strong,mean_temp_c_-1,97.5,0.3333333333333333,0.5773502691896258,0.0012771392081736908,0.0022120699968951178,0.0025445292620865138,0.004407253963279586,0.5159822530489659,0.006436491592856397,0.5327022275298138,0.014867042313205452
RELATIVE_A,10,200,0.75,A4_SENSOR_DRIFT,strong,mean_temp_c_-1,99.0,0.0,0.0,0.0,0.0,0.0,0.0,0.5159822530489659,0.006436491592856397,0.5327022275298138,0.014867042313205452
RELATIVE_A,10,200,0.75,A4_SENSOR_DRIFT,strong,mean_temp_c_1,95.0,0.5526836186643642,0.045691887057472624,0.02681992337164751,0.0046611207128722,0.05112641548590104,0.00862060475543083,0.5534953978123377,0.010399019511154512,0.6080758322137633,0.016304223367934717
RELATIVE_A,10,200,0.75,A4_SENSOR_DRIFT,strong,mean_temp_c_1,97.5,0.0,0.0,0.0,0.0,0.0,0.0,0.5534953978123377,0.010399019511154512,0.6080758322137633,0.016304223367934717
RELATIVE_A,10,200,0.75,A4_SENSOR_DRIFT,strong,mean_temp_c_1,99.0,0.0,0.0,0.0,0.0,0.0,0.0,0.5534953978123377,0.010399019511154512,0.6080758322137633,0.016304223367934717
RELATIVE_A,10,200,0.75,A4_SENSOR_DRIFT,strong,mean_voltage_v_-1,95.0,0.5768147283605779,0.020714940908946967,0.029885057471264367,0.007963451988822425,0.056733998035826495,0.01442173247421582,0.6857269039434476,0.006787412306526239,0.7416604468328606,0.004366530300322315
RELATIVE_A,10,200,0.75,A4_SENSOR_DRIFT,strong,mean_voltage_v_-1,97.5,0.3333333333333333,0.5773502691896258,0.00280970625798212,0.004866553993169259,0.005572441742654508,0.009651752220495262,0.6857269039434476,0.006787412306526239,0.7416604468328606,0.004366530300322315
RELATIVE_A,10,200,0.75,A4_SENSOR_DRIFT,strong,mean_voltage_v_-1,99.0,0.0,0.0,0.0,0.0,0.0,0.0,0.6857269039434476,0.006787412306526239,0.7416604468328606,0.004366530300322315
RELATIVE_A,10,200,0.75,A4_SENSOR_DRIFT,strong,mean_voltage_v_1,95.0,0.6024199141911374,0.040913730789722255,0.03295019157088122,0.0059848656520357525,0.06243356385138705,0.010919029147537273,0.7127405315002626,0.01013757144501659,0.8050015756912309,0.01589434908568476
RELATIVE_A,10,200,0.75,A4_SENSOR_DRIFT,strong,mean_voltage_v_1,97.5,0.6666666666666666,0.5773502691896258,0.0030651340996168583,0.0026544839962741413,0.006102212051868801,0.005284670656197947,0.7127405315002626,0.01013757144501659,0.8050015756912309,0.01589434908568476
RELATIVE_A,10,200,0.75,A4_SENSOR_DRIFT,strong,mean_voltage_v_1,99.0,0.3333333333333333,0.5773502691896258,0.0015325670498084292,0.0026544839962741413,0.0030511060259344005,0.005284670656197947,0.7127405315002626,0.01013757144501659,0.8050015756912309,0.01589434908568476
RELATIVE_A,10,200,0.75,A4_SENSOR_DRIFT,strong,pooled,95.0,0.5433267248666537,0.032540318755725293,0.02586206896551724,0.005024857106744828,0.04933160235519176,0.00922429056162099,0.6204688293502381,0.003799190182325231,0.6718600205669172,0.00722929900851656
RELATIVE_A,10,200,0.75,A4_SENSOR_DRIFT,strong,pooled,97.5,0.6666666666666666,0.5773502691896258,0.0017879948914431671,0.0016516624720788711,0.0035659877907736593,0.0032930687825716664,0.6204688293502381,0.003799190182325231,0.6718600205669172,0.00722929900851656
RELATIVE_A,10,200,0.75,A4_SENSOR_DRIFT,strong,pooled,99.0,0.3333333333333333,0.5773502691896258,0.0003831417624521073,0.0006636209990685353,0.0007654037504783774,0.001325718184132321,0.6204688293502381,0.003799190182325231,0.6718600205669172,0.00722929900851656
RELATIVE_A,10,200,1.0,A1_ACCELERATED_DEGRADATION,mild,pooled,95.0,0.3384781473950222,0.21902562701806788,0.008333333333333333,0.005111955508449811,0.016265366227110577,0.009992650772630417,0.48503939484916164,0.0010547605904576882,0.48308963894901397,0.0026331205081341355
RELATIVE_A,10,200,1.0,A1_ACCELERATED_DEGRADATION,mild,pooled,97.5,0.0,0.0,0.0,0.0,0.0,0.0,0.48503939484916164,0.0010547605904576882,0.48308963894901397,0.0026331205081341355
RELATIVE_A,10,200,1.0,A1_ACCELERATED_DEGRADATION,mild,pooled,99.0,0.0,0.0,0.0,0.0,0.0,0.0,0.48503939484916164,0.0010547605904576882,0.48308963894901397,0.0026331205081341355
RELATIVE_A,10,200,1.0,A1_ACCELERATED_DEGRADATION,moderate,pooled,95.0,0.07771962525140305,0.11176563106614883,0.0023726851851851856,0.0038089080259037815,0.0045992432962735945,0.00737252860862445,0.489493395837897,0.0018954894779155277,0.49510619588744587,0.002549820920422141
RELATIVE_A,10,200,1.0,A1_ACCELERATED_DEGRADATION,moderate,pooled,97.5,0.0,0.0,0.0,0.0,0.0,0.0,0.489493395837897,0.0018954894779155277,0.49510619588744587,0.002549820920422141
RELATIVE_A,10,200,1.0,A1_ACCELERATED_DEGRADATION,moderate,pooled,99.0,0.0,0.0,0.0,0.0,0.0,0.0,0.489493395837897,0.0018954894779155277,0.49510619588744587,0.002549820920422141
RELATIVE_A,10,200,1.0,A1_ACCELERATED_DEGRADATION,strong,pooled,95.0,0.05005562667432467,0.031386012246114176,0.001099537037037037,0.0011559597427915614,0.0021466456441656258,0.002241071601240794,0.4936889676580922,0.0019683888105464353,0.5039205297017797,0.0031207752098274823
RELATIVE_A,10,200,1.0,A1_ACCELERATED_DEGRADATION,strong,pooled,97.5,0.0,0.0,0.0,0.0,0.0,0.0,0.4936889676580922,0.0019683888105464353,0.5039205297017797,0.0031207752098274823
RELATIVE_A,10,200,1.0,A1_ACCELERATED_DEGRADATION,strong,pooled,99.0,0.0,0.0,0.0,0.0,0.0,0.0,0.4936889676580922,0.0019683888105464353,0.5039205297017797,0.0031207752098274823
RELATIVE_A,10,200,1.0,A2_EARLY_VOLTAGE_COLLAPSE,mild,pooled,95.0,0.9786884147512488,0.007592188098891705,0.7826666666666666,0.05810335618533578,0.8688404778624755,0.033734112516441296,0.9812385104215117,0.006029449378628676,0.9842020202020203,0.0034595254639687724
RELATIVE_A,10,200,1.0,A2_EARLY_VOLTAGE_COLLAPSE,mild,pooled,97.5,0.992337869314699,0.013271199641173823,0.2697777777777778,0.05227845672011595,0.42239525200391875,0.06529945528361614,0.9812385104215117,0.006029449378628676,0.9842020202020203,0.0034595254639687724
RELATIVE_A,10,200,1.0,A2_EARLY_VOLTAGE_COLLAPSE,mild,pooled,99.0,1.0,0.0,0.204,0.08334133294937017,0.33354761021289403,0.11543734104685366,0.9812385104215117,0.006029449378628676,0.9842020202020203,0.0034595254639687724
RELATIVE_A,10,200,1.0,A2_EARLY_VOLTAGE_COLLAPSE,moderate,pooled,95.0,0.9822291786587124,0.007155211227869697,0.9502222222222222,0.027008914851979555,0.9657765402654265,0.012025057776747877,0.9915850249724105,0.005412258767775138,0.99389898989899,0.0034304111262344183
RELATIVE_A,10,200,1.0,A2_EARLY_VOLTAGE_COLLAPSE,moderate,pooled,97.5,0.9940288525843126,0.010342330703454148,0.3431111111111111,0.07879462286598365,0.5066092145992149,0.0886950822524279,0.9915850249724105,0.005412258767775138,0.99389898989899,0.0034304111262344183
RELATIVE_A,10,200,1.0,A2_EARLY_VOLTAGE_COLLAPSE,moderate,pooled,99.0,1.0,0.0,0.2591111111111111,0.1146692506168809,0.4027119949450047,0.1462265136503629,0.9915850249724105,0.005412258767775138,0.99389898989899,0.0034304111262344183
RELATIVE_A,10,200,1.0,A2_EARLY_VOLTAGE_COLLAPSE,strong,pooled,95.0,0.9827603716866884,0.007112479842204678,0.9822222222222222,0.01929114170152067,0.982394191810334,0.008396068931480542,0.9928137183891899,0.005390765854531909,0.994978354978355,0.0035251494522140284
RELATIVE_A,10,200,1.0,A2_EARLY_VOLTAGE_COLLAPSE,strong,pooled,97.5,0.994240692959823,0.009975412409975615,0.3551111111111111,0.08489819611572265,0.5193209145191074,0.09405397407010005,0.9928137183891899,0.005390765854531909,0.994978354978355,0.0035251494522140284
RELATIVE_A,10,200,1.0,A2_EARLY_VOLTAGE_COLLAPSE,strong,pooled,99.0,1.0,0.0,0.26666666666666666,0.12135530936514938,0.411270102446573,0.15339211803450825,0.9928137183891899,0.005390765854531909,0.994978354978355,0.0035251494522140284
RELATIVE_A,10,200,1.0,A3_THERMAL_ABNORMALITY,mild,pooled,95.0,0.5406454475064625,0.05560495474039652,0.01955555555555556,0.004073400617738525,0.037667272401134516,0.007419887730635555,0.6402633858539836,0.013802097015607757,0.6888196248196249,0.013721644504937736
RELATIVE_A,10,200,1.0,A3_THERMAL_ABNORMALITY,mild,pooled,97.5,0.8506571087216249,0.2586694754433807,0.008,0.0,0.015839149537751618,5.865821334385253e-05,0.6402633858539836,0.013802097015607757,0.6888196248196249,0.013721644504937736
RELATIVE_A,10,200,1.0,A3_THERMAL_ABNORMALITY,mild,pooled,99.0,1.0,0.0,0.006222222222222222,0.0030792014356780043,0.012355060227400653,0.006093277916979332,0.6402633858539836,0.013802097015607757,0.6888196248196249,0.013721644504937736
RELATIVE_A,10,200,1.0,A3_THERMAL_ABNORMALITY,moderate,pooled,95.0,0.7279894352988299,0.08706579691115046,0.04844444444444445,0.01915241015681355,0.09044397638406686,0.0345183095706263,0.7880820620282609,0.020945830150004726,0.8411601731601732,0.012761796095797473
RELATIVE_A,10,200,1.0,A3_THERMAL_ABNORMALITY,moderate,pooled,97.5,0.8738647830474268,0.21847260438557992,0.011999999999999999,0.003527668414752788,0.023654514730190788,0.006903204223231857,0.7880820620282609,0.020945830150004726,0.8411601731601732,0.012761796095797473
RELATIVE_A,10,200,1.0,A3_THERMAL_ABNORMALITY,moderate,pooled,99.0,1.0,0.0,0.011999999999999999,0.003527668414752788,0.0236994326312725,0.006877426461097536,0.7880820620282609,0.020945830150004726,0.8411601731601732,0.012761796095797473
RELATIVE_A,10,200,1.0,A3_THERMAL_ABNORMALITY,strong,pooled,95.0,0.8229218015178364,0.06066725815271024,0.08488888888888889,0.03334222103735299,0.15279680570358575,0.056550976913158295,0.8709115336446717,0.022398062161010826,0.9145396825396825,0.010522997767091412
RELATIVE_A,10,200,1.0,A3_THERMAL_ABNORMALITY,strong,pooled,97.5,0.9290176036342986,0.1229451169483871,0.02666666666666667,0.004618802153517006,0.05182337593701327,0.008827877190919941,0.8709115336446717,0.022398062161010826,0.9145396825396825,0.010522997767091412
RELATIVE_A,10,200,1.0,A3_THERMAL_ABNORMALITY,strong,pooled,99.0,1.0,0.0,0.024444444444444446,0.005551109331909686,0.04768421595817803,0.010554335755993688,0.8709115336446717,0.022398062161010826,0.9145396825396825,0.010522997767091412
RELATIVE_A,10,200,1.0,A4_SENSOR_DRIFT,mild,mean_temp_c_-1,95.0,0.3630051738485473,0.013993521666128673,0.00996168582375479,0.004661120712872198,0.0193251507218269,0.008787652158503542,0.48448021253053203,0.005459110707317131,0.4752774045877494,0.008150151627094092
RELATIVE_A,10,200,1.0,A4_SENSOR_DRIFT,mild,mean_temp_c_-1,97.5,0.1716833890746934,0.2973643526929845,0.0022988505747126436,0.003981725994411212,0.004536951109932682,0.007858229833859415,0.48448021253053203,0.005459110707317131,0.4752774045877494,0.008150151627094092
RELATIVE_A,10,200,1.0,A4_SENSOR_DRIFT,mild,mean_temp_c_-1,99.0,0.3333333333333333,0.5773502691896258,0.0020434227330779057,0.0035393119950321884,0.004061944656004062,0.0070354945217319205,0.48448021253053203,0.005459110707317131,0.4752774045877494,0.008150151627094092
RELATIVE_A,10,200,1.0,A4_SENSOR_DRIFT,mild,mean_temp_c_1,95.0,0.4733536280637294,0.06027399721874529,0.014814814814814815,0.0024632568993596315,0.02867874016317835,0.004475801963527015,0.5161822242024202,0.005241235372813876,0.5421323248909456,0.004517865558395947
RELATIVE_A,10,200,1.0,A4_SENSOR_DRIFT,mild,mean_temp_c_1,97.5,0.1716833890746934,0.2973643526929845,0.0022988505747126436,0.003981725994411212,0.004536951109932682,0.007858229833859415,0.5161822242024202,0.005241235372813876,0.5421323248909456,0.004517865558395947
RELATIVE_A,10,200,1.0,A4_SENSOR_DRIFT,mild,mean_temp_c_1,99.0,0.3333333333333333,0.5773502691896258,0.0020434227330779057,0.0035393119950321884,0.004061944656004062,0.0070354945217319205,0.5161822242024202,0.005241235372813876,0.5421323248909456,0.004517865558395947
RELATIVE_A,10,200,1.0,A4_SENSOR_DRIFT,mild,mean_voltage_v_-1,95.0,0.4358120014155023,0.11271625173330309,0.012515964240102172,0.0011705174188903805,0.024314069378244926,0.0023791737003678987,0.5925887134034329,0.005679319042829505,0.6431200344993449,0.009448530297785697
RELATIVE_A,10,200,1.0,A4_SENSOR_DRIFT,mild,mean_voltage_v_-1,97.5,0.4402221065417318,0.5106076670389157,0.0015325670498084292,0.0015325670498084292,0.0030442232459660435,0.003036145483566817,0.5925887134034329,0.005679319042829505,0.6431200344993449,0.009448530297785697
RELATIVE_A,10,200,1.0,A4_SENSOR_DRIFT,mild,mean_voltage_v_-1,99.0,0.3333333333333333,0.5773502691896258,0.0005108556832694764,0.0008848279987580472,0.00102014792144861,0.0017669480311847765,0.5925887134034329,0.005679319042829505,0.6431200344993449,0.009448530297785697
RELATIVE_A,10,200,1.0,A4_SENSOR_DRIFT,mild,mean_voltage_v_1,95.0,0.503984226145399,0.11630594525562576,0.01685823754789272,0.003511552256671141,0.03259420622683614,0.006746677704928063,0.6450933768598047,0.011958228057629389,0.7213398351329386,0.017818274422363906
RELATIVE_A,10,200,1.0,A4_SENSOR_DRIFT,mild,mean_voltage_v_1,97.5,0.52161831721685,0.5014000946528282,0.0040868454661558105,0.004220360572633028,0.00808131834931709,0.008314230098745884,0.6450933768598047,0.011958228057629389,0.7213398351329386,0.017818274422363906
RELATIVE_A,10,200,1.0,A4_SENSOR_DRIFT,mild,mean_voltage_v_1,99.0,0.0,0.0,0.0,0.0,0.0,0.0,0.6450933768598047,0.011958228057629389,0.7213398351329386,0.017818274422363906
RELATIVE_A,10,200,1.0,A4_SENSOR_DRIFT,mild,pooled,95.0,0.4520534273214836,0.07667606915015984,0.013537675606641125,0.0018606388613452702,0.026249002479544054,0.0034250482204897714,0.5603099986279599,0.00443974613892186,0.5954673997777445,0.0051219847751491614
RELATIVE_A,10,200,1.0,A4_SENSOR_DRIFT,mild,pooled,97.5,0.4977674238012037,0.5000149529658591,0.0025542784163473816,0.0033309837434853063,0.005054031967973985,0.006572167092214351,0.5603099986279599,0.00443974613892186,0.5954673997777445,0.0051219847751491614
RELATIVE_A,10,200,1.0,A4_SENSOR_DRIFT,mild,pooled,99.0,0.6666666666666666,0.5773502691896258,0.0011494252873563218,0.0016700762235788021,0.002292508521809894,0.003329476027056595,0.5603099986279599,0.00443974613892186,0.5954673997777445,0.0051219847751491614
RELATIVE_A,10,200,1.0,A4_SENSOR_DRIFT,moderate,mean_temp_c_-1,95.0,0.3630051738485473,0.013993521666128673,0.00996168582375479,0.004661120712872198,0.0193251507218269,0.008787652158503542,0.4943940238939118,0.00486187347122053,0.4952704383738866,0.0104480992658634
RELATIVE_A,10,200,1.0,A4_SENSOR_DRIFT,moderate,mean_temp_c_-1,97.5,0.1716833890746934,0.2973643526929845,0.0022988505747126436,0.003981725994411212,0.004536951109932682,0.007858229833859415,0.4943940238939118,0.00486187347122053,0.4952704383738866,0.0104480992658634
RELATIVE_A,10,200,1.0,A4_SENSOR_DRIFT,moderate,mean_temp_c_-1,99.0,0.3333333333333333,0.5773502691896258,0.0017879948914431671,0.003096897995653165,0.0035569105691056913,0.006160749823669787,0.4943940238939118,0.00486187347122053,0.4952704383738866,0.0104480992658634
RELATIVE_A,10,200,1.0,A4_SENSOR_DRIFT,moderate,mean_temp_c_1,95.0,0.4637984504058217,0.009896496149814523,0.015070242656449552,0.006868112214431035,0.029076334379816045,0.012799278885050742,0.5403262915019984,0.006371362683001096,0.5880562604700535,0.006140966536809991
RELATIVE_A,10,200,1.0,A4_SENSOR_DRIFT,moderate,mean_temp_c_1,97.5,0.1716833890746934,0.2973643526929845,0.0022988505747126436,0.003981725994411212,0.004536951109932682,0.007858229833859415,0.5403262915019984,0.006371362683001096,0.5880562604700535,0.006140966536809991
RELATIVE_A,10,200,1.0,A4_SENSOR_DRIFT,moderate,mean_temp_c_1,99.0,0.3333333333333333,0.5773502691896258,0.0022988505747126436,0.003981725994411212,0.0045662100456621,0.007908907797118161,0.5403262915019984,0.006371362683001096,0.5880562604700535,0.006140966536809991
RELATIVE_A,10,200,1.0,A4_SENSOR_DRIFT,moderate,mean_voltage_v_-1,95.0,0.4881599171425644,0.10300341775789741,0.015581098339719027,0.00117051741889038,0.03017105920834139,0.002290906931790582,0.6565557221784516,0.006700302495816376,0.7116402116402116,0.007717706266100489
RELATIVE_A,10,200,1.0,A4_SENSOR_DRIFT,moderate,mean_voltage_v_-1,97.5,0.5050167224080268,0.5000754968113891,0.0035759897828863342,0.0034553637952665856,0.007081480372019195,0.006822202653026587,0.6565557221784516,0.006700302495816376,0.7116402116402116,0.007717706266100489
RELATIVE_A,10,200,1.0,A4_SENSOR_DRIFT,moderate,mean_voltage_v_-1,99.0,0.6666666666666666,0.5773502691896258,0.0017879948914431675,0.001595146359744163,0.003566230495534327,0.003181105660174428,0.6565557221784516,0.006700302495816376,0.7116402116402116,0.007717706266100489
RELATIVE_A,10,200,1.0,A4_SENSOR_DRIFT,moderate,mean_voltage_v_1,95.0,0.5207972797691114,0.1301786563199987,0.01839080459770115,0.005525749081170866,0.03548917352671133,0.01056137205904832,0.693080318507873,0.01209297941845813,0.781819011129356,0.015003403500135962
RELATIVE_A,10,200,1.0,A4_SENSOR_DRIFT,moderate,mean_voltage_v_1,97.5,0.5287028227085315,0.5024654775149355,0.004597701149425287,0.004597701149425287,0.009086682614559886,0.009053548802394581,0.693080318507873,0.01209297941845813,0.781819011129356,0.015003403500135962
RELATIVE_A,10,200,1.0,A4_SENSOR_DRIFT,moderate,mean_voltage_v_1,99.0,0.0,0.0,0.0,0.0,0.0,0.0,0.693080318507873,0.01209297941845813,0.781819011129356,0.015003403500135962
RELATIVE_A,10,200,1.0,A4_SENSOR_DRIFT,moderate,pooled,95.0,0.4706445022376223,0.06697222917132323,0.01475095785440613,0.003083041559277986,0.02855197004888312,0.005720602086222939,0.5987046298138949,0.005336148420597515,0.644196480403377,0.005394435946930709
RELATIVE_A,10,200,1.0,A4_SENSOR_DRIFT,moderate,pooled,97.5,0.5116693390343845,0.5004083536677802,0.003192848020434227,0.0038521152316361874,0.006314143478258874,0.007591244300045115,0.5987046298138949,0.005336148420597515,0.644196480403377,0.005394435946930709
RELATIVE_A,10,200,1.0,A4_SENSOR_DRIFT,moderate,pooled,99.0,0.6666666666666666,0.5773502691896258,0.0014687100893997446,0.001918899003999581,0.0029282287270803718,0.003823077919519252,0.5987046298138949,0.005336148420597515,0.644196480403377,0.005394435946930709
RELATIVE_A,10,200,1.0,A4_SENSOR_DRIFT,strong,mean_temp_c_-1,95.0,0.37050618159701326,0.02337561987223131,0.010217113665389526,0.004490011706576487,0.019821540258907255,0.00845839177634868,0.5184848054894348,0.007673034884664282,0.5339420477351512,0.011595399091415043
RELATIVE_A,10,200,1.0,A4_SENSOR_DRIFT,strong,mean_temp_c_-1,97.5,0.1716833890746934,0.2973643526929845,0.0022988505747126436,0.003981725994411212,0.004536951109932682,0.007858229833859415,0.5184848054894348,0.007673034884664282,0.5339420477351512,0.011595399091415043
RELATIVE_A,10,200,1.0,A4_SENSOR_DRIFT,strong,mean_temp_c_-1,99.0,0.3333333333333333,0.5773502691896258,0.0022988505747126436,0.003981725994411212,0.0045662100456621,0.007908907797118161,0.5184848054894348,0.007673034884664282,0.5339420477351512,0.011595399091415043
RELATIVE_A,10,200,1.0,A4_SENSOR_DRIFT,strong,mean_temp_c_1,95.0,0.5459070711286419,0.0328186917596896,0.020178799489144316,0.0057513819919273075,0.03880957220729437,0.010513914788159192,0.5686694139331988,0.00384022428778205,0.6299505730540212,0.00436872153259456
RELATIVE_A,10,200,1.0,A4_SENSOR_DRIFT,strong,mean_temp_c_1,97.5,0.1716833890746934,0.2973643526929845,0.0022988505747126436,0.003981725994411212,0.004536951109932682,0.007858229833859415,0.5686694139331988,0.00384022428778205,0.6299505730540212,0.00436872153259456
RELATIVE_A,10,200,1.0,A4_SENSOR_DRIFT,strong,mean_temp_c_1,99.0,0.3333333333333333,0.5773502691896258,0.0022988505747126436,0.003981725994411212,0.0045662100456621,0.007908907797118161,0.5686694139331988,0.00384022428778205,0.6299505730540212,0.00436872153259456
RELATIVE_A,10,200,1.0,A4_SENSOR_DRIFT,strong,mean_voltage_v_-1,95.0,0.564647821263027,0.12126519739284275,0.021711366538952743,0.004490011706576487,0.04178236160659495,0.008577391204366396,0.6863043033998073,0.005052730541184815,0.7415045363321225,0.004659341783303999
RELATIVE_A,10,200,1.0,A4_SENSOR_DRIFT,strong,mean_voltage_v_-1,97.5,0.5351275073077311,0.5036882223250452,0.004597701149425287,0.005024857106744828,0.009078141301947422,0.009879941563159638,0.6863043033998073,0.005052730541184815,0.7415045363321225,0.004659341783303999
RELATIVE_A,10,200,1.0,A4_SENSOR_DRIFT,strong,mean_voltage_v_-1,99.0,0.6666666666666666,0.5773502691896258,0.0025542784163473816,0.0022120699968951178,0.0050890585241730275,0.004407253963279586,0.6863043033998073,0.005052730541184815,0.7415045363321225,0.004659341783303999
RELATIVE_A,10,200,1.0,A4_SENSOR_DRIFT,strong,mean_voltage_v_1,95.0,0.5789753309186,0.1566331443341344,0.024010217113665386,0.009077576318731474,0.04606005934182713,0.01715639327459465,0.7171746551111101,0.013042700238138657,0.8086936690384966,0.013255870049681215
RELATIVE_A,10,200,1.0,A4_SENSOR_DRIFT,strong,mean_voltage_v_1,97.5,0.5287028227085315,0.5024654775149355,0.004597701149425287,0.004597701149425287,0.009086682614559886,0.009053548802394581,0.7171746551111101,0.013042700238138657,0.8086936690384966,0.013255870049681215
RELATIVE_A,10,200,1.0,A4_SENSOR_DRIFT,strong,mean_voltage_v_1,99.0,0.0,0.0,0.0,0.0,0.0,0.0,0.7171746551111101,0.013042700238138657,0.8086936690384966,0.013255870049681215
RELATIVE_A,10,200,1.0,A4_SENSOR_DRIFT,strong,pooled,95.0,0.5342549039747758,0.09449205506446623,0.019029374201787994,0.0032977653470435135,0.03670351605084649,0.006207842218690409,0.6260934762512341,0.0050742254031046164,0.678522706539948,0.004869507899990296
RELATIVE_A,10,200,1.0,A4_SENSOR_DRIFT,strong,pooled,97.5,0.5197320272476497,0.5011666975148149,0.0034482758620689655,0.004279369330208559,0.006813873440217152,0.008426342153739644,0.6260934762512341,0.0050742254031046164,0.678522706539948,0.004869507899990296
RELATIVE_A,10,200,1.0,A4_SENSOR_DRIFT,strong,pooled,99.0,0.6666666666666666,0.5773502691896258,0.0017879948914431675,0.002317400678368334,0.003562492832396564,0.0046132939475757116,0.6260934762512341,0.0050742254031046164,0.678522706539948,0.004869507899990296
RELATIVE_A,20,100,0.75,A1_ACCELERATED_DEGRADATION,mild,pooled,95.0,0.4357661856446224,0.002877188978607379,0.028600823045267492,0.00304498942118287,0.05365482078752914,0.005341035669545261,0.4697601711004947,0.003419740199343631,0.453482938957476,0.0063552686162353265
RELATIVE_A,20,100,0.75,A1_ACCELERATED_DEGRADATION,mild,pooled,97.5,0.43758797489854456,0.007599635424833877,0.02702331961591221,0.0008315744617957552,0.05090277344516795,0.001526849364308849,0.4697601711004947,0.003419740199343631,0.453482938957476,0.0063552686162353265
RELATIVE_A,20,100,0.75,A1_ACCELERATED_DEGRADATION,mild,pooled,99.0,0.3088800700668603,0.09068982480182419,0.010973936899862827,0.00537085650218159,0.02116686946294058,0.010211426979613381,0.4697601711004947,0.003419740199343631,0.453482938957476,0.0063552686162353265
RELATIVE_A,20,100,0.75,A1_ACCELERATED_DEGRADATION,moderate,pooled,95.0,0.43397893466295034,0.0028680093197620904,0.028395061728395062,0.003044989421182869,0.05327891790603151,0.005344534990397066,0.47171679442050646,0.003691797231630623,0.45667700236244474,0.005810594674920847
RELATIVE_A,20,100,0.75,A1_ACCELERATED_DEGRADATION,moderate,pooled,97.5,0.43260418363358905,0.0029188325110040838,0.026474622770919068,0.00031430560322056456,0.04989566710034835,0.000577635844192742,0.47171679442050646,0.003691797231630623,0.45667700236244474,0.005810594674920847
RELATIVE_A,20,100,0.75,A1_ACCELERATED_DEGRADATION,moderate,pooled,99.0,0.19338203500672166,0.17490089065323086,0.007201646090534979,0.008160712763395861,0.013857822682190352,0.015602628119311674,0.47171679442050646,0.003691797231630623,0.45667700236244474,0.005810594674920847
RELATIVE_A,20,100,0.75,A1_ACCELERATED_DEGRADATION,strong,pooled,95.0,0.4388739156694321,0.004915368612999013,0.0289437585733882,0.0027631326582282147,0.05428417695173967,0.004825267172531299,0.4796689363620071,0.0035849590821226676,0.4672382258802012,0.004591429161256721
RELATIVE_A,20,100,0.75,A1_ACCELERATED_DEGRADATION,strong,pooled,97.5,0.43128327598664407,0.006942660013499623,0.02633744855967078,0.0007418829784905345,0.04964303510184689,0.0013640377501905438,0.4796689363620071,0.0035849590821226676,0.4672382258802012,0.004591429161256721
RELATIVE_A,20,100,0.75,A1_ACCELERATED_DEGRADATION,strong,pooled,99.0,0.2916275839099078,0.08798965053547524,0.010150891632373113,0.0052472497807778224,0.019591368269413677,0.009978734721142064,0.4796689363620071,0.0035849590821226676,0.4672382258802012,0.004591429161256721
RELATIVE_A,20,100,0.75,A2_EARLY_VOLTAGE_COLLAPSE,mild,pooled,95.0,0.9124682723059756,0.037078116795037766,0.4723809523809524,0.31143294011789474,0.5895161437914055,0.26168737795546043,0.8993361098836389,0.016322433118416378,0.9574966931216932,0.007245734102761048
RELATIVE_A,20,100,0.75,A2_EARLY_VOLTAGE_COLLAPSE,mild,pooled,97.5,0.8963299465812108,0.042833408859968294,0.35904761904761906,0.21362437630022438,0.4935424662856196,0.21212951686986617,0.8993361098836389,0.016322433118416378,0.9574966931216932,0.007245734102761048
RELATIVE_A,20,100,0.75,A2_EARLY_VOLTAGE_COLLAPSE,mild,pooled,99.0,0.7368938598953543,0.07056046746165082,0.06619047619047619,0.01163503973606725,0.12142773266988079,0.02058455447993767,0.8993361098836389,0.016322433118416378,0.9574966931216932,0.007245734102761048
RELATIVE_A,20,100,0.75,A2_EARLY_VOLTAGE_COLLAPSE,moderate,pooled,95.0,0.9136141916539772,0.03683553396555146,0.4785714285714286,0.3128669274399489,0.5951627250310184,0.26140988886225974,0.9001648364219673,0.016399337318545367,0.9578009259259259,0.00714969038594318
RELATIVE_A,20,100,0.75,A2_EARLY_VOLTAGE_COLLAPSE,moderate,pooled,97.5,0.8976983263634146,0.04286703111005974,0.3666666666666667,0.22186746058858478,0.5003295258505346,0.21754268249602687,0.9001648364219673,0.016399337318545367,0.9578009259259259,0.00714969038594318
RELATIVE_A,20,100,0.75,A2_EARLY_VOLTAGE_COLLAPSE,moderate,pooled,99.0,0.7443630083577543,0.07177117519454254,0.06904761904761904,0.012804123485475006,0.12631713881118897,0.022531701768681994,0.9001648364219673,0.016399337318545367,0.9578009259259259,0.00714969038594318
RELATIVE_A,20,100,0.75,A2_EARLY_VOLTAGE_COLLAPSE,strong,pooled,95.0,0.9136141916539772,0.03683553396555146,0.4785714285714286,0.3128669274399489,0.5951627250310184,0.26140988886225974,0.9001648364219673,0.016399337318545367,0.9578009259259259,0.00714969038594318
RELATIVE_A,20,100,0.75,A2_EARLY_VOLTAGE_COLLAPSE,strong,pooled,97.5,0.8976983263634146,0.04286703111005974,0.3666666666666667,0.22186746058858478,0.5003295258505346,0.21754268249602687,0.9001648364219673,0.016399337318545367,0.9578009259259259,0.00714969038594318
RELATIVE_A,20,100,0.75,A2_EARLY_VOLTAGE_COLLAPSE,strong,pooled,99.0,0.7443630083577543,0.07177117519454254,0.06904761904761904,0.012804123485475006,0.12631713881118897,0.022531701768681994,0.9001648364219673,0.016399337318545367,0.9578009259259259,0.00714969038594318
RELATIVE_A,20,100,0.75,A3_THERMAL_ABNORMALITY,mild,pooled,95.0,0.4790638758508244,0.017856248448032914,0.03428571428571429,0.006226998490772389,0.06393671365550661,0.010958056752423818,0.6305015343087064,0.011519402149745114,0.6907638888888888,0.01323385925813775
RELATIVE_A,20,100,0.75,A3_THERMAL_ABNORMALITY,mild,pooled,97.5,0.46130964865715846,0.041674387138454776,0.03,0.005150787536377128,0.05632245695234305,0.009385519052602173,0.6305015343087064,0.011519402149745114,0.6907638888888888,0.01323385925813775
RELATIVE_A,20,100,0.75,A3_THERMAL_ABNORMALITY,mild,pooled,99.0,0.3641392846514708,0.041300216332554214,0.013333333333333334,0.002973808570665904,0.02570749929194681,0.005604005586763542,0.6305015343087064,0.011519402149745114,0.6907638888888888,0.01323385925813775
RELATIVE_A,20,100,0.75,A3_THERMAL_ABNORMALITY,moderate,pooled,95.0,0.6817581794810187,0.0793723137915812,0.08476190476190476,0.03195447441868118,0.15002243813947133,0.05275316433743082,0.756294330078918,0.016818895890926243,0.8483697089947091,0.012189155682016992
RELATIVE_A,20,100,0.75,A3_THERMAL_ABNORMALITY,moderate,pooled,97.5,0.669202811979929,0.07106883890241245,0.07333333333333333,0.02168105226253754,0.1318847416466325,0.036742195546715865,0.756294330078918,0.016818895890926243,0.8483697089947091,0.012189155682016992
RELATIVE_A,20,100,0.75,A3_THERMAL_ABNORMALITY,moderate,pooled,99.0,0.3921232430788269,0.04692177525756244,0.01476190476190476,0.0008247860988423234,0.028446876139914163,0.001625151388247646,0.756294330078918,0.016818895890926243,0.8483697089947091,0.012189155682016992
RELATIVE_A,20,100,0.75,A3_THERMAL_ABNORMALITY,strong,pooled,95.0,0.7645633989078183,0.08950214593191161,0.13523809523809524,0.05817519868033627,0.22766355455132029,0.09018467751345056,0.8075506976298535,0.024143026101869372,0.8943584656084657,0.015485873844482231
RELATIVE_A,20,100,0.75,A3_THERMAL_ABNORMALITY,strong,pooled,97.5,0.7569648550019217,0.08083141208781604,0.11761904761904762,0.04276975216996553,0.2024544550267148,0.06809212582095264,0.8075506976298535,0.024143026101869372,0.8943584656084657,0.015485873844482231
RELATIVE_A,20,100,0.75,A3_THERMAL_ABNORMALITY,strong,pooled,99.0,0.4565315161117615,0.11091177278215829,0.02,0.007423074889580901,0.038297239536767114,0.013991348854602705,0.8075506976298535,0.024143026101869372,0.8943584656084657,0.015485873844482231
RELATIVE_A,20,100,0.75,A4_SENSOR_DRIFT,mild,mean_temp_c_-1,95.0,0.4506046344538137,0.007512254455733409,0.03045267489711934,0.0042766686606638925,0.057015743330985545,0.0075362312424331395,0.4772137482917224,0.00391326507083382,0.4657455037341869,0.008521412299725962
RELATIVE_A,20,100,0.75,A4_SENSOR_DRIFT,mild,mean_temp_c_-1,97.5,0.4576347932182325,0.019688846620982383,0.02935528120713306,0.002375927033702165,0.05516862516211194,0.004336928726360475,0.4772137482917224,0.00391326507083382,0.4657455037341869,0.008521412299725962
RELATIVE_A,20,100,0.75,A4_SENSOR_DRIFT,mild,mean_temp_c_-1,99.0,0.37896353155051515,0.02792090400655743,0.013991769547325103,0.0008230452674897124,0.02697745265675988,0.001474959955019205,0.4772137482917224,0.00391326507083382,0.4657455037341869,0.008521412299725962
RELATIVE_A,20,100,0.75,A4_SENSOR_DRIFT,mild,mean_temp_c_1,95.0,0.46004744935693637,0.0006654631336050828,0.03155006858710562,0.003326297847183026,0.059023531891479686,0.005797435343617424,0.5094272483334942,0.005417216599004784,0.5243026977594879,0.011007190260724335
RELATIVE_A,20,100,0.75,A4_SENSOR_DRIFT,mild,mean_temp_c_1,97.5,0.47048932638250135,0.030520038837089567,0.031001371742112482,0.0038895601862161365,0.05816179511313998,0.007075162170643419,0.5094272483334942,0.005417216599004784,0.5243026977594879,0.011007190260724335
RELATIVE_A,20,100,0.75,A4_SENSOR_DRIFT,mild,mean_temp_c_1,99.0,0.4138656054481276,0.023070416801783587,0.016460905349794237,0.0037716672386467814,0.03163357837933164,0.007006180417180304,0.5094272483334942,0.005417216599004784,0.5243026977594879,0.011007190260724335
RELATIVE_A,20,100,0.75,A4_SENSOR_DRIFT,mild,mean_voltage_v_-1,95.0,0.620130272288436,0.05774295885559512,0.06310013717421124,0.022873157033848793,0.11409058964448456,0.038370750023834256,0.6851313422924429,0.021186581681994943,0.755757506477671,0.023388315690524544
RELATIVE_A,20,100,0.75,A4_SENSOR_DRIFT,mild,mean_voltage_v_-1,97.5,0.599553449395221,0.06631673428382698,0.05377229080932785,0.016177254307605558,0.09852357105617848,0.028022250482190942,0.6851313422924429,0.021186581681994943,0.755757506477671,0.023388315690524544
RELATIVE_A,20,100,0.75,A4_SENSOR_DRIFT,mild,mean_voltage_v_-1,99.0,0.5443634246365144,0.08046947771932947,0.027709190672153636,0.00453297987430955,0.05273124048721304,0.008571869468847566,0.6851313422924429,0.021186581681994943,0.755757506477671,0.023388315690524544
RELATIVE_A,20,100,0.75,A4_SENSOR_DRIFT,mild,mean_voltage_v_1,95.0,0.5360993377063793,0.0222150658527522,0.04307270233196159,0.007468124877265407,0.07966695746870449,0.012968162599689324,0.6469386007574222,0.04630934863675042,0.7161570263679318,0.05165541622033164
RELATIVE_A,20,100,0.75,A4_SENSOR_DRIFT,mild,mean_voltage_v_1,97.5,0.5032267222643064,0.05172933305282121,0.03566529492455418,0.00709603136152404,0.06658321448425407,0.012841379271916926,0.6469386007574222,0.04630934863675042,0.7161570263679318,0.05165541622033164
RELATIVE_A,20,100,0.75,A4_SENSOR_DRIFT,mild,mean_voltage_v_1,99.0,0.4961142411817772,0.0701954936006056,0.022770919067215362,0.0038014832539234617,0.043534469801971426,0.007188196984086303,0.6469386007574222,0.04630934863675042,0.7161570263679318,0.05165541622033164
RELATIVE_A,20,100,0.75,A4_SENSOR_DRIFT,mild,pooled,95.0,0.5287899319058698,0.02583125932262729,0.04204389574759945,0.009221076584189818,0.07779445817404675,0.016025186208899325,0.5820491544735259,0.012448538142652857,0.6154906835848193,0.013842303272231637
RELATIVE_A,20,100,0.75,A4_SENSOR_DRIFT,mild,pooled,97.5,0.5166279754995576,0.03991112960741016,0.037448559670781895,0.006135000623817107,0.06981354486034846,0.011021149386444402,0.5820491544735259,0.012448538142652857,0.6154906835848193,0.013842303272231637
RELATIVE_A,20,100,0.75,A4_SENSOR_DRIFT,mild,pooled,99.0,0.4683518168144201,0.05045771944063209,0.020233196159122085,0.0017977150098876754,0.03878233988256436,0.0034207411298649497,0.5820491544735259,0.012448538142652857,0.6154906835848193,0.013842303272231637
RELATIVE_A,20,100,0.75,A4_SENSOR_DRIFT,moderate,mean_temp_c_-1,95.0,0.46145976040175274,0.026313884120123004,0.03209876543209877,0.007127781101106491,0.05995845652508428,0.012633160006715459,0.48955064920024344,0.004989237425074157,0.4838820301783264,0.0109466392763262
RELATIVE_A,20,100,0.75,A4_SENSOR_DRIFT,moderate,mean_temp_c_-1,97.5,0.45326010878791667,0.012111670920594796,0.028806584362139915,0.0014255562202212988,0.054169376072933005,0.002606178534485632,0.48955064920024344,0.004989237425074157,0.4838820301783264,0.0109466392763262
RELATIVE_A,20,100,0.75,A4_SENSOR_DRIFT,moderate,mean_temp_c_-1,99.0,0.3637462985037574,0.020808653967026698,0.01316872427983539,0.001646090534979424,0.025404512743810104,0.0030486484879230133,0.48955064920024344,0.004989237425074157,0.4838820301783264,0.0109466392763262
RELATIVE_A,20,100,0.75,A4_SENSOR_DRIFT,moderate,mean_temp_c_1,95.0,0.49125355920063846,0.0137447498293241,0.035939643347050756,0.005954056080716244,0.06692608606311905,0.010422456178554395,0.5422279342310447,0.00866773844755021,0.5788418305136412,0.01431586757421397
RELATIVE_A,20,100,0.75,A4_SENSOR_DRIFT,moderate,mean_temp_c_1,97.5,0.4796966229092405,0.022731942623470034,0.03209876543209877,0.002967531913962129,0.06016648329077758,0.005390208548577272,0.5422279342310447,0.00866773844755021,0.5788418305136412,0.01431586757421397
RELATIVE_A,20,100,0.75,A4_SENSOR_DRIFT,moderate,mean_temp_c_1,99.0,0.4138656054481276,0.023070416801783587,0.016460905349794237,0.0037716672386467814,0.03163357837933164,0.007006180417180304,0.5422279342310447,0.00866773844755021,0.5788418305136412,0.01431586757421397
RELATIVE_A,20,100,0.75,A4_SENSOR_DRIFT,moderate,mean_voltage_v_-1,95.0,0.6657744419497936,0.06925198435825523,0.07901234567901234,0.034841169528422596,0.1402821070004403,0.056606374445191836,0.7330704556299089,0.025275644445235064,0.8140927450083829,0.023665053145172726
RELATIVE_A,20,100,0.75,A4_SENSOR_DRIFT,moderate,mean_voltage_v_-1,97.5,0.6543884079555815,0.07457861641698577,0.06941015089163237,0.02550555180768497,0.125069477733207,0.04275812312873337,0.7330704556299089,0.025275644445235064,0.8140927450083829,0.023665053145172726
RELATIVE_A,20,100,0.75,A4_SENSOR_DRIFT,moderate,mean_voltage_v_-1,99.0,0.5927140356745066,0.099157698940779,0.03429355281207133,0.007779120372432278,0.06482611510768217,0.014497254273056467,0.7330704556299089,0.025275644445235064,0.8140927450083829,0.023665053145172726
RELATIVE_A,20,100,0.75,A4_SENSOR_DRIFT,moderate,mean_voltage_v_1,95.0,0.5411414250288905,0.021888943748906257,0.04389574759945131,0.006999918146597023,0.08113959657561763,0.01214440616985712,0.6725756776505528,0.05293786118559765,0.7582295000762079,0.061116835611865324
RELATIVE_A,20,100,0.75,A4_SENSOR_DRIFT,moderate,mean_voltage_v_1,97.5,0.5063974207824012,0.05590311340592282,0.03621399176954732,0.007851351451991324,0.06756120657855816,0.014183806886083146,0.6725756776505528,0.05293786118559765,0.7582295000762079,0.061116835611865324
RELATIVE_A,20,100,0.75,A4_SENSOR_DRIFT,moderate,mean_voltage_v_1,99.0,0.4985537696751312,0.07386551479705113,0.023045267489711935,0.004276668660663894,0.04404406921111922,0.008070718734522687,0.6725756776505528,0.05293786118559765,0.7582295000762079,0.061116835611865324
RELATIVE_A,20,100,0.75,A4_SENSOR_DRIFT,moderate,pooled,95.0,0.5577655766207553,0.039210531335059605,0.047736625514403296,0.01339662618161154,0.08776537249736112,0.0230822769763424,0.6135063537646078,0.012473016665697743,0.6587615264441395,0.015630147306701096
RELATIVE_A,20,100,0.75,A4_SENSOR_DRIFT,moderate,pooled,97.5,0.5422216325030065,0.04462266980251934,0.04163237311385459,0.007779120372432275,0.07729136942920117,0.013849725345874694,0.6135063537646078,0.012473016665697743,0.6587615264441395,0.015630147306701096
RELATIVE_A,20,100,0.75,A4_SENSOR_DRIFT,moderate,pooled,99.0,0.48628966903991433,0.05704843378060675,0.021742112482853224,0.0018670312193163512,0.04161787086266209,0.0036008537752767224,0.6135063537646078,0.012473016665697743,0.6587615264441395,0.015630147306701096
RELATIVE_A,20,100,0.75,A4_SENSOR_DRIFT,strong,mean_temp_c_-1,95.0,0.4815031288900118,0.014856945948510005,0.034567901234567905,0.005761316872427983,0.06445490403827243,0.010118209260204227,0.5168244374300146,0.007205391601859287,0.5280597469897881,0.012762302065625923
RELATIVE_A,20,100,0.75,A4_SENSOR_DRIFT,strong,mean_temp_c_-1,97.5,0.47276059539728155,0.029638112711647104,0.031275720164609055,0.00377166723864678,0.05866257871133441,0.00686121771719517,0.5168244374300146,0.007205391601859287,0.5280597469897881,0.012762302065625923
RELATIVE_A,20,100,0.75,A4_SENSOR_DRIFT,strong,mean_temp_c_-1,99.0,0.3642895740055085,0.03413958625675992,0.01316872427983539,0.0014255562202212977,0.025408778558778294,0.0026738944774417983,0.5168244374300146,0.007205391601859287,0.5280597469897881,0.012762302065625923
RELATIVE_A,20,100,0.75,A4_SENSOR_DRIFT,strong,mean_temp_c_1,95.0,0.5155020980412325,0.026291837449827948,0.039780521262002745,0.00799385584874264,0.07378327879287111,0.013980145669355052,0.5834077501545556,0.008321924544094618,0.639242303002591,0.011552493589023879
RELATIVE_A,20,100,0.75,A4_SENSOR_DRIFT,strong,mean_temp_c_1,97.5,0.5009847394889501,0.036410313846237094,0.035116598079561044,0.005291440746772538,0.06561692285043358,0.009543200441517056,0.5834077501545556,0.008321924544094618,0.639242303002591,0.011552493589023879
RELATIVE_A,20,100,0.75,A4_SENSOR_DRIFT,strong,mean_temp_c_1,99.0,0.4187725643255542,0.03318969938204861,0.01673525377229081,0.0033262978471830284,0.032161209694327515,0.006199874962452105,0.5834077501545556,0.008321924544094618,0.639242303002591,0.011552493589023879
RELATIVE_A,20,100,0.75,A4_SENSOR_DRIFT,strong,mean_voltage_v_-1,95.0,0.6798011184609415,0.06756759897941422,0.08422496570644718,0.03686593613241396,0.14879413817685605,0.05932206187991955,0.7468590263180795,0.026269891217156695,0.8313843164151806,0.023851414572831634
RELATIVE_A,20,100,0.75,A4_SENSOR_DRIFT,strong,mean_voltage_v_-1,97.5,0.6707625137348137,0.07163219741366736,0.07462277091906722,0.026813260297109717,0.1338173274137384,0.04452852983872151,0.7468590263180795,0.026269891217156695,0.8313843164151806,0.023851414572831634
RELATIVE_A,20,100,0.75,A4_SENSOR_DRIFT,strong,mean_voltage_v_-1,99.0,0.6087848795349465,0.09929594617574379,0.03676268861454047,0.00840688803623844,0.06932583097267148,0.015605082914511596,0.7468590263180795,0.026269891217156695,0.8313843164151806,0.023851414572831634
RELATIVE_A,20,100,0.75,A4_SENSOR_DRIFT,strong,mean_voltage_v_1,95.0,0.5439959955248496,0.024382260496868723,0.044444444444444446,0.007407407407407406,0.08210581296683604,0.012862213025539096,0.6817853020991732,0.05531477942951869,0.7735053726566073,0.06413795231519999
RELATIVE_A,20,100,0.75,A4_SENSOR_DRIFT,strong,mean_voltage_v_1,97.5,0.5079333244505232,0.058003933012731414,0.036488340192043896,0.008244158683850053,0.0680490838016355,0.014880324089241007,0.6817853020991732,0.05531477942951869,0.7735053726566073,0.06413795231519999
RELATIVE_A,20,100,0.75,A4_SENSOR_DRIFT,strong,mean_voltage_v_1,99.0,0.4985537696751312,0.07386551479705113,0.023045267489711935,0.004276668660663894,0.04404406921111922,0.008070718734522687,0.6817853020991732,0.05531477942951869,0.7735053726566073,0.06413795231519999
RELATIVE_A,20,100,0.75,A4_SENSOR_DRIFT,strong,pooled,95.0,0.5728819122907441,0.03878804734383942,0.05075445816186557,0.014067715294769143,0.09304997119201634,0.024104530826030514,0.6359805075104054,0.012085861871216552,0.6930479347660418,0.015183220158089606
RELATIVE_A,20,100,0.75,A4_SENSOR_DRIFT,strong,pooled,97.5,0.5573603463895943,0.047945642388869954,0.0443758573388203,0.009068294430768266,0.08215629938362241,0.016046567899483086,0.6359805075104054,0.012085861871216552,0.6930479347660418,0.015183220158089606
RELATIVE_A,20,100,0.75,A4_SENSOR_DRIFT,strong,pooled,99.0,0.4937714637641853,0.06310929425131329,0.022427983539094653,0.0022912610546625607,0.042903203455169035,0.004413140135480368,0.6359805075104054,0.012085861871216552,0.6930479347660418,0.015183220158089606
RELATIVE_A,20,100,1.0,A1_ACCELERATED_DEGRADATION,mild,pooled,95.0,0.4226831295744378,0.028093194778401612,0.025514403292181072,0.0028511124404425954,0.04812021498316637,0.005257017282341444,0.4725451822857864,0.0026335201906641293,0.45352532959914654,0.005970330917145174
RELATIVE_A,20,100,1.0,A1_ACCELERATED_DEGRADATION,mild,pooled,97.5,0.41651867890587985,0.03360197985455321,0.021742112482853224,0.005165934172194938,0.04128863311177975,0.009457208102149256,0.4725451822857864,0.0026335201906641293,0.45352532959914654,0.005970330917145174
RELATIVE_A,20,100,1.0,A1_ACCELERATED_DEGRADATION,mild,pooled,99.0,0.3424831660125778,0.2799695058908128,0.007956104252400549,0.005824656720318833,0.015522304342567905,0.011353242015462821,0.4725451822857864,0.0026335201906641293,0.45352532959914654,0.005970330917145174
RELATIVE_A,20,100,1.0,A1_ACCELERATED_DEGRADATION,moderate,pooled,95.0,0.42006998027438164,0.02776114583407097,0.0252400548696845,0.0027936093078760366,0.047615385014424895,0.005153448790606832,0.47544798911819425,0.004415801941760523,0.45804255258344767,0.008544708898700253
RELATIVE_A,20,100,1.0,A1_ACCELERATED_DEGRADATION,moderate,pooled,97.5,0.4125397378686338,0.03510887197755069,0.02139917695473251,0.005156363821457475,0.04065014767046415,0.009451946606068047,0.47544798911819425,0.004415801941760523,0.45804255258344767,0.008544708898700253
RELATIVE_A,20,100,1.0,A1_ACCELERATED_DEGRADATION,moderate,pooled,99.0,0.12516376225249606,0.20024903969162422,0.003978052126200274,0.006537038440298412,0.007709636412447207,0.012661945396453324,0.47544798911819425,0.004415801941760523,0.45804255258344767,0.008544708898700253
RELATIVE_A,20,100,1.0,A1_ACCELERATED_DEGRADATION,strong,pooled,95.0,0.4194376225285262,0.02726315631115613,0.025171467764060356,0.002740052723654074,0.0474893869084132,0.005055013910521197,0.4829910636187082,0.0033594901983511538,0.46713224927602504,0.007134033569242491
RELATIVE_A,20,100,1.0,A1_ACCELERATED_DEGRADATION,strong,pooled,97.5,0.40640333800758094,0.03483318562494918,0.02085048010973937,0.004943983893262029,0.039630718192279354,0.00907381868320069,0.4829910636187082,0.0033594901983511538,0.46713224927602504,0.007134033569242491
RELATIVE_A,20,100,1.0,A1_ACCELERATED_DEGRADATION,strong,pooled,99.0,0.11196769307334827,0.18552850085858008,0.003429355281207133,0.005762541512015082,0.006654315058315384,0.011178382956536803,0.4829910636187082,0.0033594901983511538,0.46713224927602504,0.007134033569242491
RELATIVE_A,20,100,1.0,A2_EARLY_VOLTAGE_COLLAPSE,mild,pooled,95.0,0.9162499274587804,0.042206613948297396,0.45999999999999996,0.24902667671212597,0.5902325889826571,0.2284221653164483,0.9020403168735518,0.018130704202425824,0.9606117724867724,0.008986969149939988
RELATIVE_A,20,100,1.0,A2_EARLY_VOLTAGE_COLLAPSE,mild,pooled,97.5,0.8894730205794973,0.0343745287788822,0.26,0.08756338811841116,0.39796360218450083,0.11159552942435579,0.9020403168735518,0.018130704202425824,0.9606117724867724,0.008986969149939988
RELATIVE_A,20,100,1.0,A2_EARLY_VOLTAGE_COLLAPSE,mild,pooled,99.0,0.6797351203114917,0.2264404747541189,0.04047619047619048,0.02219272418615437,0.07609786057957006,0.04077584256749956,0.9020403168735518,0.018130704202425824,0.9606117724867724,0.008986969149939988
RELATIVE_A,20,100,1.0,A2_EARLY_VOLTAGE_COLLAPSE,moderate,pooled,95.0,0.9177493739426129,0.04154864079624961,0.4685714285714286,0.2515137842613589,0.5979754258183066,0.22885330797862632,0.9027376739993765,0.017997191482888506,0.9608101851851852,0.008952625959980802
RELATIVE_A,20,100,1.0,A2_EARLY_VOLTAGE_COLLAPSE,moderate,pooled,97.5,0.8909799435763787,0.034704699031361384,0.26476190476190475,0.09018499505645788,0.4035403500157632,0.11475540497307254,0.9027376739993765,0.017997191482888506,0.9608101851851852,0.008952625959980802
RELATIVE_A,20,100,1.0,A2_EARLY_VOLTAGE_COLLAPSE,moderate,pooled,99.0,0.6827726753400555,0.22766325191039238,0.04142857142857143,0.023386722205349854,0.07776234156352387,0.04281245152110089,0.9027376739993765,0.017997191482888506,0.9608101851851852,0.008952625959980802
RELATIVE_A,20,100,1.0,A2_EARLY_VOLTAGE_COLLAPSE,strong,pooled,95.0,0.9177493739426129,0.04154864079624961,0.4685714285714286,0.2515137842613589,0.5979754258183066,0.22885330797862632,0.9027376739993765,0.017997191482888506,0.9608101851851852,0.008952625959980802
RELATIVE_A,20,100,1.0,A2_EARLY_VOLTAGE_COLLAPSE,strong,pooled,97.5,0.8909799435763787,0.034704699031361384,0.26476190476190475,0.09018499505645788,0.4035403500157632,0.11475540497307254,0.9027376739993765,0.017997191482888506,0.9608101851851852,0.008952625959980802
RELATIVE_A,20,100,1.0,A2_EARLY_VOLTAGE_COLLAPSE,strong,pooled,99.0,0.6827726753400555,0.22766325191039238,0.04142857142857143,0.023386722205349854,0.07776234156352387,0.04281245152110089,0.9027376739993765,0.017997191482888506,0.9608101851851852,0.008952625959980802
RELATIVE_A,20,100,1.0,A3_THERMAL_ABNORMALITY,mild,pooled,95.0,0.4266974691373682,0.07806704152839257,0.02666666666666667,0.009072647087265549,0.05015411335991565,0.016585239139173896,0.5893960565284321,0.011995776254642149,0.6364847883597884,0.005986092806519753
RELATIVE_A,20,100,1.0,A3_THERMAL_ABNORMALITY,mild,pooled,97.5,0.40450432730133756,0.08196416827157219,0.020476190476190478,0.0043643578047198464,0.038978169626397184,0.008283795801153989,0.5893960565284321,0.011995776254642149,0.6364847883597884,0.005986092806519753
RELATIVE_A,20,100,1.0,A3_THERMAL_ABNORMALITY,mild,pooled,99.0,0.5032147613295764,0.14740595192469788,0.014761904761904763,0.0008247860988423231,0.028633321530429214,0.0014730871529991952,0.5893960565284321,0.011995776254642149,0.6364847883597884,0.005986092806519753
RELATIVE_A,20,100,1.0,A3_THERMAL_ABNORMALITY,moderate,pooled,95.0,0.6260225798493506,0.09627355614216507,0.06238095238095238,0.025084889887744617,0.113063747310457,0.04301601301728612,0.7308846496699299,0.01853014865688881,0.8137235449735449,0.012109492615421892
RELATIVE_A,20,100,1.0,A3_THERMAL_ABNORMALITY,moderate,pooled,97.5,0.5400980680364978,0.07720792310333863,0.03619047619047619,0.010135141263710842,0.06777285382754704,0.01839756222613934,0.7308846496699299,0.01853014865688881,0.8137235449735449,0.012109492615421892
RELATIVE_A,20,100,1.0,A3_THERMAL_ABNORMALITY,moderate,pooled,99.0,0.5023598207129923,0.1655496927890939,0.01476190476190476,0.0008247860988423234,0.028645452898509897,0.0018071919230465698,0.7308846496699299,0.01853014865688881,0.8137235449735449,0.012109492615421892
RELATIVE_A,20,100,1.0,A3_THERMAL_ABNORMALITY,strong,pooled,95.0,0.7262688313293836,0.08519231346200132,0.10095238095238096,0.04324428317374314,0.17603520893900385,0.06890365514506373,0.808840188500557,0.017250350579220062,0.8888062169312169,0.009251418046989061
RELATIVE_A,20,100,1.0,A3_THERMAL_ABNORMALITY,strong,pooled,97.5,0.662704904271914,0.049852573193540625,0.06,0.012205719636167896,0.1099195094951405,0.021207627634550932,0.808840188500557,0.017250350579220062,0.8888062169312169,0.009251418046989061
RELATIVE_A,20,100,1.0,A3_THERMAL_ABNORMALITY,strong,pooled,99.0,0.5178183311750914,0.1521622300242486,0.015714285714285715,0.0,0.030457694019304423,0.00023774507465572906,0.808840188500557,0.017250350579220062,0.8888062169312169,0.009251418046989061
RELATIVE_A,20,100,1.0,A4_SENSOR_DRIFT,mild,mean_temp_c_-1,95.0,0.4333032516325865,0.022454619631831554,0.026611796982167354,0.0023759270337021634,0.05014130340458528,0.004370647983672174,0.4835381359814959,0.003988151037768819,0.475582037799116,0.0072008614769286106
RELATIVE_A,20,100,1.0,A4_SENSOR_DRIFT,mild,mean_temp_c_-1,97.5,0.3978024624720657,0.06679583003202234,0.0205761316872428,0.007407407407407408,0.03907343730768461,0.013682522885587632,0.4835381359814959,0.003988151037768819,0.475582037799116,0.0072008614769286106
RELATIVE_A,20,100,1.0,A4_SENSOR_DRIFT,mild,mean_temp_c_-1,99.0,0.42517134578652227,0.07913739717570772,0.010973936899862827,0.003115999092345829,0.021325001450876804,0.0058724186494666574,0.4835381359814959,0.003988151037768819,0.475582037799116,0.0072008614769286106
RELATIVE_A,20,100,1.0,A4_SENSOR_DRIFT,mild,mean_temp_c_1,95.0,0.45098883977313636,0.008177717589338492,0.02853223593964335,0.0009503708134808662,0.05366859247473857,0.0017387958988157128,0.5065253743651087,0.007246843027446204,0.5174192196311537,0.008474156297990107
RELATIVE_A,20,100,1.0,A4_SENSOR_DRIFT,mild,mean_temp_c_1,97.5,0.450667370376779,0.01812594114252027,0.024691358024691357,0.003292181069958847,0.046792610508981,0.005937231312885825,0.5065253743651087,0.007246843027446204,0.5174192196311537,0.008474156297990107
RELATIVE_A,20,100,1.0,A4_SENSOR_DRIFT,mild,mean_temp_c_1,99.0,0.46774028825117275,0.10547627522513252,0.01289437585733882,0.0028904399870652246,0.025024293656868424,0.005388367411305475,0.5065253743651087,0.007246843027446204,0.5174192196311537,0.008474156297990107
RELATIVE_A,20,100,1.0,A4_SENSOR_DRIFT,mild,mean_voltage_v_-1,95.0,0.5575287983635654,0.05093320848617741,0.044444444444444446,0.009053497942386832,0.08227809939726456,0.01608899052552592,0.674984531969041,0.013505164766403146,0.7466316110349033,0.020930199572338777
RELATIVE_A,20,100,1.0,A4_SENSOR_DRIFT,mild,mean_voltage_v_-1,97.5,0.5337011324001814,0.04163255040544936,0.035116598079561044,0.00953928046678393,0.06579280544110588,0.01703767214417527,0.674984531969041,0.013505164766403146,0.7466316110349033,0.020930199572338777
RELATIVE_A,20,100,1.0,A4_SENSOR_DRIFT,mild,mean_voltage_v_-1,99.0,0.5124327271735871,0.1344094055266971,0.015912208504801097,0.006177410287625626,0.03075855353280652,0.011601208867893656,0.674984531969041,0.013505164766403146,0.7466316110349033,0.020930199572338777
RELATIVE_A,20,100,1.0,A4_SENSOR_DRIFT,mild,mean_voltage_v_1,95.0,0.5343556350985674,0.030717246303924656,0.04005486968449931,0.00475185406740433,0.0745109868894179,0.008534846979730165,0.6481373815200712,0.00963735949290002,0.7142880277396738,0.011716023322757322
RELATIVE_A,20,100,1.0,A4_SENSOR_DRIFT,mild,mean_voltage_v_1,97.5,0.5203564520481362,0.0295667596711951,0.0326474622770919,0.00405998589491049,0.06141128594038472,0.007294261191129609,0.6481373815200712,0.00963735949290002,0.7142880277396738,0.011716023322757322
RELATIVE_A,20,100,1.0,A4_SENSOR_DRIFT,mild,mean_voltage_v_1,99.0,0.4715279878971255,0.1459010423077687,0.01289437585733882,0.0004751854067404331,0.025055603946474544,0.000720127207547393,0.6481373815200712,0.00963735949290002,0.7142880277396738,0.011716023322757322
RELATIVE_A,20,100,1.0,A4_SENSOR_DRIFT,mild,pooled,95.0,0.5008035899013351,0.020162731423034822,0.034910836762688614,0.0028535862911817163,0.06526711507195272,0.005156451782120317,0.5800715410575064,0.0051035012662901365,0.6134802240512117,0.007030008860610405
RELATIVE_A,20,100,1.0,A4_SENSOR_DRIFT,mild,pooled,97.5,0.48194380233215184,0.032828359920035535,0.02825788751714678,0.005968260608451878,0.053336148895281786,0.010797849015285644,0.5800715410575064,0.0051035012662901365,0.6134802240512117,0.007030008860610405
RELATIVE_A,20,100,1.0,A4_SENSOR_DRIFT,mild,pooled,99.0,0.47397355349291975,0.1117489887296068,0.01316872427983539,0.0024947233853872715,0.02555630138113374,0.004618094110415572,0.5800715410575064,0.0051035012662901365,0.6134802240512117,0.007030008860610405
RELATIVE_A,20,100,1.0,A4_SENSOR_DRIFT,moderate,mean_temp_c_-1,95.0,0.4224182655397432,0.03161442392037057,0.025514403292181072,0.0032921810699588472,0.048117092922512504,0.006060895070066253,0.5021651218053036,0.008159979544883865,0.503029263831733,0.014458089098685989
RELATIVE_A,20,100,1.0,A4_SENSOR_DRIFT,moderate,mean_temp_c_-1,97.5,0.3874981022010992,0.062634013346133,0.019753086419753086,0.0075433344772935645,0.03753045416446655,0.01391104659846085,0.5021651218053036,0.008159979544883865,0.503029263831733,0.014458089098685989
RELATIVE_A,20,100,1.0,A4_SENSOR_DRIFT,moderate,mean_temp_c_-1,99.0,0.4389856150157696,0.08953599907840862,0.011522633744855968,0.0028511124404425954,0.022385861962077574,0.005344255967622702,0.5021651218053036,0.008159979544883865,0.503029263831733,0.014458089098685989
RELATIVE_A,20,100,1.0,A4_SENSOR_DRIFT,moderate,mean_temp_c_1,95.0,0.4644637007356532,0.020511698417657067,0.030178326474622773,0.002514444825764523,0.056670988507394625,0.004585225444381659,0.5389486111547539,0.007284975906220353,0.5667638317329676,0.00894661620514132
RELATIVE_A,20,100,1.0,A4_SENSOR_DRIFT,moderate,mean_temp_c_1,97.5,0.47562564317874606,0.027921429701869595,0.027160493827160497,0.0014255562202212988,0.05137425647914661,0.0025410211573943793,0.5389486111547539,0.007284975906220353,0.5667638317329676,0.00894661620514132
RELATIVE_A,20,100,1.0,A4_SENSOR_DRIFT,moderate,mean_temp_c_1,99.0,0.49208026952691597,0.12063445283277184,0.014266117969821674,0.003426610698709683,0.02765181229619883,0.006399564530778655,0.5389486111547539,0.007284975906220353,0.5667638317329676,0.00894661620514132
RELATIVE_A,20,100,1.0,A4_SENSOR_DRIFT,moderate,mean_voltage_v_-1,95.0,0.6088299181772339,0.03841257919740498,0.054595336076817554,0.008447080558760303,0.10016131006811772,0.01477414608743732,0.7210242552974612,0.01658315649863795,0.803215973174821,0.021341318882101227
RELATIVE_A,20,100,1.0,A4_SENSOR_DRIFT,moderate,mean_voltage_v_-1,97.5,0.5796255856362297,0.041924540895315464,0.041975308641975316,0.008710292382105645,0.0781985489325129,0.015492773865017729,0.7210242552974612,0.01658315649863795,0.803215973174821,0.021341318882101227
RELATIVE_A,20,100,1.0,A4_SENSOR_DRIFT,moderate,mean_voltage_v_-1,99.0,0.530840961569081,0.13479914801158957,0.01728395061728395,0.00712778110110649,0.03335267672968533,0.013351618078908287,0.7210242552974612,0.01658315649863795,0.803215973174821,0.021341318882101227
RELATIVE_A,20,100,1.0,A4_SENSOR_DRIFT,moderate,mean_voltage_v_1,95.0,0.5378849784793788,0.028775717816139128,0.04060356652949246,0.0045329798743095505,0.07549577996640115,0.008131711961860877,0.6723649896138507,0.011330441383660971,0.7528606538637402,0.014842537722929984
RELATIVE_A,20,100,1.0,A4_SENSOR_DRIFT,moderate,mean_voltage_v_1,97.5,0.5222914989730242,0.03291467689010211,0.03292181069958847,0.004276668660663893,0.061910588322743064,0.007710202030413395,0.6723649896138507,0.011330441383660971,0.7528606538637402,0.014842537722929984
RELATIVE_A,20,100,1.0,A4_SENSOR_DRIFT,moderate,mean_voltage_v_1,99.0,0.4715279878971255,0.1459010423077687,0.01289437585733882,0.0004751854067404331,0.025055603946474544,0.000720127207547393,0.6723649896138507,0.011330441383660971,0.7528606538637402,0.014842537722929984
RELATIVE_A,20,100,1.0,A4_SENSOR_DRIFT,moderate,pooled,95.0,0.5200902539392721,0.021121521832725417,0.03772290809327846,0.0031898534853864197,0.07033796850383148,0.0057390126237157665,0.6112427573814997,0.007659479024239909,0.6564674306508155,0.009301716846367707
RELATIVE_A,20,100,1.0,A4_SENSOR_DRIFT,moderate,pooled,97.5,0.5021870774895748,0.02561563390541499,0.03045267489711934,0.004864852023677731,0.05738411520024495,0.008740406875486512,0.6112427573814997,0.007659479024239909,0.6564674306508155,0.009301716846367707
RELATIVE_A,20,100,1.0,A4_SENSOR_DRIFT,moderate,pooled,99.0,0.48891920012741746,0.11423300011506388,0.013991769547325103,0.0024947233853872715,0.027133857891549817,0.004599146356330787,0.6112427573814997,0.007659479024239909,0.6564674306508155,0.009301716846367707
RELATIVE_A,20,100,1.0,A4_SENSOR_DRIFT,strong,mean_temp_c_-1,95.0,0.44753435631721805,0.05344408727258518,0.02853223593964335,0.0062861120644113035,0.053624356661764204,0.011486223481462447,0.5368244225224504,0.014505256507441052,0.5571330589849107,0.023371456881571887
RELATIVE_A,20,100,1.0,A4_SENSOR_DRIFT,strong,mean_temp_c_-1,97.5,0.41243327481424336,0.06309066545323265,0.021947873799725653,0.008447080558760305,0.04160385264427285,0.015500355473428248,0.5368244225224504,0.014505256507441052,0.5571330589849107,0.023371456881571887
RELATIVE_A,20,100,1.0,A4_SENSOR_DRIFT,strong,mean_temp_c_-1,99.0,0.45391330899804294,0.11539152349554622,0.012071330589849107,0.0019007416269617309,0.02345635191848625,0.003490112974130675,0.5368244225224504,0.014505256507441052,0.5571330589849107,0.023371456881571887
RELATIVE_A,20,100,1.0,A4_SENSOR_DRIFT,strong,mean_temp_c_1,95.0,0.4926669721842174,0.012200863792438512,0.03374485596707819,0.0016460905349794238,0.06316192495202615,0.002983914686546545,0.5862371347657401,0.006417336335148656,0.6329541990550221,0.0058546472872190065
RELATIVE_A,20,100,1.0,A4_SENSOR_DRIFT,strong,mean_temp_c_1,97.5,0.49047178208493597,0.032854999049880144,0.028806584362139915,0.0008230452674897124,0.054408281808981905,0.0015292479764297492,0.5862371347657401,0.006417336335148656,0.6329541990550221,0.0058546472872190065
RELATIVE_A,20,100,1.0,A4_SENSOR_DRIFT,strong,mean_temp_c_1,99.0,0.49446758333034246,0.1414027647225684,0.014266117969821674,0.0019007416269617315,0.02767589774784931,0.003522293080318977,0.5862371347657401,0.006417336335148656,0.6329541990550221,0.0058546472872190065
RELATIVE_A,20,100,1.0,A4_SENSOR_DRIFT,strong,mean_voltage_v_-1,95.0,0.6255640001501382,0.04081993225861892,0.05871056241426612,0.009645210332645787,0.10728898219010552,0.016770179739567785,0.7347449064475052,0.016883115968478992,0.8199055022100289,0.02168657339563856
RELATIVE_A,20,100,1.0,A4_SENSOR_DRIFT,strong,mean_voltage_v_-1,97.5,0.5919095185455633,0.04191887849327604,0.04417009602194788,0.009177354558945255,0.08211510459669492,0.016264799518233033,0.7347449064475052,0.016883115968478992,0.8199055022100289,0.02168657339563856
RELATIVE_A,20,100,1.0,A4_SENSOR_DRIFT,strong,mean_voltage_v_-1,99.0,0.5359799461200088,0.1362098077238715,0.01783264746227709,0.008078151914587358,0.03437428061868925,0.015120956155094033,0.7347449064475052,0.016883115968478992,0.8199055022100289,0.02168657339563856
RELATIVE_A,20,100,1.0,A4_SENSOR_DRIFT,strong,mean_voltage_v_1,95.0,0.5394208821475007,0.030368643799206195,0.040877914951989024,0.0048226051663228945,0.07598365718947848,0.008646103964071061,0.6811743153915151,0.012221278700883687,0.7671172458466696,0.016074601001496602
RELATIVE_A,20,100,1.0,A4_SENSOR_DRIFT,strong,mean_voltage_v_1,97.5,0.5222914989730242,0.03291467689010211,0.03292181069958847,0.004276668660663893,0.061910588322743064,0.007710202030413395,0.6811743153915151,0.012221278700883687,0.7671172458466696,0.016074601001496602
RELATIVE_A,20,100,1.0,A4_SENSOR_DRIFT,strong,mean_voltage_v_1,99.0,0.4715279878971255,0.1459010423077687,0.01289437585733882,0.0004751854067404331,0.025055603946474544,0.000720127207547393,0.6811743153915151,0.012221278700883687,0.7671172458466696,0.016074601001496602
RELATIVE_A,20,100,1.0,A4_SENSOR_DRIFT,strong,pooled,95.0,0.5371215356882373,0.027172746345136216,0.04046639231824417,0.004471858247655154,0.07525093002761159,0.007997176660731922,0.6365853029605407,0.009171171764208699,0.6942775015241579,0.012524285689823245
RELATIVE_A,20,100,1.0,A4_SENSOR_DRIFT,strong,pooled,97.5,0.5139966277388744,0.029598541349063614,0.03196159122085048,0.005343195254749608,0.060138100677361556,0.009602714523811787,0.6365853029605407,0.009171171764208699,0.6942775015241579,0.012524285689823245
RELATIVE_A,20,100,1.0,A4_SENSOR_DRIFT,strong,pooled,99.0,0.49411185622550974,0.12481850532966436,0.014266117969821674,0.002275810702748568,0.0276651557132197,0.004186633207336705,0.6365853029605407,0.009171171764208699,0.6942775015241579,0.012524285689823245
RELATIVE_A,20,200,0.75,A1_ACCELERATED_DEGRADATION,mild,pooled,95.0,0.4418728660368036,0.010062761870796544,0.029286694101508918,0.0026054073955037826,0.05491221803785031,0.004550239394947045,0.4702765610308939,0.0015882579504190501,0.4546627324340802,0.0009736218910866252
RELATIVE_A,20,200,0.75,A1_ACCELERATED_DEGRADATION,mild,pooled,97.5,0.43825384237563414,0.004713640568527717,0.027091906721536354,0.000517821291856703,0.05102916209189775,0.0009505569327909456,0.4702765610308939,0.0015882579504190501,0.4546627324340802,0.0009736218910866252
RELATIVE_A,20,200,0.75,A1_ACCELERATED_DEGRADATION,mild,pooled,99.0,0.296913546406447,0.10255001766210119,0.009190672153635117,0.004039075957293679,0.017825183496208638,0.0077904219382140556,0.4702765610308939,0.0015882579504190501,0.4546627324340802,0.0009736218910866252
RELATIVE_A,20,200,0.75,A1_ACCELERATED_DEGRADATION,moderate,pooled,95.0,0.4408165714010199,0.011221484020646646,0.02914951989026063,0.00238482011669598,0.054664259610450044,0.0041548380590476375,0.4745020797669593,0.0004000893189671258,0.4607081618655693,0.0018034148068080942
RELATIVE_A,20,200,0.75,A1_ACCELERATED_DEGRADATION,moderate,pooled,97.5,0.4428663301935211,0.017129769115820676,0.027640603566529493,0.0019447800931080683,0.05203174126149399,0.0035629658537763625,0.4745020797669593,0.0004000893189671258,0.4607081618655693,0.0018034148068080942
RELATIVE_A,20,200,0.75,A1_ACCELERATED_DEGRADATION,moderate,pooled,99.0,0.17783181492054875,0.16924849879870058,0.005281207133058986,0.0056811490781560545,0.010253016095528712,0.01099570843618591,0.4745020797669593,0.0004000893189671258,0.4607081618655693,0.0018034148068080942
RELATIVE_A,20,200,0.75,A1_ACCELERATED_DEGRADATION,strong,pooled,95.0,0.45319421921577546,0.02118449178311025,0.030589849108367626,0.0012056512915807223,0.05729985817610109,0.0020654449804359165,0.48251025552872634,0.0017831594767257993,0.4712996303917086,0.0023394790243059065
RELATIVE_A,20,200,0.75,A1_ACCELERATED_DEGRADATION,strong,pooled,97.5,0.446982753130883,0.020112512696501775,0.028120713305898493,0.002312718148160132,0.05290988641910166,0.0042337293097314726,0.48251025552872634,0.0017831594767257993,0.4712996303917086,0.0023394790243059065
RELATIVE_A,20,200,0.75,A1_ACCELERATED_DEGRADATION,strong,pooled,99.0,0.2996260442402161,0.10489910969385546,0.009327846364883402,0.004157872308978787,0.0180879147955395,0.008017953917803874,0.48251025552872634,0.0017831594767257993,0.4712996303917086,0.0023394790243059065
RELATIVE_A,20,200,0.75,A2_EARLY_VOLTAGE_COLLAPSE,mild,pooled,95.0,0.9066398336327678,0.053609149350893136,0.44571428571428573,0.22338307903688678,0.5776454156009049,0.2328901160510666,0.8971412730369793,0.028423851401061746,0.957387566137566,0.011651363724195176
RELATIVE_A,20,200,0.75,A2_EARLY_VOLTAGE_COLLAPSE,mild,pooled,97.5,0.8867149124349124,0.0685528423487981,0.3395238095238095,0.16796703596261983,0.4778200324681308,0.20009261158337807,0.8971412730369793,0.028423851401061746,0.957387566137566,0.011651363724195176
RELATIVE_A,20,200,0.75,A2_EARLY_VOLTAGE_COLLAPSE,mild,pooled,99.0,0.7405704815269468,0.07228979553220152,0.0638095238095238,0.023661444283437794,0.11706444065726458,0.040951833293757636,0.8971412730369793,0.028423851401061746,0.957387566137566,0.011651363724195176
RELATIVE_A,20,200,0.75,A2_EARLY_VOLTAGE_COLLAPSE,moderate,pooled,95.0,0.9076905661364439,0.05358264802332204,0.45285714285714285,0.22777987942175174,0.5836754276690193,0.23602863003689176,0.8980837823825164,0.028683971142853384,0.957662037037037,0.011623412883564395
RELATIVE_A,20,200,0.75,A2_EARLY_VOLTAGE_COLLAPSE,moderate,pooled,97.5,0.8892295773244486,0.06813355797510952,0.35047619047619044,0.17500048590797457,0.48869278723774023,0.20585717395609696,0.8980837823825164,0.028683971142853384,0.957662037037037,0.011623412883564395
RELATIVE_A,20,200,0.75,A2_EARLY_VOLTAGE_COLLAPSE,moderate,pooled,99.0,0.7470796776333781,0.06717509515269793,0.06571428571428571,0.023861847269271524,0.12035879533969289,0.04105200957964174,0.8980837823825164,0.028683971142853384,0.957662037037037,0.011623412883564395
RELATIVE_A,20,200,0.75,A2_EARLY_VOLTAGE_COLLAPSE,strong,pooled,95.0,0.9076905661364439,0.05358264802332204,0.45285714285714285,0.22777987942175174,0.5836754276690193,0.23602863003689176,0.8980837823825164,0.028683971142853384,0.957662037037037,0.011623412883564395
RELATIVE_A,20,200,0.75,A2_EARLY_VOLTAGE_COLLAPSE,strong,pooled,97.5,0.8892295773244486,0.06813355797510952,0.35047619047619044,0.17500048590797457,0.48869278723774023,0.20585717395609696,0.8980837823825164,0.028683971142853384,0.957662037037037,0.011623412883564395
RELATIVE_A,20,200,0.75,A2_EARLY_VOLTAGE_COLLAPSE,strong,pooled,99.0,0.7470796776333781,0.06717509515269793,0.06571428571428571,0.023861847269271524,0.12035879533969289,0.04105200957964174,0.8980837823825164,0.028683971142853384,0.957662037037037,0.011623412883564395
RELATIVE_A,20,200,0.75,A3_THERMAL_ABNORMALITY,mild,pooled,95.0,0.44790403008146235,0.060014410096427134,0.030952380952380953,0.010033955955097845,0.05781055904838935,0.01800517274376374,0.6232864403311341,0.0016255294799128951,0.6826025132275132,0.0038145497049562986
RELATIVE_A,20,200,0.75,A3_THERMAL_ABNORMALITY,mild,pooled,97.5,0.3773113072780099,0.06369820810053961,0.021428571428571425,0.005714285714285713,0.04054038077401704,0.010601777761339472,0.6232864403311341,0.0016255294799128951,0.6826025132275132,0.0038145497049562986
RELATIVE_A,20,200,0.75,A3_THERMAL_ABNORMALITY,mild,pooled,99.0,0.4299674267100977,0.0,0.015714285714285715,0.0,0.03032043183645343,0.0,0.6232864403311341,0.0016255294799128951,0.6826025132275132,0.0038145497049562986
RELATIVE_A,20,200,0.75,A3_THERMAL_ABNORMALITY,moderate,pooled,95.0,0.6515497189148461,0.04389173952726417,0.07047619047619048,0.015408275892727087,0.12699061570623316,0.025986424805571274,0.7592462865840185,0.006526207404576741,0.8498214285714286,0.005317895252882967
RELATIVE_A,20,200,0.75,A3_THERMAL_ABNORMALITY,moderate,pooled,97.5,0.6259116687208873,0.04457376490633235,0.05904761904761905,0.011980710119437262,0.10782041564685901,0.02059802275204601,0.7592462865840185,0.006526207404576741,0.8498214285714286,0.005317895252882967
RELATIVE_A,20,200,0.75,A3_THERMAL_ABNORMALITY,moderate,pooled,99.0,0.4067796610169491,0.0,0.014285714285714285,0.0,0.027602070155261643,0.0,0.7592462865840185,0.006526207404576741,0.8498214285714286,0.005317895252882967
RELATIVE_A,20,200,0.75,A3_THERMAL_ABNORMALITY,strong,pooled,95.0,0.7472098782346125,0.08478554827454873,0.12047619047619047,0.048620423468243176,0.20596146686963335,0.07674056757564247,0.8150167735223334,0.011352080068898616,0.8997916666666667,0.005525633350956366
RELATIVE_A,20,200,0.75,A3_THERMAL_ABNORMALITY,strong,pooled,97.5,0.7170942030751487,0.07434458724788852,0.09333333333333334,0.030550504633038936,0.16457121078956996,0.05014409865735627,0.8150167735223334,0.011352080068898616,0.8997916666666667,0.005525633350956366
RELATIVE_A,20,200,0.75,A3_THERMAL_ABNORMALITY,strong,pooled,99.0,0.4299674267100977,0.0,0.015714285714285715,0.0,0.03032043183645343,0.0,0.8150167735223334,0.011352080068898616,0.8997916666666667,0.005525633350956366
RELATIVE_A,20,200,0.75,A4_SENSOR_DRIFT,mild,mean_temp_c_-1,95.0,0.4506046344538137,0.007512254455733409,0.03045267489711934,0.0042766686606638925,0.057015743330985545,0.0075362312424331395,0.47848433189134054,0.0034709863673525547,0.4690472107910379,0.006105651703969278
RELATIVE_A,20,200,0.75,A4_SENSOR_DRIFT,mild,mean_temp_c_-1,97.5,0.446267432321575,0.0,0.027983539094650206,0.0,0.05266469819449151,0.0,0.47848433189134054,0.0034709863673525547,0.4690472107910379,0.006105651703969278
RELATIVE_A,20,200,0.75,A4_SENSOR_DRIFT,mild,mean_temp_c_-1,99.0,0.35258993479978046,0.060105708610157925,0.011522633744855968,0.0028511124404425954,0.022312913388985223,0.005470606602558302,0.47848433189134054,0.0034709863673525547,0.4690472107910379,0.006105651703969278
RELATIVE_A,20,200,0.75,A4_SENSOR_DRIFT,mild,mean_temp_c_1,95.0,0.4863019822609269,0.005747385116231083,0.035116598079561044,0.00453297987430955,0.06546477952536077,0.007900007556958136,0.5071000982530015,0.00379350506087741,0.5205789894833105,0.008169284362269377
RELATIVE_A,20,200,0.75,A4_SENSOR_DRIFT,mild,mean_temp_c_1,97.5,0.4757278286564956,0.01629340862755638,0.03155006858710563,0.0020712851674268206,0.05917337780388898,0.00376872628325192,0.5071000982530015,0.00379350506087741,0.5205789894833105,0.008169284362269377
RELATIVE_A,20,200,0.75,A4_SENSOR_DRIFT,mild,mean_temp_c_1,99.0,0.44119784183215466,0.012335189135695493,0.016460905349794237,0.0008230452674897102,0.03173733407324408,0.0015617263857223534,0.5071000982530015,0.00379350506087741,0.5205789894833105,0.008169284362269377
RELATIVE_A,20,200,0.75,A4_SENSOR_DRIFT,mild,mean_voltage_v_-1,95.0,0.5832498740159667,0.031629740467758856,0.05267489711934157,0.01293517172469277,0.09644854634399742,0.022058765976489963,0.6927054306156668,0.028702947672267408,0.7639079408626733,0.02705138272963456
RELATIVE_A,20,200,0.75,A4_SENSOR_DRIFT,mild,mean_voltage_v_-1,97.5,0.5615843019857255,0.043451489995325714,0.04499314128943758,0.00782253905590302,0.08327549781160179,0.01389232098948723,0.6927054306156668,0.028702947672267408,0.7639079408626733,0.02705138272963456
RELATIVE_A,20,200,0.75,A4_SENSOR_DRIFT,mild,mean_voltage_v_-1,99.0,0.4972632089582407,0.04839687586172975,0.02085048010973937,0.003801483253923462,0.040014824233362105,0.00716780133007659,0.6927054306156668,0.028702947672267408,0.7639079408626733,0.02705138272963456
RELATIVE_A,20,200,0.75,A4_SENSOR_DRIFT,mild,mean_voltage_v_1,95.0,0.5243721541641924,0.019344270863245975,0.0411522633744856,0.007851351451991322,0.07623589597238899,0.01363999610145305,0.6529813830396781,0.03020246375444455,0.72410360463344,0.029652033873250102
RELATIVE_A,20,200,0.75,A4_SENSOR_DRIFT,mild,mean_voltage_v_1,97.5,0.4928418322792347,0.040334613529350125,0.03401920438957476,0.005227039474144758,0.06363121329305226,0.009497280666339212,0.6529813830396781,0.03020246375444455,0.72410360463344,0.029652033873250102
RELATIVE_A,20,200,0.75,A4_SENSOR_DRIFT,mild,mean_voltage_v_1,99.0,0.46036026724048823,0.0632789913628682,0.01810699588477366,0.004276668660663894,0.0348344097673506,0.008108630655780113,0.6529813830396781,0.03020246375444455,0.72410360463344,0.029652033873250102
RELATIVE_A,20,200,0.75,A4_SENSOR_DRIFT,mild,pooled,95.0,0.5165234642061888,0.01791527809644275,0.03984910836762689,0.007368247349213569,0.0739177015280129,0.012825501958312852,0.5858768284237145,0.00452900519231143,0.6194094364426155,0.0034856429949838208
RELATIVE_A,20,200,0.75,A4_SENSOR_DRIFT,mild,pooled,97.5,0.4988458839188952,0.019857158535970327,0.03463648834019204,0.002808723625438036,0.06477103692745395,0.005075695727921523,0.5858768284237145,0.00452900519231143,0.6194094364426155,0.0034856429949838208
RELATIVE_A,20,200,0.75,A4_SENSOR_DRIFT,mild,pooled,99.0,0.44480220008213545,0.023545751416790044,0.01673525377229081,0.001571528016102823,0.032255586730683565,0.0029818065380564384,0.5858768284237145,0.00452900519231143,0.6194094364426155,0.0034856429949838208
RELATIVE_A,20,200,0.75,A4_SENSOR_DRIFT,moderate,mean_temp_c_-1,95.0,0.46387678077110245,0.0170784405440711,0.03209876543209877,0.0041152263374485566,0.06001199498859893,0.00726645110337947,0.4939050377025041,0.006337137721203655,0.49195720926688,0.007972002480474135
RELATIVE_A,20,200,0.75,A4_SENSOR_DRIFT,moderate,mean_temp_c_-1,97.5,0.4486587200632363,0.004141831864073888,0.02825788751714678,0.0004751854067404335,0.05316703378222045,0.0008700707603965167,0.4939050377025041,0.006337137721203655,0.49195720926688,0.007972002480474135
RELATIVE_A,20,200,0.75,A4_SENSOR_DRIFT,moderate,mean_temp_c_-1,99.0,0.35258993479978046,0.060105708610157925,0.011522633744855968,0.0028511124404425954,0.022312913388985223,0.005470606602558302,0.4939050377025041,0.006337137721203655,0.49195720926688,0.007972002480474135
RELATIVE_A,20,200,0.75,A4_SENSOR_DRIFT,moderate,mean_temp_c_1,95.0,0.5033843029750263,0.017512739590090372,0.03758573388203018,0.004532979874309548,0.06991294226952936,0.00792158632964785,0.5404181618990603,0.006258910553583424,0.5740035817710715,0.009470911365470052
RELATIVE_A,20,200,0.75,A4_SENSOR_DRIFT,moderate,mean_temp_c_1,97.5,0.4799953930922731,0.01722131369034167,0.03209876543209877,0.0021775730955264144,0.06017108565890742,0.003963472801586062,0.5404181618990603,0.006258910553583424,0.5740035817710715,0.009470911365470052
RELATIVE_A,20,200,0.75,A4_SENSOR_DRIFT,moderate,mean_temp_c_1,99.0,0.46868468677851055,0.006393504940262211,0.01838134430727023,0.0004751854067404335,0.035375177908279744,0.0008980961046926254,0.5404181618990603,0.006258910553583424,0.5740035817710715,0.009470911365470052
RELATIVE_A,20,200,0.75,A4_SENSOR_DRIFT,moderate,mean_voltage_v_-1,95.0,0.6547008096162469,0.04073015479685194,0.07215363511659807,0.021309297370788894,0.12956926559745788,0.035085692639139646,0.7412878089846048,0.03394597931596858,0.8223879743941472,0.03160479347958017
RELATIVE_A,20,200,0.75,A4_SENSOR_DRIFT,moderate,mean_voltage_v_-1,97.5,0.6225775214233673,0.051565010966740675,0.05843621399176955,0.012777098515440342,0.10674037023423287,0.022105482867861913,0.7412878089846048,0.03394597931596858,0.8223879743941472,0.03160479347958017
RELATIVE_A,20,200,0.75,A4_SENSOR_DRIFT,moderate,mean_voltage_v_-1,99.0,0.5545433194797847,0.06796225211323859,0.026611796982167354,0.00665259569436606,0.05076016269563227,0.012425691557991794,0.7412878089846048,0.03394597931596858,0.8223879743941472,0.03160479347958017
RELATIVE_A,20,200,0.75,A4_SENSOR_DRIFT,moderate,mean_voltage_v_1,95.0,0.5275858365257241,0.01984376708395832,0.04170096021947874,0.008078151914587358,0.07720960329011171,0.014021180693552793,0.679374225934222,0.033669074869940814,0.7676640374942845,0.03380416555622268
RELATIVE_A,20,200,0.75,A4_SENSOR_DRIFT,moderate,mean_voltage_v_1,97.5,0.4928418322792347,0.040334613529350125,0.03401920438957476,0.005227039474144758,0.06363121329305226,0.009497280666339212,0.679374225934222,0.033669074869940814,0.7676640374942845,0.03380416555622268
RELATIVE_A,20,200,0.75,A4_SENSOR_DRIFT,moderate,mean_voltage_v_1,99.0,0.46036026724048823,0.0632789913628682,0.01810699588477366,0.004276668660663894,0.0348344097673506,0.008108630655780113,0.679374225934222,0.033669074869940814,0.7676640374942845,0.03380416555622268
RELATIVE_A,20,200,0.75,A4_SENSOR_DRIFT,moderate,pooled,95.0,0.5511742696744871,0.020665981003631886,0.04588477366255144,0.009088503220311838,0.08461633424278657,0.015652495077155177,0.6184041785419464,0.004251993303342744,0.6640032007315958,0.004328952126445799
RELATIVE_A,20,200,0.75,A4_SENSOR_DRIFT,moderate,pooled,97.5,0.5230239042545562,0.02418205790391512,0.038203017832647464,0.003807047760323157,0.07119666654846284,0.0068301423004196735,0.6184041785419464,0.004251993303342744,0.6640032007315958,0.004328952126445799
RELATIVE_A,20,200,0.75,A4_SENSOR_DRIFT,moderate,pooled,99.0,0.4711583041171267,0.03213092266963486,0.018655692729766804,0.0023400167502375816,0.035887326127833845,0.004425466977242015,0.6184041785419464,0.004251993303342744,0.6640032007315958,0.004328952126445799
RELATIVE_A,20,200,0.75,A4_SENSOR_DRIFT,strong,mean_temp_c_-1,95.0,0.4809397005561298,0.010382720875598392,0.03429355281207133,0.003326297847183029,0.06399525060154149,0.005776542984476976,0.524065266648067,0.0076814126732584085,0.5387421886907484,0.010569728006361936
RELATIVE_A,20,200,0.75,A4_SENSOR_DRIFT,strong,mean_temp_c_-1,97.5,0.4646274696845741,0.017201116901932507,0.030178326474622773,0.002071285167426818,0.05667330304055345,0.003781310193426291,0.524065266648067,0.0076814126732584085,0.5387421886907484,0.010569728006361936
RELATIVE_A,20,200,0.75,A4_SENSOR_DRIFT,strong,mean_temp_c_-1,99.0,0.3653973346307939,0.03792264138999356,0.012071330589849107,0.0019007416269617309,0.02336909491928763,0.0036412465300586848,0.524065266648067,0.0076814126732584085,0.5387421886907484,0.010569728006361936
RELATIVE_A,20,200,0.75,A4_SENSOR_DRIFT,strong,mean_temp_c_1,95.0,0.5313169182267264,0.005392259447531175,0.041975308641975316,0.004355146191052826,0.07776509019543555,0.0074458772772473284,0.5836455058235012,0.006447979978117497,0.6360672915714067,0.007433661169276886
RELATIVE_A,20,200,0.75,A4_SENSOR_DRIFT,strong,mean_temp_c_1,97.5,0.5008269508226556,0.03819170774853282,0.035116598079561044,0.005480105447308141,0.06561461367009423,0.009890879589931163,0.5836455058235012,0.006447979978117497,0.6360672915714067,0.007433661169276886
RELATIVE_A,20,200,0.75,A4_SENSOR_DRIFT,strong,mean_temp_c_1,99.0,0.45712203343506586,0.013633598120890152,0.017558299039780522,0.0009503708134808627,0.033817161313160586,0.0018004677970892226,0.5836455058235012,0.006447979978117497,0.6360672915714067,0.007433661169276886
RELATIVE_A,20,200,0.75,A4_SENSOR_DRIFT,strong,mean_voltage_v_-1,95.0,0.6728606748204985,0.038440149545979206,0.07818930041152262,0.022555044619003657,0.1396403667528503,0.036715702965832014,0.7556588261712394,0.035430339685759336,0.8398643499466546,0.033048981275747395
RELATIVE_A,20,200,0.75,A4_SENSOR_DRIFT,strong,mean_voltage_v_-1,97.5,0.6380184686745746,0.05260920518637658,0.06255144032921811,0.013991769547325112,0.11380799825013582,0.02405353413097285,0.7556588261712394,0.035430339685759336,0.8398643499466546,0.033048981275747395
RELATIVE_A,20,200,0.75,A4_SENSOR_DRIFT,strong,mean_voltage_v_-1,99.0,0.5705241326614151,0.0726007433667236,0.02853223593964335,0.007602966507846925,0.054311595738677436,0.01415630966642314,0.7556588261712394,0.035430339685759336,0.8398643499466546,0.033048981275747395
RELATIVE_A,20,200,0.75,A4_SENSOR_DRIFT,strong,mean_voltage_v_1,95.0,0.5289045033535612,0.02212776502802786,0.0419753086419753,0.008553337321327787,0.07768794245825279,0.014849688436023387,0.6890399995712313,0.034862052814592974,0.7834867017222985,0.03504856105963281
RELATIVE_A,20,200,0.75,A4_SENSOR_DRIFT,strong,mean_voltage_v_1,97.5,0.4928418322792347,0.040334613529350125,0.03401920438957476,0.005227039474144758,0.06363121329305226,0.009497280666339212,0.6890399995712313,0.034862052814592974,0.7834867017222985,0.03504856105963281
RELATIVE_A,20,200,0.75,A4_SENSOR_DRIFT,strong,mean_voltage_v_1,99.0,0.46036026724048823,0.0632789913628682,0.01810699588477366,0.004276668660663894,0.0348344097673506,0.008108630655780113,0.6890399995712313,0.034862052814592974,0.7834867017222985,0.03504856105963281
RELATIVE_A,20,200,0.75,A4_SENSOR_DRIFT,strong,pooled,95.0,0.5680106708144602,0.01978307772515209,0.04910836762688615,0.009523733920438869,0.09029159449043943,0.01629716737039194,0.6421476462065281,0.0038663571342634016,0.699540132982777,0.004459650872907934
RELATIVE_A,20,200,0.75,A4_SENSOR_DRIFT,strong,pooled,97.5,0.5368523185430979,0.03001411920265819,0.04046639231824417,0.00505826997736414,0.07524477981860062,0.009030975750974857,0.6421476462065281,0.0038663571342634016,0.699540132982777,0.004459650872907934
RELATIVE_A,20,200,0.75,A4_SENSOR_DRIFT,strong,pooled,99.0,0.47630347300499487,0.035730598004297294,0.01906721536351166,0.002621606975804717,0.03666289809992216,0.004956622031853875,0.6421476462065281,0.0038663571342634016,0.699540132982777,0.004459650872907934
RELATIVE_A,20,200,1.0,A1_ACCELERATED_DEGRADATION,mild,pooled,95.0,0.4641460322258328,0.03902190513857107,0.027914951989026063,0.0008315744617957578,0.05265689591862983,0.0017162626356972035,0.47233691515034404,0.001439095040887038,0.45601994741655233,0.0010096661149995632
RELATIVE_A,20,200,1.0,A1_ACCELERATED_DEGRADATION,mild,pooled,97.5,0.4166788965211135,0.06753676148139534,0.02030178326474623,0.005954056080716243,0.03869885722540454,0.011106356417177072,0.47233691515034404,0.001439095040887038,0.45601994741655233,0.0010096661149995632
RELATIVE_A,20,200,1.0,A1_ACCELERATED_DEGRADATION,mild,pooled,99.0,0.011323000064803851,0.010092103484382655,0.00020576131687242798,0.00020576131687242798,0.0004039088402187514,0.0004029651078059027,0.47233691515034404,0.001439095040887038,0.45601994741655233,0.0010096661149995632
RELATIVE_A,20,200,1.0,A1_ACCELERATED_DEGRADATION,moderate,pooled,95.0,0.4658407021267992,0.04505715252421718,0.028120713305898493,0.0014885140201790594,0.05303616637982256,0.002936761731360196,0.4769418893023829,0.0018126090979706851,0.46144309175430576,0.0021696852496528663
RELATIVE_A,20,200,1.0,A1_ACCELERATED_DEGRADATION,moderate,pooled,97.5,0.45073537308268025,0.07065380609161266,0.023319615912208505,0.006118877072617543,0.044327608728353556,0.01142313082451607,0.4769418893023829,0.0018126090979706851,0.46144309175430576,0.0021696852496528663
RELATIVE_A,20,200,1.0,A1_ACCELERATED_DEGRADATION,moderate,pooled,99.0,0.014582983764885352,0.004795273399091316,0.00027434842249657066,0.00011879635168510818,0.0005382564983711352,0.00023181056380330948,0.4769418893023829,0.0018126090979706851,0.46144309175430576,0.0021696852496528663
RELATIVE_A,20,200,1.0,A1_ACCELERATED_DEGRADATION,strong,pooled,95.0,0.4689153439153439,0.042384841190508206,0.028463648834019206,0.001187963516851083,0.053665132287242616,0.0023859876082326058,0.4856223066195538,0.003202068142564054,0.4717404454351471,0.0011945113960384883
RELATIVE_A,20,200,1.0,A1_ACCELERATED_DEGRADATION,strong,pooled,97.5,0.44415707866278203,0.07536279707349346,0.022770919067215362,0.006356437445321076,0.04330260238461981,0.011880624270266836,0.4856223066195538,0.003202068142564054,0.4717404454351471,0.0011945113960384883
RELATIVE_A,20,200,1.0,A1_ACCELERATED_DEGRADATION,strong,pooled,99.0,0.011386147448824801,0.002782013682672692,0.00020576131687242798,0.0,0.00040396297718874177,1.59349147421661e-06,0.4856223066195538,0.003202068142564054,0.4717404454351471,0.0011945113960384883
RELATIVE_A,20,200,1.0,A2_EARLY_VOLTAGE_COLLAPSE,mild,pooled,95.0,0.9090743521700205,0.04242430679228343,0.4066666666666667,0.26646718729472474,0.533349896168073,0.2557497334475967,0.9023807797285871,0.021899290753122812,0.9597718253968255,0.008448158970520231
RELATIVE_A,20,200,1.0,A2_EARLY_VOLTAGE_COLLAPSE,mild,pooled,97.5,0.8710607781296774,0.09445679723629567,0.27285714285714285,0.1857802080801012,0.39777740587740334,0.22969078685622332,0.9023807797285871,0.021899290753122812,0.9597718253968255,0.008448158970520231
RELATIVE_A,20,200,1.0,A2_EARLY_VOLTAGE_COLLAPSE,mild,pooled,99.0,0.6722290148341211,0.12411977965161095,0.045714285714285714,0.026764277135993136,0.08497916720334135,0.04847528779134349,0.9023807797285871,0.021899290753122812,0.9597718253968255,0.008448158970520231
RELATIVE_A,20,200,1.0,A2_EARLY_VOLTAGE_COLLAPSE,moderate,pooled,95.0,0.9107930521232587,0.04214151987209995,0.4147619047619047,0.26781936241495635,0.5413512780143367,0.2561403288733496,0.9034023178008496,0.021760676039392503,0.9600231481481482,0.00837913371370951
RELATIVE_A,20,200,1.0,A2_EARLY_VOLTAGE_COLLAPSE,moderate,pooled,97.5,0.8735818572255325,0.09414013253710392,0.28238095238095234,0.19437147966932683,0.40770637833576057,0.23703100198544919,0.9034023178008496,0.021760676039392503,0.9600231481481482,0.00837913371370951
RELATIVE_A,20,200,1.0,A2_EARLY_VOLTAGE_COLLAPSE,moderate,pooled,99.0,0.6734903010938488,0.1255176840670709,0.04619047619047619,0.02734262327610589,0.0857994373068074,0.04946195561392872,0.9034023178008496,0.021760676039392503,0.9600231481481482,0.00837913371370951
RELATIVE_A,20,200,1.0,A2_EARLY_VOLTAGE_COLLAPSE,strong,pooled,95.0,0.9107930521232587,0.04214151987209995,0.4147619047619047,0.26781936241495635,0.5413512780143367,0.2561403288733496,0.9034023178008496,0.021760676039392503,0.9600231481481482,0.00837913371370951
RELATIVE_A,20,200,1.0,A2_EARLY_VOLTAGE_COLLAPSE,strong,pooled,97.5,0.8735818572255325,0.09414013253710392,0.28238095238095234,0.19437147966932683,0.40770637833576057,0.23703100198544919,0.9034023178008496,0.021760676039392503,0.9600231481481482,0.00837913371370951
RELATIVE_A,20,200,1.0,A2_EARLY_VOLTAGE_COLLAPSE,strong,pooled,99.0,0.6734903010938488,0.1255176840670709,0.04619047619047619,0.02734262327610589,0.0857994373068074,0.04946195561392872,0.9034023178008496,0.021760676039392503,0.9600231481481482,0.00837913371370951
RELATIVE_A,20,200,1.0,A3_THERMAL_ABNORMALITY,mild,pooled,95.0,0.46464559426535956,0.037570243222214854,0.02857142857142857,0.007142857142857142,0.05377234104647558,0.012940653327098959,0.6015283480014256,0.00390934816614605,0.6543584656084657,0.002465399204423272
RELATIVE_A,20,200,1.0,A3_THERMAL_ABNORMALITY,mild,pooled,97.5,0.4550624650382249,0.03391111967084321,0.023333333333333334,0.0032991443953692898,0.04438464231553519,0.0061270277230717,0.6015283480014256,0.00390934816614605,0.6543584656084657,0.002465399204423272
RELATIVE_A,20,200,1.0,A3_THERMAL_ABNORMALITY,mild,pooled,99.0,0.4481301404098696,0.07162113122586808,0.014761904761904763,0.0008247860988423231,0.028576358905635257,0.0016875176168898943,0.6015283480014256,0.00390934816614605,0.6543584656084657,0.002465399204423272
RELATIVE_A,20,200,1.0,A3_THERMAL_ABNORMALITY,moderate,pooled,95.0,0.6288166235595959,0.0661641142866575,0.05761904761904762,0.022146697055682826,0.10514911129425024,0.037845322050993724,0.7432468371317631,0.004945217098362107,0.8274371693121694,0.0023514695210920624
RELATIVE_A,20,200,1.0,A3_THERMAL_ABNORMALITY,moderate,pooled,97.5,0.5375873427026958,0.10602000031817733,0.03428571428571429,0.01309307341415954,0.06436746009203904,0.0239557414571426,0.7432468371317631,0.004945217098362107,0.8274371693121694,0.0023514695210920624
RELATIVE_A,20,200,1.0,A3_THERMAL_ABNORMALITY,moderate,pooled,99.0,0.4402005251850083,0.0578866347719367,0.014285714285714285,0.0,0.0276642129865645,0.00010763454114272493,0.7432468371317631,0.004945217098362107,0.8274371693121694,0.0023514695210920624
RELATIVE_A,20,200,1.0,A3_THERMAL_ABNORMALITY,strong,pooled,95.0,0.7272562053839452,0.06956622761822658,0.09428571428571429,0.045107581153848414,0.1653485504818124,0.07158707021363958,0.8151821790590854,0.007580111239231215,0.8955820105820106,0.0010030313036003817
RELATIVE_A,20,200,1.0,A3_THERMAL_ABNORMALITY,strong,pooled,97.5,0.674860079864768,0.05698700758805044,0.05952380952380953,0.01605687171436892,0.10921549596094689,0.027786622527898906,0.8151821790590854,0.007580111239231215,0.8955820105820106,0.0010030313036003817
RELATIVE_A,20,200,1.0,A3_THERMAL_ABNORMALITY,strong,pooled,99.0,0.4635886508719686,0.0582336684610228,0.015714285714285715,0.0,0.03038860002642978,0.00011807076849905344,0.8151821790590854,0.007580111239231215,0.8955820105820106,0.0010030313036003817
RELATIVE_A,20,200,1.0,A4_SENSOR_DRIFT,mild,mean_temp_c_-1,95.0,0.43935559317892237,0.011971656568817744,0.025514403292181072,0.004276668660663894,0.04819452238154193,0.007742571626794168,0.4841771474516303,0.00860941468955721,0.4771671620179851,0.010233038013961087
RELATIVE_A,20,200,1.0,A4_SENSOR_DRIFT,mild,mean_temp_c_-1,97.5,0.4318360914105595,0.010919154027226924,0.021124828532235938,0.0009503708134808662,0.0402787946131093,0.0017747005797792172,0.4841771474516303,0.00860941468955721,0.4771671620179851,0.010233038013961087
RELATIVE_A,20,200,1.0,A4_SENSOR_DRIFT,mild,mean_temp_c_-1,99.0,0.37715934278577207,0.008775122833265906,0.011248285322359395,0.0026457203733862697,0.021824827223924204,0.0050158342271120525,0.4841771474516303,0.00860941468955721,0.4771671620179851,0.010233038013961087
RELATIVE_A,20,200,1.0,A4_SENSOR_DRIFT,mild,mean_temp_c_1,95.0,0.48796922535388326,0.024387108144685372,0.030727023319615913,0.0009503708134808654,0.05779985232615046,0.0015223174702724514,0.5082168717105394,0.004332624644087467,0.520007430269776,0.006035264080578943
RELATIVE_A,20,200,1.0,A4_SENSOR_DRIFT,mild,mean_temp_c_1,97.5,0.48242183063721145,0.036032567070787655,0.02606310013717421,0.0037113166689900366,0.04944693137759012,0.00687198232141422,0.5082168717105394,0.004332624644087467,0.520007430269776,0.006035264080578943
RELATIVE_A,20,200,1.0,A4_SENSOR_DRIFT,mild,mean_temp_c_1,99.0,0.40324346906867364,0.027628786326496423,0.012345679012345678,0.0014255562202212977,0.02394279008488806,0.0026475773551820946,0.5082168717105394,0.004332624644087467,0.520007430269776,0.006035264080578943
RELATIVE_A,20,200,1.0,A4_SENSOR_DRIFT,mild,mean_voltage_v_-1,95.0,0.5774334873581299,0.022274477056239448,0.04471879286694102,0.009028522728068223,0.08290659430755698,0.015858403008825274,0.690027623611615,0.0062520047907476265,0.7648243408017071,0.010325707717760849
RELATIVE_A,20,200,1.0,A4_SENSOR_DRIFT,mild,mean_voltage_v_-1,97.5,0.5819993724387361,0.05854471621464361,0.03950617283950617,0.008902595741886394,0.07394160251266158,0.016117880393685106,0.690027623611615,0.0062520047907476265,0.7648243408017071,0.010325707717760849
RELATIVE_A,20,200,1.0,A4_SENSOR_DRIFT,mild,mean_voltage_v_-1,99.0,0.4685252787656274,0.013063112657971606,0.016460905349794237,0.004276668660663894,0.031766194890474435,0.008047134159877293,0.690027623611615,0.0062520047907476265,0.7648243408017071,0.010325707717760849
RELATIVE_A,20,200,1.0,A4_SENSOR_DRIFT,mild,mean_voltage_v_1,95.0,0.5319049137181281,0.02922606832085161,0.03676268861454046,0.003801483253923463,0.06874478559473651,0.00671963996388305,0.6668888388709817,0.0038598051350605274,0.7383906797744246,0.005822576504241114
RELATIVE_A,20,200,1.0,A4_SENSOR_DRIFT,mild,mean_voltage_v_1,97.5,0.5369186365130978,0.030374644245115646,0.032373113854595334,0.003801483253923461,0.06105599815909742,0.006967078429498843,0.6668888388709817,0.0038598051350605274,0.7383906797744246,0.005822576504241114
RELATIVE_A,20,200,1.0,A4_SENSOR_DRIFT,mild,mean_voltage_v_1,99.0,0.4150573996618314,0.04809111435093797,0.01289437585733882,0.0004751854067404327,0.025000963181048486,0.0008147677894297757,0.6668888388709817,0.0038598051350605274,0.7383906797744246,0.005822576504241114
RELATIVE_A,20,200,1.0,A4_SENSOR_DRIFT,mild,pooled,95.0,0.5153055869328348,0.003047879039011755,0.03443072702331961,0.003991628128107399,0.064512144387627,0.007029851740246234,0.5901755432471051,0.000842878800053932,0.6250974032159732,0.003178910720468468
RELATIVE_A,20,200,1.0,A4_SENSOR_DRIFT,mild,pooled,97.5,0.5164627127433944,0.02449013016063748,0.029766803840877914,0.002890439987065225,0.056284498820371766,0.005314556179382721,0.5901755432471051,0.000842878800053932,0.6250974032159732,0.003178910720468468
RELATIVE_A,20,200,1.0,A4_SENSOR_DRIFT,mild,pooled,99.0,0.4186990498683794,0.014346881547970404,0.013237311385459534,0.0022001392225439566,0.025643237327691058,0.004124864921857592,0.5901755432471051,0.000842878800053932,0.6250974032159732,0.003178910720468468
RELATIVE_A,20,200,1.0,A4_SENSOR_DRIFT,moderate,mean_temp_c_-1,95.0,0.43935559317892237,0.011971656568817744,0.025514403292181072,0.004276668660663894,0.04819452238154193,0.007742571626794168,0.5050149875699599,0.01387508551174644,0.5071921201036428,0.018992567872350614
RELATIVE_A,20,200,1.0,A4_SENSOR_DRIFT,moderate,mean_temp_c_-1,97.5,0.4361765854532802,0.042082279811361804,0.02167352537722908,0.0037113166689900375,0.04128816528046476,0.006924199128005825,0.5050149875699599,0.01387508551174644,0.5071921201036428,0.018992567872350614
RELATIVE_A,20,200,1.0,A4_SENSOR_DRIFT,moderate,mean_temp_c_-1,99.0,0.3916564735619727,0.022071744213501176,0.011796982167352537,0.0017133053493548417,0.022888114837002826,0.003209961202600702,0.5050149875699599,0.01387508551174644,0.5071921201036428,0.018992567872350614
RELATIVE_A,20,200,1.0,A4_SENSOR_DRIFT,moderate,mean_temp_c_1,95.0,0.5052523039247278,0.03214736305857037,0.03292181069958848,0.0,0.06180647576303,0.00023311580119165108,0.5429138872923276,0.009129194470573561,0.5756953970431337,0.012589316108016202
RELATIVE_A,20,200,1.0,A4_SENSOR_DRIFT,moderate,mean_temp_c_1,97.5,0.5070673555096579,0.0394471637931813,0.028806584362139922,0.004355146191052824,0.05450567030998168,0.008035268493569895,0.5429138872923276,0.009129194470573561,0.5756953970431337,0.012589316108016202
RELATIVE_A,20,200,1.0,A4_SENSOR_DRIFT,moderate,mean_temp_c_1,99.0,0.4204253263001674,0.05738863601983822,0.01316872427983539,0.0,0.025528777759064192,9.943387666895941e-05,0.5429138872923276,0.009129194470573561,0.5756953970431337,0.012589316108016202
RELATIVE_A,20,200,1.0,A4_SENSOR_DRIFT,moderate,mean_voltage_v_-1,95.0,0.6427567291191929,0.03758355958278541,0.05953360768175583,0.015666712247209037,0.10873084871847127,0.026784736075592976,0.737404250370318,0.009581316636939367,0.8228833257125437,0.011017991498157607
RELATIVE_A,20,200,1.0,A4_SENSOR_DRIFT,moderate,mean_voltage_v_-1,97.5,0.634489683374409,0.04998676988128531,0.04910836762688614,0.009749989379378253,0.09109951973474696,0.017373037812001533,0.737404250370318,0.009581316636939367,0.8228833257125437,0.011017991498157607
RELATIVE_A,20,200,1.0,A4_SENSOR_DRIFT,moderate,mean_voltage_v_-1,99.0,0.4866920152091255,0.0,0.017558299039780522,0.003801483253923462,0.033858062933592475,0.007113938679837636,0.737404250370318,0.009581316636939367,0.8228833257125437,0.011017991498157607
RELATIVE_A,20,200,1.0,A4_SENSOR_DRIFT,moderate,mean_voltage_v_1,95.0,0.5374377268940559,0.029026530156767764,0.037585733882030174,0.003801483253923463,0.07023037681284755,0.006706601124340089,0.6946598610533994,0.005658967673346282,0.7827150967840267,0.008133113554970489
RELATIVE_A,20,200,1.0,A4_SENSOR_DRIFT,moderate,mean_voltage_v_1,97.5,0.5407887303628737,0.033726243834051525,0.03292181069958847,0.004276668660663893,0.0620546029238141,0.007831895524083674,0.6946598610533994,0.005658967673346282,0.7827150967840267,0.008133113554970489
RELATIVE_A,20,200,1.0,A4_SENSOR_DRIFT,moderate,mean_voltage_v_1,99.0,0.4204253263001674,0.05738863601983822,0.01316872427983539,0.0,0.025528777759064192,9.943387666895941e-05,0.6946598610533994,0.005658967673346282,0.7827150967840267,0.008133113554970489
RELATIVE_A,20,200,1.0,A4_SENSOR_DRIFT,moderate,pooled,95.0,0.5453616246417857,0.007961218653019693,0.03888888888888889,0.004993687695272264,0.07255333276705554,0.0087552608750146,0.6239076629952482,0.0011557580885312826,0.6721214849108369,0.004175985489712772
RELATIVE_A,20,200,1.0,A4_SENSOR_DRIFT,moderate,pooled,97.5,0.5425936683125182,0.03048206156553432,0.0331275720164609,0.003973911093791766,0.06243336876580887,0.007265815519640854,0.6239076629952482,0.0011557580885312826,0.6721214849108369,0.004175985489712772
RELATIVE_A,20,200,1.0,A4_SENSOR_DRIFT,moderate,pooled,99.0,0.43278807762714533,0.03277982259964104,0.01392318244170096,0.0013700263618270359,0.026962629836496516,0.0025212412668633713,0.6239076629952482,0.0011557580885312826,0.6721214849108369,0.004175985489712772
RELATIVE_A,20,200,1.0,A4_SENSOR_DRIFT,strong,mean_temp_c_-1,95.0,0.47826815532696165,0.028730438239896298,0.02962962962962963,0.0028511124404425976,0.055782564477525255,0.00510324246749277,0.5395120353083701,0.02108257846100915,0.5612635269013869,0.028423823628330062
RELATIVE_A,20,200,1.0,A4_SENSOR_DRIFT,strong,mean_temp_c_-1,97.5,0.45032476205330657,0.06988905800630298,0.023319615912208505,0.0066525956943660584,0.044319792199692655,0.012359248982863821,0.5395120353083701,0.02108257846100915,0.5612635269013869,0.028423823628330062
RELATIVE_A,20,200,1.0,A4_SENSOR_DRIFT,strong,mean_temp_c_-1,99.0,0.40934175307931175,0.03819132407190655,0.01262002743484225,0.0009503708134808649,0.02447230130361989,0.0017304370211608557,0.5395120353083701,0.02108257846100915,0.5612635269013869,0.028423823628330062
RELATIVE_A,20,200,1.0,A4_SENSOR_DRIFT,strong,mean_temp_c_1,95.0,0.5326908231771502,0.03366510910158724,0.03676268861454046,0.00047518540674043244,0.06877007267938082,0.0010122803888309956,0.5929380907316462,0.01257449766634048,0.6451865188233501,0.016414028879828502
RELATIVE_A,20,200,1.0,A4_SENSOR_DRIFT,strong,mean_temp_c_1,97.5,0.5120958114198659,0.03609169760466939,0.02935528120713306,0.004059985894910495,0.0555183720758905,0.007483738910203332,0.5929380907316462,0.01257449766634048,0.6451865188233501,0.016414028879828502
RELATIVE_A,20,200,1.0,A4_SENSOR_DRIFT,strong,mean_temp_c_1,99.0,0.4204253263001674,0.05738863601983822,0.01316872427983539,0.0,0.025528777759064192,9.943387666895941e-05,0.5929380907316462,0.01257449766634048,0.6451865188233501,0.016414028879828502
RELATIVE_A,20,200,1.0,A4_SENSOR_DRIFT,strong,mean_voltage_v_-1,95.0,0.6625094449643422,0.03744740959001677,0.06502057613168724,0.01734263992239134,0.11812833087974513,0.029341631088982877,0.7510775855302546,0.010760619692930762,0.8397843316567597,0.011351167899423163
RELATIVE_A,20,200,1.0,A4_SENSOR_DRIFT,strong,mean_voltage_v_-1,97.5,0.653108908668001,0.05353985407637947,0.053497942386831275,0.011668680558648416,0.09880502744638268,0.020620411606908303,0.7510775855302546,0.010760619692930762,0.8397843316567597,0.011351167899423163
RELATIVE_A,20,200,1.0,A4_SENSOR_DRIFT,strong,mean_voltage_v_-1,99.0,0.4934936116949673,0.005890355343029984,0.01810699588477366,0.004276668660663894,0.034891817942811994,0.008009196779111154,0.7510775855302546,0.010760619692930762,0.8397843316567597,0.011351167899423163
RELATIVE_A,20,200,1.0,A4_SENSOR_DRIFT,strong,mean_voltage_v_1,95.0,0.5390399079965968,0.029959397733856374,0.03786008230452675,0.0042766686606638986,0.07071974637108731,0.0075538235860302064,0.7047624755171817,0.006537222649362736,0.7987797210791038,0.009061423774664108
RELATIVE_A,20,200,1.0,A4_SENSOR_DRIFT,strong,mean_voltage_v_1,97.5,0.5407887303628737,0.033726243834051525,0.03292181069958847,0.004276668660663893,0.0620546029238141,0.007831895524083674,0.7047624755171817,0.006537222649362736,0.7987797210791038,0.009061423774664108
RELATIVE_A,20,200,1.0,A4_SENSOR_DRIFT,strong,mean_voltage_v_1,99.0,0.4204253263001674,0.05738863601983822,0.01316872427983539,0.0,0.025528777759064192,9.943387666895941e-05,0.7047624755171817,0.006537222649362736,0.7987797210791038,0.009061423774664108
RELATIVE_A,20,200,1.0,A4_SENSOR_DRIFT,strong,pooled,95.0,0.5666782325362338,0.006952493174631598,0.04231824417009602,0.004471858247655153,0.07871135685609586,0.0077370678186508635,0.6500227232562241,0.0013753653562375743,0.7112535246151502,0.0059378135173451625
RELATIVE_A,20,200,1.0,A4_SENSOR_DRIFT,strong,pooled,97.5,0.5541160771919035,0.03533738138991298,0.03477366255144033,0.004794724361206192,0.06542682674014166,0.008745912821397599,0.6500227232562241,0.0013753653562375743,0.7112535246151502,0.0059378135173451625
RELATIVE_A,20,200,1.0,A4_SENSOR_DRIFT,strong,pooled,99.0,0.4388803642749124,0.034540656355411495,0.014266117969821674,0.0013067598685361909,0.027618290409661652,0.002395513572192534,0.6500227232562241,0.0013753653562375743,0.7112535246151502,0.0059378135173451625
RELATIVE_B,5,100,1.0,A2_EARLY_VOLTAGE_COLLAPSE,mild,pooled,99.0,0.6734536122443334,0.030972478123441134,0.08469601677148847,0.01500673389364636,0.1502079809921709,0.024158373538483144,0.6558053858599676,0.011203079162232493,0.6735064500778125,0.006365963507725728
RELATIVE_B,5,100,1.0,A2_EARLY_VOLTAGE_COLLAPSE,moderate,pooled,99.0,0.8529084615841175,0.01543691919248194,0.23731656184486374,0.03212681384400925,0.3705575119900362,0.040058310883307864,0.7456542652087935,0.012390061775969428,0.720034469010045,0.005140144635888791
RELATIVE_B,5,100,1.0,A2_EARLY_VOLTAGE_COLLAPSE,strong,pooled,99.0,0.8996613584466745,0.010854266369868236,0.3672955974842767,0.05198485111892283,0.5202136199332751,0.05367273893801058,0.7770213576976951,0.011542833248000768,0.7376316703322144,0.004412659155641366
RELATIVE_B,5,100,1.0,A3_THERMAL_ABNORMALITY,mild,pooled,99.0,0.40664008091189996,0.03496555757075225,0.02851153039832285,0.008375255494942632,0.053182326365825455,0.014825806880625956,0.5506057433972548,0.006193328333583347,0.5819513575388099,0.00499377765895564
RELATIVE_B,5,100,1.0,A3_THERMAL_ABNORMALITY,moderate,pooled,99.0,0.5558296506088486,0.08681680762548791,0.053668763102725364,0.019337278922599923,0.09758597973496692,0.033622687453308486,0.6092909638789069,0.012387916293737054,0.6382747488778279,0.007039736515794217
RELATIVE_B,5,100,1.0,A3_THERMAL_ABNORMALITY,strong,pooled,99.0,0.6883563538468485,0.04798259138806348,0.09182389937106918,0.020783285084098498,0.16166126414114868,0.03374106121198805,0.6587026876815214,0.019982848228766496,0.6770922560481537,0.00904733435912141
RELATIVE_B,5,100,1.0,A4_SENSOR_DRIFT,mild,mean_temp_c_-1,99.0,0.3534092146840136,0.046777762140715044,0.023088023088023088,0.00886594929830051,0.04324118809390914,0.015896498625845093,0.4842426998049843,0.0008611184827621718,0.4920133263691546,0.0013835273277717941
RELATIVE_B,5,100,1.0,A4_SENSOR_DRIFT,mild,mean_temp_c_1,99.0,0.37053034061936607,0.04733189045784699,0.024771524771524774,0.008905006532743445,0.04633377818513048,0.0159307038039497,0.49390656116726755,0.0026892792367973007,0.5030741242397684,0.0013185111120469523
RELATIVE_B,5,100,1.0,A4_SENSOR_DRIFT,mild,mean_voltage_v_-1,99.0,0.3996944292186953,0.0355608788861231,0.02741702741702742,0.006164504866751466,0.0512467135611184,0.01097233557674305,0.49828320696525347,0.002237139848667378,0.5045038465283864,0.005347833562507182
RELATIVE_B,5,100,1.0,A4_SENSOR_DRIFT,mild,mean_voltage_v_1,99.0,0.43825559538810016,0.01265686107324816,0.031746031746031744,0.003749027722010556,0.059149217634320995,0.006355811722639473,0.5036408056571631,0.00620906352250921,0.5186749174479236,0.015018912931301252
RELATIVE_B,5,100,1.0,A4_SENSOR_DRIFT,mild,pooled,99.0,0.393408409621824,0.015408278639538257,0.026755651755651755,0.006509353492010432,0.05002301219989281,0.011472595545206214,0.4936739705228749,0.001567369141713675,0.5045665536463083,0.002353032947524804
RELATIVE_B,5,100,1.0,A4_SENSOR_DRIFT,moderate,mean_temp_c_-1,99.0,0.38764664583384284,0.051012874715121566,0.026455026455026454,0.008299872018632706,0.049438644299147516,0.014871955323089674,0.49344011021608686,0.005489853490849137,0.5039203014663137,0.006256118813716394
RELATIVE_B,5,100,1.0,A4_SENSOR_DRIFT,moderate,mean_temp_c_1,99.0,0.3941128193264835,0.04472576312672357,0.02741702741702742,0.010101010101010098,0.0511360513447365,0.017936876094173194,0.507109779567014,0.004818789956466861,0.5311838808771324,0.0051367480371576485
RELATIVE_B,5,100,1.0,A4_SENSOR_DRIFT,moderate,mean_voltage_v_-1,99.0,0.4043932398969698,0.03460288689636521,0.027898027898027897,0.005831820900905313,0.05213159434249642,0.010366910583367035,0.5042085263413773,0.0028356568996891567,0.5158398179870572,0.007702253279123714
RELATIVE_B,5,100,1.0,A4_SENSOR_DRIFT,moderate,mean_voltage_v_1,99.0,0.43504496936792797,0.015656277507702664,0.03150553150553151,0.005510552783737181,0.05868443523837475,0.009567588405927061,0.5074877386202442,0.008047598025080628,0.5258700059313556,0.01848808692343208
RELATIVE_B,5,100,1.0,A4_SENSOR_DRIFT,moderate,pooled,99.0,0.4072325811091773,0.014237383178777834,0.028318903318903316,0.006717613437783573,0.05286971071111788,0.011795193111743601,0.5016968676210221,0.0013092132617009689,0.5192035015654648,0.0025563597518450908
RELATIVE_B,5,100,1.0,A4_SENSOR_DRIFT,strong,mean_temp_c_-1,99.0,0.35409064445738386,0.07169958274760793,0.023328523328523327,0.009388754832103477,0.043678337347305675,0.01700304384596882,0.49618231435927207,0.00606470514521628,0.5196605257954952,0.00865083553533694
RELATIVE_B,5,100,1.0,A4_SENSOR_DRIFT,strong,mean_temp_c_1,99.0,0.4009360685956773,0.04066280400115978,0.02813852813852814,0.010023408361796394,0.05245352036873308,0.017752805467156168,0.5305912880028988,0.005191892926081753,0.5705698527784416,0.004662586584027809
RELATIVE_B,5,100,1.0,A4_SENSOR_DRIFT,strong,mean_voltage_v_-1,99.0,0.41320939729818856,0.03031616021404036,0.02886002886002886,0.0054472109922588385,0.05389002916196328,0.00962762975372423,0.5144161063840634,0.0043014224216848095,0.5303133585342175,0.01003161682968222
RELATIVE_B,5,100,1.0,A4_SENSOR_DRIFT,strong,mean_voltage_v_1,99.0,0.4456704913320156,0.01813535527579539,0.03294853294853295,0.006220546972764579,0.06127937527205132,0.010805835075672066,0.5196320244374969,0.010273804451379025,0.5422159072465821,0.0214515473656767
RELATIVE_B,5,100,1.0,A4_SENSOR_DRIFT,strong,pooled,99.0,0.4068597001805488,0.016662222250277314,0.028318903318903316,0.0070300055086237635,0.052862461096478734,0.012357897211125615,0.5139570965492261,0.0014263485105754554,0.5406899110886841,0.0022616212149080273
RELATIVE_B,5,200,0.75,A2_EARLY_VOLTAGE_COLLAPSE,mild,pooled,99.0,0.7893018634463197,0.061116825879301444,0.09224318658280922,0.02265315330690164,0.1641034618928002,0.0349914539538799,0.6805058485001915,0.008153114538197033,0.6854291263134878,0.00121729927664305
RELATIVE_B,5,200,0.75,A2_EARLY_VOLTAGE_COLLAPSE,moderate,pooled,99.0,0.9064046467856475,0.04103820050952016,0.2448637316561845,0.02813601521141738,0.3844697241393477,0.03079316974523307,0.7672326728909966,0.013395912741051277,0.728942393023884,0.0036158446413272023
RELATIVE_B,5,200,0.75,A2_EARLY_VOLTAGE_COLLAPSE,strong,pooled,99.0,0.9373394327774128,0.029269639373516516,0.3823899371069182,0.03722930462125474,0.5420033811325712,0.032252632197662244,0.7982049210526818,0.01170961769346027,0.7459351005131767,0.0032005990142906977
RELATIVE_B,5,200,0.75,A3_THERMAL_ABNORMALITY,mild,pooled,99.0,0.5310711556696454,0.06970095773028381,0.028092243186582808,0.010244689075782487,0.05299836822090479,0.01844479625065339,0.5580157359942227,0.003846024545453702,0.5863821687180872,0.0019911668329773598
RELATIVE_B,5,200,0.75,A3_THERMAL_ABNORMALITY,moderate,pooled,99.0,0.7169660019684175,0.091233815034038,0.06205450733752621,0.01234585481285992,0.11370104740057307,0.020396304417586306,0.6295766467563131,0.007884091859329024,0.6460032668390118,0.002343745261552023
RELATIVE_B,5,200,0.75,A3_THERMAL_ABNORMALITY,strong,pooled,99.0,0.7998221045608055,0.06941858973881777,0.09979035639412998,0.026870389886812774,0.17624934731930264,0.042689219360671535,0.6868392211796008,0.012995603599968299,0.687733919820967,0.004163953793838735
RELATIVE_B,5,200,0.75,A4_SENSOR_DRIFT,mild,mean_temp_c_-1,99.0,0.3060717023430944,0.10938582756109518,0.014670514670514669,0.013619620139266733,0.027710700620484943,0.025180717502760214,0.4848185388888937,0.0022009272685896398,0.4906381961596686,0.0014401931835255585
RELATIVE_B,5,200,0.75,A4_SENSOR_DRIFT,mild,mean_temp_c_1,99.0,0.4519020804324791,0.032668661351649676,0.02140452140452141,0.010562862556997473,0.040537394945383026,0.019253299239642453,0.49576432266612236,0.0005570619099472176,0.5047745937316489,0.001802128971155161
RELATIVE_B,5,200,0.75,A4_SENSOR_DRIFT,mild,mean_voltage_v_-1,99.0,0.44453604432152033,0.0686803752844912,0.019480519480519484,0.006493506493506493,0.03708370804673535,0.011634036564989491,0.5010029902775264,0.0003870280469038685,0.5067856478899424,0.0012559003972161446
RELATIVE_B,5,200,0.75,A4_SENSOR_DRIFT,mild,mean_voltage_v_1,99.0,0.493086037707835,0.054274028678500015,0.02429052429052429,0.009607977082942847,0.0459644092205156,0.017340249725849077,0.5019045551870797,0.004196055687132012,0.5159246570289515,0.008137505561840962
RELATIVE_B,5,200,0.75,A4_SENSOR_DRIFT,mild,pooled,99.0,0.4359769539661908,0.023173973641305405,0.01996151996151996,0.009922821045588876,0.03785786866406913,0.018053242279886365,0.4947233307284033,0.001643585736888591,0.5045307737025527,0.0018124546170475732
RELATIVE_B,5,200,0.75,A4_SENSOR_DRIFT,moderate,mean_temp_c_-1,99.0,0.4016703318079635,0.07327699098305682,0.020202020202020204,0.01562511387280499,0.038033089450406676,0.028564307817930762,0.49188338627360334,0.004925334704199409,0.4979889458417066,0.0049580579691482695
RELATIVE_B,5,200,0.75,A4_SENSOR_DRIFT,moderate,mean_temp_c_1,99.0,0.4180152549456995,0.04133972125758408,0.020202020202020204,0.013362380358912074,0.03815105413471339,0.02442387467353643,0.5099932998732024,0.0004429173977126575,0.5346541665560071,0.00223469862331709
RELATIVE_B,5,200,0.75,A4_SENSOR_DRIFT,moderate,mean_voltage_v_-1,99.0,0.46159301570847605,0.05646878707923654,0.021164021164021163,0.007947432247166092,0.04018875508929534,0.014296695562427547,0.5072769926389803,0.0014034925479927407,0.5189058271880358,0.001505147115762551
RELATIVE_B,5,200,0.75,A4_SENSOR_DRIFT,moderate,mean_voltage_v_1,99.0,0.5070100599970103,0.05256469503839475,0.025733525733525733,0.010313507283497628,0.04861598260533567,0.018564412667366435,0.5066019581492242,0.00545870672186911,0.5243834783712085,0.009803203836346353
RELATIVE_B,5,200,0.75,A4_SENSOR_DRIFT,moderate,pooled,99.0,0.4536137236128949,0.01617004980492798,0.021825396825396828,0.011724386724386726,0.04126936864538812,0.02128930920512093,0.502676870330475,0.0021603166802181073,0.5189831044892395,0.0025899906486866915
RELATIVE_B,5,200,0.75,A4_SENSOR_DRIFT,strong,mean_temp_c_-1,99.0,0.2806028459157366,0.16413787139024655,0.01491101491101491,0.015911231271787483,0.028044753129238282,0.029424162331144615,0.49444648011027037,0.004523606869670546,0.5146535468621357,0.005290527986862357
RELATIVE_B,5,200,0.75,A4_SENSOR_DRIFT,strong,mean_temp_c_1,99.0,0.4311805858515286,0.054884359126098306,0.02140452140452141,0.013733806190735194,0.04038687580284953,0.025143630037993556,0.5341268193724634,0.0021944529026171845,0.5754654343611398,0.001042930372467811
RELATIVE_B,5,200,0.75,A4_SENSOR_DRIFT,strong,mean_voltage_v_-1,99.0,0.4782947268222073,0.03953100366143594,0.023088023088023088,0.0101010101010101,0.04369763545779882,0.01817687529363497,0.5172967633110138,0.0015676072028099996,0.5323642501556612,0.0016734578838632902
RELATIVE_B,5,200,0.75,A4_SENSOR_DRIFT,strong,mean_voltage_v_1,99.0,0.5311014387433549,0.06334872333146992,0.027898027898027897,0.009848771154133367,0.05264012855362198,0.017522530608112184,0.519610060595427,0.005765489433046853,0.5425980518005058,0.010312653081884726
RELATIVE_B,5,200,0.75,A4_SENSOR_DRIFT,strong,pooled,99.0,0.45098232252349857,0.013520956394643744,0.021825396825396828,0.012269490484633744,0.041243851495175315,0.022284879020444594,0.5151867266020025,0.003082129980453384,0.5412703207948607,0.003424492249905483
RELATIVE_B,5,200,1.0,A2_EARLY_VOLTAGE_COLLAPSE,mild,pooled,99.0,0.7293595571398327,0.0678072300560113,0.07085953878406709,0.011274070993499998,0.12898491413329208,0.019114758319218876,0.6628672485429372,0.00827730530271227,0.6783578346259213,0.0025419303023308205
RELATIVE_B,5,200,1.0,A2_EARLY_VOLTAGE_COLLAPSE,moderate,pooled,99.0,0.886746536088651,0.03848918920433364,0.21341719077568133,0.049239030797967945,0.34243923181144104,0.06726577969876568,0.7531602201090918,0.01240522662174899,0.7234479299301616,0.0031706375812086632
RELATIVE_B,5,200,1.0,A2_EARLY_VOLTAGE_COLLAPSE,strong,pooled,99.0,0.9257570921124615,0.024775567023125642,0.340041928721174,0.0821503389553106,0.49382749798160974,0.09309925326227196,0.7859618831334602,0.012254989891873297,0.7414567015215239,0.0030504487581263125
RELATIVE_B,5,200,1.0,A3_THERMAL_ABNORMALITY,mild,pooled,99.0,0.4686050731373934,0.06181986875352604,0.022641509433962263,0.0033279890705214996,0.043116656663542495,0.005838095505091676,0.5497092023070792,0.006223408884949021,0.57934174480071,0.004342446722567631
RELATIVE_B,5,200,1.0,A3_THERMAL_ABNORMALITY,moderate,pooled,99.0,0.6463437192342576,0.0938213810943961,0.04863731656184486,0.011687513513430904,0.09031301944784896,0.020877691971915448,0.6102857766495978,0.011213306592234197,0.6368792684338466,0.0053395429313224585
RELATIVE_B,5,200,1.0,A3_THERMAL_ABNORMALITY,strong,pooled,99.0,0.7549635866045987,0.090060928791824,0.08427672955974842,0.021457512087084255,0.1513817605810721,0.03631185724615408,0.6628156611924853,0.015333964605072274,0.6770408097645046,0.0068739836194987945
RELATIVE_B,5,200,1.0,A4_SENSOR_DRIFT,mild,mean_temp_c_-1,99.0,0.3557254718144099,0.07301862233387336,0.015632515632515633,0.009607977082942847,0.0297922861734202,0.017734944100348617,0.4838994249104049,0.002501516166648745,0.49062934339007963,0.0032420269718505526
RELATIVE_B,5,200,1.0,A4_SENSOR_DRIFT,mild,mean_temp_c_1,99.0,0.3990136381248735,0.08073769254975344,0.01827801827801828,0.009416436724604085,0.03479603289198885,0.017291934778267692,0.4929930673088378,0.0026610810049500226,0.502217618782036,0.0006602327958511092
RELATIVE_B,5,200,1.0,A4_SENSOR_DRIFT,mild,mean_voltage_v_-1,99.0,0.4327291336275911,0.0738166434239768,0.01996151996151996,0.005787017515880696,0.038065210168919346,0.010560684679760922,0.5001780392503403,0.0018563175609772685,0.5067863856207414,0.002811921982102962
RELATIVE_B,5,200,1.0,A4_SENSOR_DRIFT,mild,mean_voltage_v_1,99.0,0.48011404147121484,0.05277629833304646,0.024050024050024047,0.006136291881757132,0.04568290085895127,0.010973086358880134,0.4993941626844863,0.002526596339051278,0.5093197531847838,0.0065530018238212405
RELATIVE_B,5,200,1.0,A4_SENSOR_DRIFT,mild,pooled,99.0,0.4218151259046576,0.06153408208524409,0.019480519480519484,0.007671778614046444,0.037106186256994585,0.013994502992827743,0.49295216673819775,0.001762760856476695,0.5022382752444102,0.001507397926254125
RELATIVE_B,5,200,1.0,A4_SENSOR_DRIFT,moderate,mean_temp_c_-1,99.0,0.3785621142508362,0.07089993756220994,0.017797017797017797,0.011730397689521114,0.03379137701972083,0.021592562097663765,0.49276397115665976,0.00528294197936021,0.5007635513770483,0.005457086674572357
RELATIVE_B,5,200,1.0,A4_SENSOR_DRIFT,moderate,mean_temp_c_1,99.0,0.41396145876643237,0.07044132314364314,0.019240019240019238,0.009135844114104175,0.03661126597145439,0.016714702228595255,0.5069327265854647,0.0028476294354530577,0.5298648182083765,0.0008720455497425058
RELATIVE_B,5,200,1.0,A4_SENSOR_DRIFT,moderate,mean_voltage_v_-1,99.0,0.44305777996715584,0.0667742802474155,0.020923520923520924,0.006612663340484618,0.03984330350415735,0.012016231939376013,0.5058164090935456,0.0014549328981751691,0.5172016690421598,0.0038863799235520262
RELATIVE_B,5,200,1.0,A4_SENSOR_DRIFT,moderate,mean_voltage_v_1,99.0,0.5019016242923989,0.06053637472684753,0.026214526214526218,0.006303676008697047,0.0497017184751004,0.011242631044440642,0.5029142799567184,0.0035959620520549765,0.5164646759738784,0.008563031678842153
RELATIVE_B,5,200,1.0,A4_SENSOR_DRIFT,moderate,pooled,99.0,0.4408129592220538,0.04857996017891002,0.021043771043771045,0.008215160478090544,0.04001589440903298,0.014904730583876537,0.5008723547853275,0.0019451931835139072,0.5160736786503658,0.0018430658122193457
RELATIVE_B,5,200,1.0,A4_SENSOR_DRIFT,strong,mean_temp_c_-1,99.0,0.3031227937329692,0.11496005583577892,0.013949013949013949,0.012420155203150896,0.026491339652272152,0.023081374049010412,0.4944229797278208,0.005930907082138017,0.516616648518489,0.0075207986845988875
RELATIVE_B,5,200,1.0,A4_SENSOR_DRIFT,strong,mean_temp_c_1,99.0,0.40947930670135885,0.0614031612499898,0.01948051948051948,0.011247083166031669,0.03698200539492321,0.020564761350441982,0.5313151328114228,0.0035894508989155324,0.5698461388645437,0.0029457058705132273
RELATIVE_B,5,200,1.0,A4_SENSOR_DRIFT,strong,mean_voltage_v_-1,99.0,0.4658560612471605,0.07467800741371053,0.02284752284752285,0.006506853900177336,0.04344603684122644,0.01180784368520232,0.5152495435176289,0.0021198194318164266,0.5299585100198597,0.005395253013599003
RELATIVE_B,5,200,1.0,A4_SENSOR_DRIFT,strong,mean_voltage_v_1,99.0,0.5168276097485048,0.06588802560630154,0.027898027898027897,0.006932917414814611,0.05280466884810806,0.012374275004399353,0.5145331377262958,0.004729882975835163,0.5327028685924392,0.010300449056928953
RELATIVE_B,5,200,1.0,A4_SENSOR_DRIFT,strong,pooled,99.0,0.43865713620468255,0.052403982700103664,0.021043771043771045,0.009001305863598819,0.039992339010780246,0.01635569324778334,0.5127270723869738,0.002198733868538428,0.5372810414988329,0.002493921832731739
RELATIVE_B,10,100,0.75,A2_EARLY_VOLTAGE_COLLAPSE,mild,pooled,97.5,0.9801215462054468,0.005479289704431621,0.535064935064935,0.2181161001830189,0.6755605464327327,0.17669212894491745,0.9740088699861253,0.0012598064814115437,0.9791029645460027,0.000731793173639336
RELATIVE_B,10,100,0.75,A2_EARLY_VOLTAGE_COLLAPSE,mild,pooled,99.0,0.982316711612683,0.015841601046310355,0.28051948051948056,0.11826741584020223,0.42681029378288,0.14225058670553908,0.9740088699861253,0.0012598064814115437,0.9791029645460027,0.000731793173639336
RELATIVE_B,10,100,0.75,A2_EARLY_VOLTAGE_COLLAPSE,moderate,pooled,97.5,0.9845560708788375,0.0038043632501523657,0.683982683982684,0.2581814697707719,0.7892447561985526,0.17604374589929533,0.9862737616154793,0.002791784687464666,0.9908131952435749,0.001072979021405365
RELATIVE_B,10,100,0.75,A2_EARLY_VOLTAGE_COLLAPSE,moderate,pooled,99.0,0.9865977784276537,0.011797224869925472,0.37012987012987014,0.17597762012910792,0.5216737659288074,0.18309874550800376,0.9862737616154793,0.002791784687464666,0.9908131952435749,0.001072979021405365
RELATIVE_B,10,100,0.75,A2_EARLY_VOLTAGE_COLLAPSE,strong,pooled,97.5,0.9851575130576373,0.0034587211290998,0.7095238095238096,0.2613725765457601,0.8071926175660268,0.17421400818927407,0.9875446662513632,0.0030737737899184064,0.9918762671927229,0.001301360418108662
RELATIVE_B,10,100,0.75,A2_EARLY_VOLTAGE_COLLAPSE,strong,pooled,99.0,0.9871288747159942,0.011306444997318177,0.3844155844155844,0.187854348361562,0.535047044805879,0.19146843717218787,0.9875446662513632,0.0030737737899184064,0.9918762671927229,0.001301360418108662
RELATIVE_B,10,100,0.75,A3_THERMAL_ABNORMALITY,mild,pooled,97.5,0.775414623371927,0.0769362585152578,0.04415584415584415,0.03277773886785445,0.08241614086231232,0.058707523503247656,0.6932983162685452,0.019137169918305653,0.714846018959943,0.015833002850117062
RELATIVE_B,10,100,0.75,A3_THERMAL_ABNORMALITY,mild,pooled,99.0,0.7597138447433771,0.22584509809587952,0.016017316017316017,0.015384723501226718,0.030935677732643125,0.02912515143413612,0.6932983162685452,0.019137169918305653,0.714846018959943,0.015833002850117062
RELATIVE_B,10,100,0.75,A3_THERMAL_ABNORMALITY,moderate,pooled,97.5,0.937329314313479,0.020565604455993345,0.18008658008658007,0.11508232794387314,0.29202792500022673,0.15895311566029816,0.8682137104779463,0.019264306220906167,0.8807468902405612,0.01443972416873305
RELATIVE_B,10,100,0.75,A3_THERMAL_ABNORMALITY,moderate,pooled,99.0,0.9184896859808171,0.0815678573739851,0.0645021645021645,0.06823230454059213,0.11516184079089602,0.11518337788617775,0.8682137104779463,0.019264306220906167,0.8807468902405612,0.01443972416873305
RELATIVE_B,10,100,0.75,A3_THERMAL_ABNORMALITY,strong,pooled,97.5,0.9722689125587731,0.007490768422566954,0.39826839826839827,0.2114185730003429,0.5441886030650432,0.20961444754389552,0.9476860786806339,0.012337032148939223,0.9541289933694997,0.008529916559912665
RELATIVE_B,10,100,0.75,A3_THERMAL_ABNORMALITY,strong,pooled,99.0,0.971431786530509,0.02749006290154774,0.196969696969697,0.17401789733793738,0.30498700345173546,0.22491099848895973,0.9476860786806339,0.012337032148939223,0.9541289933694997,0.008529916559912665
RELATIVE_B,10,100,0.75,A4_SENSOR_DRIFT,mild,mean_temp_c_-1,97.5,0.20068441140495905,0.05615237227743352,0.0027342779020631367,0.0015523236386772057,0.0053887081859240625,0.0030399586233747526,0.4845441053821246,0.0032730364458324,0.47639207468448824,0.006853120171907542
RELATIVE_B,10,100,0.75,A4_SENSOR_DRIFT,mild,mean_temp_c_-1,99.0,0.05367913507283415,0.05272898059227936,0.0004971414367387521,0.0004305371134896538,0.0009842148768010605,0.0008523676315313375,0.4845441053821246,0.0032730364458324,0.47639207468448824,0.006853120171907542
RELATIVE_B,10,100,0.75,A4_SENSOR_DRIFT,mild,mean_temp_c_1,97.5,0.5176262366075429,0.03398698707350498,0.0114342530449913,0.004494939428293594,0.02233251257787236,0.008643564543979292,0.5210955671870194,0.003833837993999697,0.5362779524065736,0.005540278714437676
RELATIVE_B,10,100,0.75,A4_SENSOR_DRIFT,mild,mean_temp_c_1,99.0,0.27723731914559274,0.24991371906673165,0.004225702212279393,0.003678510710153801,0.008318081964217029,0.007236701645807125,0.5210955671870194,0.003833837993999697,0.5362779524065736,0.005540278714437676
RELATIVE_B,10,100,0.75,A4_SENSOR_DRIFT,mild,mean_voltage_v_-1,97.5,0.5438786509393898,0.0982942997637186,0.012428535918468805,0.004107062302226773,0.02426999808160915,0.007868010678144497,0.5870051223201247,0.011547667568348281,0.6231306066069467,0.010052439072347409
RELATIVE_B,10,100,0.75,A4_SENSOR_DRIFT,mild,mean_voltage_v_-1,99.0,0.5994910822895682,0.3508384551418351,0.004971414367387522,0.0018766677691451033,0.009812164631778914,0.0036366773346572056,0.5870051223201247,0.011547667568348281,0.6231306066069467,0.010052439072347409
RELATIVE_B,10,100,0.75,A4_SENSOR_DRIFT,mild,mean_voltage_v_1,97.5,0.5376047139115886,0.09910882734252748,0.013422818791946308,0.008599972106391346,0.02609860465254844,0.016449069428059664,0.597983648244715,0.02259839533681069,0.6487837340356243,0.032881512116285545
RELATIVE_B,10,100,0.75,A4_SENSOR_DRIFT,mild,mean_voltage_v_1,99.0,0.6346546791990192,0.31639832896742465,0.006711409395973154,0.003250483925086259,0.013212666780603323,0.006271677640584517,0.597983648244715,0.02259839533681069,0.6487837340356243,0.032881512116285545
RELATIVE_B,10,100,0.75,A4_SENSOR_DRIFT,mild,pooled,97.5,0.482744661156939,0.07170708679420819,0.010004971414367387,0.004552561001091813,0.01956630555624471,0.008768459904590138,0.5476366000568156,0.006204070138765161,0.5711460919334083,0.007264240997861645
RELATIVE_B,10,100,0.75,A4_SENSOR_DRIFT,mild,pooled,99.0,0.5769760402575138,0.3683568637439571,0.004101416853094705,0.0021499930265978366,0.00809476588229478,0.004191415621937246,0.5476366000568156,0.006204070138765161,0.5711460919334083,0.007264240997861645
RELATIVE_B,10,100,0.75,A4_SENSOR_DRIFT,moderate,mean_temp_c_-1,97.5,0.13383776671874995,0.04924941726806385,0.0017399950285856324,0.001139094132477216,0.0034320007987173225,0.0022371821846926447,0.4967412044858037,0.003969912673002845,0.5034162741451842,0.008440415843438189
RELATIVE_B,10,100,0.75,A4_SENSOR_DRIFT,moderate,mean_temp_c_-1,99.0,0.05367913507283415,0.05272898059227936,0.0004971414367387521,0.0004305371134896538,0.0009842148768010605,0.0008523676315313375,0.4967412044858037,0.003969912673002845,0.5034162741451842,0.008440415843438189
RELATIVE_B,10,100,0.75,A4_SENSOR_DRIFT,moderate,mean_temp_c_1,97.5,0.5369710492784291,0.08972581399573716,0.013671389510315685,0.008214124604453546,0.026578379933162446,0.015773104388049658,0.5494053434503309,0.005244235940763948,0.5858418523867508,0.006155667201136563
RELATIVE_B,10,100,0.75,A4_SENSOR_DRIFT,moderate,mean_temp_c_1,99.0,0.2353764364992483,0.2127992903944112,0.003231419338801889,0.0028232206541388386,0.006369834997726635,0.005560907212069247,0.5494053434503309,0.005244235940763948,0.5858418523867508,0.006155667201136563
RELATIVE_B,10,100,0.75,A4_SENSOR_DRIFT,moderate,mean_voltage_v_-1,97.5,0.6526661375976079,0.11348263599128901,0.021874223216505093,0.013997423042804958,0.04210515133668563,0.02623780341353367,0.6548442013324057,0.022878638707293612,0.6941738484725487,0.015832371115438837
RELATIVE_B,10,100,0.75,A4_SENSOR_DRIFT,moderate,mean_voltage_v_-1,99.0,0.6967426977122844,0.2693714034350259,0.008451404424558787,0.004240298809155351,0.01660075364643907,0.00821647482224775,0.6548442013324057,0.022878638707293612,0.6941738484725487,0.015832371115438837
RELATIVE_B,10,100,0.75,A4_SENSOR_DRIFT,moderate,mean_voltage_v_1,97.5,0.5445459214467422,0.11057987859621049,0.014168530947054439,0.009864844560270657,0.027503344825235854,0.018831295191290523,0.6415965459828753,0.025332125634635067,0.7079482847047199,0.03275281335905945
RELATIVE_B,10,100,0.75,A4_SENSOR_DRIFT,moderate,mean_voltage_v_1,99.0,0.6403677196470156,0.3115685641620905,0.00695998011434253,0.0036785107101538015,0.013693275657051895,0.007099443394675151,0.6415965459828753,0.025332125634635067,0.7079482847047199,0.03275281335905945
RELATIVE_B,10,100,0.75,A4_SENSOR_DRIFT,moderate,pooled,97.5,0.5284545715471101,0.09756489096194373,0.012863534675615212,0.008106940680521589,0.02503149418993736,0.015525491466626618,0.5869906184534653,0.007874898281697879,0.6228450649273009,0.008157301345412154
RELATIVE_B,10,100,0.75,A4_SENSOR_DRIFT,moderate,pooled,99.0,0.6026073051022837,0.3463638811296044,0.004784986328610489,0.002618855021837618,0.009434762838215786,0.00510197182097014,0.5869906184534653,0.007874898281697879,0.6228450649273009,0.008157301345412154
RELATIVE_B,10,100,0.75,A4_SENSOR_DRIFT,strong,mean_temp_c_-1,97.5,0.15100402067649485,0.12459453610330107,0.002237136465324385,0.0025832226809379233,0.004403081704828349,0.005069298073777093,0.5258831179294118,0.0029708791926806007,0.5487151411032135,0.0064228581974048425
RELATIVE_B,10,100,0.75,A4_SENSOR_DRIFT,strong,mean_temp_c_-1,99.0,0.05367913507283415,0.05272898059227936,0.0004971414367387521,0.0004305371134896538,0.0009842148768010605,0.0008523676315313375,0.5258831179294118,0.0029708791926806007,0.5487151411032135,0.0064228581974048425
RELATIVE_B,10,100,0.75,A4_SENSOR_DRIFT,strong,mean_temp_c_1,97.5,0.5746623825514837,0.11067319549796027,0.016654238130748195,0.010341856357302868,0.0322483931108678,0.01980950793788425,0.5839281703314502,0.007627126488621995,0.6343131424687792,0.006725014935347774
RELATIVE_B,10,100,0.75,A4_SENSOR_DRIFT,strong,mean_temp_c_1,99.0,0.263148506420204,0.23972999675932916,0.004722843649018146,0.00579228446320211,0.009253674632673011,0.011302276401834808,0.5839281703314502,0.007627126488621995,0.6343131424687792,0.006725014935347774
RELATIVE_B,10,100,0.75,A4_SENSOR_DRIFT,strong,mean_voltage_v_-1,97.5,0.6884694456911458,0.12531155813692982,0.02734277902063137,0.02023524433401373,0.05215893564619492,0.037424910047549685,0.6914873186659789,0.02865665518580356,0.7304989978509645,0.01998201127666302
RELATIVE_B,10,100,0.75,A4_SENSOR_DRIFT,strong,mean_voltage_v_-1,99.0,0.7480129586364329,0.2256881843975342,0.0114342530449913,0.006209294554708821,0.02237299462970435,0.011987130280641743,0.6914873186659789,0.02865665518580356,0.7304989978509645,0.01998201127666302
RELATIVE_B,10,100,0.75,A4_SENSOR_DRIFT,strong,mean_voltage_v_1,97.5,0.5487366305758911,0.11755881870971804,0.01466567238379319,0.010711638790164176,0.028436479197451524,0.020420379205756872,0.6665174760926594,0.029306247175562777,0.7382864982049417,0.03361316332159464
RELATIVE_B,10,100,0.75,A4_SENSOR_DRIFT,strong,mean_voltage_v_1,99.0,0.6403677196470156,0.3115685641620905,0.00695998011434253,0.0036785107101538015,0.013693275657051895,0.007099443394675151,0.6665174760926594,0.029306247175562777,0.7382864982049417,0.03361316332159464
RELATIVE_B,10,100,0.75,A4_SENSOR_DRIFT,strong,pooled,97.5,0.5621730132450787,0.10606506356222556,0.015224956500124285,0.010467122285435216,0.029517239317950705,0.01993886662132379,0.6191825527429105,0.008114435461317276,0.6629534449069747,0.007643586747001088
RELATIVE_B,10,100,0.75,A4_SENSOR_DRIFT,strong,pooled,99.0,0.6358348518305653,0.31575052381162805,0.005903554561272683,0.00383123605314401,0.01161465792014938,0.007446604223726501,0.6191825527429105,0.008114435461317276,0.6629534449069747,0.007643586747001088
RELATIVE_B,10,100,1.0,A2_EARLY_VOLTAGE_COLLAPSE,mild,pooled,95.0,0.9723675317746608,0.00955675897638245,0.8744588744588745,0.06078051576672003,0.9198704407133563,0.028714157973241825,0.9718341938859201,0.013986755890465009,0.9792646172393008,0.005682672904390657
RELATIVE_B,10,100,1.0,A2_EARLY_VOLTAGE_COLLAPSE,mild,pooled,97.5,0.9667159061107001,0.014159139743652517,0.5324675324675324,0.19904901245866333,0.6733392776274769,0.16347974681372104,0.9718341938859201,0.013986755890465009,0.9792646172393008,0.005682672904390657
RELATIVE_B,10,100,1.0,A2_EARLY_VOLTAGE_COLLAPSE,mild,pooled,99.0,0.9814983347535956,0.023671788158247695,0.2930735930735931,0.2714420345052743,0.4102537312306003,0.29607544535584,0.9718341938859201,0.013986755890465009,0.9792646172393008,0.005682672904390657
RELATIVE_B,10,100,1.0,A2_EARLY_VOLTAGE_COLLAPSE,moderate,pooled,95.0,0.9749816482324939,0.010257467111044846,0.980952380952381,0.011045325387162836,0.9778852318676825,0.0026875967096953368,0.9829036540990713,0.014134141288413246,0.9902213819935338,0.0063213503313352916
RELATIVE_B,10,100,1.0,A2_EARLY_VOLTAGE_COLLAPSE,moderate,pooled,97.5,0.9737922728591899,0.011288371027346568,0.6783549783549784,0.23399820140687358,0.7852896575920486,0.16368481921653089,0.9829036540990713,0.014134141288413246,0.9902213819935338,0.0063213503313352916
RELATIVE_B,10,100,1.0,A2_EARLY_VOLTAGE_COLLAPSE,moderate,pooled,99.0,0.9839940314169007,0.021153212584967232,0.3696969696969697,0.35709877728762385,0.47838551911649835,0.34346881118198846,0.9829036540990713,0.014134141288413246,0.9902213819935338,0.0063213503313352916
RELATIVE_B,10,100,1.0,A2_EARLY_VOLTAGE_COLLAPSE,strong,pooled,95.0,0.9753347568865517,0.01032324006468008,0.9974025974025974,0.003436040663720264,0.9862170099742208,0.0043983282117062835,0.984088625129787,0.014004987482027885,0.9911721190202204,0.006389877003858434
RELATIVE_B,10,100,1.0,A2_EARLY_VOLTAGE_COLLAPSE,strong,pooled,97.5,0.9745473678829627,0.010970223682884845,0.6987012987012987,0.2389504514876451,0.7993939506206386,0.16360344586943767,0.984088625129787,0.014004987482027885,0.9911721190202204,0.006389877003858434
RELATIVE_B,10,100,1.0,A2_EARLY_VOLTAGE_COLLAPSE,strong,pooled,99.0,0.9846965623318473,0.02013340584834269,0.3813852813852814,0.3671590350427853,0.48897167520164947,0.3467325885842403,0.984088625129787,0.014004987482027885,0.9911721190202204,0.006389877003858434
RELATIVE_B,10,100,1.0,A3_THERMAL_ABNORMALITY,mild,pooled,95.0,0.7676418327252402,0.03588411441751481,0.08484848484848484,0.036855059140766686,0.15118584795622197,0.05925417468231016,0.6620299172786127,0.018931313136194006,0.6972245054523536,0.016332534838837974
RELATIVE_B,10,100,1.0,A3_THERMAL_ABNORMALITY,mild,pooled,97.5,0.5759809330543337,0.03368227422216869,0.022943722943722943,0.005248638810814781,0.04407947411631491,0.009743762618696207,0.6620299172786127,0.018931313136194006,0.6972245054523536,0.016332534838837974
RELATIVE_B,10,100,1.0,A3_THERMAL_ABNORMALITY,mild,pooled,99.0,0.3786020029901489,0.3773943877258129,0.007792207792207792,0.010308121991160744,0.015231368823196591,0.020075490206169156,0.6620299172786127,0.018931313136194006,0.6972245054523536,0.016332534838837974
RELATIVE_B,10,100,1.0,A3_THERMAL_ABNORMALITY,moderate,pooled,95.0,0.9131392613969921,0.014110066766712817,0.26580086580086576,0.0984389313062505,0.4052392788733374,0.1162785183183565,0.8293788012027452,0.016572973243789254,0.8597484793687326,0.011403928065289387
RELATIVE_B,10,100,1.0,A3_THERMAL_ABNORMALITY,moderate,pooled,97.5,0.8189395588824858,0.02796195175275359,0.07965367965367966,0.028610756089797934,0.1443273254011679,0.048739685310625114,0.8293788012027452,0.016572973243789254,0.8597484793687326,0.011403928065289387
RELATIVE_B,10,100,1.0,A3_THERMAL_ABNORMALITY,moderate,pooled,99.0,0.877518282613824,0.12261167091652272,0.024242424242424242,0.019277440760356986,0.04662598238347184,0.03626591636267071,0.8293788012027452,0.016572973243789254,0.8597484793687326,0.011403928065289387
RELATIVE_B,10,100,1.0,A3_THERMAL_ABNORMALITY,strong,pooled,95.0,0.9574645258228246,0.008523832877439132,0.5545454545454546,0.12516812778225436,0.6965525362437098,0.09567128919240514,0.9166583242292449,0.01254282860667161,0.9379116663926791,0.005233253115876994
RELATIVE_B,10,100,1.0,A3_THERMAL_ABNORMALITY,strong,pooled,97.5,0.9164417596951554,0.01975578233416852,0.19826839826839826,0.07986045061541266,0.32111916237836463,0.11371951902495761,0.9166583242292449,0.01254282860667161,0.9379116663926791,0.005233253115876994
RELATIVE_B,10,100,1.0,A3_THERMAL_ABNORMALITY,strong,pooled,99.0,0.9528683736263172,0.04791585209606887,0.07056277056277056,0.057265708162122494,0.12764568635644843,0.09814478002087755,0.9166583242292449,0.01254282860667161,0.9379116663926791,0.005233253115876994
RELATIVE_B,10,100,1.0,A4_SENSOR_DRIFT,mild,mean_temp_c_-1,95.0,0.4328156577945237,0.04988935248415879,0.018642803877703205,0.0048899616139463096,0.03563159683498882,0.008811928402692792,0.4854938713191112,0.003333555550727285,0.47822174395957423,0.005668773026135166
RELATIVE_B,10,100,1.0,A4_SENSOR_DRIFT,mild,mean_temp_c_-1,97.5,0.19786314601439559,0.12340709848451742,0.004722843649018146,0.004305371134896538,0.009212604990309436,0.008344445098023527,0.4854938713191112,0.003333555550727285,0.47822174395957423,0.005668773026135166
RELATIVE_B,10,100,1.0,A4_SENSOR_DRIFT,mild,mean_temp_c_-1,99.0,0.0,0.0,0.0,0.0,0.0,0.0,0.4854938713191112,0.003333555550727285,0.47822174395957423,0.005668773026135166
RELATIVE_B,10,100,1.0,A4_SENSOR_DRIFT,mild,mean_temp_c_1,95.0,0.5390035357619416,0.047706143597094165,0.028585632612478252,0.007242755299196354,0.05410530774641744,0.012750301959063667,0.5186245057035275,0.0035467964285276162,0.5351751164978588,0.004581429732222926
RELATIVE_B,10,100,1.0,A4_SENSOR_DRIFT,mild,mean_temp_c_1,97.5,0.39599228053701024,0.04337245001983814,0.0114342530449913,0.004107062302226772,0.02219943916352136,0.007854035682621318,0.5186245057035275,0.0035467964285276162,0.5351751164978588,0.004581429732222926
RELATIVE_B,10,100,1.0,A4_SENSOR_DRIFT,mild,mean_temp_c_1,99.0,0.6851895424982372,0.27294966338141363,0.006214267959234403,0.0015523236386772055,0.012290048436577517,0.0030181333629046123,0.5186245057035275,0.0035467964285276162,0.5351751164978588,0.004581429732222926
RELATIVE_B,10,100,1.0,A4_SENSOR_DRIFT,mild,mean_voltage_v_-1,95.0,0.5625852807255804,0.0587200954058891,0.03256276410638827,0.012684415433430846,0.06124573024035405,0.022608973688940735,0.5861198930532437,0.011069775824152977,0.633650025014395,0.0045778392574276445
RELATIVE_B,10,100,1.0,A4_SENSOR_DRIFT,mild,mean_voltage_v_-1,97.5,0.3788886983455712,0.11794847125997036,0.01019139945314442,0.0028232206541388394,0.01984846079524609,0.005515934321089619,0.5861198930532437,0.011069775824152977,0.633650025014395,0.0045778392574276445
RELATIVE_B,10,100,1.0,A4_SENSOR_DRIFT,mild,mean_voltage_v_-1,99.0,0.5475627047171922,0.4130265205349279,0.002982848620432513,0.0019729689120541317,0.005914920798503774,0.003889036283300924,0.5861198930532437,0.011069775824152977,0.633650025014395,0.0045778392574276445
RELATIVE_B,10,100,1.0,A4_SENSOR_DRIFT,mild,mean_voltage_v_1,95.0,0.670340481988989,0.043887288072341046,0.04971414367387522,0.01158456892640422,0.0922217475997313,0.019470887569294736,0.619069466851558,0.0038632688042490215,0.6787302126695551,0.004876721754149842
RELATIVE_B,10,100,1.0,A4_SENSOR_DRIFT,mild,mean_voltage_v_1,97.5,0.4969400723224253,0.010435438761138902,0.016654238130748195,0.003524098155296503,0.03219751815725818,0.006621230570416126,0.619069466851558,0.0038632688042490215,0.6787302126695551,0.004876721754149842
RELATIVE_B,10,100,1.0,A4_SENSOR_DRIFT,mild,mean_voltage_v_1,99.0,0.7079542016239525,0.26429637394873895,0.007457121551081282,0.0032504839250862595,0.01471950601242404,0.006332061664562594,0.619069466851558,0.0038632688042490215,0.6787302126695551,0.004876721754149842
RELATIVE_B,10,100,1.0,A4_SENSOR_DRIFT,mild,pooled,95.0,0.5696694755463434,0.037939250770787365,0.032376336067611235,0.008453917174088468,0.061040720203342835,0.014710081525473984,0.5523962678900288,0.005082241204722135,0.5814442745353458,0.0034983712233854184
RELATIVE_B,10,100,1.0,A4_SENSOR_DRIFT,mild,pooled,97.5,0.39058558491763745,0.027620316854624863,0.010750683569475514,0.0020535311511133865,0.020910396591249433,0.003895066778037345,0.5523962678900288,0.005082241204722135,0.5814442745353458,0.0034983712233854184
RELATIVE_B,10,100,1.0,A4_SENSOR_DRIFT,mild,pooled,99.0,0.616004282358747,0.3367925063878726,0.004163559532687049,0.0014480711158005276,0.008250360005458465,0.002837416204939563,0.5523962678900288,0.005082241204722135,0.5814442745353458,0.0034983712233854184
RELATIVE_B,10,100,1.0,A4_SENSOR_DRIFT,moderate,mean_temp_c_-1,95.0,0.4115660944080377,0.017205810750331674,0.017399950285856326,0.006253912814023925,0.033249603881747636,0.011340185273460061,0.49993658519342893,0.005027843014237055,0.5105957201785933,0.00773313310011609
RELATIVE_B,10,100,1.0,A4_SENSOR_DRIFT,moderate,mean_temp_c_-1,97.5,0.1770438613070988,0.12408456829171079,0.004225702212279393,0.004107062302226772,0.00824440728462361,0.007970836869356438,0.49993658519342893,0.005027843014237055,0.5105957201785933,0.00773313310011609
RELATIVE_B,10,100,1.0,A4_SENSOR_DRIFT,moderate,mean_temp_c_-1,99.0,0.0,0.0,0.0,0.0,0.0,0.0,0.49993658519342893,0.005027843014237055,0.5105957201785933,0.00773313310011609
RELATIVE_B,10,100,1.0,A4_SENSOR_DRIFT,moderate,mean_temp_c_1,95.0,0.5798950992468326,0.055482990422823696,0.03355704697986577,0.0068345647948632945,0.06325542829359046,0.011808613795943997,0.5463446175800771,0.00468302659050182,0.5832121944389381,0.007414007846062475
RELATIVE_B,10,100,1.0,A4_SENSOR_DRIFT,moderate,mean_temp_c_1,97.5,0.4393728967612735,0.021839640007362653,0.013174248073576934,0.002618855021837619,0.025560839559466475,0.004946116350177684,0.5463446175800771,0.00468302659050182,0.5832121944389381,0.007414007846062475
RELATIVE_B,10,100,1.0,A4_SENSOR_DRIFT,moderate,mean_temp_c_1,99.0,0.7017932101582888,0.25852314390442555,0.006462838677603778,0.002397129197363399,0.012770508131306117,0.004682709048034737,0.5463446175800771,0.00468302659050182,0.5832121944389381,0.007414007846062475
RELATIVE_B,10,100,1.0,A4_SENSOR_DRIFT,moderate,mean_voltage_v_-1,95.0,0.6655744187393605,0.057170169733705783,0.050459855828983345,0.018662678940786444,0.09325712646261945,0.03227448365482666,0.642827582519589,0.02217954329970849,0.6951390265467235,0.011173745362680027
RELATIVE_B,10,100,1.0,A4_SENSOR_DRIFT,moderate,mean_voltage_v_-1,97.5,0.4399004447991768,0.15222786393607785,0.013671389510315685,0.0054967298999492875,0.026511337338573627,0.01061325496949059,0.642827582519589,0.02217954329970849,0.6951390265467235,0.011173745362680027
RELATIVE_B,10,100,1.0,A4_SENSOR_DRIFT,moderate,mean_voltage_v_-1,99.0,0.6644301489161313,0.3167223013285664,0.005965697240865026,0.0038748340214068847,0.011782621699194471,0.0075803178338932995,0.642827582519589,0.02217954329970849,0.6951390265467235,0.011173745362680027
RELATIVE_B,10,100,1.0,A4_SENSOR_DRIFT,moderate,mean_voltage_v_1,95.0,0.6836496076650226,0.03922561133771364,0.05294556301267711,0.013256069227912885,0.09787772321999032,0.022181688578898955,0.6713723106823192,0.005029222633531205,0.7454895427242721,0.0013414080469625492
RELATIVE_B,10,100,1.0,A4_SENSOR_DRIFT,moderate,mean_voltage_v_1,97.5,0.5128676698097506,0.013234185308743086,0.017648521004225703,0.003013759794427577,0.034094861575165065,0.005627546114686879,0.6713723106823192,0.005029222633531205,0.7454895427242721,0.0013414080469625492
RELATIVE_B,10,100,1.0,A4_SENSOR_DRIFT,moderate,mean_voltage_v_1,99.0,0.6891844879163509,0.2945575559089757,0.00695998011434253,0.004305371134896538,0.013732149015342502,0.008402837513822864,0.6713723106823192,0.005029222633531205,0.7454895427242721,0.0013414080469625492
RELATIVE_B,10,100,1.0,A4_SENSOR_DRIFT,moderate,pooled,95.0,0.6115922881665445,0.036139277716701425,0.03859060402684564,0.010393258661272445,0.07230645768670281,0.017892133965107682,0.5915164509914069,0.008037011812922715,0.6336091209721317,0.00482415386523882
RELATIVE_B,10,100,1.0,A4_SENSOR_DRIFT,moderate,pooled,97.5,0.4230543034672561,0.03631447474111968,0.01217996520009943,0.0010267655755566926,0.023666355753453976,0.0018931165706031327,0.5915164509914069,0.008037011812922715,0.6336091209721317,0.00482415386523882
RELATIVE_B,10,100,1.0,A4_SENSOR_DRIFT,moderate,pooled,99.0,0.6447077722406478,0.31643024264183983,0.004847129008202834,0.002328485458015809,0.009592513434310482,0.004563979371645037,0.5915164509914069,0.008037011812922715,0.6336091209721317,0.00482415386523882
RELATIVE_B,10,100,1.0,A4_SENSOR_DRIFT,strong,mean_temp_c_-1,95.0,0.4179021198442752,0.04923654885001953,0.017897091722595078,0.006371367446172655,0.03419056870639134,0.011623562181195281,0.5279194555765806,0.007884692762116337,0.5568471793516395,0.009053123952350842
RELATIVE_B,10,100,1.0,A4_SENSOR_DRIFT,strong,mean_temp_c_-1,97.5,0.22160165426484013,0.10852085217452273,0.005468555804126273,0.003753335538290206,0.010664285851348487,0.007284009788491369,0.5279194555765806,0.007884692762116337,0.5568471793516395,0.009053123952350842
RELATIVE_B,10,100,1.0,A4_SENSOR_DRIFT,strong,mean_temp_c_-1,99.0,0.0,0.0,0.0,0.0,0.0,0.0,0.5279194555765806,0.007884692762116337,0.5568471793516395,0.009053123952350842
RELATIVE_B,10,100,1.0,A4_SENSOR_DRIFT,strong,mean_temp_c_1,95.0,0.615317738531631,0.04581908825979452,0.03902560278399205,0.009020754318480763,0.07314207023247656,0.01545162889327128,0.5766006934038621,0.005570208057601835,0.6292292419851675,0.009033907374638635
RELATIVE_B,10,100,1.0,A4_SENSOR_DRIFT,strong,mean_temp_c_1,97.5,0.47754159919397104,0.022715321815568738,0.015411384538901318,0.0033626023510983562,0.02983154024783358,0.006333117557789022,0.5766006934038621,0.005570208057601835,0.6292292419851675,0.009033907374638635
RELATIVE_B,10,100,1.0,A4_SENSOR_DRIFT,strong,mean_temp_c_1,99.0,0.6832299042675944,0.27717781586196094,0.0057171265224956495,0.0026188550218376183,0.011301704432772735,0.005128573003006263,0.5766006934038621,0.005570208057601835,0.6292292419851675,0.009033907374638635
RELATIVE_B,10,100,1.0,A4_SENSOR_DRIFT,strong,mean_voltage_v_-1,95.0,0.718641633249144,0.06162672276693801,0.06587124036788466,0.02598604465464429,0.11980803971755315,0.04407131854739623,0.6714539123595308,0.02734651941632876,0.7236263321345303,0.014357600430951663
RELATIVE_B,10,100,1.0,A4_SENSOR_DRIFT,strong,mean_voltage_v_-1,97.5,0.4760746049033326,0.13374058083364984,0.015659955257270694,0.005219985085756898,0.030313922857288744,0.01004641877865539,0.6714539123595308,0.02734651941632876,0.7236263321345303,0.014357600430951663
RELATIVE_B,10,100,1.0,A4_SENSOR_DRIFT,strong,mean_voltage_v_-1,99.0,0.687315078347947,0.3146592543242558,0.007457121551081282,0.005824198117752912,0.014686479560011215,0.011354488958475129,0.6714539123595308,0.02734651941632876,0.7236263321345303,0.014357600430951663
RELATIVE_B,10,100,1.0,A4_SENSOR_DRIFT,strong,mean_voltage_v_1,95.0,0.7136623465004774,0.038056511153072646,0.061148396718866516,0.015409379805944689,0.11215977013160172,0.02542393826991671,0.699539421612846,0.006649476485262333,0.7768629431402349,0.0019379075105825491
RELATIVE_B,10,100,1.0,A4_SENSOR_DRIFT,strong,mean_voltage_v_1,97.5,0.526434955070748,0.013332776612149452,0.018642803877703205,0.00325048392508626,0.03597978910653812,0.006061263539906755,0.699539421612846,0.006649476485262333,0.7768629431402349,0.0019379075105825491
RELATIVE_B,10,100,1.0,A4_SENSOR_DRIFT,strong,mean_voltage_v_1,99.0,0.6937174725908116,0.29383524264290023,0.007208550832711907,0.004735908248386192,0.01421430133953175,0.009237945651894591,0.699539421612846,0.006649476485262333,0.7768629431402349,0.0019379075105825491
RELATIVE_B,10,100,1.0,A4_SENSOR_DRIFT,strong,pooled,95.0,0.6511830910830506,0.039222588048593826,0.04598558289833458,0.013084981954118514,0.08552340360563689,0.0223526559990827,0.6208741918618137,0.00996455362374941,0.671641424152893,0.005849083439254907
RELATIVE_B,10,100,1.0,A4_SENSOR_DRIFT,strong,pooled,97.5,0.4529492201801442,0.02812091045258178,0.013795674869500374,0.0016252419625431298,0.026759934996435683,0.0030259322286227994,0.6208741918618137,0.00996455362374941,0.671641424152893,0.005849083439254907
RELATIVE_B,10,100,1.0,A4_SENSOR_DRIFT,strong,pooled,99.0,0.6525605510398128,0.3128383117049105,0.00509569972657221,0.0027483649499746433,0.01007892946851406,0.005386044521830457,0.6208741918618137,0.00996455362374941,0.671641424152893,0.005849083439254907
RELATIVE_B,10,200,0.75,A2_EARLY_VOLTAGE_COLLAPSE,mild,pooled,95.0,0.9672834864689275,0.004599246496256039,0.8748917748917749,0.026307384596083904,0.9186634887308442,0.016300804986029965,0.9709769016690651,0.005554702858227496,0.9779111184174476,0.0028851871662378035
RELATIVE_B,10,200,0.75,A2_EARLY_VOLTAGE_COLLAPSE,mild,pooled,97.5,0.969452551034092,0.012201562502982112,0.4658008658008658,0.24201302476255226,0.6073029475321599,0.20913191154134433,0.9709769016690651,0.005554702858227496,0.9779111184174476,0.0028851871662378035
RELATIVE_B,10,200,0.75,A2_EARLY_VOLTAGE_COLLAPSE,mild,pooled,99.0,0.9795209743834093,0.017938198603643093,0.20735930735930733,0.020994555243259102,0.34198635936798977,0.02953184267809221,0.9709769016690651,0.005554702858227496,0.9779111184174476,0.0028851871662378035
RELATIVE_B,10,200,0.75,A2_EARLY_VOLTAGE_COLLAPSE,moderate,pooled,95.0,0.9708870458158536,0.003555393873751413,0.9848484848484849,0.002703462336968982,0.9778168302239253,0.0029009119062094668,0.9833855684070856,0.0048538350817721055,0.9895775110964985,0.0023103297974761024
RELATIVE_B,10,200,0.75,A2_EARLY_VOLTAGE_COLLAPSE,moderate,pooled,97.5,0.976015360548045,0.00967244049291798,0.5987012987012986,0.31279295595326106,0.7139179879519588,0.22562895968878224,0.9833855684070856,0.0048538350817721055,0.9895775110964985,0.0023103297974761024
RELATIVE_B,10,200,0.75,A2_EARLY_VOLTAGE_COLLAPSE,moderate,pooled,99.0,0.9835214701197096,0.014400920834728947,0.2571428571428571,0.02253162541934735,0.4074014583229426,0.029272238892381546,0.9833855684070856,0.0048538350817721055,0.9895775110964985,0.0023103297974761024
RELATIVE_B,10,200,0.75,A2_EARLY_VOLTAGE_COLLAPSE,strong,pooled,95.0,0.9712679017271793,0.0035002444848883474,0.9982683982683982,0.0029992221776084385,0.9845813075966113,0.0028431558090837965,0.9846640482409498,0.004750650413667662,0.9906405830456464,0.0022384016870517975
RELATIVE_B,10,200,0.75,A2_EARLY_VOLTAGE_COLLAPSE,strong,pooled,97.5,0.9766577946336757,0.009485577751510538,0.6168831168831169,0.3242308646122574,0.7268292013415839,0.2285410173120863,0.9846640482409498,0.004750650413667662,0.9906405830456464,0.0022384016870517975
RELATIVE_B,10,200,0.75,A2_EARLY_VOLTAGE_COLLAPSE,strong,pooled,99.0,0.9840317478289958,0.013971007546104402,0.26536796536796536,0.02413395647578589,0.41767316424237594,0.030881464148356536,0.9846640482409498,0.004750650413667662,0.9906405830456464,0.0022384016870517975
RELATIVE_B,10,200,0.75,A3_THERMAL_ABNORMALITY,mild,pooled,95.0,0.7975743929498283,0.012705190252944615,0.11601731601731602,0.00653665319071061,0.20249690670110063,0.009688396350782946,0.6845996321485511,0.004609680742886349,0.7098224560249876,0.0032064242850299717
RELATIVE_B,10,200,0.75,A3_THERMAL_ABNORMALITY,mild,pooled,97.5,0.7071641173974665,0.09546176578535666,0.03376623376623377,0.014977354019052981,0.06427250325795743,0.027657445772802908,0.6845996321485511,0.004609680742886349,0.7098224560249876,0.0032064242850299717
RELATIVE_B,10,200,0.75,A3_THERMAL_ABNORMALITY,mild,pooled,99.0,0.7539642214459618,0.2170568455770545,0.009523809523809525,0.0032683265953553035,0.018763584494803306,0.006333023923036995,0.6845996321485511,0.004609680742886349,0.7098224560249876,0.0032064242850299717
RELATIVE_B,10,200,0.75,A3_THERMAL_ABNORMALITY,moderate,pooled,95.0,0.9247575734016052,0.0071128410326313524,0.36233766233766235,0.01404760237193763,0.5205374840213728,0.013915942138870499,0.8579558318324976,0.005929446515499648,0.8737930845525783,0.0038081045793759293
RELATIVE_B,10,200,0.75,A3_THERMAL_ABNORMALITY,moderate,pooled,97.5,0.9048912196452351,0.04479176772451634,0.13896103896103895,0.05995163058485086,0.23809874489302293,0.0931806499696047,0.8579558318324976,0.005929446515499648,0.8737930845525783,0.0038081045793759293
RELATIVE_B,10,200,0.75,A3_THERMAL_ABNORMALITY,moderate,pooled,99.0,0.9141558393602617,0.07442092669556773,0.03246753246753247,0.01804213505123351,0.062164200746444846,0.033908163673804816,0.8579558318324976,0.005929446515499648,0.8737930845525783,0.0038081045793759293
RELATIVE_B,10,200,0.75,A3_THERMAL_ABNORMALITY,strong,pooled,95.0,0.9582646013674075,0.0042673796964357935,0.677056277056277,0.01332883490765421,0.7934087243189601,0.007841016725086004,0.9408030775823817,0.004368013697604627,0.9492026960381391,0.003051143360900546
RELATIVE_B,10,200,0.75,A3_THERMAL_ABNORMALITY,strong,pooled,97.5,0.9593215388432892,0.020338572371623738,0.34761904761904766,0.14998360135994487,0.49852104247010826,0.17138786865571357,0.9408030775823817,0.004368013697604627,0.9492026960381391,0.003051143360900546
RELATIVE_B,10,200,0.75,A3_THERMAL_ABNORMALITY,strong,pooled,99.0,0.9688711955616031,0.02695926340975622,0.11601731601731602,0.02287828616748711,0.2065544877436841,0.03645034774879244,0.9408030775823817,0.004368013697604627,0.9492026960381391,0.003051143360900546
RELATIVE_B,10,200,0.75,A4_SENSOR_DRIFT,mild,mean_temp_c_-1,95.0,0.39382134244174744,0.04559344465995068,0.01963708675118071,0.005695470662386079,0.037372042037253035,0.010565768521824575,0.4839571888170897,0.0020793556716899786,0.477895298237665,0.004088596197847455
RELATIVE_B,10,200,0.75,A4_SENSOR_DRIFT,mild,mean_temp_c_-1,97.5,0.14445282636577467,0.08609387389813915,0.0022371364653243847,0.0014914243102162566,0.004405732113943288,0.002932598889299791,0.4839571888170897,0.0020793556716899786,0.477895298237665,0.004088596197847455
RELATIVE_B,10,200,0.75,A4_SENSOR_DRIFT,mild,mean_temp_c_-1,99.0,0.07026906826773403,0.06085479822012066,0.0004971414367387521,0.0004305371134896538,0.0009872979124585437,0.0008550250732924434,0.4839571888170897,0.0020793556716899786,0.477895298237665,0.004088596197847455
RELATIVE_B,10,200,0.75,A4_SENSOR_DRIFT,mild,mean_temp_c_1,95.0,0.5342072320688745,0.05038776554527209,0.03455132985334328,0.009588516789453596,0.06481280581256847,0.01721092703222201,0.5199143567640677,0.0018741144576830382,0.5339904725046174,0.0028242392817450133
RELATIVE_B,10,200,0.75,A4_SENSOR_DRIFT,mild,mean_temp_c_1,97.5,0.42952652036202293,0.14382134507081215,0.010688540889883172,0.006888593815834462,0.02082982657496157,0.013271081704671958,0.5199143567640677,0.0018741144576830382,0.5339904725046174,0.0028242392817450133
RELATIVE_B,10,200,0.75,A4_SENSOR_DRIFT,mild,mean_temp_c_1,99.0,0.34310532030401736,0.29713792355687585,0.0044742729306487695,0.0038748340214068843,0.008833354298572967,0.00764990922319266,0.5199143567640677,0.0018741144576830382,0.5339904725046174,0.0028242392817450133
RELATIVE_B,10,200,0.75,A4_SENSOR_DRIFT,mild,mean_voltage_v_-1,95.0,0.529357177742621,0.03518521979731237,0.033059905543127016,0.000430537113489656,0.0622268259129846,0.0010008792485639811,0.5818523664716804,0.003188879467784768,0.620871444888096,0.003225824983049699
RELATIVE_B,10,200,0.75,A4_SENSOR_DRIFT,mild,mean_voltage_v_-1,97.5,0.42993936583401426,0.09620679331710959,0.009942828734775044,0.003524098155296502,0.019430447440878743,0.0068363864511388,0.5818523664716804,0.003188879467784768,0.620871444888096,0.003225824983049699
RELATIVE_B,10,200,0.75,A4_SENSOR_DRIFT,mild,mean_voltage_v_-1,99.0,0.6372095399404721,0.3255058755617957,0.004722843649018146,0.0023971291973633995,0.00934741678635727,0.004700447239439916,0.5818523664716804,0.003188879467784768,0.620871444888096,0.003225824983049699
RELATIVE_B,10,200,0.75,A4_SENSOR_DRIFT,mild,mean_voltage_v_1,95.0,0.6544799380885421,0.03229922527064414,0.055928411633109625,0.005377406823958224,0.10301485591273545,0.009287783472057482,0.6074181054284779,0.010350945250384385,0.6633833306588383,0.01578599109912282
RELATIVE_B,10,200,0.75,A4_SENSOR_DRIFT,mild,mean_voltage_v_1,97.5,0.4788377876847946,0.11856651624294778,0.012428535918468805,0.00529052862386099,0.024213614304786527,0.01021157906347607,0.6074181054284779,0.010350945250384385,0.6633833306588383,0.01578599109912282
RELATIVE_B,10,200,0.75,A4_SENSOR_DRIFT,mild,mean_voltage_v_1,99.0,0.6666262366075429,0.2890850870016696,0.0057171265224956495,0.0011390941324772158,0.011315066442999478,0.0022087314346996836,0.6074181054284779,0.010350945250384385,0.6633833306588383,0.01578599109912282
RELATIVE_B,10,200,0.75,A4_SENSOR_DRIFT,mild,pooled,95.0,0.5477463130524628,0.026401099827677903,0.035794183445190156,0.004756655787536568,0.06716090341401225,0.00846069890265476,0.5483578972481822,0.0038020531932122896,0.5740351365723041,0.0049630367967301945
RELATIVE_B,10,200,0.75,A4_SENSOR_DRIFT,mild,pooled,97.5,0.3969066546221147,0.11156202825623325,0.008824260502112852,0.004025867346941467,0.01725684112059449,0.0078095141886342055,0.5483578972481822,0.0038020531932122896,0.5740351365723041,0.0049630367967301945
RELATIVE_B,10,200,0.75,A4_SENSOR_DRIFT,mild,pooled,99.0,0.6215184132568817,0.32900359732930146,0.0038528461347253295,0.0018106888247990884,0.007631541697401395,0.0035605599422392385,0.5483578972481822,0.0038020531932122896,0.5740351365723041,0.0049630367967301945
RELATIVE_B,10,200,0.75,A4_SENSOR_DRIFT,moderate,mean_temp_c_-1,95.0,0.3611596162711912,0.0806692082009995,0.017399950285856326,0.007543619639817807,0.033154734903654275,0.014039782861532794,0.4977465264205496,0.0036333764954663266,0.5071936051249618,0.007200757840968576
RELATIVE_B,10,200,0.75,A4_SENSOR_DRIFT,moderate,mean_temp_c_-1,97.5,0.11724783352385004,0.06831065371448664,0.0017399950285856324,0.0011390941324772158,0.0034289177630598393,0.002241218005759504,0.4977465264205496,0.0036333764954663266,0.5071936051249618,0.007200757840968576
RELATIVE_B,10,200,0.75,A4_SENSOR_DRIFT,moderate,mean_temp_c_-1,99.0,0.07026906826773403,0.06085479822012066,0.0004971414367387521,0.0004305371134896538,0.0009872979124585437,0.0008550250732924434,0.4977465264205496,0.0036333764954663266,0.5071936051249618,0.007200757840968576
RELATIVE_B,10,200,0.75,A4_SENSOR_DRIFT,moderate,mean_temp_c_1,95.0,0.5927335642402632,0.05045213156816334,0.0437484464330102,0.011193964950730998,0.08136337141562809,0.01973469513611577,0.5474603300504686,0.003565739588553431,0.5827103333050152,0.005696438413855883
RELATIVE_B,10,200,0.75,A4_SENSOR_DRIFT,moderate,mean_temp_c_1,97.5,0.4846095834103162,0.12237317760068496,0.012925677355207556,0.006515208760666744,0.02515346748470229,0.012516140669364439,0.5474603300504686,0.003565739588553431,0.5827103333050152,0.005696438413855883
RELATIVE_B,10,200,0.75,A4_SENSOR_DRIFT,moderate,mean_temp_c_1,99.0,0.2761031017911752,0.23911230021483845,0.002982848620432513,0.002583222680937923,0.005901936339398693,0.005111226801437805,0.5474603300504686,0.003565739588553431,0.5827103333050152,0.005696438413855883
RELATIVE_B,10,200,0.75,A4_SENSOR_DRIFT,moderate,mean_voltage_v_-1,95.0,0.6510527291402749,0.0189307271622993,0.05493412875963211,0.003753335538290205,0.10128491328446709,0.006298582631751928,0.6450635043032397,0.007832285453133577,0.6897436260489527,0.00573418006477763
RELATIVE_B,10,200,0.75,A4_SENSOR_DRIFT,moderate,mean_voltage_v_-1,97.5,0.5314858877421675,0.13381000382185151,0.01590852597564007,0.008247904560296821,0.030849091220326325,0.01576821945761655,0.6450635043032397,0.007832285453133577,0.6897436260489527,0.00573418006477763
RELATIVE_B,10,200,0.75,A4_SENSOR_DRIFT,moderate,mean_voltage_v_-1,99.0,0.7226855971727719,0.24997942521514757,0.007457121551081282,0.00415194956214021,0.014704769507056637,0.008101277245387097,0.6450635043032397,0.007832285453133577,0.6897436260489527,0.00573418006477763
RELATIVE_B,10,200,0.75,A4_SENSOR_DRIFT,moderate,mean_voltage_v_1,95.0,0.6626932360946495,0.030826841508614655,0.05791697738006463,0.0037533355382902045,0.10650284315753306,0.006488578483142739,0.6528652364112748,0.011340797519491401,0.7239606440184131,0.01566808127925322
RELATIVE_B,10,200,0.75,A4_SENSOR_DRIFT,moderate,mean_voltage_v_1,97.5,0.4910431335318075,0.12717538353743776,0.01317424807357693,0.0057922844632021095,0.02564292727009049,0.011174008088463092,0.6528652364112748,0.011340797519491401,0.7239606440184131,0.01566808127925322
RELATIVE_B,10,200,0.75,A4_SENSOR_DRIFT,moderate,mean_voltage_v_1,99.0,0.6555466664181849,0.2999469008076961,0.005468555804126273,0.0011390941324772163,0.010826497313783176,0.0022144156783824214,0.6528652364112748,0.011340797519491401,0.7239606440184131,0.01566808127925322
RELATIVE_B,10,200,0.75,A4_SENSOR_DRIFT,moderate,pooled,95.0,0.594978029820873,0.03245492866859214,0.04349987571464081,0.0064049178945351365,0.08102064510191714,0.01126530171309191,0.58689693563612,0.004791790003308817,0.6259020521243358,0.005979891342401254
RELATIVE_B,10,200,0.75,A4_SENSOR_DRIFT,moderate,pooled,97.5,0.44476354658378736,0.12591035119403898,0.010937111608252547,0.005320008631823139,0.02133437413215951,0.010279338152901359,0.58689693563612,0.004791790003308817,0.6259020521243358,0.005979891342401254
RELATIVE_B,10,200,0.75,A4_SENSOR_DRIFT,moderate,pooled,99.0,0.6296960851611725,0.32326201126712595,0.004101416853094705,0.0019641412663782137,0.00812170123390577,0.0038596168797400627,0.58689693563612,0.004791790003308817,0.6259020521243358,0.005979891342401254
RELATIVE_B,10,200,0.75,A4_SENSOR_DRIFT,strong,mean_temp_c_-1,95.0,0.36692765284921514,0.0865188951863788,0.0176485210042257,0.006928839107514966,0.033642439208091596,0.012925874589178153,0.5268725099832378,0.004815397170540828,0.5537274595128644,0.00806573510699322
RELATIVE_B,10,200,0.75,A4_SENSOR_DRIFT,strong,mean_temp_c_-1,97.5,0.10065790032895015,0.07798402445580394,0.0014914243102162564,0.0012916113404689614,0.002939073276389002,0.0025415689451972674,0.5268725099832378,0.004815397170540828,0.5537274595128644,0.00806573510699322
RELATIVE_B,10,200,0.75,A4_SENSOR_DRIFT,strong,mean_temp_c_-1,99.0,0.07026906826773403,0.06085479822012066,0.0004971414367387521,0.0004305371134896538,0.0009872979124585437,0.0008550250732924434,0.5268725099832378,0.004815397170540828,0.5537274595128644,0.00806573510699322
RELATIVE_B,10,200,0.75,A4_SENSOR_DRIFT,strong,mean_temp_c_1,95.0,0.6246377855402452,0.03227474767703838,0.049465572955505833,0.008896609579007349,0.09158186438559357,0.015471658867112662,0.580457873254648,0.004145400429617365,0.6307576372566603,0.006951004163546081
RELATIVE_B,10,200,0.75,A4_SENSOR_DRIFT,strong,mean_temp_c_1,97.5,0.5105166985729894,0.13777477279178435,0.01466567238379319,0.007903610785774121,0.028473556110174283,0.015141316592229516,0.580457873254648,0.004145400429617365,0.6307576372566603,0.006951004163546081
RELATIVE_B,10,200,0.75,A4_SENSOR_DRIFT,strong,mean_temp_c_1,99.0,0.3309642219457381,0.29005182706937016,0.004225702212279393,0.003826697568565909,0.008344067472574662,0.007552288112915329,0.580457873254648,0.004145400429617365,0.6307576372566603,0.006951004163546081
RELATIVE_B,10,200,0.75,A4_SENSOR_DRIFT,strong,mean_voltage_v_-1,95.0,0.7120541275404054,0.022990087782824915,0.07283122048222719,0.003444296907917236,0.13211891226297523,0.005613334290420383,0.6782935032677497,0.009690923920654574,0.7235413775852141,0.006886115828591541
RELATIVE_B,10,200,0.75,A4_SENSOR_DRIFT,strong,mean_voltage_v_-1,97.5,0.562921843944589,0.13445827694147086,0.01839423315933383,0.010341856357302868,0.03554922156272009,0.019632156170288458,0.6782935032677497,0.009690923920654574,0.7235413775852141,0.006886115828591541
RELATIVE_B,10,200,0.75,A4_SENSOR_DRIFT,strong,mean_voltage_v_-1,99.0,0.7588796589990102,0.2214907700814802,0.009445687298036291,0.005695470662386081,0.01857513158136706,0.011066350644676762,0.6782935032677497,0.009690923920654574,0.7235413775852141,0.006886115828591541
RELATIVE_B,10,200,0.75,A4_SENSOR_DRIFT,strong,mean_voltage_v_1,95.0,0.6766144452904411,0.04192814279860012,0.061894108873974646,0.005219985085756899,0.11340214121140535,0.009282188670713815,0.6781026886275758,0.011322865426820422,0.7537576655748435,0.013957530194452436
RELATIVE_B,10,200,0.75,A4_SENSOR_DRIFT,strong,mean_voltage_v_1,97.5,0.47344627044638815,0.1575563352217824,0.012677106636838182,0.00650096785017252,0.024674606433111115,0.012567545936213825,0.6781026886275758,0.011322865426820422,0.7537576655748435,0.013957530194452436
RELATIVE_B,10,200,0.75,A4_SENSOR_DRIFT,strong,mean_voltage_v_1,99.0,0.6346546791990192,0.31639832896742465,0.004971414367387522,0.00043053711348965397,0.00985007833938685,0.0008152697078400941,0.6781026886275758,0.011322865426820422,0.7537576655748435,0.013957530194452436
RELATIVE_B,10,200,0.75,A4_SENSOR_DRIFT,strong,pooled,95.0,0.6312461414605018,0.029292467974563606,0.050459855828983345,0.003982468299779298,0.09342275207110869,0.006902568712204961,0.6175417997713583,0.004749677604585893,0.6654460349823955,0.005447171470466154
RELATIVE_B,10,200,0.75,A4_SENSOR_DRIFT,strong,pooled,97.5,0.4591378197098372,0.13917180906629414,0.011807109122545364,0.006256690890483156,0.023001156007795204,0.012066644066326505,0.6175417997713583,0.004749677604585893,0.6654460349823955,0.005447171470466154
RELATIVE_B,10,200,0.75,A4_SENSOR_DRIFT,strong,pooled,99.0,0.6584485647032521,0.2970205963222571,0.00478498632861049,0.002300958063829681,0.00946724036443327,0.00451817788172599,0.6175417997713583,0.004749677604585893,0.6654460349823955,0.005447171470466154
RELATIVE_B,10,200,1.0,A2_EARLY_VOLTAGE_COLLAPSE,mild,pooled,95.0,0.9704120592785307,0.0021176869250911154,0.8333333333333334,0.06322866128784647,0.8958680193709935,0.03705394863131226,0.9622208197854061,0.012295828051723872,0.9749739711765028,0.005080251300624324
RELATIVE_B,10,200,1.0,A2_EARLY_VOLTAGE_COLLAPSE,mild,pooled,97.5,0.9537604929550344,0.024764919399046088,0.26709956709956706,0.025193912600781757,0.417091121822253,0.03274721620061086,0.9622208197854061,0.012295828051723872,0.9749739711765028,0.005080251300624324
RELATIVE_B,10,200,1.0,A2_EARLY_VOLTAGE_COLLAPSE,mild,pooled,99.0,0.9691500878330713,0.03492093142772679,0.15064935064935064,0.09504506214821809,0.2532591917442491,0.13716361613232742,0.9622208197854061,0.012295828051723872,0.9749739711765028,0.005080251300624324
RELATIVE_B,10,200,1.0,A2_EARLY_VOLTAGE_COLLAPSE,moderate,pooled,95.0,0.9744317049360829,0.0007319929008061705,0.9653679653679653,0.027984928759989616,0.9697488532113553,0.014579242869580213,0.9749698701052534,0.011960955072364419,0.9862732204504358,0.004720536281593172
RELATIVE_B,10,200,1.0,A2_EARLY_VOLTAGE_COLLAPSE,moderate,pooled,97.5,0.9626248836751348,0.021286833736143342,0.34242424242424246,0.05439579551116227,0.5039327003670689,0.060880489322294666,0.9749698701052534,0.011960955072364419,0.9862732204504358,0.004720536281593172
RELATIVE_B,10,200,1.0,A2_EARLY_VOLTAGE_COLLAPSE,moderate,pooled,99.0,0.9751576181899645,0.02948105998474446,0.20086580086580086,0.14182230461952047,0.3186726216071683,0.1855164958960839,0.9749698701052534,0.011960955072364419,0.9862732204504358,0.004720536281593172
RELATIVE_B,10,200,1.0,A2_EARLY_VOLTAGE_COLLAPSE,strong,pooled,95.0,0.9749092305642463,0.0005364439742357037,0.983982683982684,0.02135300858032643,0.9793515121133397,0.010903711062846029,0.9762256268021666,0.011731485814676345,0.9872239574771221,0.00460563565531738
RELATIVE_B,10,200,1.0,A2_EARLY_VOLTAGE_COLLAPSE,strong,pooled,97.5,0.9636460945119119,0.020595658159055924,0.35194805194805195,0.055114532919280396,0.5143520498637332,0.060815570353254585,0.9762256268021666,0.011731485814676345,0.9872239574771221,0.00460563565531738
RELATIVE_B,10,200,1.0,A2_EARLY_VOLTAGE_COLLAPSE,strong,pooled,99.0,0.9759478177848657,0.028451948837424065,0.20692640692640693,0.1445025276296927,0.32668982688470904,0.18706365797680338,0.9762256268021666,0.011731485814676345,0.9872239574771221,0.00460563565531738
RELATIVE_B,10,200,1.0,A3_THERMAL_ABNORMALITY,mild,pooled,95.0,0.755343065771477,0.03649645565877089,0.07965367965367966,0.015052241256029192,0.14394316197128013,0.025358773583239236,0.6597215160358672,0.001454670700239119,0.6964326812428078,0.0036140295926211452
RELATIVE_B,10,200,1.0,A3_THERMAL_ABNORMALITY,mild,pooled,97.5,0.6441452887299112,0.030740469599080587,0.022077922077922075,0.008516153927664936,0.042522125534884325,0.015898694550158625,0.6597215160358672,0.001454670700239119,0.6964326812428078,0.0036140295926211452
RELATIVE_B,10,200,1.0,A3_THERMAL_ABNORMALITY,mild,pooled,99.0,0.6765838555479929,0.31042467625668513,0.006493506493506493,0.004498833266412669,0.012812731598782283,0.008790329688622893,0.6597215160358672,0.001454670700239119,0.6964326812428078,0.0036140295926211452
RELATIVE_B,10,200,1.0,A3_THERMAL_ABNORMALITY,moderate,pooled,95.0,0.9112629825428828,0.00904396048720635,0.2619047619047619,0.02834423642401877,0.4064120130597147,0.03531922755352852,0.8273975714452737,0.002039793589578528,0.8584415584415584,0.003234274969989905
RELATIVE_B,10,200,1.0,A3_THERMAL_ABNORMALITY,moderate,pooled,97.5,0.8243419124521537,0.03602748889706284,0.06536796536796537,0.04786438179111684,0.11857206360858429,0.08104479511566724,0.8273975714452737,0.002039793589578528,0.8584415584415584,0.003234274969989905
RELATIVE_B,10,200,1.0,A3_THERMAL_ABNORMALITY,moderate,pooled,99.0,0.8458827668497139,0.136180978338065,0.017316017316017316,0.007828199705638582,0.03379274832195249,0.0149967953281572,0.8273975714452737,0.002039793589578528,0.8584415584415584,0.003234274969989905
RELATIVE_B,10,200,1.0,A3_THERMAL_ABNORMALITY,strong,pooled,95.0,0.9567198146979327,0.0033531718226486045,0.5619047619047619,0.04412400176030181,0.707362644681668,0.03632722570755135,0.9166708027996946,0.0036515966060577066,0.9375554824921913,0.0013456864860214297
RELATIVE_B,10,200,1.0,A3_THERMAL_ABNORMALITY,strong,pooled,97.5,0.9275249714297878,0.022143992680382172,0.1761904761904762,0.12352235639955951,0.2842992024568746,0.16695793315097543,0.9166708027996946,0.0036515966060577066,0.9375554824921913,0.0013456864860214297
RELATIVE_B,10,200,1.0,A3_THERMAL_ABNORMALITY,strong,pooled,99.0,0.9474767331442346,0.045504302264766726,0.05757575757575758,0.02852219291779936,0.10741233572580998,0.05136094309417209,0.9166708027996946,0.0036515966060577066,0.9375554824921913,0.0013456864860214297
RELATIVE_B,10,200,1.0,A4_SENSOR_DRIFT,mild,mean_temp_c_-1,95.0,0.4133206982722932,0.02740156348727789,0.01789709172259508,0.001972968912054133,0.034306771826872196,0.003721022676063776,0.48590853002568135,0.004658906116576699,0.48092534382993984,0.011324353536496187
RELATIVE_B,10,200,1.0,A4_SENSOR_DRIFT,mild,mean_temp_c_-1,97.5,0.22629731033154443,0.09883211770617321,0.0044742729306487695,0.004535989955479657,0.008738744877272065,0.008784731486187023,0.48590853002568135,0.004658906116576699,0.48092534382993984,0.011324353536496187
RELATIVE_B,10,200,1.0,A4_SENSOR_DRIFT,mild,mean_temp_c_-1,99.0,0.03513453413386702,0.06085479822012066,0.00024857071836937607,0.0004305371134896538,0.0004936489562292718,0.0008550250732924435,0.48590853002568135,0.004658906116576699,0.48092534382993984,0.011324353536496187
RELATIVE_B,10,200,1.0,A4_SENSOR_DRIFT,mild,mean_temp_c_1,95.0,0.5319357237222644,0.019449447032319198,0.028834203330847626,0.002278188264954433,0.05469998552727809,0.004201281101398403,0.5175289342856976,0.002653524140589433,0.5326186138564016,0.004450609588041526
RELATIVE_B,10,200,1.0,A4_SENSOR_DRIFT,mild,mean_temp_c_1,97.5,0.4294933897934314,0.08410422834905071,0.009197116579666915,0.004305371134896538,0.01794848962419782,0.008209317048754624,0.5175289342856976,0.002653524140589433,0.5326186138564016,0.004450609588041526
RELATIVE_B,10,200,1.0,A4_SENSOR_DRIFT,mild,mean_temp_c_1,99.0,0.6764386536373507,0.28021234563275,0.006214267959234403,0.0008610742269793073,0.012295273190758923,0.0016536898102440239,0.5175289342856976,0.002653524140589433,0.5326186138564016,0.004450609588041526
RELATIVE_B,10,200,1.0,A4_SENSOR_DRIFT,mild,mean_voltage_v_-1,95.0,0.4860761332512052,0.03731311938770975,0.02411135968182948,0.0034442969079172318,0.04593738066183209,0.006425548632088818,0.5732825105284322,0.007091121486228155,0.6203263198633175,0.005729398925315516
RELATIVE_B,10,200,1.0,A4_SENSOR_DRIFT,mild,mean_voltage_v_-1,97.5,0.3793101640872578,0.10188655333827547,0.007705692269450659,0.004107062302226772,0.015067655445092129,0.007967231066815081,0.5732825105284322,0.007091121486228155,0.6203263198633175,0.005729398925315516
RELATIVE_B,10,200,1.0,A4_SENSOR_DRIFT,mild,mean_voltage_v_-1,99.0,0.5204746893785929,0.42492288906207154,0.0027342779020631367,0.0011390941324772158,0.005430174874191146,0.0022565835842321014,0.5732825105284322,0.007091121486228155,0.6203263198633175,0.005729398925315516
RELATIVE_B,10,200,1.0,A4_SENSOR_DRIFT,mild,mean_voltage_v_1,95.0,0.6524296904274575,0.022806660606783633,0.047725577926920205,0.004656970916031612,0.08892974796272933,0.008309570689787231,0.6068034352869885,0.005955517872975729,0.6680872955191194,0.00504536291252344
RELATIVE_B,10,200,1.0,A4_SENSOR_DRIFT,mild,mean_voltage_v_1,97.5,0.5082460034429447,0.011105869963620854,0.012925677355207556,0.00598121273453441,0.02511557705079984,0.011377933218741362,0.6068034352869885,0.005955517872975729,0.6680872955191194,0.00504536291252344
RELATIVE_B,10,200,1.0,A4_SENSOR_DRIFT,mild,mean_voltage_v_1,99.0,0.6346546791990192,0.31639832896742465,0.005219985085756898,0.0,0.010342435241966272,3.751746288470484e-05,0.6068034352869885,0.005955517872975729,0.6680872955191194,0.00504536291252344
RELATIVE_B,10,200,1.0,A4_SENSOR_DRIFT,mild,pooled,95.0,0.5390298183285684,0.014999300361776283,0.0296420581655481,0.0017784101443268946,0.05619200142373304,0.0032776634084553252,0.5459046028687261,0.0008122968074218692,0.5754893932671946,0.002902316453720237
RELATIVE_B,10,200,1.0,A4_SENSOR_DRIFT,mild,pooled,97.5,0.40825554899892275,0.014162558052046885,0.008575689783743476,0.0039149888143176735,0.016744609103906398,0.007499583905511614,0.5459046028687261,0.0008122968074218692,0.5754893932671946,0.002902316453720237
RELATIVE_B,10,200,1.0,A4_SENSOR_DRIFT,mild,pooled,99.0,0.5799012992511444,0.3645653741851501,0.0036042754163559533,0.0004305371134896537,0.007151384768937602,0.0008375117619940216,0.5459046028687261,0.0008122968074218692,0.5754893932671946,0.002902316453720237
RELATIVE_B,10,200,1.0,A4_SENSOR_DRIFT,moderate,mean_temp_c_-1,95.0,0.3541862161542875,0.06639433835336414,0.014168530947054439,0.004151949562140211,0.02723971407631238,0.007871525370479929,0.5008236031115744,0.006255824437848968,0.5147726521866357,0.015024206197527652
RELATIVE_B,10,200,1.0,A4_SENSOR_DRIFT,moderate,mean_temp_c_-1,97.5,0.1770438613070988,0.1240845682917108,0.003728560775540641,0.004535989955479657,0.007277628742297134,0.008805826542947471,0.5008236031115744,0.006255824437848968,0.5147726521866357,0.015024206197527652
RELATIVE_B,10,200,1.0,A4_SENSOR_DRIFT,moderate,mean_temp_c_-1,99.0,0.03513453413386702,0.06085479822012066,0.00024857071836937607,0.0004305371134896538,0.0004936489562292718,0.0008550250732924435,0.5008236031115744,0.006255824437848968,0.5147726521866357,0.015024206197527652
RELATIVE_B,10,200,1.0,A4_SENSOR_DRIFT,moderate,mean_temp_c_1,95.0,0.5849212471337382,0.022738780630205808,0.03579418344519016,0.003250483925086261,0.06745339685652622,0.005929813350580196,0.5435587238974948,0.004796812883846046,0.5801050604593209,0.007417833742217448
RELATIVE_B,10,200,1.0,A4_SENSOR_DRIFT,moderate,mean_temp_c_1,97.5,0.46026488398043924,0.05076104919020359,0.011185682326621925,0.005918906736162396,0.021762425112752965,0.011367073137360026,0.5435587238974948,0.004796812883846046,0.5801050604593209,0.007417833742217448
RELATIVE_B,10,200,1.0,A4_SENSOR_DRIFT,moderate,mean_temp_c_1,99.0,0.6094364351245085,0.3382379689747873,0.0044742729306487695,0.0,0.008871498329005226,3.2205440786032336e-05,0.5435587238974948,0.004796812883846046,0.5801050604593209,0.007417833742217448
RELATIVE_B,10,200,1.0,A4_SENSOR_DRIFT,moderate,mean_voltage_v_-1,95.0,0.5691120118554217,0.05509756216643616,0.03405418841660452,0.007242755299196353,0.06423089477876225,0.013265556074239784,0.6232387265957546,0.015024810771418894,0.6791353200112015,0.009327574135529195
RELATIVE_B,10,200,1.0,A4_SENSOR_DRIFT,moderate,mean_voltage_v_-1,97.5,0.4310203404328643,0.1025034404863234,0.009694258016405667,0.005219985085756898,0.018909647110661367,0.010087744103092789,0.6232387265957546,0.015024810771418894,0.6791353200112015,0.009327574135529195
RELATIVE_B,10,200,1.0,A4_SENSOR_DRIFT,moderate,mean_voltage_v_-1,99.0,0.5949575418231646,0.3514487601126534,0.003977131493910017,0.0004305371134896537,0.007888397363327457,0.0008356119500891748,0.6232387265957546,0.015024810771418894,0.6791353200112015,0.009327574135529195
RELATIVE_B,10,200,1.0,A4_SENSOR_DRIFT,moderate,mean_voltage_v_1,95.0,0.6730605008362506,0.02666534232387069,0.052448421575938355,0.006073473389445995,0.09728772846975775,0.01075491188536876,0.6549063418636584,0.008646320657711239,0.7311314372736512,0.0075156555374752704
RELATIVE_B,10,200,1.0,A4_SENSOR_DRIFT,moderate,mean_voltage_v_1,97.5,0.49826306332177395,0.040644243136714386,0.01317424807357693,0.007506671076580412,0.02555663571917377,0.014325182234404758,0.6549063418636584,0.008646320657711239,0.7311314372736512,0.0075156555374752704
RELATIVE_B,10,200,1.0,A4_SENSOR_DRIFT,moderate,mean_voltage_v_1,99.0,0.6346546791990192,0.31639832896742465,0.004971414367387522,0.00043053711348965397,0.00985007833938685,0.0008152697078400941,0.6549063418636584,0.008646320657711239,0.7311314372736512,0.0075156555374752704
RELATIVE_B,10,200,1.0,A4_SENSOR_DRIFT,moderate,pooled,95.0,0.5734810244326151,0.018591793101513585,0.03411633109619687,0.0026430736164723767,0.06439687729325837,0.0048233753107260495,0.5813966799164312,0.0015037967490588527,0.6262861174827022,0.0029631043139927396
RELATIVE_B,10,200,1.0,A4_SENSOR_DRIFT,moderate,pooled,97.5,0.4177202924406204,0.047110209643731416,0.009445687298036291,0.005120270210070723,0.01841074839080063,0.009855851847972276,0.5813966799164312,0.0015037967490588527,0.6262861174827022,0.0029631043139927396
RELATIVE_B,10,200,1.0,A4_SENSOR_DRIFT,moderate,pooled,99.0,0.5724030669509689,0.37050787664305473,0.003417847377578921,0.0002847735331193041,0.006782809768956312,0.000545005150165222,0.5813966799164312,0.0015037967490588527,0.6262861174827022,0.0029631043139927396
RELATIVE_B,10,200,1.0,A4_SENSOR_DRIFT,strong,mean_temp_c_-1,95.0,0.3474444703326908,0.055952524996526504,0.013671389510315685,0.0033626023510983554,0.026302968455034294,0.006385468277464548,0.5295662590983926,0.00569231229463009,0.5623519195008448,0.013758065439528224
RELATIVE_B,10,200,1.0,A4_SENSOR_DRIFT,strong,mean_temp_c_-1,97.5,0.1604539281121989,0.14067046266468516,0.003479990057171265,0.004735908248386192,0.006787784255626296,0.009199723105628532,0.5295662590983926,0.00569231229463009,0.5623519195008448,0.013758065439528224
RELATIVE_B,10,200,1.0,A4_SENSOR_DRIFT,strong,mean_temp_c_-1,99.0,0.03513453413386702,0.06085479822012066,0.00024857071836937607,0.0004305371134896538,0.0004936489562292718,0.0008550250732924435,0.5295662590983926,0.00569231229463009,0.5623519195008448,0.013758065439528224
RELATIVE_B,10,200,1.0,A4_SENSOR_DRIFT,strong,mean_temp_c_1,95.0,0.6235144965859867,0.016150237304472535,0.04200845140442456,0.002823220654138838,0.07870829541798922,0.005089249107642964,0.5749235333969325,0.00677157471255948,0.626212568868248,0.00938425247378716
RELATIVE_B,10,200,1.0,A4_SENSOR_DRIFT,strong,mean_temp_c_1,97.5,0.5302001199471562,0.04069530668520481,0.013671389510315685,0.004965196210648317,0.026573228371038805,0.009418200877502081,0.5749235333969325,0.00677157471255948,0.626212568868248,0.00938425247378716
RELATIVE_B,10,200,1.0,A4_SENSOR_DRIFT,strong,mean_temp_c_1,99.0,0.6094364351245085,0.3382379689747873,0.003977131493910017,0.0008610742269793076,0.007884588136176884,0.0016771731557002538,0.5749235333969325,0.00677157471255948,0.626212568868248,0.00938425247378716
RELATIVE_B,10,200,1.0,A4_SENSOR_DRIFT,strong,mean_voltage_v_-1,95.0,0.6169279496933416,0.06641350319656739,0.04200845140442456,0.01071163879016418,0.07858760133391253,0.01938066098134721,0.6486546271854313,0.02020797466767732,0.706222448767687,0.012282649665119424
RELATIVE_B,10,200,1.0,A4_SENSOR_DRIFT,strong,mean_voltage_v_-1,97.5,0.4532511567606965,0.09912036821515983,0.010439970171513796,0.005219985085756898,0.02035375025133271,0.01006850480659617,0.6486546271854313,0.02020797466767732,0.706222448767687,0.012282649665119424
RELATIVE_B,10,200,1.0,A4_SENSOR_DRIFT,strong,mean_voltage_v_-1,99.0,0.6220455571617639,0.32786414572595385,0.004971414367387522,0.00043053711348965397,0.009853145236775461,0.0008668430105817733,0.6486546271854313,0.02020797466767732,0.706222448767687,0.012282649665119424
RELATIVE_B,10,200,1.0,A4_SENSOR_DRIFT,strong,mean_voltage_v_1,95.0,0.6843260334284814,0.02408937913163504,0.055182699478001494,0.005918906736162398,0.10210490648412048,0.010424345811440413,0.6810458659320221,0.009581008341710997,0.7610818489885688,0.0074316488094313925
RELATIVE_B,10,200,1.0,A4_SENSOR_DRIFT,strong,mean_voltage_v_1,97.5,0.5065466664181849,0.05099512911122548,0.013671389510315685,0.0076533951371318175,0.02651019601895808,0.014621037566514497,0.6810458659320221,0.009581008341710997,0.7610818489885688,0.0074316488094313925
RELATIVE_B,10,200,1.0,A4_SENSOR_DRIFT,strong,mean_voltage_v_1,99.0,0.6346546791990192,0.31639832896742465,0.004971414367387522,0.00043053711348965397,0.00985007833938685,0.0008152697078400941,0.6810458659320221,0.009581008341710997,0.7610818489885688,0.0074316488094313925
RELATIVE_B,10,200,1.0,A4_SENSOR_DRIFT,strong,pooled,95.0,0.6009781404737414,0.0179605028667214,0.03821774794929158,0.0029299466154924887,0.07185959348371602,0.005304040542603304,0.6096565355315445,0.0024658752755515865,0.6639671965313372,0.0022230893458090608
RELATIVE_B,10,200,1.0,A4_SENSOR_DRIFT,strong,pooled,97.5,0.4485067824449714,0.028433543949710358,0.010315684812329107,0.004912417144909688,0.0201003398343058,0.00942254562435703,0.6096565355315445,0.0024658752755515865,0.6639671965313372,0.0022230893458090608
RELATIVE_B,10,200,1.0,A4_SENSOR_DRIFT,strong,pooled,99.0,0.5803344600293319,0.3636282768125433,0.0035421327367636097,0.00037285607755406427,0.007028042180728397,0.000716114695333198,0.6096565355315445,0.0024658752755515865,0.6639671965313372,0.0022230893458090608
RELATIVE_B,20,100,0.75,A2_EARLY_VOLTAGE_COLLAPSE,mild,pooled,95.0,0.9457313467893159,0.007835510052658435,0.26759259259259255,0.11789477068442226,0.40722668880872254,0.15029525122868223,0.9594299963369943,0.0029002375011269125,0.9752220970970972,0.0033966977730536235
RELATIVE_B,20,100,0.75,A2_EARLY_VOLTAGE_COLLAPSE,mild,pooled,97.5,1.0,0.0,0.12453703703703704,0.06600267328418172,0.2174043596516119,0.10448329866060811,0.9594299963369943,0.0029002375011269125,0.9752220970970972,0.0033966977730536235
RELATIVE_B,20,100,0.75,A2_EARLY_VOLTAGE_COLLAPSE,mild,pooled,99.0,1.0,0.0,0.06481481481481481,0.038322596456620145,0.12014397029212888,0.06648764716490706,0.9594299963369943,0.0029002375011269125,0.9752220970970972,0.0033966977730536235
RELATIVE_B,20,100,0.75,A2_EARLY_VOLTAGE_COLLAPSE,moderate,pooled,95.0,0.9479834257634209,0.008200952671877981,0.2828703703703704,0.13261040512465494,0.42382912098478,0.16446173727003485,0.9623573434340035,0.0024049472993478522,0.9771208708708709,0.0024118415588364065
RELATIVE_B,20,100,0.75,A2_EARLY_VOLTAGE_COLLAPSE,moderate,pooled,97.5,1.0,0.0,0.12916666666666665,0.07316426217258845,0.2238495273871022,0.1142697238446673,0.9623573434340035,0.0024049472993478522,0.9771208708708709,0.0024118415588364065
RELATIVE_B,20,100,0.75,A2_EARLY_VOLTAGE_COLLAPSE,moderate,pooled,99.0,1.0,0.0,0.06481481481481481,0.038322596456620145,0.12014397029212888,0.06648764716490706,0.9623573434340035,0.0024049472993478522,0.9771208708708709,0.0024118415588364065
RELATIVE_B,20,100,0.75,A2_EARLY_VOLTAGE_COLLAPSE,strong,pooled,95.0,0.9479834257634209,0.008200952671877981,0.2828703703703704,0.13261040512465494,0.42382912098478,0.16446173727003485,0.962358161614051,0.002404502011351552,0.9771208708708709,0.0024118415588364065
RELATIVE_B,20,100,0.75,A2_EARLY_VOLTAGE_COLLAPSE,strong,pooled,97.5,1.0,0.0,0.12916666666666665,0.07316426217258845,0.2238495273871022,0.1142697238446673,0.962358161614051,0.002404502011351552,0.9771208708708709,0.0024118415588364065
RELATIVE_B,20,100,0.75,A2_EARLY_VOLTAGE_COLLAPSE,strong,pooled,99.0,1.0,0.0,0.06481481481481481,0.038322596456620145,0.12014397029212888,0.06648764716490706,0.962358161614051,0.002404502011351552,0.9771208708708709,0.0024118415588364065
RELATIVE_B,20,100,0.75,A3_THERMAL_ABNORMALITY,mild,pooled,95.0,0.7600703787448527,0.14132582073931768,0.053703703703703705,0.017586499919650538,0.10020156153002689,0.031974956152789516,0.7021064666211846,0.06413826893579905,0.7253878878878878,0.03814240559289088
RELATIVE_B,20,100,0.75,A3_THERMAL_ABNORMALITY,mild,pooled,97.5,1.0,0.0,0.02175925925925926,0.006563632814239735,0.04253806205126639,0.012537237414987364,0.7021064666211846,0.06413826893579905,0.7253878878878878,0.03814240559289088
RELATIVE_B,20,100,0.75,A3_THERMAL_ABNORMALITY,mild,pooled,99.0,0.3333333333333333,0.5773502691896258,0.006481481481481481,0.011226255234242723,0.012715712988192553,0.02202426095001297,0.7021064666211846,0.06413826893579905,0.7253878878878878,0.03814240559289088
RELATIVE_B,20,100,0.75,A3_THERMAL_ABNORMALITY,moderate,pooled,95.0,0.8946642664911537,0.09280797906399352,0.20555555555555557,0.13000029677079136,0.3245287064596119,0.17983842022477153,0.8792716526839751,0.06832590089964774,0.9073761261261262,0.042982573475076294
RELATIVE_B,20,100,0.75,A3_THERMAL_ABNORMALITY,moderate,pooled,97.5,1.0,0.0,0.07777777777777778,0.030650106237102657,0.143324750560225,0.0530240278883916,0.8792716526839751,0.06832590089964774,0.9073761261261262,0.042982573475076294
RELATIVE_B,20,100,0.75,A3_THERMAL_ABNORMALITY,moderate,pooled,99.0,1.0,0.0,0.03287037037037037,0.025772528999475523,0.06284703069759799,0.04819007383699266,0.8792716526839751,0.06832590089964774,0.9073761261261262,0.042982573475076294
RELATIVE_B,20,100,0.75,A3_THERMAL_ABNORMALITY,strong,pooled,95.0,0.9452097928807802,0.05071231852526604,0.41574074074074074,0.2399416938777114,0.5531816718603361,0.25472416051978497,0.9446117885742663,0.047860360787388624,0.9586711711711713,0.03036174101000091
RELATIVE_B,20,100,0.75,A3_THERMAL_ABNORMALITY,strong,pooled,97.5,1.0,0.0,0.21805555555555556,0.13548609331396888,0.3438724821573526,0.19131092136889807,0.9446117885742663,0.047860360787388624,0.9586711711711713,0.03036174101000091
RELATIVE_B,20,100,0.75,A3_THERMAL_ABNORMALITY,strong,pooled,99.0,1.0,0.0,0.11990740740740741,0.07424170846444851,0.20869235167312727,0.12322912268878938,0.9446117885742663,0.047860360787388624,0.9586711711711713,0.03036174101000091
RELATIVE_B,20,100,0.75,A4_SENSOR_DRIFT,mild,mean_temp_c_-1,95.0,0.36916275946446414,0.08511507054592393,0.00959232613908873,0.00654304777927454,0.018609937479494475,0.012516619393977906,0.48561449539655666,0.00931466488329715,0.47094576590979464,0.015638491534861992
RELATIVE_B,20,100,0.75,A4_SENSOR_DRIFT,mild,mean_temp_c_-1,97.5,0.0,0.0,0.0,0.0,0.0,0.0,0.48561449539655666,0.00931466488329715,0.47094576590979464,0.015638491534861992
RELATIVE_B,20,100,0.75,A4_SENSOR_DRIFT,mild,mean_temp_c_-1,99.0,0.0,0.0,0.0,0.0,0.0,0.0,0.48561449539655666,0.00931466488329715,0.47094576590979464,0.015638491534861992
RELATIVE_B,20,100,0.75,A4_SENSOR_DRIFT,mild,mean_temp_c_1,95.0,0.529752447281301,0.02437515928128549,0.018118838262723157,0.009669729449306717,0.03484607531760258,0.018275523030685664,0.5270307040568404,0.013218444100271278,0.5425434427232988,0.014239639630859965
RELATIVE_B,20,100,0.75,A4_SENSOR_DRIFT,mild,mean_temp_c_1,97.5,1.0,0.0,0.0034638955502264853,0.0012210433506410444,0.006901910122240708,0.002424339966336442,0.5270307040568404,0.013218444100271278,0.5425434427232988,0.014239639630859965
RELATIVE_B,20,100,0.75,A4_SENSOR_DRIFT,mild,mean_temp_c_1,99.0,0.6666666666666666,0.5773502691896258,0.0018651745270450305,0.0016640015982942707,0.0037197303290823942,0.003318007177815213,0.5270307040568404,0.013218444100271278,0.5425434427232988,0.014239639630859965
RELATIVE_B,20,100,0.75,A4_SENSOR_DRIFT,mild,mean_voltage_v_-1,95.0,0.7373818074994264,0.09072531864479008,0.04396482813749001,0.021759644426564667,0.08232572453014637,0.03855682745592725,0.7469361036194484,0.0157715246514217,0.7901876696840726,0.011982841741026564
RELATIVE_B,20,100,0.75,A4_SENSOR_DRIFT,mild,mean_voltage_v_-1,97.5,1.0,0.0,0.022115640820676793,0.01768255797819031,0.04288491421253313,0.033758532532771446,0.7469361036194484,0.0157715246514217,0.7901876696840726,0.011982841741026564
RELATIVE_B,20,100,0.75,A4_SENSOR_DRIFT,mild,mean_voltage_v_-1,99.0,0.6666666666666666,0.5773502691896258,0.008526512123634426,0.01030937496517618,0.016771242937571536,0.020192652406970157,0.7469361036194484,0.0157715246514217,0.7901876696840726,0.011982841741026564
RELATIVE_B,20,100,0.75,A4_SENSOR_DRIFT,mild,mean_voltage_v_1,95.0,0.4674563250420792,0.12907238879612953,0.014388489208633093,0.01045299506844286,0.02774175217857254,0.019753166048380757,0.6080481480964736,0.045485700247343136,0.6741210635095527,0.04295390691515248
RELATIVE_B,20,100,0.75,A4_SENSOR_DRIFT,mild,mean_voltage_v_1,97.5,0.3333333333333333,0.5773502691896258,0.0031974420463629096,0.005538132078557561,0.006334125098970705,0.010971026492914504,0.6080481480964736,0.045485700247343136,0.6741210635095527,0.04295390691515248
RELATIVE_B,20,100,0.75,A4_SENSOR_DRIFT,mild,mean_voltage_v_1,99.0,0.0,0.0,0.0,0.0,0.0,0.0,0.6080481480964736,0.045485700247343136,0.6741210635095527,0.04295390691515248
RELATIVE_B,20,100,0.75,A4_SENSOR_DRIFT,mild,pooled,95.0,0.5863606630698256,0.052294342935142436,0.021516120436983744,0.009356986277203974,0.041300041042420875,0.01746713998171795,0.5976543379820974,0.008098317889753057,0.6194494854566798,0.009312129248047706
RELATIVE_B,20,100,0.75,A4_SENSOR_DRIFT,mild,pooled,97.5,1.0,0.0,0.007194244604316547,0.004187115675411064,0.014262803208870722,0.008266770067670395,0.5976543379820974,0.008098317889753057,0.6194494854566798,0.009312129248047706
RELATIVE_B,20,100,0.75,A4_SENSOR_DRIFT,mild,pooled,99.0,0.6666666666666666,0.5773502691896258,0.0025979216626698643,0.0028190919223952606,0.005171871772071173,0.005605766644035623,0.5976543379820974,0.008098317889753057,0.6194494854566798,0.009312129248047706
RELATIVE_B,20,100,0.75,A4_SENSOR_DRIFT,moderate,mean_temp_c_-1,95.0,0.29387234677383683,0.12167975733210908,0.007460698108180123,0.00679848165316977,0.014481976970232855,0.013067995063217555,0.5122203024152284,0.013602288005371851,0.5077478557694385,0.02383273810809912
RELATIVE_B,20,100,0.75,A4_SENSOR_DRIFT,moderate,mean_temp_c_-1,97.5,0.0,0.0,0.0,0.0,0.0,0.0,0.5122203024152284,0.013602288005371851,0.5077478557694385,0.02383273810809912
RELATIVE_B,20,100,0.75,A4_SENSOR_DRIFT,moderate,mean_temp_c_-1,99.0,0.0,0.0,0.0,0.0,0.0,0.0,0.5122203024152284,0.013602288005371851,0.5077478557694385,0.02383273810809912
RELATIVE_B,20,100,0.75,A4_SENSOR_DRIFT,moderate,mean_temp_c_1,95.0,0.5922269565227603,0.026210738982952515,0.023714361843858247,0.013020827842121626,0.045302189892309684,0.02441515474184505,0.5837552516024832,0.025475906363566284,0.6177562454540871,0.023103896596602117
RELATIVE_B,20,100,0.75,A4_SENSOR_DRIFT,moderate,mean_temp_c_1,97.5,1.0,0.0,0.005062616573407941,0.00046151100654646384,0.010073951531202689,0.0009135046433216862,0.5837552516024832,0.025475906363566284,0.6177562454540871,0.023103896596602117
RELATIVE_B,20,100,0.75,A4_SENSOR_DRIFT,moderate,mean_temp_c_1,99.0,0.6666666666666666,0.5773502691896258,0.0031974420463629096,0.0027690660392787805,0.006364359586316627,0.00551169708056922,0.5837552516024832,0.025475906363566284,0.6177562454540871,0.023103896596602117
RELATIVE_B,20,100,0.75,A4_SENSOR_DRIFT,moderate,mean_voltage_v_-1,95.0,0.7627878445168008,0.10287004719424109,0.05249134026112443,0.030040786235148307,0.09715865882893089,0.052196532608954085,0.8036773782227012,0.022803197651663432,0.8612551400321183,0.016453280072724986
RELATIVE_B,20,100,0.75,A4_SENSOR_DRIFT,moderate,mean_voltage_v_-1,97.5,1.0,0.0,0.024780175859312553,0.020675487060555654,0.047835091071413455,0.03917153639834793,0.8036773782227012,0.022803197651663432,0.8612551400321183,0.016453280072724986
RELATIVE_B,20,100,0.75,A4_SENSOR_DRIFT,moderate,mean_voltage_v_-1,99.0,0.6666666666666666,0.5773502691896258,0.009059419131361579,0.010644809142253226,0.01780964577879259,0.020833981947358755,0.8036773782227012,0.022803197651663432,0.8612551400321183,0.016453280072724986
RELATIVE_B,20,100,0.75,A4_SENSOR_DRIFT,moderate,mean_voltage_v_1,95.0,0.5048523843512537,0.11296378288094279,0.017319477751132427,0.012996267943785984,0.03324173065205158,0.024422160777147848,0.6328721236404239,0.05240367375849878,0.7118926480437272,0.05149038870709166
RELATIVE_B,20,100,0.75,A4_SENSOR_DRIFT,moderate,mean_voltage_v_1,97.5,0.3333333333333333,0.5773502691896258,0.003996802557953637,0.006922665098196952,0.007898894154818327,0.013681285999754164,0.6328721236404239,0.05240367375849878,0.7118926480437272,0.05149038870709166
RELATIVE_B,20,100,0.75,A4_SENSOR_DRIFT,moderate,mean_voltage_v_1,99.0,0.0,0.0,0.0,0.0,0.0,0.0,0.6328721236404239,0.05240367375849878,0.7118926480437272,0.05149038870709166
RELATIVE_B,20,100,0.75,A4_SENSOR_DRIFT,moderate,pooled,95.0,0.6211721226196206,0.05346974193686949,0.025246469491073804,0.01199928617020805,0.0482342462525416,0.02224946735222384,0.641760653460547,0.006558692283640693,0.6746629723248428,0.009729508593034852
RELATIVE_B,20,100,0.75,A4_SENSOR_DRIFT,moderate,pooled,97.5,1.0,0.0,0.008459898747668532,0.00506086328623037,0.016744515518330366,0.009966238927524313,0.641760653460547,0.006558692283640693,0.6746629723248428,0.009729508593034852
RELATIVE_B,20,100,0.75,A4_SENSOR_DRIFT,moderate,pooled,99.0,0.6666666666666666,0.5773502691896258,0.0030642152944311218,0.0032057579044806727,0.006096137041413949,0.006369956943929497,0.641760653460547,0.006558692283640693,0.6746629723248428,0.009729508593034852
RELATIVE_B,20,100,0.75,A4_SENSOR_DRIFT,strong,mean_temp_c_-1,95.0,0.41967483174867626,0.08314243179862678,0.012523314681588063,0.008805068820601282,0.02419045116742002,0.016782006062465857,0.5750735494733531,0.01696695249377462,0.5943380430790502,0.024446027747598208
RELATIVE_B,20,100,0.75,A4_SENSOR_DRIFT,strong,mean_temp_c_-1,97.5,0.3333333333333333,0.5773502691896258,0.0010658140154543032,0.0018460440261858536,0.0021248339973439574,0.0036803204410494066,0.5750735494733531,0.01696695249377462,0.5943380430790502,0.024446027747598208
RELATIVE_B,20,100,0.75,A4_SENSOR_DRIFT,strong,mean_temp_c_-1,99.0,0.0,0.0,0.0,0.0,0.0,0.0,0.5750735494733531,0.01696695249377462,0.5943380430790502,0.024446027747598208
RELATIVE_B,20,100,0.75,A4_SENSOR_DRIFT,strong,mean_temp_c_1,95.0,0.6795824474225624,0.04693807646403966,0.03170796695976552,0.011784356188380488,0.06027496036336787,0.02158266294369616,0.6620653860045544,0.04055809801326436,0.7029277478917767,0.031059738302366607
RELATIVE_B,20,100,0.75,A4_SENSOR_DRIFT,strong,mean_temp_c_1,97.5,1.0,0.0,0.007460698108180122,0.002442086701282089,0.014803114302649767,0.004815770216961976,0.6620653860045544,0.04055809801326436,0.7029277478917767,0.031059738302366607
RELATIVE_B,20,100,0.75,A4_SENSOR_DRIFT,strong,mean_temp_c_1,99.0,0.6666666666666666,0.5773502691896258,0.0034638955502264853,0.003230577045825244,0.00689009408268956,0.0064216722160212155,0.6620653860045544,0.04055809801326436,0.7029277478917767,0.031059738302366607
RELATIVE_B,20,100,0.75,A4_SENSOR_DRIFT,strong,mean_voltage_v_-1,95.0,0.7680325845900641,0.10725309781111993,0.05488942179589662,0.03277703024712343,0.1012364936258966,0.05663643284543473,0.820946949129235,0.024920480743025185,0.8836030274879195,0.0178506050974068
RELATIVE_B,20,100,0.75,A4_SENSOR_DRIFT,strong,mean_voltage_v_-1,97.5,1.0,0.0,0.026112443378630428,0.021543223054300197,0.05032648288818977,0.040682495742505556,0.820946949129235,0.024920480743025185,0.8836030274879195,0.0178506050974068
RELATIVE_B,20,100,0.75,A4_SENSOR_DRIFT,strong,mean_voltage_v_-1,99.0,0.6666666666666666,0.5773502691896258,0.00959232613908873,0.0109893901557694,0.018846411804158286,0.021492789099915727,0.820946949129235,0.024920480743025185,0.8836030274879195,0.0178506050974068
RELATIVE_B,20,100,0.75,A4_SENSOR_DRIFT,strong,mean_voltage_v_1,95.0,0.5171360228653251,0.11653121406061531,0.018651745270450305,0.014659786521160584,0.03570908627034083,0.02746866701040551,0.6425276178373709,0.05495476966282375,0.7261533115849662,0.05471212963413648
RELATIVE_B,20,100,0.75,A4_SENSOR_DRIFT,strong,mean_voltage_v_1,97.5,0.3333333333333333,0.5773502691896258,0.004263256061817213,0.007384176104743415,0.008418837148118917,0.014581853681190231,0.6425276178373709,0.05495476966282375,0.7261533115849662,0.05471212963413648
RELATIVE_B,20,100,0.75,A4_SENSOR_DRIFT,strong,mean_voltage_v_1,99.0,0.0,0.0,0.0,0.0,0.0,0.0,0.6425276178373709,0.05495476966282375,0.7261533115849662,0.05471212963413648
RELATIVE_B,20,100,0.75,A4_SENSOR_DRIFT,strong,pooled,95.0,0.6601606554231981,0.050346058902343366,0.029443112176925124,0.012480545309657101,0.056051311600332825,0.02295229756244639,0.6828000450071966,0.006389163811516273,0.7267555325109282,0.009579165708255451
RELATIVE_B,20,100,0.75,A4_SENSOR_DRIFT,strong,pooled,97.5,1.0,0.0,0.009725552891020518,0.006339479884347259,0.019211635520142278,0.012452154243937018,0.6828000450071966,0.006389163811516273,0.7267555325109282,0.009579165708255451
RELATIVE_B,20,100,0.75,A4_SENSOR_DRIFT,strong,pooled,99.0,0.6666666666666666,0.5773502691896258,0.0032640554223288035,0.0035204397180186014,0.006490519161118538,0.006990447409608855,0.6828000450071966,0.006389163811516273,0.7267555325109282,0.009579165708255451
RELATIVE_B,20,100,1.0,A2_EARLY_VOLTAGE_COLLAPSE,mild,pooled,95.0,0.9171320549235188,0.04816840536115665,0.12453703703703704,0.03495293720032755,0.21813561987325225,0.05520147124167983,0.930435388663505,0.02178591105767407,0.9623248248248247,0.008884278195509836
RELATIVE_B,20,100,1.0,A2_EARLY_VOLTAGE_COLLAPSE,mild,pooled,97.5,0.9719757122839795,0.04853949017007594,0.06898148148148149,0.0080187537387448,0.1287038345823537,0.013855127811878113,0.930435388663505,0.02178591105767407,0.9623248248248247,0.008884278195509836
RELATIVE_B,20,100,1.0,A2_EARLY_VOLTAGE_COLLAPSE,mild,pooled,99.0,0.9646434885091337,0.061239274280573214,0.05277777777777778,0.009722222222222224,0.0999271573721097,0.017486673036894787,0.930435388663505,0.02178591105767407,0.9623248248248247,0.008884278195509836
RELATIVE_B,20,100,1.0,A2_EARLY_VOLTAGE_COLLAPSE,moderate,pooled,95.0,0.9171320549235188,0.04816840536115665,0.12453703703703704,0.03495293720032755,0.21813561987325225,0.05520147124167983,0.9321338994061984,0.0221651443568758,0.9635948448448448,0.00898954634370463
RELATIVE_B,20,100,1.0,A2_EARLY_VOLTAGE_COLLAPSE,moderate,pooled,97.5,0.9719757122839795,0.04853949017007594,0.06898148148148149,0.0080187537387448,0.1287038345823537,0.013855127811878113,0.9321338994061984,0.0221651443568758,0.9635948448448448,0.00898954634370463
RELATIVE_B,20,100,1.0,A2_EARLY_VOLTAGE_COLLAPSE,moderate,pooled,99.0,0.9646434885091337,0.061239274280573214,0.05277777777777778,0.009722222222222224,0.0999271573721097,0.017486673036894787,0.9321338994061984,0.0221651443568758,0.9635948448448448,0.00898954634370463
RELATIVE_B,20,100,1.0,A2_EARLY_VOLTAGE_COLLAPSE,strong,pooled,95.0,0.9171320549235188,0.04816840536115665,0.12453703703703704,0.03495293720032755,0.21813561987325225,0.05520147124167983,0.932135402731037,0.02216445250048847,0.9635948448448448,0.00898954634370463
RELATIVE_B,20,100,1.0,A2_EARLY_VOLTAGE_COLLAPSE,strong,pooled,97.5,0.9719757122839795,0.04853949017007594,0.06898148148148149,0.0080187537387448,0.1287038345823537,0.013855127811878113,0.932135402731037,0.02216445250048847,0.9635948448448448,0.00898954634370463
RELATIVE_B,20,100,1.0,A2_EARLY_VOLTAGE_COLLAPSE,strong,pooled,99.0,0.9646434885091337,0.061239274280573214,0.05277777777777778,0.009722222222222224,0.0999271573721097,0.017486673036894787,0.932135402731037,0.02216445250048847,0.9635948448448448,0.00898954634370463
RELATIVE_B,20,100,1.0,A3_THERMAL_ABNORMALITY,mild,pooled,95.0,0.7795817259686079,0.09916946423459141,0.04212962962962963,0.021032993873334346,0.07940352905997426,0.03865461149649785,0.6616161725812203,0.04213196551702051,0.6886824324324324,0.03240165382820081
RELATIVE_B,20,100,1.0,A3_THERMAL_ABNORMALITY,mild,pooled,97.5,0.8633257403189066,0.23672676185451627,0.014351851851851852,0.00578240555407259,0.02821229969192691,0.011264123556810507,0.6616161725812203,0.04213196551702051,0.6886824324324324,0.03240165382820081
RELATIVE_B,20,100,1.0,A3_THERMAL_ABNORMALITY,mild,pooled,99.0,0.8170731707317073,0.3168385623601605,0.006018518518518519,0.0034952937200327544,0.01192445306161218,0.006907540381886862,0.6616161725812203,0.04213196551702051,0.6886824324324324,0.03240165382820081
RELATIVE_B,20,100,1.0,A3_THERMAL_ABNORMALITY,moderate,pooled,95.0,0.9029107713247813,0.053900305315351185,0.1175925925925926,0.06202494354208779,0.20463985618247651,0.09976955198789135,0.8494289831773747,0.04062013144340828,0.8801582832832833,0.025013766901123734
RELATIVE_B,20,100,1.0,A3_THERMAL_ABNORMALITY,moderate,pooled,97.5,0.9534883720930232,0.0805605026776222,0.060648148148148145,0.02934250347683486,0.1132408867422783,0.05155871129729521,0.8494289831773747,0.04062013144340828,0.8801582832832833,0.025013766901123734
RELATIVE_B,20,100,1.0,A3_THERMAL_ABNORMALITY,moderate,pooled,99.0,0.9258343634116194,0.12845865074676469,0.029629629629629627,0.023501926197216767,0.05678360951649188,0.04403673541864135,0.8494289831773747,0.04062013144340828,0.8801582832832833,0.025013766901123734
RELATIVE_B,20,100,1.0,A3_THERMAL_ABNORMALITY,strong,pooled,95.0,0.9601350545209759,0.02263776504213019,0.30185185185185187,0.1502077607821146,0.44571768242274773,0.18272657253589852,0.9374523621839047,0.023554299516813204,0.9503941441441442,0.013608033663425235
RELATIVE_B,20,100,1.0,A3_THERMAL_ABNORMALITY,strong,pooled,97.5,0.982723869853153,0.02992313517251149,0.17777777777777778,0.08208556586548446,0.2961384558193782,0.11473032872664579,0.9374523621839047,0.023554299516813204,0.9503941441441442,0.013608033663425235
RELATIVE_B,20,100,1.0,A3_THERMAL_ABNORMALITY,strong,pooled,99.0,0.9742046431642305,0.044678868638922,0.09768518518518517,0.06086334453362656,0.1740101447518322,0.09929645907547559,0.9374523621839047,0.023554299516813204,0.9503941441441442,0.013608033663425235
RELATIVE_B,20,100,1.0,A4_SENSOR_DRIFT,mild,mean_temp_c_-1,95.0,0.32062019186951657,0.27771603851275894,0.00826005861977085,0.009333482487682917,0.016008613617151276,0.01794213182082885,0.48047039599518127,0.005161382719926831,0.47031563938038756,0.0030107437285419036
RELATIVE_B,20,100,1.0,A4_SENSOR_DRIFT,mild,mean_temp_c_-1,97.5,0.1509983967351698,0.2615368950067566,0.0018651745270450307,0.0032305770458252443,0.0036848329643165193,0.006382317911600847,0.48047039599518127,0.005161382719926831,0.47031563938038756,0.0030107437285419036
RELATIVE_B,20,100,1.0,A4_SENSOR_DRIFT,mild,mean_temp_c_-1,99.0,0.08731563421828908,0.1512351147611763,0.0007993605115907274,0.0013845330196393902,0.0015842177657177416,0.0027439456604763765,0.48047039599518127,0.005161382719926831,0.47031563938038756,0.0030107437285419036
RELATIVE_B,20,100,1.0,A4_SENSOR_DRIFT,mild,mean_temp_c_1,95.0,0.5753106396472826,0.05482441857441878,0.015720756727950973,0.011482260285859443,0.030347019616980164,0.021586472623642505,0.5215503974805203,0.00365216518342763,0.5327908844095894,0.0020184188465263283
RELATIVE_B,20,100,1.0,A4_SENSOR_DRIFT,mild,mean_temp_c_1,97.5,0.8385598141695704,0.27962260424166546,0.005595523581135092,0.002114909121554429,0.011091172694439272,0.004151425246301141,0.5215503974805203,0.00365216518342763,0.5327908844095894,0.0020184188465263283
RELATIVE_B,20,100,1.0,A4_SENSOR_DRIFT,mild,mean_temp_c_1,99.0,0.8385598141695704,0.27962260424166546,0.004263256061817214,0.0028072618579410443,0.008448213036689089,0.005515201271530476,0.5215503974805203,0.00365216518342763,0.5327908844095894,0.0020184188465263283
RELATIVE_B,20,100,1.0,A4_SENSOR_DRIFT,mild,mean_voltage_v_-1,95.0,0.6420348290174533,0.1597528883014213,0.023181454836131096,0.014976014384648436,0.04444974624889687,0.02826981645128485,0.7027372561688437,0.034149544057850596,0.7723955970358848,0.02756152363885525
RELATIVE_B,20,100,1.0,A4_SENSOR_DRIFT,mild,mean_voltage_v_-1,97.5,0.828747433264887,0.2966181465117954,0.013056221689315214,0.0067984816531697695,0.025688403214842725,0.013285869833760629,0.7027372561688437,0.034149544057850596,0.7723955970358848,0.02756152363885525
RELATIVE_B,20,100,1.0,A4_SENSOR_DRIFT,mild,mean_voltage_v_-1,99.0,0.4843317300685031,0.5007359424366686,0.0037303490540900614,0.0032305770458252443,0.007394424909202581,0.006403867508732055,0.7027372561688437,0.034149544057850596,0.7723955970358848,0.02756152363885525
RELATIVE_B,20,100,1.0,A4_SENSOR_DRIFT,mild,mean_voltage_v_1,95.0,0.3603845218226905,0.3130936445016452,0.011191047162270184,0.013636068832319728,0.021532298495118323,0.025992826979866143,0.6443096633286792,0.021811851819467595,0.7270066829419348,0.01797757323593622
RELATIVE_B,20,100,1.0,A4_SENSOR_DRIFT,mild,mean_voltage_v_1,97.5,0.1718931475029036,0.2977276649479603,0.0023980815347721825,0.004153599058918171,0.004730172427569236,0.00819289897311133,0.6443096633286792,0.021811851819467595,0.7270066829419348,0.01797757323593622
RELATIVE_B,20,100,1.0,A4_SENSOR_DRIFT,mild,mean_voltage_v_1,99.0,0.1718931475029036,0.2977276649479603,0.0023980815347721825,0.004153599058918171,0.004730172427569236,0.00819289897311133,0.6443096633286792,0.021811851819467595,0.7270066829419348,0.01797757323593622
RELATIVE_B,20,100,1.0,A4_SENSOR_DRIFT,mild,pooled,95.0,0.5552998989958965,0.0476314580516266,0.014588329336530774,0.011005731265399171,0.028189053388038236,0.020737167404542386,0.5905339588636442,0.015875200156721253,0.6256272009419491,0.01089346732036828
RELATIVE_B,20,100,1.0,A4_SENSOR_DRIFT,mild,pooled,97.5,0.8313106796116504,0.2921784736068859,0.00572875033306688,0.001499910771276006,0.011360163644347865,0.002943407767337389,0.5905339588636442,0.015875200156721253,0.6256272009419491,0.01089346732036828
RELATIVE_B,20,100,1.0,A4_SENSOR_DRIFT,mild,pooled,99.0,0.8176650634018365,0.3158133741828692,0.002797761790567546,0.002455676604205537,0.005547189878065666,0.004835623426808072,0.5905339588636442,0.015875200156721253,0.6256272009419491,0.01089346732036828
RELATIVE_B,20,100,1.0,A4_SENSOR_DRIFT,moderate,mean_temp_c_-1,95.0,0.2748892388580561,0.2415086212609219,0.006927791100452971,0.008768709124382806,0.0134273474801423,0.016877599179231168,0.5048959068341804,0.014265002234279274,0.5073769812978446,0.013985084089375436
RELATIVE_B,20,100,1.0,A4_SENSOR_DRIFT,moderate,mean_temp_c_-1,97.5,0.10707180321938868,0.18545380323399807,0.0010658140154543032,0.0018460440261858536,0.0021106185146165675,0.0036556985027114504,0.5048959068341804,0.014265002234279274,0.5073769812978446,0.013985084089375436
RELATIVE_B,20,100,1.0,A4_SENSOR_DRIFT,moderate,mean_temp_c_-1,99.0,0.03526328329759352,0.06107779831312695,0.0002664535038635758,0.0004615110065464634,0.000528910497979955,0.0009160998551578382,0.5048959068341804,0.014265002234279274,0.5073769812978446,0.013985084089375436
RELATIVE_B,20,100,1.0,A4_SENSOR_DRIFT,moderate,mean_temp_c_1,95.0,0.604208388971544,0.07909271769414208,0.01838529176658673,0.014209743273086474,0.03533668258691989,0.02658638752886241,0.575243345570163,0.007115665681943119,0.6060106869459387,0.005251189222780053
RELATIVE_B,20,100,1.0,A4_SENSOR_DRIFT,moderate,mean_temp_c_1,97.5,0.8385598141695704,0.27962260424166546,0.006394884092725819,0.0013845330196393907,0.01267425698263231,0.0027091010817558514,0.575243345570163,0.007115665681943119,0.6060106869459387,0.005251189222780053
RELATIVE_B,20,100,1.0,A4_SENSOR_DRIFT,moderate,mean_temp_c_1,99.0,0.8385598141695704,0.27962260424166546,0.005595523581135092,0.001598721023181455,0.01109369218561878,0.003114515125863487,0.575243345570163,0.007115665681943119,0.6060106869459387,0.005251189222780053
RELATIVE_B,20,100,1.0,A4_SENSOR_DRIFT,moderate,mean_voltage_v_-1,95.0,0.7114967861386575,0.12020705277458452,0.029043431921129764,0.014789969716363354,0.055512472090377414,0.027756313549632396,0.7455310597416829,0.03831920656786561,0.8288855402164755,0.02846536077318402
RELATIVE_B,20,100,1.0,A4_SENSOR_DRIFT,moderate,mean_voltage_v_-1,97.5,0.8385598141695704,0.27962260424166546,0.013855582200905943,0.006798481653169772,0.02724161197889673,0.013270131733372622,0.7455310597416829,0.03831920656786561,0.8288855402164755,0.02846536077318402
RELATIVE_B,20,100,1.0,A4_SENSOR_DRIFT,moderate,mean_voltage_v_-1,99.0,0.4954140999315537,0.5000630874582859,0.004263256061817213,0.0036920880523717073,0.008444081343564414,0.007312911738504305,0.7455310597416829,0.03831920656786561,0.8288855402164755,0.02846536077318402
RELATIVE_B,20,100,1.0,A4_SENSOR_DRIFT,moderate,mean_voltage_v_1,95.0,0.37589742056537984,0.3290808152359546,0.013056221689315214,0.01677387768242701,0.024988084391200812,0.031793117732158094,0.6724563311841082,0.027343169467176912,0.7693709896947306,0.024826237098589207
RELATIVE_B,20,100,1.0,A4_SENSOR_DRIFT,moderate,mean_voltage_v_1,97.5,0.1718931475029036,0.2977276649479603,0.0023980815347721825,0.004153599058918171,0.004730172427569236,0.00819289897311133,0.6724563311841082,0.027343169467176912,0.7693709896947306,0.024826237098589207
RELATIVE_B,20,100,1.0,A4_SENSOR_DRIFT,moderate,mean_voltage_v_1,99.0,0.1718931475029036,0.2977276649479603,0.0023980815347721825,0.004153599058918171,0.004730172427569236,0.00819289897311133,0.6724563311841082,0.027343169467176912,0.7693709896947306,0.024826237098589207
RELATIVE_B,20,100,1.0,A4_SENSOR_DRIFT,moderate,pooled,95.0,0.5945242465954054,0.064351934764862,0.01685318411937117,0.011680537234854122,0.03251097406766524,0.021919093027848485,0.6289221333094069,0.021014441651276264,0.6779110495387474,0.015154161399720641
RELATIVE_B,20,100,1.0,A4_SENSOR_DRIFT,moderate,pooled,97.5,0.8261050875729774,0.30119482350134363,0.005928590460964562,0.0012210433506410446,0.011757965943373349,0.00240576437449543,0.6289221333094069,0.021014441651276264,0.6779110495387474,0.015154161399720641
RELATIVE_B,20,100,1.0,A4_SENSOR_DRIFT,moderate,pooled,99.0,0.8146666666666667,0.32100674966943193,0.003130828670397016,0.002050999775957987,0.006212677816591079,0.0040338915273724855,0.6289221333094069,0.021014441651276264,0.6779110495387474,0.015154161399720641
RELATIVE_B,20,100,1.0,A4_SENSOR_DRIFT,strong,mean_temp_c_-1,95.0,0.2540503026483573,0.22801182450063814,0.006394884092725819,0.008459636486217715,0.012395842365911689,0.016297149103260935,0.5607251546059581,0.028944393866025216,0.5923288396309979,0.030548167808407616
RELATIVE_B,20,100,1.0,A4_SENSOR_DRIFT,strong,mean_temp_c_-1,97.5,0.06377935789700497,0.11046908835173189,0.0005329070077271516,0.0009230220130929268,0.0010569824223108993,0.001830747258149701,0.5607251546059581,0.028944393866025216,0.5923288396309979,0.030548167808407616
RELATIVE_B,20,100,1.0,A4_SENSOR_DRIFT,strong,mean_temp_c_-1,99.0,0.03526328329759352,0.06107779831312695,0.0002664535038635758,0.0004615110065464634,0.000528910497979955,0.0009160998551578382,0.5607251546059581,0.028944393866025216,0.5923288396309979,0.030548167808407616
RELATIVE_B,20,100,1.0,A4_SENSOR_DRIFT,strong,mean_temp_c_1,95.0,0.7295475092234921,0.053005049277348074,0.028510524913402613,0.013191466873953174,0.054520778424160886,0.02408457065442553,0.6509117775207963,0.009188854332539697,0.692237201230007,0.004448875442965878
RELATIVE_B,20,100,1.0,A4_SENSOR_DRIFT,strong,mean_temp_c_1,97.5,0.8686614173228348,0.227485098190936,0.0077271516120436985,0.002442086701282089,0.015282489876327562,0.004731513783677209,0.6509117775207963,0.009188854332539697,0.692237201230007,0.004448875442965878
RELATIVE_B,20,100,1.0,A4_SENSOR_DRIFT,strong,mean_temp_c_1,99.0,0.828747433264887,0.2966181465117954,0.004796163069544364,0.0015987210231814546,0.009514928864540608,0.003124741534219398,0.6509117775207963,0.009188854332539697,0.692237201230007,0.004448875442965878
RELATIVE_B,20,100,1.0,A4_SENSOR_DRIFT,strong,mean_voltage_v_-1,95.0,0.7234553908433664,0.11694747669109169,0.030375699440447643,0.014674308353865564,0.058014899063983404,0.027486921838827793,0.7590238841072824,0.03901721948188497,0.8459763720555088,0.028334540987597797
RELATIVE_B,20,100,1.0,A4_SENSOR_DRIFT,strong,mean_voltage_v_-1,97.5,0.8385598141695704,0.27962260424166546,0.014388489208633094,0.007194244604316547,0.028270944245236473,0.014031757807437947,0.7590238841072824,0.03901721948188497,0.8459763720555088,0.028334540987597797
RELATIVE_B,20,100,1.0,A4_SENSOR_DRIFT,strong,mean_voltage_v_-1,99.0,0.5052264808362369,0.5000819415913703,0.004796163069544365,0.004153599058918171,0.009492077189473999,0.008220517784516058,0.7590238841072824,0.03901721948188497,0.8459763720555088,0.028334540987597797
RELATIVE_B,20,100,1.0,A4_SENSOR_DRIFT,strong,mean_voltage_v_1,95.0,0.37973746488679366,0.3332544096700936,0.013589128697042365,0.017676534282570728,0.02596871135549453,0.03345092446026596,0.6831237374004065,0.029739987404650416,0.7853852053492342,0.02787393401587851
RELATIVE_B,20,100,1.0,A4_SENSOR_DRIFT,strong,mean_voltage_v_1,97.5,0.1718931475029036,0.2977276649479603,0.0023980815347721825,0.004153599058918171,0.004730172427569236,0.00819289897311133,0.6831237374004065,0.029739987404650416,0.7853852053492342,0.02787393401587851
RELATIVE_B,20,100,1.0,A4_SENSOR_DRIFT,strong,mean_voltage_v_1,99.0,0.1718931475029036,0.2977276649479603,0.0023980815347721825,0.004153599058918171,0.004730172427569236,0.00819289897311133,0.6831237374004065,0.029739987404650416,0.7853852053492342,0.02787393401587851
RELATIVE_B,20,100,1.0,A4_SENSOR_DRIFT,strong,pooled,95.0,0.6429980142040939,0.056516242216480946,0.01971755928590461,0.011363390693599772,0.037991819003091405,0.02117703968083509,0.666721492837468,0.024825669290806845,0.728981904566437,0.019006538223642715
RELATIVE_B,20,100,1.0,A4_SENSOR_DRIFT,strong,pooled,97.5,0.8313106796116504,0.2921784736068859,0.006261657340794031,0.0007565825134292927,0.012415514058697619,0.0014764886580397923,0.666721492837468,0.024825669290806845,0.728981904566437,0.019006538223642715
RELATIVE_B,20,100,1.0,A4_SENSOR_DRIFT,strong,pooled,99.0,0.8146666666666667,0.32100674966943193,0.0030642152944311218,0.002136825863621828,0.006079796502786838,0.0042057278534132275,0.666721492837468,0.024825669290806845,0.728981904566437,0.019006538223642715
RELATIVE_B,20,200,0.75,A2_EARLY_VOLTAGE_COLLAPSE,mild,pooled,95.0,0.9152116352075863,0.0037130608707416335,0.21712962962962964,0.06356095386294229,0.3477687857651561,0.08395982562747556,0.9434776059663719,0.006427459660449636,0.9696164914914914,0.003432329234125739
RELATIVE_B,20,200,0.75,A2_EARLY_VOLTAGE_COLLAPSE,mild,pooled,97.5,0.9518593524095499,0.04737545838930397,0.11064814814814816,0.03207501495497921,0.196875392960524,0.05174706587689911,0.9434776059663719,0.006427459660449636,0.9696164914914914,0.003432329234125739
RELATIVE_B,20,200,0.75,A2_EARLY_VOLTAGE_COLLAPSE,mild,pooled,99.0,1.0,0.0,0.05555555555555556,0.016017448048153884,0.10497425296494411,0.028558820291824202,0.9434776059663719,0.006427459660449636,0.9696164914914914,0.003432329234125739
RELATIVE_B,20,200,0.75,A2_EARLY_VOLTAGE_COLLAPSE,moderate,pooled,95.0,0.9191806042228382,0.004355522609100778,0.22916666666666666,0.06774304665698441,0.3633248000518874,0.08845004251349475,0.9458155893543397,0.006052614314391802,0.9709553303303303,0.0031355221047482296
RELATIVE_B,20,200,0.75,A2_EARLY_VOLTAGE_COLLAPSE,moderate,pooled,97.5,0.9518593524095499,0.04737545838930397,0.11064814814814816,0.03207501495497921,0.196875392960524,0.05174706587689911,0.9458155893543397,0.006052614314391802,0.9709553303303303,0.0031355221047482296
RELATIVE_B,20,200,0.75,A2_EARLY_VOLTAGE_COLLAPSE,moderate,pooled,99.0,1.0,0.0,0.05555555555555556,0.016017448048153884,0.10497425296494411,0.028558820291824202,0.9458155893543397,0.006052614314391802,0.9709553303303303,0.0031355221047482296
RELATIVE_B,20,200,0.75,A2_EARLY_VOLTAGE_COLLAPSE,strong,pooled,95.0,0.9193976908576159,0.004437551951329911,0.22962962962962963,0.06698899700819982,0.36401061950435176,0.08732023539986185,0.9458698416818595,0.006065389512563774,0.9709647147147148,0.0031337802415375327
RELATIVE_B,20,200,0.75,A2_EARLY_VOLTAGE_COLLAPSE,strong,pooled,97.5,0.9518593524095499,0.04737545838930397,0.11064814814814816,0.03207501495497921,0.196875392960524,0.05174706587689911,0.9458698416818595,0.006065389512563774,0.9709647147147148,0.0031337802415375327
RELATIVE_B,20,200,0.75,A2_EARLY_VOLTAGE_COLLAPSE,strong,pooled,99.0,1.0,0.0,0.05555555555555556,0.016017448048153884,0.10497425296494411,0.028558820291824202,0.9458698416818595,0.006065389512563774,0.9709647147147148,0.0031337802415375327
RELATIVE_B,20,200,0.75,A3_THERMAL_ABNORMALITY,mild,pooled,95.0,0.753172124905953,0.04951036492170676,0.0625,0.020174776453241595,0.11493162643779571,0.034909438977101005,0.7154891386376455,0.028977176792890417,0.7353165665665665,0.013260810333145806
RELATIVE_B,20,200,0.75,A3_THERMAL_ABNORMALITY,mild,pooled,97.5,0.8615007100597655,0.12999857383263003,0.035648148148148144,0.0034952937200327565,0.06835654123767085,0.006047001361061267,0.7154891386376455,0.028977176792890417,0.7353165665665665,0.013260810333145806
RELATIVE_B,20,200,0.75,A3_THERMAL_ABNORMALITY,mild,pooled,99.0,1.0,0.0,0.011574074074074075,0.0028912027770362945,0.022872514639499558,0.005657854538910986,0.7154891386376455,0.028977176792890417,0.7353165665665665,0.013260810333145806
RELATIVE_B,20,200,0.75,A3_THERMAL_ABNORMALITY,moderate,pooled,95.0,0.9025310592747919,0.03757354981375472,0.2157407407407407,0.12487905671722685,0.33787542300603546,0.16332451747583865,0.8912259421232555,0.03186067707683598,0.9167198448448448,0.01799774302025857
RELATIVE_B,20,200,0.75,A3_THERMAL_ABNORMALITY,moderate,pooled,97.5,0.9371689785624212,0.057716825460286975,0.10555555555555556,0.022222222222222223,0.18938080447783678,0.03685966242746024,0.8912259421232555,0.03186067707683598,0.9167198448448448,0.01799774302025857
RELATIVE_B,20,200,0.75,A3_THERMAL_ABNORMALITY,moderate,pooled,99.0,1.0,0.0,0.04305555555555555,0.016839382851364087,0.08222462741227726,0.03084458724959124,0.8912259421232555,0.03186067707683598,0.9167198448448448,0.01799774302025857
RELATIVE_B,20,200,0.75,A3_THERMAL_ABNORMALITY,strong,pooled,95.0,0.9554450613980766,0.014473977043978797,0.4578703703703704,0.18278713530026044,0.6054694775574023,0.16801375475903946,0.9563499558205404,0.018499858638393867,0.9660347847847848,0.011527074054794605
RELATIVE_B,20,200,0.75,A3_THERMAL_ABNORMALITY,strong,pooled,97.5,0.9745368283972566,0.02267832338903401,0.2861111111111111,0.08250748189043969,0.4383913864322177,0.10212670765730676,0.9563499558205404,0.018499858638393867,0.9660347847847848,0.011527074054794605
RELATIVE_B,20,200,0.75,A3_THERMAL_ABNORMALITY,strong,pooled,99.0,1.0,0.0,0.1416666666666667,0.08885633084290728,0.2411725782770956,0.13508160770961125,0.9563499558205404,0.018499858638393867,0.9660347847847848,0.011527074054794605
RELATIVE_B,20,200,0.75,A4_SENSOR_DRIFT,mild,mean_temp_c_-1,95.0,0.4241275713157511,0.05197958417791286,0.015454303224087395,0.006510413921060812,0.029742052744055208,0.012281964755720102,0.48855623225850286,0.004370842353753908,0.4762136236956381,0.006118729770484152
RELATIVE_B,20,200,0.75,A4_SENSOR_DRIFT,mild,mean_temp_c_-1,97.5,0.23567250539990856,0.26068271563864104,0.0034638955502264857,0.00360451618930687,0.006826764403146772,0.007110482589498249,0.48855623225850286,0.004370842353753908,0.4762136236956381,0.006118729770484152
RELATIVE_B,20,200,0.75,A4_SENSOR_DRIFT,mild,mean_temp_c_-1,99.0,0.0,0.0,0.0,0.0,0.0,0.0,0.48855623225850286,0.004370842353753908,0.4762136236956381,0.006118729770484152
RELATIVE_B,20,200,0.75,A4_SENSOR_DRIFT,mild,mean_temp_c_1,95.0,0.5618944280075572,0.08004670295506082,0.025313082867039705,0.0036045161893068704,0.048392586602981506,0.00658076838557278,0.528796706052066,0.004868459501364409,0.5420348405959917,0.0073434673270207544
RELATIVE_B,20,200,0.75,A4_SENSOR_DRIFT,mild,mean_temp_c_1,97.5,0.7367508254777123,0.22872232735980996,0.011723954169997336,0.007209032378613739,0.02289614333943936,0.013826354516752251,0.528796706052066,0.004868459501364409,0.5420348405959917,0.0073434673270207544
RELATIVE_B,20,200,0.75,A4_SENSOR_DRIFT,mild,mean_temp_c_1,99.0,1.0,0.0,0.002398081534772182,0.0,0.004784688995215311,0.0,0.528796706052066,0.004868459501364409,0.5420348405959917,0.0073434673270207544
RELATIVE_B,20,200,0.75,A4_SENSOR_DRIFT,mild,mean_voltage_v_-1,95.0,0.6818801949182299,0.07207786649463659,0.042366107114308556,0.0007993605115907271,0.07973619946808902,0.0012705893986443783,0.7307602312244074,0.011129235575293016,0.7812146679053154,0.009971289031795536
RELATIVE_B,20,200,0.75,A4_SENSOR_DRIFT,mild,mean_voltage_v_-1,97.5,0.8577280553501921,0.14351188157424843,0.03170796695976552,0.010911588185154955,0.060871031330262414,0.02025541052274351,0.7307602312244074,0.011129235575293016,0.7812146679053154,0.009971289031795536
RELATIVE_B,20,200,0.75,A4_SENSOR_DRIFT,mild,mean_voltage_v_-1,99.0,0.6666666666666666,0.5773502691896258,0.008526512123634426,0.01030937496517618,0.016771242937571536,0.020192652406970157,0.7307602312244074,0.011129235575293016,0.7812146679053154,0.009971289031795536
RELATIVE_B,20,200,0.75,A4_SENSOR_DRIFT,mild,mean_voltage_v_1,95.0,0.3205453985681103,0.2789912697510549,0.014921396216360244,0.014081758872074406,0.028470462396201112,0.026733499734075582,0.6078945927682328,0.02394926845799861,0.6764705352834849,0.019955185483730847
RELATIVE_B,20,200,0.75,A4_SENSOR_DRIFT,mild,mean_voltage_v_1,97.5,0.1383824216923796,0.23968538524562305,0.0031974420463629096,0.005538132078557561,0.006250461921805876,0.010826117619342384,0.6078945927682328,0.02394926845799861,0.6764705352834849,0.019955185483730847
RELATIVE_B,20,200,0.75,A4_SENSOR_DRIFT,mild,mean_voltage_v_1,99.0,0.3333333333333333,0.5773502691896258,0.0031974420463629096,0.005538132078557561,0.006334125098970705,0.010971026492914504,0.6078945927682328,0.02394926845799861,0.6764705352834849,0.019955185483730847
RELATIVE_B,20,200,0.75,A4_SENSOR_DRIFT,mild,pooled,95.0,0.5526151090433665,0.02870752249634401,0.024513722355448974,0.005510420159241556,0.04684769011191351,0.010012303484623923,0.5936690822372576,0.002273470762384201,0.6189834168701075,0.0033201820695574038
RELATIVE_B,20,200,0.75,A4_SENSOR_DRIFT,mild,pooled,97.5,0.7457729598649242,0.23121279459677146,0.012523314681588063,0.0055248958938832835,0.024491384993473322,0.010618989973905632,0.5936690822372576,0.002273470762384201,0.6189834168701075,0.0033201820695574038
RELATIVE_B,20,200,0.75,A4_SENSOR_DRIFT,mild,pooled,99.0,1.0,0.0,0.003530508926192379,0.003927930452386243,0.00701586061757041,0.007785661000981403,0.5936690822372576,0.002273470762384201,0.6189834168701075,0.0033201820695574038
RELATIVE_B,20,200,0.75,A4_SENSOR_DRIFT,moderate,mean_temp_c_-1,95.0,0.3906951856499184,0.05529955129904423,0.01332267519317879,0.005322404571126613,0.025708616121176947,0.010092925601790231,0.5179138701578173,0.008502996433116396,0.5184537055040652,0.01143135980395272
RELATIVE_B,20,200,0.75,A4_SENSOR_DRIFT,moderate,mean_temp_c_-1,97.5,0.1973440498958139,0.25572352684304755,0.002664535038635758,0.0033280031965885414,0.005257862044622086,0.006570582217786368,0.5179138701578173,0.008502996433116396,0.5184537055040652,0.01143135980395272
RELATIVE_B,20,200,0.75,A4_SENSOR_DRIFT,moderate,mean_temp_c_-1,99.0,0.0,0.0,0.0,0.0,0.0,0.0,0.5179138701578173,0.008502996433116396,0.5184537055040652,0.01143135980395272
RELATIVE_B,20,200,0.75,A4_SENSOR_DRIFT,moderate,mean_temp_c_1,95.0,0.5945977514072444,0.06970334777858576,0.02877697841726619,0.0015987210231814546,0.05484920915455924,0.0026111670249900657,0.5856312841247885,0.010734906733208833,0.6192289411713873,0.012059013192128442
RELATIVE_B,20,200,0.75,A4_SENSOR_DRIFT,moderate,mean_temp_c_1,97.5,0.7548290809707376,0.21529829048146976,0.013056221689315214,0.007209032378613738,0.025479227750368243,0.013808314922364711,0.5856312841247885,0.010734906733208833,0.6192289411713873,0.012059013192128442
RELATIVE_B,20,200,0.75,A4_SENSOR_DRIFT,moderate,mean_temp_c_1,99.0,1.0,0.0,0.0045297095656807885,0.00046151100654646325,0.009018287399480109,0.0009149592685499059,0.5856312841247885,0.010734906733208833,0.6192289411713873,0.012059013192128442
RELATIVE_B,20,200,0.75,A4_SENSOR_DRIFT,moderate,mean_voltage_v_-1,95.0,0.6945976468100871,0.0715062712648058,0.04503064215294431,0.002569584535303211,0.08453256067214056,0.00456292809521286,0.7819232634226373,0.015582277049314714,0.8467712316633179,0.012858975070898383
RELATIVE_B,20,200,0.75,A4_SENSOR_DRIFT,moderate,mean_voltage_v_-1,97.5,0.8623620352688778,0.1387983110838512,0.0330402344790834,0.011342284387845862,0.06334149151189479,0.021003563290311996,0.7819232634226373,0.015582277049314714,0.8467712316633179,0.012858975070898383
RELATIVE_B,20,200,0.75,A4_SENSOR_DRIFT,moderate,mean_voltage_v_-1,99.0,0.6666666666666666,0.5773502691896258,0.009059419131361579,0.010644809142253226,0.01780964577879259,0.020833981947358755,0.7819232634226373,0.015582277049314714,0.8467712316633179,0.012858975070898383
RELATIVE_B,20,200,0.75,A4_SENSOR_DRIFT,moderate,mean_voltage_v_1,95.0,0.3481645059198207,0.3026213060813008,0.017585931254996003,0.016517968281192504,0.03342344824762391,0.031225912960385398,0.6324775549439078,0.026791819265131092,0.7148236365862265,0.02248318480926584
RELATIVE_B,20,200,0.75,A4_SENSOR_DRIFT,moderate,mean_voltage_v_1,97.5,0.16208076659822038,0.2807321226778304,0.004263256061817213,0.007384176104743415,0.008307984857574896,0.014389851881832604,0.6324775549439078,0.026791819265131092,0.7148236365862265,0.02248318480926584
RELATIVE_B,20,200,0.75,A4_SENSOR_DRIFT,moderate,mean_voltage_v_1,99.0,0.3333333333333333,0.5773502691896258,0.003996802557953637,0.006922665098196952,0.007898894154818327,0.013681285999754164,0.6324775549439078,0.026791819265131092,0.7148236365862265,0.02248318480926584
RELATIVE_B,20,200,0.75,A4_SENSOR_DRIFT,moderate,pooled,95.0,0.5683259795908602,0.03123207325308421,0.026179056754596322,0.006005187530502286,0.04994776005459465,0.010940981495943133,0.6359334599645693,0.00041353700717399654,0.6748193787312493,0.0031070423418487897
RELATIVE_B,20,200,0.75,A4_SENSOR_DRIFT,moderate,pooled,97.5,0.7543171213211156,0.22361825312718506,0.013256061817212896,0.005824005594029947,0.025903862294499508,0.011177135543859412,0.6359334599645693,0.00041353700717399654,0.6748193787312493,0.0031070423418487897
RELATIVE_B,20,200,0.75,A4_SENSOR_DRIFT,moderate,pooled,99.0,1.0,0.0,0.004396482813749001,0.004419133570642682,0.0087288316622509,0.008743060447302987,0.6359334599645693,0.00041353700717399654,0.6748193787312493,0.0031070423418487897
RELATIVE_B,20,200,0.75,A4_SENSOR_DRIFT,strong,mean_temp_c_-1,95.0,0.42683068046170075,0.019286975700734118,0.014921396216360246,0.004101999551915972,0.028775698962791665,0.007652592350267903,0.5828310813985886,0.012592736297950904,0.6076004061615573,0.01624074866842489
RELATIVE_B,20,200,0.75,A4_SENSOR_DRIFT,strong,mean_temp_c_-1,97.5,0.5900600661719545,0.3881179879472866,0.004263256061817213,0.00360451618930687,0.00840276944194474,0.007094505746589699,0.5828310813985886,0.012592736297950904,0.6076004061615573,0.01624074866842489
RELATIVE_B,20,200,0.75,A4_SENSOR_DRIFT,strong,mean_temp_c_-1,99.0,0.0,0.0,0.0,0.0,0.0,0.0,0.5828310813985886,0.012592736297950904,0.6076004061615573,0.01624074866842489
RELATIVE_B,20,200,0.75,A4_SENSOR_DRIFT,strong,mean_temp_c_1,95.0,0.671703074853201,0.04978534207380713,0.040500932587263526,0.006798481653169774,0.0762715941130042,0.012043183572285105,0.6634209654625928,0.017229679920159894,0.7054788601551191,0.013030710553137701
RELATIVE_B,20,200,0.75,A4_SENSOR_DRIFT,strong,mean_temp_c_1,97.5,0.7980809700005577,0.1840893784144742,0.01678657074340528,0.009822706416822148,0.032603260328520005,0.018820325798372933,0.6634209654625928,0.017229679920159894,0.7054788601551191,0.013030710553137701
RELATIVE_B,20,200,0.75,A4_SENSOR_DRIFT,strong,mean_temp_c_1,99.0,1.0,0.0,0.0034638955502264857,0.00046151100654646346,0.006903595807851396,0.0009164173709699065,0.6634209654625928,0.017229679920159894,0.7054788601551191,0.013030710553137701
RELATIVE_B,20,200,0.75,A4_SENSOR_DRIFT,strong,mean_voltage_v_-1,95.0,0.6979700403450791,0.07350792993238746,0.04583000266453504,0.0032305770458252426,0.08596743189511184,0.005811723111529624,0.7978423913530515,0.016899378285718393,0.8675005941192991,0.014151286762217328
RELATIVE_B,20,200,0.75,A4_SENSOR_DRIFT,strong,mean_voltage_v_-1,97.5,0.8645676234062388,0.13655577104840344,0.03383959499067413,0.011342284387845862,0.0648295984435273,0.020964845001961826,0.7978423913530515,0.016899378285718393,0.8675005941192991,0.014151286762217328
RELATIVE_B,20,200,0.75,A4_SENSOR_DRIFT,strong,mean_voltage_v_-1,99.0,0.6666666666666666,0.5773502691896258,0.00959232613908873,0.0109893901557694,0.018846411804158286,0.021492789099915727,0.7978423913530515,0.016899378285718393,0.8675005941192991,0.014151286762217328
RELATIVE_B,20,200,0.75,A4_SENSOR_DRIFT,strong,mean_voltage_v_1,95.0,0.3539728359236154,0.30848638967715597,0.01838529176658673,0.017640348913440376,0.034882008818602185,0.03325388343663776,0.6421451568401855,0.027344080430400684,0.729572198097378,0.02315401559238676
RELATIVE_B,20,200,0.75,A4_SENSOR_DRIFT,strong,mean_voltage_v_1,97.5,0.1671316593596386,0.2894805255641886,0.0045297095656807885,0.007845687111289879,0.00882036396271328,0.015277318524668957,0.6421451568401855,0.027344080430400684,0.729572198097378,0.02315401559238676
RELATIVE_B,20,200,0.75,A4_SENSOR_DRIFT,strong,mean_voltage_v_1,99.0,0.3333333333333333,0.5773502691896258,0.004263256061817213,0.007384176104743415,0.008418837148118917,0.014581853681190231,0.6421451568401855,0.027344080430400684,0.729572198097378,0.02315401559238676
RELATIVE_B,20,200,0.75,A4_SENSOR_DRIFT,strong,pooled,95.0,0.600157432154155,0.030038791355371675,0.029909405808686385,0.007139449973068458,0.05685010400591523,0.012945159118167413,0.6767120292926888,0.0019129296789637895,0.7275380146333384,0.004509554127531131
RELATIVE_B,20,200,0.75,A4_SENSOR_DRIFT,strong,pooled,97.5,0.7727778398348307,0.20883864898471316,0.01485478284039435,0.006833636345980367,0.028970546326225297,0.013098813164126219,0.6767120292926888,0.0019129296789637895,0.7275380146333384,0.004509554127531131
RELATIVE_B,20,200,0.75,A4_SENSOR_DRIFT,strong,pooled,99.0,1.0,0.0,0.004329869437783107,0.004496772936780621,0.008595844202617537,0.008898322726760135,0.6767120292926888,0.0019129296789637895,0.7275380146333384,0.004509554127531131
RELATIVE_B,20,200,1.0,A2_EARLY_VOLTAGE_COLLAPSE,mild,pooled,95.0,0.8934663635569832,0.06284326134452782,0.20787037037037037,0.14850939752171702,0.3240986525157479,0.19119344880669784,0.9286078279607882,0.036979401947833765,0.9614426926926928,0.01850330597431515
RELATIVE_B,20,200,1.0,A2_EARLY_VOLTAGE_COLLAPSE,mild,pooled,97.5,1.0,0.0,0.07037037037037037,0.02729911664408438,0.13068734711086943,0.04708402646667353,0.9286078279607882,0.036979401947833765,0.9614426926926928,0.01850330597431515
RELATIVE_B,20,200,1.0,A2_EARLY_VOLTAGE_COLLAPSE,mild,pooled,99.0,1.0,0.0,0.06435185185185185,0.03234451569390476,0.11978302207810403,0.05622822819216178,0.9286078279607882,0.036979401947833765,0.9614426926926928,0.01850330597431515
RELATIVE_B,20,200,1.0,A2_EARLY_VOLTAGE_COLLAPSE,moderate,pooled,95.0,0.8939334156731356,0.06364732080813915,0.21342592592592594,0.15812201622943245,0.3298360871543013,0.20111573491085502,0.9304480079961498,0.03728327723355034,0.9626814314314315,0.018797276429355293
RELATIVE_B,20,200,1.0,A2_EARLY_VOLTAGE_COLLAPSE,moderate,pooled,97.5,1.0,0.0,0.07037037037037037,0.02729911664408438,0.13068734711086943,0.04708402646667353,0.9304480079961498,0.03728327723355034,0.9626814314314315,0.018797276429355293
RELATIVE_B,20,200,1.0,A2_EARLY_VOLTAGE_COLLAPSE,moderate,pooled,99.0,1.0,0.0,0.06435185185185185,0.03234451569390476,0.11978302207810403,0.05622822819216178,0.9304480079961498,0.03728327723355034,0.9626814314314315,0.018797276429355293
RELATIVE_B,20,200,1.0,A2_EARLY_VOLTAGE_COLLAPSE,strong,pooled,95.0,0.8939334156731356,0.06364732080813915,0.21342592592592594,0.15812201622943245,0.3298360871543013,0.20111573491085502,0.9304659419424414,0.03727276457114936,0.9626845595595596,0.018796334705472394
RELATIVE_B,20,200,1.0,A2_EARLY_VOLTAGE_COLLAPSE,strong,pooled,97.5,1.0,0.0,0.07037037037037037,0.02729911664408438,0.13068734711086943,0.04708402646667353,0.9304659419424414,0.03727276457114936,0.9626845595595596,0.018796334705472394
RELATIVE_B,20,200,1.0,A2_EARLY_VOLTAGE_COLLAPSE,strong,pooled,99.0,1.0,0.0,0.06435185185185185,0.03234451569390476,0.11978302207810403,0.05622822819216178,0.9304659419424414,0.03727276457114936,0.9626845595595596,0.018796334705472394
RELATIVE_B,20,200,1.0,A3_THERMAL_ABNORMALITY,mild,pooled,95.0,0.7796271078022993,0.05790685572539586,0.06481481481481481,0.012602460730385375,0.11955115991386918,0.021962599735352896,0.6802008753814354,0.014571202756267195,0.7037537537537538,0.01691518299594426
RELATIVE_B,20,200,1.0,A3_THERMAL_ABNORMALITY,mild,pooled,97.5,1.0,0.0,0.012499999999999999,0.006364688465216443,0.024639217505517994,0.012441894361224457,0.6802008753814354,0.014571202756267195,0.7037537537537538,0.01691518299594426
RELATIVE_B,20,200,1.0,A3_THERMAL_ABNORMALITY,mild,pooled,99.0,0.3333333333333333,0.5773502691896258,0.002777777777777778,0.004811252243246881,0.005509641873278237,0.009542979656026872,0.6802008753814354,0.014571202756267195,0.7037537537537538,0.01691518299594426
RELATIVE_B,20,200,1.0,A3_THERMAL_ABNORMALITY,moderate,pooled,95.0,0.8968917073887095,0.03943253739752342,0.16666666666666666,0.04278589389097045,0.279989791941107,0.06254361018046661,0.8649941243632355,0.01231606393476461,0.8923736236236236,0.006105047546814637
RELATIVE_B,20,200,1.0,A3_THERMAL_ABNORMALITY,moderate,pooled,97.5,1.0,0.0,0.053240740740740734,0.020238419439254068,0.1006297849100467,0.03662241709429264,0.8649941243632355,0.01231606393476461,0.8923736236236236,0.006105047546814637
RELATIVE_B,20,200,1.0,A3_THERMAL_ABNORMALITY,moderate,pooled,99.0,1.0,0.0,0.03148148148148148,0.013345866023518121,0.060825567766111914,0.025010134208907246,0.8649941243632355,0.01231606393476461,0.8923736236236236,0.006105047546814637
RELATIVE_B,20,200,1.0,A3_THERMAL_ABNORMALITY,strong,pooled,95.0,0.9568193296169136,0.014719554643596753,0.4148148148148148,0.07297065902257772,0.5766518951535845,0.07317712955263327,0.9466144022328064,0.008100035194021285,0.9558714964964965,0.0045847720208540815
RELATIVE_B,20,200,1.0,A3_THERMAL_ABNORMALITY,strong,pooled,97.5,1.0,0.0,0.16712962962962963,0.06674378255903742,0.2826282370591245,0.09883601804837297,0.9466144022328064,0.008100035194021285,0.9558714964964965,0.0045847720208540815
RELATIVE_B,20,200,1.0,A3_THERMAL_ABNORMALITY,strong,pooled,99.0,1.0,0.0,0.10509259259259258,0.03414332234720795,0.1890642928473528,0.05498772794399274,0.9466144022328064,0.008100035194021285,0.9558714964964965,0.0045847720208540815
RELATIVE_B,20,200,1.0,A4_SENSOR_DRIFT,mild,mean_temp_c_-1,95.0,0.47575703079911164,0.05336342040019754,0.016253663735678124,0.0032305770458252426,0.031410083999059125,0.006072665551827397,0.4809106970414779,0.0034373854276891014,0.4701491059404728,0.003453308680967628
RELATIVE_B,20,200,1.0,A4_SENSOR_DRIFT,mild,mean_temp_c_-1,97.5,0.0,0.0,0.0,0.0,0.0,0.0,0.4809106970414779,0.0034373854276891014,0.4701491059404728,0.003453308680967628
RELATIVE_B,20,200,1.0,A4_SENSOR_DRIFT,mild,mean_temp_c_-1,99.0,0.0,0.0,0.0,0.0,0.0,0.0,0.4809106970414779,0.0034373854276891014,0.4701491059404728,0.003453308680967628
RELATIVE_B,20,200,1.0,A4_SENSOR_DRIFT,mild,mean_temp_c_1,95.0,0.5828667256455984,0.050674236110002095,0.025313082867039705,0.006510413921060813,0.04845573236563817,0.012021127864891448,0.5253399943286893,0.004548847222786169,0.5366175528046031,0.006061864066495386
RELATIVE_B,20,200,1.0,A4_SENSOR_DRIFT,mild,mean_temp_c_1,97.5,1.0,0.0,0.003996802557953636,0.0013845330196393902,0.007959255918055064,0.00274925560119302,0.5253399943286893,0.004548847222786169,0.5366175528046031,0.006061864066495386
RELATIVE_B,20,200,1.0,A4_SENSOR_DRIFT,mild,mean_temp_c_1,99.0,1.0,0.0,0.0034638955502264853,0.000923022013092927,0.006902751958065401,0.0018342963326431136,0.5253399943286893,0.004548847222786169,0.5366175528046031,0.006061864066495386
RELATIVE_B,20,200,1.0,A4_SENSOR_DRIFT,mild,mean_voltage_v_-1,95.0,0.6470588677969222,0.0743358657258107,0.0330402344790834,0.00440253441030064,0.06285953815853167,0.008264594788249499,0.6865495312751722,0.028543276130108836,0.7530039031837591,0.022198694704658274
RELATIVE_B,20,200,1.0,A4_SENSOR_DRIFT,mild,mean_voltage_v_-1,97.5,1.0,0.0,0.007993605115907274,0.004153599058918171,0.015838021037891042,0.008156651957299326,0.6865495312751722,0.028543276130108836,0.7530039031837591,0.022198694704658274
RELATIVE_B,20,200,1.0,A4_SENSOR_DRIFT,mild,mean_voltage_v_-1,99.0,0.3333333333333333,0.5773502691896258,0.004263256061817213,0.007384176104743415,0.008418837148118917,0.014581853681190233,0.6865495312751722,0.028543276130108836,0.7530039031837591,0.022198694704658274
RELATIVE_B,20,200,1.0,A4_SENSOR_DRIFT,mild,mean_voltage_v_1,95.0,0.4778721927473364,0.07819008883346401,0.017585931254996003,0.008421785573823132,0.03384374882035768,0.01587863025752756,0.6289605451567973,0.009240449879415243,0.7111725034386905,0.008282799260326766
RELATIVE_B,20,200,1.0,A4_SENSOR_DRIFT,mild,mean_voltage_v_1,97.5,0.0,0.0,0.0,0.0,0.0,0.0,0.6289605451567973,0.009240449879415243,0.7111725034386905,0.008282799260326766
RELATIVE_B,20,200,1.0,A4_SENSOR_DRIFT,mild,mean_voltage_v_1,99.0,0.0,0.0,0.0,0.0,0.0,0.0,0.6289605451567973,0.009240449879415243,0.7111725034386905,0.008282799260326766
RELATIVE_B,20,200,1.0,A4_SENSOR_DRIFT,mild,pooled,95.0,0.5617993070009409,0.052774341133788295,0.023048228084199308,0.0047892191494853945,0.04423966715778946,0.008879393010300513,0.5829753188759457,0.007340186855846024,0.6177357663418814,0.0037730138476484583
RELATIVE_B,20,200,1.0,A4_SENSOR_DRIFT,mild,pooled,97.5,1.0,0.0,0.002997601918465228,0.0006922665098196951,0.0059766532987523885,0.0013757218673431952,0.5829753188759457,0.007340186855846024,0.6177357663418814,0.0037730138476484583
RELATIVE_B,20,200,1.0,A4_SENSOR_DRIFT,mild,pooled,99.0,1.0,0.0,0.0019317879030109246,0.001615288522912622,0.0038526710054492,0.0032151444905320872,0.5829753188759457,0.007340186855846024,0.6177357663418814,0.0037730138476484583
RELATIVE_B,20,200,1.0,A4_SENSOR_DRIFT,moderate,mean_temp_c_-1,95.0,0.4177779597372228,0.10038172697358497,0.013056221689315214,0.004402534410300641,0.02530072398675821,0.008406181703781435,0.5055972288625122,0.009145687451081286,0.5100226125405981,0.00988664848669427
RELATIVE_B,20,200,1.0,A4_SENSOR_DRIFT,moderate,mean_temp_c_-1,97.5,0.0,0.0,0.0,0.0,0.0,0.0,0.5055972288625122,0.009145687451081286,0.5100226125405981,0.00988664848669427
RELATIVE_B,20,200,1.0,A4_SENSOR_DRIFT,moderate,mean_temp_c_-1,99.0,0.0,0.0,0.0,0.0,0.0,0.0,0.5055972288625122,0.009145687451081286,0.5100226125405981,0.00988664848669427
RELATIVE_B,20,200,1.0,A4_SENSOR_DRIFT,moderate,mean_temp_c_1,95.0,0.6160822210326297,0.08043355594993908,0.02984279243272049,0.010911588185154955,0.05680107491213998,0.020008160147821738,0.580475826289003,0.0012688856928346664,0.6127692440642081,0.0021413716587503624
RELATIVE_B,20,200,1.0,A4_SENSOR_DRIFT,moderate,mean_temp_c_1,97.5,1.0,0.0,0.005595523581135092,0.0007993605115907276,0.011127938007570453,0.001580979881051457,0.580475826289003,0.0012688856928346664,0.6127692440642081,0.0021413716587503624
RELATIVE_B,20,200,1.0,A4_SENSOR_DRIFT,moderate,mean_temp_c_1,99.0,1.0,0.0,0.005062616573407941,0.0009230220130929269,0.010073111702935606,0.0018284639118715932,0.580475826289003,0.0012688856928346664,0.6127692440642081,0.0021413716587503624
RELATIVE_B,20,200,1.0,A4_SENSOR_DRIFT,moderate,mean_voltage_v_-1,95.0,0.6707657764648284,0.07888775866698688,0.03703703703703704,0.006461154091650492,0.0701751148561826,0.011980528278388147,0.7268894276770248,0.0356189113790415,0.8075098479774739,0.02775923040880055
RELATIVE_B,20,200,1.0,A4_SENSOR_DRIFT,moderate,mean_voltage_v_-1,97.5,1.0,0.0,0.008792965627498001,0.004153599058918171,0.01741029258111314,0.008143745700741408,0.7268894276770248,0.0356189113790415,0.8075098479774739,0.02775923040880055
RELATIVE_B,20,200,1.0,A4_SENSOR_DRIFT,moderate,mean_voltage_v_-1,99.0,0.3333333333333333,0.5773502691896258,0.0045297095656807885,0.007845687111289879,0.008937960042060987,0.015481000908870089,0.7268894276770248,0.0356189113790415,0.8075098479774739,0.02775923040880055
RELATIVE_B,20,200,1.0,A4_SENSOR_DRIFT,moderate,mean_voltage_v_1,95.0,0.5315665012645251,0.06985505125033774,0.02158273381294964,0.009691731137475732,0.041373030048275215,0.01810623639821391,0.654182881097942,0.011798304972819895,0.7493779750973996,0.012247433288660112
RELATIVE_B,20,200,1.0,A4_SENSOR_DRIFT,moderate,mean_voltage_v_1,97.5,0.0,0.0,0.0,0.0,0.0,0.0,0.654182881097942,0.011798304972819895,0.7493779750973996,0.012247433288660112
RELATIVE_B,20,200,1.0,A4_SENSOR_DRIFT,moderate,mean_voltage_v_1,99.0,0.0,0.0,0.0,0.0,0.0,0.0,0.654182881097942,0.011798304972819895,0.7493779750973996,0.012247433288660112
RELATIVE_B,20,200,1.0,A4_SENSOR_DRIFT,moderate,pooled,95.0,0.5824426715829967,0.07240614327491472,0.025379696243005595,0.0068734546450518914,0.048582290591098774,0.012734711584171303,0.620044233700408,0.010079259203906303,0.66991991991992,0.005844147177946272
RELATIVE_B,20,200,1.0,A4_SENSOR_DRIFT,moderate,pooled,97.5,1.0,0.0,0.0035971223021582736,0.0008710829223702384,0.007167458378386071,0.0017288851665513492,0.620044233700408,0.010079259203906303,0.66991991991992,0.005844147177946272
RELATIVE_B,20,200,1.0,A4_SENSOR_DRIFT,moderate,pooled,99.0,1.0,0.0,0.0023980815347721825,0.0017306662745492378,0.004780727921850876,0.0034413674083648127,0.620044233700408,0.010079259203906303,0.66991991991992,0.005844147177946272
RELATIVE_B,20,200,1.0,A4_SENSOR_DRIFT,strong,mean_temp_c_-1,95.0,0.42421657610214214,0.11423244569305659,0.01332267519317879,0.003943151768438248,0.025824377802294726,0.007593894344309963,0.5610844421534095,0.01730765338878945,0.595602797041646,0.01765340604758151
RELATIVE_B,20,200,1.0,A4_SENSOR_DRIFT,strong,mean_temp_c_-1,97.5,0.0,0.0,0.0,0.0,0.0,0.0,0.5610844421534095,0.01730765338878945,0.595602797041646,0.01765340604758151
RELATIVE_B,20,200,1.0,A4_SENSOR_DRIFT,strong,mean_temp_c_-1,99.0,0.0,0.0,0.0,0.0,0.0,0.0,0.5610844421534095,0.01730765338878945,0.595602797041646,0.01765340604758151
RELATIVE_B,20,200,1.0,A4_SENSOR_DRIFT,strong,mean_temp_c_1,95.0,0.7074227332187492,0.06364714415932969,0.044231281641353586,0.011200559316271624,0.08312562498139082,0.020009607793905124,0.6578128019171166,0.002775188799122408,0.6992964187208791,0.0032528716379216253
RELATIVE_B,20,200,1.0,A4_SENSOR_DRIFT,strong,mean_temp_c_1,97.5,1.0,0.0,0.005329070077271516,0.001664001598294271,0.010598012368226557,0.003290474421950585,0.6578128019171166,0.002775188799122408,0.6992964187208791,0.0032528716379216253
RELATIVE_B,20,200,1.0,A4_SENSOR_DRIFT,strong,mean_temp_c_1,99.0,1.0,0.0,0.004263256061817213,0.0009230220130929268,0.008489193583660584,0.001831376639519813,0.6578128019171166,0.002775188799122408,0.6992964187208791,0.0032528716379216253
RELATIVE_B,20,200,1.0,A4_SENSOR_DRIFT,strong,mean_voltage_v_-1,95.0,0.675965429588392,0.0824109637153249,0.038102851052491345,0.007384176104743419,0.07210994450641096,0.013655992466194776,0.7396674511773406,0.03751730975356923,0.8242802154672657,0.029244942971863887
RELATIVE_B,20,200,1.0,A4_SENSOR_DRIFT,strong,mean_voltage_v_-1,97.5,1.0,0.0,0.00959232613908873,0.0041535990589181716,0.01898007429922324,0.008130870052417223,0.7396674511773406,0.03751730975356923,0.8242802154672657,0.029244942971863887
RELATIVE_B,20,200,1.0,A4_SENSOR_DRIFT,strong,mean_voltage_v_-1,99.0,0.3333333333333333,0.5773502691896258,0.004796163069544365,0.008307198117836341,0.009456264775413713,0.01637873104084045,0.7396674511773406,0.03751730975356923,0.8242802154672657,0.029244942971863887
RELATIVE_B,20,200,1.0,A4_SENSOR_DRIFT,strong,mean_voltage_v_1,95.0,0.540457438347357,0.07198807428187556,0.02238209432454037,0.010205551826381857,0.04286603611770732,0.01902080442803081,0.6634930343138142,0.013333384481267495,0.7633685844117499,0.014598923027183477
RELATIVE_B,20,200,1.0,A4_SENSOR_DRIFT,strong,mean_voltage_v_1,97.5,0.0,0.0,0.0,0.0,0.0,0.0,0.6634930343138142,0.013333384481267495,0.7633685844117499,0.014598923027183477
RELATIVE_B,20,200,1.0,A4_SENSOR_DRIFT,strong,mean_voltage_v_1,99.0,0.0,0.0,0.0,0.0,0.0,0.0,0.6634930343138142,0.013333384481267495,0.7633685844117499,0.014598923027183477
RELATIVE_B,20,200,1.0,A4_SENSOR_DRIFT,strong,pooled,95.0,0.6190156381072999,0.07347905583817163,0.02950972555289102,0.007020999266186006,0.05627837050407409,0.012938016382054563,0.6580540149542025,0.011343311489744514,0.7206370039103852,0.007260290082375071
RELATIVE_B,20,200,1.0,A4_SENSOR_DRIFT,strong,pooled,97.5,1.0,0.0,0.0037303490540900614,0.0008076442614563109,0.007432110641496116,0.0016029950947025653,0.6580540149542025,0.011343311489744514,0.7206370039103852,0.007260290082375071
RELATIVE_B,20,200,1.0,A4_SENSOR_DRIFT,strong,pooled,99.0,1.0,0.0,0.002264854782840394,0.0018460440261858539,0.0045149652942423945,0.0036715245952502625,0.6580540149542025,0.011343311489744514,0.7206370039103852,0.007260290082375071
